{
"type": "FeatureCollection",
"name": "Bacias Hidrográfias de Passo Fundo",
"crs": { "type": "name", "properties": { "name": "urn:ogc:def:crs:EPSG::31982" } },
"features": [
{ "type": "Feature", "properties": { "Layer": "0", "PaperSpace": null, "SubClasses": "AcDbEntity:AcDbPolyline", "Linetype": null, "EntityHand": "2E4", "Text": null }, "geometry": { "type": "MultiLineString", "coordinates": [ [ [ 356125.171785896993242, 6883395.566049854271114 ], [ 356151.632968907477334, 6883395.885576441884041 ], [ 356151.993499311618507, 6883366.026099232956767 ], [ 356178.454614178277552, 6883366.34556901268661 ], [ 356178.815081396605819, 6883336.486092709936202 ], [ 356258.198216241202317, 6883337.444155187346041 ], [ 356258.558487538597547, 6883307.584683798253536 ], [ 356311.480435823090374, 6883308.223102058283985 ], [ 356311.840577563794795, 6883278.363633576780558 ], [ 356364.762386014685035, 6883279.001820586621761 ], [ 356365.122398196486756, 6883249.142355012707412 ], [ 356418.044066814181861, 6883249.780310773290694 ], [ 356418.403949434810784, 6883219.920848103240132 ], [ 356524.246999916620553, 6883221.196061855182052 ], [ 356523.887382768909447, 6883251.055516523309052 ], [ 356576.809030112286564, 6883251.692766514606774 ], [ 356577.528002105711494, 6883191.973864080384374 ], [ 356603.988690382102504, 6883192.292404852807522 ], [ 356604.348114765714854, 6883162.432953985407948 ], [ 356630.808734902879223, 6883162.751437944360077 ], [ 356631.168096086825244, 6883132.891987975686789 ], [ 356657.628648082725704, 6883133.210415117442608 ], [ 356657.987946066015866, 6883103.350966048426926 ], [ 356684.448429920885246, 6883103.669336369261146 ], [ 356685.166902651719283, 6883043.950438929721713 ], [ 356711.627251994097605, 6883044.268754431046546 ], [ 356711.986426740128081, 6883014.409306057728827 ], [ 356685.526143769791815, 6883014.090988558717072 ], [ 356686.244635511015076, 6882954.372084521688521 ], [ 356659.784483516472392, 6882954.053704212419689 ], [ 356660.503120679582935, 6882894.334791781380773 ], [ 356634.043099663278554, 6882894.01634865719825 ], [ 356634.402489373285789, 6882864.156888796016574 ], [ 356634.761882252874784, 6882834.297427834942937 ], [ 356687.681657014007214, 6882834.934263257309794 ], [ 356688.040920310479123, 6882805.074805189855397 ], [ 356767.420370050298516, 6882806.029623174108565 ], [ 356767.779437385208439, 6882776.170169999822974 ], [ 356794.239184050180484, 6882776.488327017053962 ], [ 356794.59818817419, 6882746.62887473963201 ], [ 356821.057866693474352, 6882746.946974934078753 ], [ 356821.416807605710346, 6882717.087523551657796 ], [ 356847.876417979074176, 6882717.405566922388971 ], [ 356848.235295678372495, 6882687.546116435900331 ], [ 356874.694837905524764, 6882687.864102981053293 ], [ 356875.053652390604839, 6882658.004653391428292 ], [ 356901.51312647148734, 6882658.322583108209074 ], [ 356901.871877741301432, 6882628.463134411722422 ], [ 356928.331283675681334, 6882628.781007301993668 ], [ 356928.689971729007084, 6882598.921559502370656 ], [ 356955.149309517175425, 6882599.239375565201044 ], [ 356955.507934353023302, 6882569.379928655922413 ], [ 356981.967203992884606, 6882569.697687893174589 ], [ 356982.325765609974042, 6882539.838241877965629 ], [ 357008.784967103390954, 6882540.155944284051657 ], [ 357009.143465500790626, 6882510.296499161981046 ], [ 357035.602598846890032, 6882510.614144738763571 ], [ 357035.961034022911917, 6882480.754700509831309 ], [ 357062.420099221519195, 6882481.072289256379008 ], [ 357062.778471175523009, 6882451.212845919653773 ], [ 357089.237468226288911, 6882451.530377833172679 ], [ 357089.595776956994087, 6882421.670935387723148 ], [ 357116.054705859802198, 6882421.988410471007228 ], [ 357116.412951366102789, 6882392.128968915902078 ], [ 357142.871812120603863, 6882392.446387166157365 ], [ 357143.588179840415251, 6882332.72750474140048 ], [ 357170.046906062227208, 6882333.04486814700067 ], [ 357170.405028273817152, 6882303.185427273623645 ], [ 357196.863686345284805, 6882303.50273384526372 ], [ 357197.221745328279212, 6882273.643293863162398 ], [ 357223.680335251206998, 6882273.960543599911034 ], [ 357224.038331004674546, 6882244.101104507222772 ], [ 357276.955372788826935, 6882244.735431482084095 ], [ 357277.313238924078178, 6882214.875995267182589 ], [ 357330.23014088551281, 6882215.510090916417539 ], [ 357331.303359893208835, 6882125.931787598878145 ], [ 357304.845108959125355, 6882125.614763223566115 ], [ 357305.560736847808585, 6882065.895884867757559 ], [ 357279.102616930613294, 6882065.578797688707709 ], [ 357279.460501997906249, 6882035.719354874454439 ], [ 357253.002446710772347, 6882035.402206877246499 ], [ 357254.076320019725244, 6881945.82386586163193 ], [ 357280.534176130895503, 6881946.141019824892282 ], [ 357280.892073819180951, 6881916.281572609208524 ], [ 357307.349861776805483, 6881916.598669728264213 ], [ 357307.707696226600092, 6881886.739223399199545 ], [ 357360.623134068620857, 6881887.373245124705136 ], [ 357360.980838884483092, 6881857.513801670633256 ], [ 357387.4384887709748, 6881857.830726277083158 ], [ 357387.796130345726851, 6881827.971283707767725 ], [ 357414.253712075820658, 6881828.288151470012963 ], [ 357414.61129040812375, 6881798.428709788247943 ], [ 357441.068803983973339, 6881798.745520706288517 ], [ 357442.1413587051793, 6881709.16719501838088 ], [ 357468.598671331594232, 6881709.48395306058228 ], [ 357468.9561294777086, 6881679.624510950408876 ], [ 357495.413373946619686, 6881679.941212145611644 ], [ 357496.485568095406052, 6881590.362885168753564 ], [ 357522.94261161040049, 6881590.679533486254513 ], [ 357524.014634912309702, 6881501.101202556863427 ], [ 357497.55779059859924, 6881500.784548283554614 ], [ 357498.272621352982242, 6881441.065651523880661 ], [ 357498.630041455908213, 6881411.206201495602727 ], [ 357525.086686562921386, 6881411.52286172285676 ], [ 357525.444043412804604, 6881381.663412576541305 ], [ 357551.900620357482694, 6881381.980015952140093 ], [ 357552.25791395327542, 6881352.120567689649761 ], [ 357578.714422736084089, 6881352.437114213593304 ], [ 357579.071653076680377, 6881322.577666835859418 ], [ 357605.528093697386794, 6881322.894156506285071 ], [ 357605.885260781622492, 6881293.034710011444986 ], [ 357632.341633239295334, 6881293.351142828352749 ], [ 357632.698737065889873, 6881263.491697213612497 ], [ 357659.155041362391785, 6881263.808073176071048 ], [ 357659.869125645316672, 6881204.089182610623538 ], [ 357686.325295371585526, 6881204.405503702349961 ], [ 357686.682275826227851, 6881174.546058750711381 ], [ 357713.138377389113884, 6881174.862322986125946 ], [ 357714.566065034421626, 6881055.424540099687874 ], [ 357741.021899206796661, 6881055.740753420628607 ], [ 357741.378762572072446, 6881025.88130693230778 ], [ 357767.834528578794561, 6881026.197463393211365 ], [ 357768.191328678571153, 6880996.33801778126508 ], [ 357794.647026519582141, 6880996.65411738306284 ], [ 357796.073992714518681, 6880877.216331850737333 ], [ 357822.529423152271193, 6880877.532380533404648 ], [ 357822.886106147198007, 6880847.67293337918818 ], [ 357849.341468417784199, 6880847.988925198093057 ], [ 357849.698088141798507, 6880818.129478922113776 ], [ 357876.153382243297528, 6880818.445413877256215 ], [ 357876.509938695118763, 6880788.585968480445445 ], [ 357902.965164628985804, 6880788.90184657368809 ], [ 357903.678154128021561, 6880729.182956431992352 ], [ 357930.133245477511082, 6880729.498779637739062 ], [ 357930.846114708983805, 6880669.779889049008489 ], [ 357957.301071472582407, 6880670.095657369121909 ], [ 357958.013820432010107, 6880610.376766330562532 ], [ 357984.468642607622314, 6880610.692479762248695 ], [ 357984.824955379124731, 6880580.833034569397569 ], [ 358011.279709383903537, 6880581.148691129870713 ], [ 358011.635958875820506, 6880551.289246814325452 ], [ 358064.545328793115914, 6880551.920387355610728 ], [ 358064.901448584510945, 6880522.060945890843868 ], [ 358144.265291068819351, 6880523.007221288047731 ], [ 358143.909370536508504, 6880552.866656824946404 ], [ 358170.364047616487369, 6880553.181962290778756 ], [ 358170.719901729316916, 6880523.322528728283942 ], [ 358223.629117802716792, 6880523.952967068180442 ], [ 358223.984842210717034, 6880494.093536353670061 ], [ 358250.439381203672383, 6880494.408669228665531 ], [ 358250.795042325276881, 6880464.549239385873079 ], [ 358277.249513149494305, 6880464.864315388724208 ], [ 358277.605110983597115, 6880435.004886418581009 ], [ 358356.968313702382147, 6880435.949767261743546 ], [ 358357.323715404316317, 6880406.090343106538057 ], [ 358383.778046393184923, 6880406.405187666416168 ], [ 358384.133384804183152, 6880376.54576438292861 ], [ 358410.587647625186946, 6880376.860552066005766 ], [ 358410.942922744085081, 6880347.001129653304815 ], [ 358437.39711739437189, 6880347.315860459581017 ], [ 358437.752329220296815, 6880317.456438913941383 ], [ 358464.206455702194944, 6880317.771112843416631 ], [ 358464.561604233575054, 6880287.911692167632282 ], [ 358623.285927926015574, 6880289.798511745408177 ], [ 358623.640681039716583, 6880259.939101782627404 ], [ 358676.548642134119291, 6880260.567574788816273 ], [ 358676.903265523375012, 6880230.708167660981417 ], [ 358703.357177030702587, 6880231.022317858412862 ], [ 358703.711737118894234, 6880201.162911596708 ], [ 358835.980936392385047, 6880202.732789671979845 ], [ 358836.335167474520858, 6880172.873392139561474 ], [ 358862.788935678487178, 6880173.18719317112118 ], [ 358863.143103454902302, 6880143.327796501107514 ], [ 358889.596803491585888, 6880143.64154064655304 ], [ 358889.95090796117438, 6880113.782144838944077 ], [ 358916.404539830517024, 6880114.095832100138068 ], [ 358916.758580992289353, 6880084.236437154002488 ], [ 358943.212144694407471, 6880084.550067528150976 ], [ 358943.566122547083069, 6880054.690673444420099 ], [ 358970.019618080172222, 6880055.004246928729117 ], [ 358970.373532622703351, 6880025.144853707402945 ], [ 358996.826959988102317, 6880025.45837030466646 ], [ 358997.180811219208408, 6879995.598977942951024 ], [ 359023.634170417208225, 6879995.912437652237713 ], [ 359023.987958335783333, 6879966.053046151064336 ], [ 359050.441249363997485, 6879966.366448971442878 ], [ 359050.794973968877457, 6879936.507058328017592 ], [ 359077.248196829576045, 6879936.820404257625341 ], [ 359077.601858119713143, 6879906.961014475673437 ], [ 359104.055012810276821, 6879907.274303513579071 ], [ 359104.408610784506891, 6879877.414914591237903 ], [ 359130.861697306623682, 6879877.728146737441421 ], [ 359131.215231963724364, 6879847.868758671917021 ], [ 359157.668250317103229, 6879848.181933924555779 ], [ 359158.375196108478121, 6879788.463158409111202 ], [ 359211.280961872311309, 6879789.089340196922421 ], [ 359211.634306571271736, 6879759.229954704642296 ], [ 359370.351163602783345, 6879761.107099313288927 ], [ 359369.998217505693901, 6879790.966473055072129 ], [ 359422.903955505986232, 6879791.591713171452284 ], [ 359422.551145383913536, 6879821.451081895269454 ], [ 359449.004078216326889, 6879821.76361171528697 ], [ 359448.298600159585476, 6879881.482341937720776 ], [ 359474.751664122682996, 6879881.794808992184699 ], [ 359474.398996186617296, 6879911.654170491732657 ], [ 359500.852124847704545, 6879911.966576738283038 ], [ 359500.499526448780671, 6879941.825935179367661 ], [ 359526.952719807683025, 6879942.138280617073178 ], [ 359526.600190944678616, 6879971.997635999694467 ], [ 359553.053449001105037, 6879972.309920631349087 ], [ 359552.700989672914147, 6880002.169272953644395 ], [ 359579.154312426282559, 6880002.481496777385473 ], [ 359578.801922631973866, 6880032.340846043080091 ], [ 359631.708695800800342, 6880032.965113229118288 ], [ 359632.060952737985644, 6880003.105767871253192 ], [ 359684.967586124897934, 6880003.729803555645049 ], [ 359685.319713307078928, 6879973.870461004786193 ], [ 359711.772960975591559, 6879974.18239252269268 ], [ 359712.1250248302822, 6879944.323050819337368 ], [ 359738.57820433890447, 6879944.634925439953804 ], [ 359738.930204864882398, 6879914.775584586896002 ], [ 359765.383316213497892, 6879915.087402305565774 ], [ 359765.735253409598954, 6879885.228062301874161 ], [ 359792.188296597974841, 6879885.539823122322559 ], [ 359792.540170463093091, 6879855.680483967065811 ], [ 359898.352060204022564, 6879856.926946526393294 ], [ 359898.000452063803095, 6879886.786277877166867 ], [ 359950.906519429176114, 6879887.409152138978243 ], [ 359951.257994706917088, 6879857.549824686720967 ], [ 359977.710959366580937, 6879857.861175487749279 ], [ 359977.359550520021003, 6879887.720500990748405 ], [ 360003.812579884601291, 6879888.031790990382433 ], [ 360003.461240564181935, 6879917.891113441437483 ], [ 360029.914334633387625, 6879918.202342637814581 ], [ 360029.563064838002902, 6879948.061662035994232 ], [ 360056.016223609622102, 6879948.372830433771014 ], [ 360055.665023337875027, 6879978.23214678093791 ], [ 360108.571468564216048, 6879978.854303126223385 ], [ 360108.220404243795201, 6880008.713614473119378 ], [ 360134.673690696596168, 6880009.024602421559393 ], [ 360135.024688588397112, 6879979.165293022990227 ], [ 360161.477906888874713, 6879979.47622406668961 ], [ 360161.828841443697456, 6879949.616915510036051 ], [ 360214.735140011471231, 6879950.238604937680066 ], [ 360215.085944798483979, 6879920.379299170337617 ], [ 360347.351328906603158, 6879921.932502562180161 ], [ 360347.000856267695781, 6879951.791798604652286 ], [ 360373.453994350624271, 6879952.10226078517735 ], [ 360373.103591228078585, 6879981.961553779430687 ], [ 360399.556794018077198, 6879982.271955164149404 ], [ 360399.206460410903674, 6880012.131245110183954 ], [ 360425.659727907273918, 6880012.441585700958967 ], [ 360424.258690048882272, 6880131.878726678900421 ], [ 360450.712221531197429, 6880132.189000645652413 ], [ 360449.661674812203273, 6880221.76683896034956 ], [ 360476.115403848118149, 6880222.077048252336681 ], [ 360475.765294202486984, 6880251.936323539353907 ], [ 360502.21908793982584, 6880252.24647203925997 ], [ 360501.869047801592387, 6880282.105744279921055 ], [ 360528.322906241694, 6880282.415831990540028 ], [ 360527.972935609985143, 6880312.275101185776293 ], [ 360554.426858752325643, 6880312.585128108039498 ], [ 360554.076957625627983, 6880342.444394257850945 ], [ 360580.530945469508879, 6880342.75436039082706 ], [ 360579.8312853067182, 6880402.472885496914387 ], [ 360606.285404272319283, 6880402.782788901589811 ], [ 360605.935645234188996, 6880432.642047856934369 ], [ 360632.389828900399152, 6880432.951890476047993 ], [ 360632.040139363380149, 6880462.811146386899054 ], [ 360658.494387729384471, 6880463.120928220450878 ], [ 360658.144767692312598, 6880492.980181086808443 ], [ 360657.795150735706557, 6880522.839432848617435 ], [ 360684.249530220520683, 6880523.149151956662536 ], [ 360683.899982761882711, 6880553.008400675840676 ], [ 360710.354426944104489, 6880553.318059001117945 ], [ 360710.004948982503265, 6880583.177304673939943 ], [ 360789.368470472923946, 6880584.10592077113688 ], [ 360789.717749183997512, 6880554.246680915355682 ], [ 360895.53548812988447, 6880555.484019653871655 ], [ 360895.884504249610472, 6880525.624786443077028 ], [ 361001.701950068818405, 6880526.861191431060433 ], [ 361002.050703592598438, 6880497.00196485966444 ], [ 361028.504994342976715, 6880497.310920933261514 ], [ 361028.853684521571267, 6880467.451695192605257 ], [ 361055.307907138078008, 6880467.760594355873764 ], [ 361055.656533970090095, 6880437.901369445957243 ], [ 361082.110688454995397, 6880438.210211699828506 ], [ 361082.459251939493697, 6880408.350987619720399 ], [ 361108.913338290818501, 6880408.659772962331772 ], [ 361109.261838426522445, 6880378.80054971203208 ], [ 361135.715856643975712, 6880379.109278143383563 ], [ 361136.06429342989577, 6880349.250055720098317 ], [ 361162.518243515107315, 6880349.558727239258587 ], [ 361162.866616950021125, 6880319.699505645781755 ], [ 361242.228257666691206, 6880320.625172925181687 ], [ 361241.880083494877908, 6880350.484388721175492 ], [ 361294.787968256277964, 6880351.101202144287527 ], [ 361294.439929992775433, 6880380.960412970744073 ], [ 361347.34794075100217, 6880381.576987152919173 ], [ 361347.000038393598516, 6880411.43619301263243 ], [ 361373.454107626690529, 6880411.744389905594289 ], [ 361373.801943564496469, 6880381.885185974650085 ], [ 361400.255944667791482, 6880382.19332595076412 ], [ 361400.6037172502256, 6880352.334122845903039 ], [ 361427.05765022378182, 6880352.642205907031894 ], [ 361427.40535944950534, 6880322.783003626391292 ], [ 361453.859224292915314, 6880323.091029770672321 ], [ 361454.206870160996914, 6880293.231828313320875 ], [ 361533.568255175079685, 6880294.155559456907213 ], [ 361533.915704840503167, 6880264.296362680383027 ], [ 361798.452879703778308, 6880267.371660750359297 ], [ 361798.106094255286735, 6880297.230838268995285 ], [ 361824.55986878281692, 6880297.53804249688983 ], [ 361824.21315281058196, 6880327.397216984070837 ], [ 361850.666992053971626, 6880327.704360443167388 ], [ 361850.320345556887332, 6880357.563531901687384 ], [ 361876.774249515903648, 6880357.870614590123296 ], [ 361876.427672492805868, 6880387.729783021844923 ], [ 361902.88164116902044, 6880388.036804943345487 ], [ 361902.535133618686814, 6880417.895970344543457 ], [ 361928.989167009072844, 6880418.202931499108672 ], [ 361928.64272893028101, 6880448.062093871645629 ], [ 361955.096827037399635, 6880448.368994260206819 ], [ 361955.443198697816115, 6880418.50983380805701 ], [ 362008.351256964902859, 6880419.12346189469099 ], [ 362008.697498838999309, 6880389.264304178766906 ], [ 362035.151459001121111, 6880389.57103187777102 ], [ 362035.497637506690808, 6880359.711874978616834 ], [ 362088.405419885297306, 6880360.325157680548728 ], [ 362088.751468600705266, 6880330.466003518551588 ], [ 362115.205290818179492, 6880330.772558520548046 ], [ 362115.55127616180107, 6880300.913405173458159 ], [ 362142.005030257219914, 6880301.219903251156211 ], [ 362142.350952228123788, 6880271.360750716179609 ], [ 362168.804638203117065, 6880271.667191866785288 ], [ 362169.150496800080873, 6880241.808040144853294 ], [ 362195.604114652727731, 6880242.114424370229244 ], [ 362195.949909874470904, 6880212.255273463204503 ], [ 362222.403459605120588, 6880212.561600758694112 ], [ 362222.74919145059539, 6880182.702450662851334 ], [ 362249.202673059015069, 6880183.008721029385924 ], [ 362249.548341527115554, 6880153.149571745656431 ], [ 362276.001755013072398, 6880153.455785185098648 ], [ 362277.038579416112043, 6880063.878336451947689 ], [ 362250.585365203791298, 6880063.572117260657251 ], [ 362250.931045853474643, 6880033.712963555939496 ], [ 362224.477896368014626, 6880033.406683597713709 ], [ 362225.169399656704627, 6879973.688369032926857 ], [ 362198.716381325328257, 6879973.382026392035186 ], [ 362199.408029653481208, 6879913.663703566417098 ], [ 362172.95514247828396, 6879913.357298238202929 ], [ 362173.992837107274681, 6879823.77979995124042 ], [ 362226.898211182386149, 6879824.392563266679645 ], [ 362227.243982625310309, 6879794.533398797735572 ], [ 362438.864879548898898, 6879796.982113334350288 ], [ 362438.519639548612759, 6879826.841262474656105 ], [ 362491.424979668925516, 6879827.452848762273788 ], [ 362491.770086808712222, 6879797.593703450635076 ], [ 362597.580480983597226, 6879798.816177466884255 ], [ 362597.925325440824963, 6879768.957038704305887 ], [ 362756.640467293502297, 6879770.788995650596917 ], [ 362756.296021419693716, 6879800.648122947663069 ], [ 362782.748605567379855, 6879800.953241214156151 ], [ 362784.12614154262701, 6879681.516733037307858 ], [ 362810.578458271804266, 6879681.82180009316653 ], [ 362811.61144280602457, 6879592.24441307131201 ], [ 362838.06355854467256, 6879592.549427000805736 ], [ 362838.40782635420328, 6879562.6902976911515 ], [ 362864.859873966488522, 6879562.995254675857723 ], [ 362865.548285812081303, 6879503.276996553875506 ], [ 362918.452110223297495, 6879503.886741595342755 ], [ 362918.796187821310014, 6879474.02761469129473 ], [ 363051.055387095490005, 6879475.550956866703928 ], [ 363050.71164167788811, 6879505.410074235871434 ], [ 363103.61544243741082, 6879506.018995311111212 ], [ 363103.27183291799156, 6879535.878107760101557 ], [ 363209.079679925518576, 6879537.09523603413254 ], [ 363208.73633917159168, 6879566.954339759424329 ], [ 363261.640385423321277, 6879567.562546962872148 ], [ 363261.297180561814457, 6879597.421645772643387 ], [ 363287.749267592385877, 6879597.725659190677106 ], [ 363287.406132187286858, 6879627.584754993207753 ], [ 363313.858283966197632, 6879627.888707654550672 ], [ 363313.515218016516883, 6879657.747800447046757 ], [ 363392.871862537576817, 6879658.659299608319998 ], [ 363392.186138294986449, 6879718.377470459789038 ], [ 363418.638482629787177, 6879718.681182006374002 ], [ 363418.295691469800659, 6879748.540263867937028 ], [ 363444.748100551776588, 6879748.843914663419127 ], [ 363444.062660150288139, 6879808.562071266584098 ], [ 363470.515200407302473, 6879808.865659408271313 ], [ 363469.829904939397238, 6879868.583807782270014 ], [ 363496.282576370984316, 6879868.887333271093667 ], [ 363495.939999592723325, 6879898.746403898112476 ], [ 363522.392735769390129, 6879899.049868636764586 ], [ 363522.050228436186444, 6879928.908936256542802 ], [ 363574.955828593927436, 6879929.515685386955738 ], [ 363574.613457131490577, 6879959.374748099595308 ], [ 363653.972044030320831, 6879960.284424734301865 ], [ 363653.629874862206634, 6879990.143480643630028 ], [ 363680.082800223724917, 6879990.446586592122912 ], [ 363679.740700495196506, 6880020.305639497004449 ], [ 363706.193690602085553, 6880020.608684700913727 ], [ 363705.851660312211607, 6880050.467734601348639 ], [ 363732.304715162375942, 6880050.770719058811665 ], [ 363731.62079646991333, 6880110.48881174530834 ], [ 363758.073982486617751, 6880110.791733560152352 ], [ 363757.390208690077998, 6880170.50981802213937 ], [ 363783.843525872798637, 6880170.812677199020982 ], [ 363783.501709914475214, 6880200.671715872362256 ], [ 363809.955091838375665, 6880200.974514307454228 ], [ 363809.613345312711317, 6880230.833549976348877 ], [ 363836.066791977907997, 6880231.136287670582533 ], [ 363835.725114883680362, 6880260.995320335961878 ], [ 363862.178626289998647, 6880261.297997289337218 ], [ 363861.837018625927158, 6880291.157026952132583 ], [ 363888.290594772377517, 6880291.459643164649606 ], [ 363887.949056537472643, 6880321.318669825792313 ], [ 363914.402697425626684, 6880321.621225300244987 ], [ 363914.061228618607856, 6880351.480248957872391 ], [ 363940.514934246079065, 6880351.782743694260716 ], [ 363940.173534865782131, 6880381.641764351166785 ], [ 363966.627305233094376, 6880381.944198346696794 ], [ 363966.285975278296974, 6880411.803216002881527 ], [ 363992.739810385101009, 6880412.105589263141155 ], [ 363992.057292331126519, 6880471.823617463931441 ], [ 364018.51125859329477, 6880472.125928093679249 ], [ 364017.487703309103381, 6880561.70295640733093 ], [ 364043.94186713907402, 6880562.005202516913414 ], [ 364043.259644808422308, 6880621.723212067969143 ], [ 364096.168233090720605, 6880622.327520191669464 ], [ 364095.827259259473067, 6880652.186519521288574 ], [ 364122.281617299071513, 6880652.48858343064785 ], [ 364121.940712884417735, 6880682.347579759545624 ], [ 364148.39513565931702, 6880682.649582939222455 ], [ 364148.054300659976434, 6880712.508576269261539 ], [ 364174.508788170292974, 6880712.810518716461957 ], [ 364174.168022585217841, 6880742.669509046711028 ], [ 364227.077125400712248, 6880743.273213642649353 ], [ 364226.736495639022905, 6880773.13219908438623 ], [ 364253.19111094402615, 6880773.433961232192814 ], [ 364252.850550593575463, 6880803.292943676933646 ], [ 364279.305230633413885, 6880803.594645096920431 ], [ 364278.964739692979492, 6880833.453624544665217 ], [ 364305.419484468002338, 6880833.755265235900879 ], [ 364305.079062936478294, 6880863.614241684786975 ], [ 364278.624251753208227, 6880863.312602881342173 ], [ 364277.943284875014797, 6880923.030556232668459 ], [ 364304.398228873324115, 6880923.332191257737577 ], [ 364304.057816341577563, 6880953.191164380870759 ], [ 364356.967832127003931, 6880953.794254142791033 ], [ 364356.627555407409091, 6880983.653222382999957 ], [ 364383.082627196272369, 6880983.954677119851112 ], [ 364382.742419880698435, 6881013.813642361201346 ], [ 364409.197556400322355, 6881014.115036374889314 ], [ 364408.857418487721588, 6881043.97399862203747 ], [ 364435.312619740376249, 6881044.275331911630929 ], [ 364433.272253631381318, 6881223.429070794954896 ], [ 364459.727851625881158, 6881223.730333925224841 ], [ 364459.387867498211563, 6881253.589284639805555 ], [ 364432.932203103089705, 6881253.288023397326469 ], [ 364431.912069500773214, 6881342.864874560385942 ], [ 364405.456204233283643, 6881342.563560153357685 ], [ 364404.775997354881838, 6881402.28145916480571 ], [ 364378.319997619197238, 6881401.980089702643454 ], [ 364378.660165957408026, 6881372.121138863265514 ], [ 364352.204230944393203, 6881371.819708680734038 ], [ 364351.863996208528988, 6881401.678661410696805 ], [ 364351.523764471698087, 6881431.537613034248352 ], [ 364404.435898412310053, 6881432.140407009981573 ], [ 364404.095802467491012, 6881461.999353747814894 ], [ 364430.551933324604761, 6881462.300660602748394 ], [ 364430.211906773387454, 6881492.159604345448315 ], [ 364483.124296258727554, 6881492.762037789449096 ], [ 364483.464190018014051, 6881462.903097823262215 ], [ 364457.008062507375143, 6881462.601908626966178 ], [ 364457.348025659273844, 6881432.74296566657722 ], [ 364536.716203984804451, 6881433.64636242762208 ], [ 364536.376440022082534, 6881463.505299725569785 ], [ 364562.832562517025508, 6881463.806312434375286 ], [ 364562.492867944994941, 6881493.665246738120914 ], [ 364694.77378732879879, 6881495.169418407604098 ], [ 364695.113149922224693, 6881465.310493530705571 ], [ 364695.452515506884083, 6881435.451567547395825 ], [ 364668.996467763092369, 6881435.150847101584077 ], [ 364669.335902735881973, 6881405.291918123140931 ], [ 364642.879919718892779, 6881404.991136962547898 ], [ 364643.219424080918543, 6881375.132204992696643 ], [ 364669.675340700603556, 6881375.432988039217889 ], [ 364669.335902735881973, 6881405.291918123140931 ], [ 364695.79188408277696, 6881405.592640453949571 ], [ 364695.452515506884083, 6881435.451567547395825 ], [ 364721.908561580872629, 6881435.752229163423181 ], [ 364721.569262392411474, 6881465.611153262667358 ], [ 364774.481482324423268, 6881466.212296238169074 ], [ 364774.820648720487952, 6881436.353375907056034 ], [ 364748.364605984592345, 6881436.05283194873482 ], [ 364748.70384176709922, 6881406.193908624351025 ], [ 364801.615792775875889, 6881406.794941474683583 ], [ 364801.276689786987845, 6881436.653861031867564 ], [ 364827.73272918490693, 6881436.954287329688668 ], [ 364827.393695580889471, 6881466.81320389546454 ], [ 364853.849799706775229, 6881467.113569481298327 ], [ 364854.188766914594453, 6881437.254654797725379 ], [ 364854.527737110271119, 6881407.395739007741213 ], [ 364854.866710293688811, 6881377.53682210855186 ], [ 364881.322613561584149, 6881377.837134512141347 ], [ 364882.000436095695477, 6881318.119301152415574 ], [ 364908.456204900110606, 6881318.419558487832546 ], [ 364908.795054248999804, 6881288.560642026364803 ], [ 364935.250754987413529, 6881288.860842414200306 ], [ 364935.589540923305321, 6881259.001926727592945 ], [ 365014.95643394079525, 6881259.902180543169379 ], [ 365015.295023662678432, 6881230.043269388377666 ], [ 365041.750584936700761, 6881230.343238211236894 ], [ 365042.089111242210492, 6881200.484327827580273 ], [ 365068.544604450289626, 6881200.784239696338773 ], [ 365068.883067338378169, 6881170.925330085679889 ], [ 365095.338492480281275, 6881171.225185003131628 ], [ 365095.676891949784476, 6881141.366276160813868 ], [ 365122.13224902539514, 6881141.666074123233557 ], [ 365122.470585075090639, 6881111.807166054844856 ], [ 365148.925874084292445, 6881112.106907060369849 ], [ 365149.264146713016089, 6881082.247999760322273 ], [ 365175.71936765598366, 6881082.54768381267786 ], [ 365176.057576862687711, 6881052.688777280040085 ], [ 365202.512729737383779, 6881052.988404378294945 ], [ 365202.174586933979299, 6881082.847309030592442 ], [ 365228.629804549389519, 6881083.146875416859984 ], [ 365228.291731128818356, 6881113.00577708426863 ], [ 365307.657573207223322, 6881113.904117609374225 ], [ 365306.643968435819261, 6881203.48079907335341 ], [ 365333.099445007508621, 6881203.780122620053589 ], [ 365333.437243886000942, 6881173.921231783926487 ], [ 365359.89265239587985, 6881174.220498375594616 ], [ 365360.230387850082479, 6881144.36160830501467 ], [ 365386.685728297685273, 6881144.660817939788103 ], [ 365387.02340032660868, 6881114.801928635686636 ], [ 365413.478672710014507, 6881115.101081311702728 ], [ 365413.816281312494539, 6881085.242192773148417 ], [ 365414.829124972398859, 6880995.665520504117012 ], [ 365441.284130082989577, 6880995.964621843770146 ], [ 365442.634364329220261, 6880876.529050790704787 ], [ 365416.179624841490295, 6880876.229941956698895 ], [ 365416.517257247294765, 6880846.37104454729706 ], [ 365442.971930327825248, 6880846.670155256986618 ], [ 365443.309499301074538, 6880816.811258614063263 ], [ 365469.764104313100688, 6880817.110312362201512 ], [ 365470.101609852979891, 6880787.251416482031345 ], [ 365496.556146796385292, 6880787.550413263961673 ], [ 365496.893588901497424, 6880757.691518150269985 ], [ 365523.34805777791189, 6880757.990457967855036 ], [ 365523.685436447325628, 6880728.13156361784786 ], [ 365576.594236403005198, 6880728.729270488955081 ], [ 365576.93148522550473, 6880698.870378773659468 ], [ 365682.748799599474296, 6880700.065093947574496 ], [ 365683.085785751871299, 6880670.206208606250584 ], [ 365735.99430017452687, 6880670.803216907195747 ], [ 365735.657446842815261, 6880700.662098507396877 ], [ 365762.111767979688011, 6880700.9605125291273 ], [ 365761.774984026211314, 6880730.819391151890159 ], [ 365788.229369916720316, 6880731.117744468152523 ], [ 365787.892655339906923, 6880760.976620111614466 ], [ 365814.347105983877555, 6880761.274912720546126 ], [ 365840.801554971607402, 6880761.573146494105458 ], [ 365841.138136730121914, 6880731.714274587109685 ], [ 365867.592517654877156, 6880732.012451390735805 ], [ 365867.25600230548298, 6880761.871321431361139 ], [ 365920.164892007771414, 6880762.467494790442288 ], [ 365920.501274539215956, 6880732.608628485351801 ], [ 366026.318768460594583, 6880733.800276628695428 ], [ 366026.654888318094891, 6880703.941416680812836 ], [ 366053.109191256575286, 6880704.239183489233255 ], [ 366053.445247665978968, 6880674.380324295721948 ], [ 366079.899482540902682, 6880674.678034131415188 ], [ 366080.235475500870962, 6880644.819175694137812 ], [ 366106.689642313576769, 6880645.11682855617255 ], [ 366107.02557182329474, 6880615.257970876060426 ], [ 366133.47967057308415, 6880615.555566761642694 ], [ 366133.81553663109662, 6880585.696709835901856 ], [ 366160.269567317911424, 6880585.994248747825623 ], [ 366160.605369923228864, 6880556.135392573662102 ], [ 366187.059332547185477, 6880556.432874510996044 ], [ 366187.395071698585525, 6880526.574019093066454 ], [ 366187.730813808273524, 6880496.715162564069033 ], [ 366267.092293297115248, 6880497.607266516424716 ], [ 366266.75675042741932, 6880527.466117456555367 ], [ 366293.210640036617406, 6880527.763365900143981 ], [ 366292.87516653619241, 6880557.622213869355619 ], [ 366319.329120910027996, 6880557.919401610270143 ], [ 366318.993716777709778, 6880587.778246607631445 ], [ 366371.901753400394227, 6880588.372441849671304 ], [ 366371.566485046525486, 6880618.231282018125057 ], [ 366398.020567297295202, 6880618.528289519250393 ], [ 366397.685368308622856, 6880648.38712671585381 ], [ 366424.13951532082865, 6880648.684073519892991 ], [ 366423.804385696013924, 6880678.542907745577395 ], [ 366450.258597471925896, 6880678.839793853461742 ], [ 366449.92353720968822, 6880708.698625110089779 ], [ 366476.377813746978063, 6880708.995450519025326 ], [ 366476.042822846386116, 6880738.854278805665672 ], [ 366502.497164144879207, 6880739.151043520309031 ], [ 366502.162242604594212, 6880769.009868837893009 ], [ 366555.071053079271223, 6880769.603218035772443 ], [ 366555.405841802828945, 6880739.74439643509686 ], [ 366634.768845942278858, 6880740.633984532207251 ], [ 366635.103438389371149, 6880710.775167397223413 ], [ 366740.920488573610783, 6880711.960468571633101 ], [ 366741.254818331683055, 6880682.101657749153674 ], [ 366847.071576574875508, 6880683.286024954169989 ], [ 366847.405643639620394, 6880653.427220437675714 ], [ 366953.222109960974194, 6880654.610653662122786 ], [ 366953.555914328200743, 6880624.751855449751019 ], [ 367032.918047603394371, 6880625.638818128965795 ], [ 367033.251655679719988, 6880595.780024363659322 ], [ 367139.067544774501584, 6880596.96182494238019 ], [ 367139.400890145101584, 6880567.103037470020354 ], [ 367218.762590521597303, 6880567.98877565190196 ], [ 367219.095739594195038, 6880538.12999261636287 ], [ 367298.457225992926396, 6880539.015206798911095 ], [ 367298.790178764087614, 6880509.156428197398782 ], [ 367351.697695354407188, 6880509.746280486695468 ], [ 367352.030518233776093, 6880479.8875044696033 ], [ 367404.937895452603698, 6880480.477125095203519 ], [ 367405.270588438026607, 6880450.618351658806205 ], [ 367352.363344045879785, 6880450.028727339580655 ], [ 367352.696172790427227, 6880420.169949100352824 ], [ 367379.149729389988352, 6880420.464792528189719 ], [ 367379.482494652620517, 6880390.606015022844076 ], [ 367432.389470117108431, 6880391.195529048331082 ], [ 367432.722105481603649, 6880361.336754124611616 ], [ 367459.175524345599115, 6880361.631424723193049 ], [ 367459.508096225210465, 6880331.772650535218418 ], [ 367512.414796217111871, 6880332.361818896606565 ], [ 367512.747238194686361, 6880302.503047288395464 ], [ 367565.653798818879295, 6880303.091983973048627 ], [ 367565.986110892088618, 6880273.233214943669736 ], [ 367671.798946873284876, 6880274.41038959287107 ], [ 367670.802816429291852, 6880363.986671238206327 ], [ 367697.256220591079909, 6880364.280812269076705 ], [ 367697.588194731622934, 6880334.422054675407708 ], [ 367776.94819818099495, 6880335.304130250588059 ], [ 367777.279975998681039, 6880305.445377070456743 ], [ 367830.18650397809688, 6880306.033136930316687 ], [ 367830.518151886295527, 6880276.174386317841709 ], [ 367909.877732380409725, 6880277.055590322241187 ], [ 367910.209183959697839, 6880247.196844114921987 ], [ 367989.568550540076103, 6880248.077524062246084 ], [ 367989.899805787426885, 6880218.218782260082662 ], [ 368042.80590919777751, 6880218.805611689575016 ], [ 368043.137034527782816, 6880188.946872452273965 ], [ 368122.495978183986153, 6880189.826680790632963 ], [ 368122.826907175825909, 6880159.967945951968431 ], [ 368175.732728643226437, 6880160.554194303229451 ], [ 368176.063527712482028, 6880130.695462021976709 ], [ 368255.42204846360255, 6880131.574398735538125 ], [ 368255.752651188871823, 6880101.715670846402645 ], [ 368308.658190726593602, 6880102.301338109187782 ], [ 368308.988663524389267, 6880072.442612774670124 ], [ 368388.346761388820596, 6880073.320677841082215 ], [ 368388.677037836576346, 6880043.461956894025207 ], [ 368468.034921831684187, 6880044.339497861452401 ], [ 368468.365001925907563, 6880014.480781299062073 ], [ 368521.270116970001254, 6880015.06551805138588 ], [ 368521.600067128892988, 6879985.206804038956761 ], [ 368600.957528269209433, 6879986.083473326638341 ], [ 368601.287282068806235, 6879956.224763689562678 ], [ 368654.192115215293597, 6879956.808919318020344 ], [ 368654.52173907449469, 6879926.950212225317955 ], [ 368654.8513658377924, 6879897.09150401968509 ], [ 368681.303647136024665, 6879897.383497223258018 ], [ 368681.633210379222874, 6879867.524789735674858 ], [ 368681.962776525586378, 6879837.666081134229898 ], [ 368708.41492335521616, 6879837.958019146695733 ], [ 368708.744425980024971, 6879808.099311262369156 ], [ 368735.196504766412545, 6879808.391192255541682 ], [ 368735.525943868211471, 6879778.532485087402165 ], [ 368761.977954610600136, 6879778.82430906035006 ], [ 368814.881971241207793, 6879779.40778046939522 ], [ 368814.552731415373273, 6879809.266482158564031 ], [ 368841.004803728312254, 6879809.558127768337727 ], [ 368840.675633227510843, 6879839.416826520115137 ], [ 368867.127770348393824, 6879839.708411456085742 ], [ 368893.579905852791853, 6879839.999937544576824 ], [ 368893.250871099880897, 6879869.858631533570588 ], [ 368946.155270105577074, 6879870.441503526642919 ], [ 368972.607467183494009, 6879870.732851254753768 ], [ 368972.936302664282266, 6879840.874162739142776 ], [ 368999.388431703089736, 6879841.165453446097672 ], [ 368999.059662646206561, 6879871.024140138179064 ], [ 369051.964048725378234, 6879871.606541366316378 ], [ 369051.635415411496069, 6879901.465223298408091 ], [ 369025.183156756684184, 6879901.174053930677474 ], [ 369024.854459915019106, 6879931.032736574299634 ], [ 369051.306784992513712, 6879931.323904119431973 ], [ 369050.978157468605787, 6879961.182583825662732 ], [ 369103.882935625384562, 6879961.764738735742867 ], [ 369103.554443839471787, 6879991.623413687571883 ], [ 369130.006896917009726, 6879991.914401054382324 ], [ 369130.66375053889351, 6879932.197053684853017 ], [ 369104.211430304974783, 6879931.906062672846019 ], [ 369104.539927878591698, 6879902.04738549888134 ], [ 369130.992181689594872, 6879902.338378330692649 ], [ 369130.66375053889351, 6879932.197053684853017 ], [ 369157.116069159994368, 6879932.487985850311816 ], [ 369156.787707324372604, 6879962.346658270806074 ], [ 369209.692472569120582, 6879962.928342426195741 ], [ 369209.364246469223872, 6879992.787010090425611 ], [ 369182.911798232002184, 6879992.496199255809188 ], [ 369182.583508602809161, 6880022.354867627844214 ], [ 369209.036023260676302, 6880022.645676642656326 ], [ 369208.707802943827119, 6880052.504342081025243 ], [ 369288.065536501526367, 6880053.376410601660609 ], [ 369287.737518334994093, 6880083.235069465823472 ], [ 369340.642798817774747, 6880083.816150626167655 ], [ 369340.314916378993075, 6880113.674804739654064 ], [ 369393.220323254994582, 6880114.255646891891956 ], [ 369392.892576541518793, 6880144.114296255633235 ], [ 369445.798109810275491, 6880144.694899402558804 ], [ 369445.470498819602653, 6880174.553544016554952 ], [ 369498.376158482802566, 6880175.133908163756132 ], [ 369498.048683212604374, 6880204.992548030801117 ], [ 369550.954469272226561, 6880205.572673177346587 ], [ 369550.627129719883669, 6880235.431308299303055 ], [ 369603.533042175287846, 6880236.011194448918104 ], [ 369603.205838338471949, 6880265.869824827648699 ], [ 369656.111877192626707, 6880266.449471985921264 ], [ 369655.784809069125913, 6880296.308097621425986 ], [ 370052.580891900404822, 6880300.64792201295495 ], [ 370052.254822873219382, 6880330.506519354879856 ], [ 370210.973553450021427, 6880332.238731370307505 ], [ 370211.299223992973566, 6880302.380144877359271 ], [ 370237.752273737511132, 6880302.66864275187254 ], [ 370238.077880735276267, 6880272.810056950896978 ], [ 370264.530862464220263, 6880273.098497790284455 ], [ 370265.833053479087539, 6880153.664150673896074 ], [ 370239.380337414098904, 6880153.375702609308064 ], [ 370241.008472809393425, 6880004.082734625786543 ], [ 370267.460856781515758, 6880004.371191721409559 ], [ 370267.786426046397537, 6879974.5125965885818 ], [ 370294.238741998211481, 6879974.800996648147702 ], [ 370294.564247710281052, 6879944.942402208223939 ], [ 370373.920986706798431, 6879945.807254741899669 ], [ 370374.246296022087336, 6879915.948664601892233 ], [ 370453.602821367327124, 6879916.812992953695357 ], [ 370453.277711316128261, 6879946.671577680855989 ], [ 370532.634421547001693, 6879947.53537102881819 ], [ 370532.309513621905353, 6879977.393949234858155 ], [ 370558.761813593097031, 6879977.681760861538351 ], [ 370558.436974950425792, 6880007.540336149744689 ], [ 370584.88933974399697, 6880007.828087133355439 ], [ 370584.239803881791886, 6880067.545230764895678 ], [ 370610.692299918504432, 6880067.832919301465154 ], [ 370610.367602697398979, 6880097.691487644799054 ], [ 370636.820163557073101, 6880097.979115538299084 ], [ 370636.495535614085384, 6880127.837680966593325 ], [ 370662.948161294683814, 6880128.125248217955232 ], [ 370662.2990468221833, 6880187.842372132465243 ], [ 370688.751803742372431, 6880188.129876942373812 ], [ 370687.778352725086734, 6880277.70554905384779 ], [ 370714.231307294627186, 6880277.992989622056484 ], [ 370713.906895753927529, 6880307.851542964577675 ], [ 370740.359915143577382, 6880308.138922893442214 ], [ 370739.71123346319655, 6880367.856022634543478 ], [ 370977.789531698916107, 6880370.439761896617711 ], [ 370977.465792854607571, 6880400.298293915577233 ], [ 371030.372196660900954, 6880400.871807385236025 ], [ 371030.695802681322675, 6880371.013278959318995 ], [ 371057.148935786215588, 6880371.299949234351516 ], [ 371056.825396177824587, 6880401.158475864678621 ], [ 371083.278594103991054, 6880401.445085505954921 ], [ 371082.95512375747785, 6880431.303609227761626 ], [ 371109.408386504976079, 6880431.590158238075674 ], [ 371109.084985419525765, 6880461.448679047636688 ], [ 371161.991638966312166, 6880462.021596968173981 ], [ 371161.66837355052121, 6880491.880113076418638 ], [ 371241.028541182575282, 6880492.739043300971389 ], [ 371240.705477843410335, 6880522.597552916035056 ], [ 371293.61238114151638, 6880523.169875298626721 ], [ 371293.289453466597479, 6880553.028380216099322 ], [ 371372.649995733401738, 6880553.886417145840824 ], [ 371372.327270128298551, 6880583.744915572926402 ], [ 371398.780847451416776, 6880584.030808420851827 ], [ 371399.103506648272742, 6880554.172311786562204 ], [ 371425.557015977683477, 6880554.458147590979934 ], [ 371425.879611608979758, 6880524.599651630967855 ], [ 371452.333052942412905, 6880524.885430390015244 ], [ 371452.655585007101763, 6880495.026935107074678 ], [ 371479.108958346012514, 6880495.312656819820404 ], [ 371479.43142684281338, 6880465.454162210226059 ], [ 371558.79133812058717, 6880466.310979698784649 ], [ 371585.244638709817082, 6880466.596467859111726 ], [ 371585.56684440682875, 6880436.737979287281632 ], [ 371638.473308014974464, 6880437.308782668784261 ], [ 371638.795383729389869, 6880407.450296559371054 ], [ 371744.608026303583756, 6880408.591204428113997 ], [ 371744.286216232227162, 6880438.449683392420411 ], [ 371770.739439331227913, 6880438.734761483035982 ], [ 371770.417698505392764, 6880468.593237545341253 ], [ 371796.870986431720667, 6880468.878255014307797 ], [ 371796.549314850126393, 6880498.736728175543249 ], [ 371849.456018779426813, 6880499.306583035737276 ], [ 371849.134482849796768, 6880529.1650515133515 ], [ 371875.587898851023056, 6880529.449888904578984 ], [ 371875.266432162898127, 6880559.308354483917356 ], [ 371928.173392242228147, 6880559.877849195152521 ], [ 371954.626869911502581, 6880560.162508296780288 ], [ 371954.948137375176884, 6880530.30404806882143 ], [ 371981.401547056913842, 6880530.588650120422244 ], [ 371981.722750942688435, 6880500.730190557427704 ], [ 372008.176092636713292, 6880501.014735555276275 ], [ 372008.497232943482231, 6880471.156276660040021 ], [ 372140.763585691107437, 6880472.578128021210432 ], [ 372140.121971995977219, 6880532.295026884414256 ], [ 372166.575370630424004, 6880532.579217089340091 ], [ 372166.896109656023327, 6880502.720769993960857 ], [ 372193.349440304911695, 6880503.004903143271804 ], [ 372194.311475109774619, 6880413.429560506716371 ], [ 372220.764604953292292, 6880413.713640158995986 ], [ 372221.085222461901139, 6880383.8551921620965 ], [ 372221.405842795327771, 6880353.996743048541248 ], [ 372194.952845774125308, 6880353.712659838609397 ], [ 372195.594227740191855, 6880293.995754708535969 ], [ 372222.047091937100049, 6880294.2798414779827 ], [ 372223.970907160022762, 6880115.129109987057745 ], [ 372250.423371293174569, 6880115.41314858943224 ], [ 372250.743950634205248, 6880085.55469121504575 ], [ 372277.196346775395796, 6880085.838672755286098 ], [ 372277.516862523392774, 6880055.980216044001281 ], [ 372303.969190672971308, 6880056.264140522107482 ], [ 372304.289642826886848, 6880026.405684472993016 ], [ 372330.741902982583269, 6880026.689551887102425 ], [ 372410.098674005828798, 6880027.540801083669066 ], [ 372409.778487522504292, 6880057.399250025860965 ], [ 372436.230807801010087, 6880057.682880300097167 ], [ 372436.550927866774146, 6880027.824433134868741 ], [ 372489.455430867325049, 6880028.391520710662007 ], [ 372489.1354436367983, 6880058.249964326620102 ], [ 372542.04007318301592, 6880058.816812991164625 ], [ 372542.359927578479983, 6880028.958372925408185 ], [ 372568.812173576676287, 6880029.241710769943893 ], [ 372569.131964372121729, 6879999.38327136170119 ], [ 372622.036318816128187, 6879999.949774076230824 ], [ 372622.355979591491632, 6879970.091337098740041 ], [ 372701.712300222774502, 6879970.940655180253088 ], [ 372702.031764556886628, 6879941.08222240395844 ], [ 372807.839904411521275, 6879942.213829815387726 ], [ 372808.159105881524738, 6879912.355403009802103 ], [ 372913.96695496130269, 6879913.486076029017568 ], [ 372914.285893562890124, 6879883.627655185759068 ], [ 372993.64156465587439, 6879884.475047413259745 ], [ 372993.960306805092841, 6879854.616630759090185 ], [ 373099.767580654995982, 6879855.74567033816129 ], [ 373100.086059927823953, 6879825.887259636074305 ], [ 373205.89304305560654, 6879827.015364796854556 ], [ 373206.211259447794873, 6879797.156960039399564 ], [ 373285.566281110804994, 6879798.002426349557936 ], [ 373285.884301039914135, 6879768.144025770947337 ], [ 373365.239109374000691, 6879768.988967780955136 ], [ 373365.556932836712804, 6879739.130571373738348 ], [ 373392.008466069411952, 6879739.412102785892785 ], [ 373392.326225908705965, 6879709.553707025945187 ], [ 373418.777691155904904, 6879709.835181354545057 ], [ 373419.095387370500248, 6879679.976786240935326 ], [ 373445.546784634527285, 6879680.258203486911952 ], [ 373445.864417223376222, 6879650.399809015914798 ], [ 373472.315746502019465, 6879650.681169182062149 ], [ 373472.950887223298196, 6879590.964380412362516 ], [ 373499.402082091197371, 6879591.245685252361 ], [ 373499.719590221822727, 6879561.387290951795876 ], [ 373526.170717105094809, 6879561.668538709171116 ], [ 373526.488161606015638, 6879531.810145053081214 ], [ 373526.80560890288325, 6879501.951750277541578 ], [ 373500.354614873009268, 6879501.670499001629651 ], [ 373500.03710114909336, 6879531.528895534574986 ], [ 373473.586039133719169, 6879531.247587173245847 ], [ 373475.491561998613179, 6879352.097180649638176 ], [ 373501.9422254426172, 6879352.378499577753246 ], [ 373502.894825343973935, 6879262.803286518901587 ], [ 373529.345287936215755, 6879263.084551878273487 ], [ 373529.027818270900752, 6879292.942955588921905 ], [ 373555.47834573459113, 6879293.224160338751972 ], [ 373557.382807067595422, 6879114.073731884360313 ], [ 373530.932678202923853, 6879113.792516574263573 ], [ 373530.615194557583891, 6879143.650925869122148 ], [ 373504.164997698098887, 6879143.369653468951583 ], [ 373504.482547778112348, 6879113.511242413893342 ], [ 373478.032415795198176, 6879113.229909403249621 ], [ 373479.302909825521056, 6878993.796246970072389 ], [ 373505.752776063804049, 6878994.077587024308741 ], [ 373506.070340126520023, 6878964.219170383177698 ], [ 373532.520138369174674, 6878964.500453343614936 ], [ 373532.837638790428173, 6878934.642037346959114 ], [ 373559.287369034893345, 6878934.923263211734593 ], [ 373558.969935051922221, 6878964.781677450984716 ], [ 373585.419730177207384, 6878965.062842704355717 ], [ 373586.689217125298455, 6878845.629186087287962 ], [ 373613.138744935800787, 6878845.910299521870911 ], [ 373614.090690168784931, 6878756.335050605237484 ], [ 373640.540017098013777, 6878756.616110460832715 ], [ 373641.49178814998595, 6878667.04085676278919 ], [ 373667.940914194914512, 6878667.321863035671413 ], [ 373668.892511055571958, 6878577.74660455621779 ], [ 373695.341436209273525, 6878578.027557246387005 ], [ 373696.292858867789619, 6878488.452293979935348 ], [ 373696.610005338676274, 6878458.593870658427477 ], [ 373670.161345970700495, 6878458.312910938635468 ], [ 373670.478561681928113, 6878428.454484742134809 ], [ 373644.02996720460942, 6878428.17346440628171 ], [ 373644.347252157225739, 6878398.315035332925618 ], [ 373617.8987225726014, 6878398.033954377286136 ], [ 373618.216076767886989, 6878368.175522430799901 ], [ 373591.767612074385397, 6878367.894380858168006 ], [ 373592.085035513620824, 6878338.035946034826338 ], [ 373594.624523632985074, 6878099.168427220545709 ], [ 373568.176655450602993, 6878098.887210958637297 ], [ 373568.811688337184023, 6878039.170316565781832 ], [ 373542.363951509119943, 6878038.889037923887372 ], [ 373542.999128489522263, 6877979.172135543078184 ], [ 373516.551523015310522, 6877978.890794516541064 ], [ 373516.869182156573515, 6877949.032339891418815 ], [ 373490.421641582681332, 6877948.750938241370022 ], [ 373490.739369978371542, 6877918.892480738461018 ], [ 373384.949457922717556, 6877917.766278433613479 ], [ 373385.267454950022511, 6877887.907812772318721 ], [ 373411.714868844777811, 6877888.189453409053385 ], [ 373412.032802212110255, 6877858.330988391302526 ], [ 373438.480148086615372, 6877858.61257192119956 ], [ 373438.798017792578321, 6877828.754107547923923 ], [ 373465.245295649394393, 6877829.035633971914649 ], [ 373465.563101692881901, 6877799.177170239388943 ], [ 373492.010311529622413, 6877799.458639554679394 ], [ 373492.328053909703158, 6877769.600176465697587 ], [ 373518.775195726193488, 6877769.881588672287762 ], [ 373519.410555952985305, 6877710.164662661030889 ], [ 373545.85756328899879, 6877710.446019520051777 ], [ 373546.175181134021841, 6877680.587556595914066 ], [ 373572.622120448271744, 6877680.868856343440711 ], [ 373573.257231598196086, 6877621.151930660940707 ], [ 373599.704036429116968, 6877621.43317505531013 ], [ 373599.386545920278877, 6877651.291636696085334 ], [ 373625.833415657398291, 6877651.572820463217795 ], [ 373627.103128599992488, 6877532.138974223285913 ], [ 373653.549730920989532, 6877532.420106150209904 ], [ 373656.088759166072123, 6877293.552374087274075 ], [ 373629.642688590683974, 6877293.271228102967143 ], [ 373633.134875531424768, 6876964.827960399910808 ], [ 373686.025552705395967, 6876965.390232141129673 ], [ 373686.342908053600695, 6876935.531750067137182 ], [ 373659.897636721027084, 6876935.250641878694296 ], [ 373660.215061339607928, 6876905.392156927846372 ], [ 373633.769854930287693, 6876905.110988103784621 ], [ 373634.404845504381228, 6876845.394011341035366 ], [ 373607.959770495886914, 6876845.112780123949051 ], [ 373608.277336453087628, 6876815.25428830832243 ], [ 373581.832326367206406, 6876814.972996453754604 ], [ 373582.149961598915979, 6876785.114501763135195 ], [ 373555.705016437801532, 6876784.833149271085858 ], [ 373555.069615809421521, 6876844.550141052342951 ], [ 373581.514693930395879, 6876844.831490026786923 ], [ 373581.197064288484398, 6876874.689982484094799 ], [ 373448.971325710997917, 6876873.282657600939274 ], [ 373449.289287748571951, 6876843.424156352877617 ], [ 373396.3991143698222, 6876842.860810726881027 ], [ 373396.717212164774537, 6876813.002304840832949 ], [ 373370.272189616982359, 6876812.720541948452592 ], [ 373370.590356691391207, 6876782.862033182755113 ], [ 373317.700439878390171, 6876782.298327234573662 ], [ 373318.01874271442648, 6876752.439813832752407 ], [ 373344.463635420310311, 6876752.72169800940901 ], [ 373344.781874575477559, 6876722.863185249269009 ], [ 373371.226699238992296, 6876723.145012304186821 ], [ 373371.544874712009914, 6876693.286500189453363 ], [ 373397.989631334610749, 6876693.568270121701062 ], [ 373398.307743124605622, 6876663.709758647717535 ], [ 373424.752431706176139, 6876663.991471461951733 ], [ 373425.070479811693076, 6876634.132960630580783 ], [ 373451.515100350312423, 6876634.414616322144866 ], [ 373451.833084770129062, 6876604.556106133386493 ], [ 373478.27763726800913, 6876604.837704700417817 ], [ 373478.595558001194149, 6876574.979195152409375 ], [ 373505.040042456181254, 6876575.260736594907939 ], [ 373505.675759343605023, 6876515.543717664666474 ], [ 373558.564457640401088, 6876516.106630937196314 ], [ 373558.24673076957697, 6876545.965137446299195 ], [ 373611.135555810527876, 6876546.527811668813229 ], [ 373610.817964704881888, 6876576.386313541792333 ], [ 373690.151390050596092, 6876577.229877985082567 ], [ 373689.83400119189173, 6876607.0883734729141 ], [ 373742.723076614376623, 6876607.650451842695475 ], [ 373742.405823515495285, 6876637.508942700922489 ], [ 373821.739624441426713, 6876638.351613374426961 ], [ 373821.422573582676705, 6876668.210097851231694 ], [ 373953.645876472699456, 6876669.61336257122457 ], [ 373953.329160814988427, 6876699.471837164834142 ], [ 374111.997471963288262, 6876701.153801236301661 ], [ 374111.681157981627621, 6876731.012264204211533 ], [ 374243.905040382116567, 6876732.412272959947586 ], [ 374243.589061587699689, 6876762.270726062357426 ], [ 374375.813237680587918, 6876763.66925407294184 ], [ 374375.49759406701196, 6876793.52769732195884 ], [ 374534.166953213803936, 6876795.203977425582707 ], [ 374533.851711253810208, 6876825.062409082427621 ], [ 374666.076467117294669, 6876826.457681270316243 ], [ 374665.76156032452127, 6876856.316103088669479 ], [ 374745.096594756178092, 6876857.15255462937057 ], [ 374745.41130211338168, 6876827.294138036668301 ], [ 374771.856244026799686, 6876827.572839199565351 ], [ 374824.746123227698263, 6876828.130064891651273 ], [ 374825.060633916873485, 6876798.27165240328759 ], [ 374851.50550472602481, 6876798.550178671255708 ], [ 374851.819951703073457, 6876768.691766803152859 ], [ 374878.264754491625354, 6876768.970235931687057 ], [ 374878.893523785227444, 6876709.253412319347262 ], [ 374905.33819207228953, 6876709.531826048158109 ], [ 374905.652514386980329, 6876679.673414302058518 ], [ 374932.097114652628079, 6876679.951770887710154 ], [ 374932.411373251117766, 6876650.09335976280272 ], [ 374958.855905495525803, 6876650.371659208089113 ], [ 374959.484298022289295, 6876590.65483707562089 ], [ 374985.928695760376286, 6876590.933081115595996 ], [ 374986.242829686787445, 6876561.074670110829175 ], [ 375012.687159402819816, 6876561.352857007645071 ], [ 375013.315302578383125, 6876501.636035115458071 ], [ 375039.759497786813881, 6876501.914166603237391 ], [ 375040.073507034103386, 6876472.055755716748536 ], [ 375066.5176342187915, 6876472.333830060437322 ], [ 375066.831579743011389, 6876442.475419787690043 ], [ 375093.275638904306106, 6876442.753436987288296 ], [ 375093.903405265475158, 6876383.036616561003029 ], [ 375120.347329914511647, 6876383.314578346908092 ], [ 375120.661150749714579, 6876353.456168192438781 ], [ 375147.105007374484558, 6876353.734072829596698 ], [ 375147.41876448248513, 6876323.875663290731609 ], [ 375173.862553082697559, 6876324.153510781936347 ], [ 375174.489942601823714, 6876264.4366918168962 ], [ 375200.933596686227247, 6876264.714483890682459 ], [ 375201.247229095373768, 6876234.856074465438724 ], [ 375227.690815154928714, 6876235.133809386752546 ], [ 375228.317955269478261, 6876175.416990648023784 ], [ 375254.761406811187044, 6876175.694670151919127 ], [ 375255.074914514727425, 6876145.8362608384341 ], [ 375281.518298028677236, 6876146.113883188925683 ], [ 375282.145188724680338, 6876086.397064669057727 ], [ 375308.588437720085494, 6876086.674631601199508 ], [ 375308.901820710801985, 6876056.816222394816577 ], [ 375335.345001676992979, 6876057.093732172623277 ], [ 375335.658320930611808, 6876027.235323579981923 ], [ 375362.101433869684115, 6876027.512776204384863 ], [ 375362.727947656298056, 6875967.795959123410285 ], [ 375389.170926071412396, 6875968.073356322944164 ], [ 375389.484120602486655, 6875938.214947834610939 ], [ 375415.927030987804756, 6875938.492287876084447 ], [ 375416.240161777823232, 6875908.633880002424121 ], [ 375442.6830041349167, 6875908.911162885837257 ], [ 375443.309140984085388, 6875849.194347240030766 ], [ 375469.751848813786637, 6875849.471574695780873 ], [ 375470.064854871423449, 6875819.613166923634708 ], [ 375496.507494670571759, 6875819.890337220393121 ], [ 375496.820436983078253, 6875790.031930060125887 ], [ 375523.263008751790039, 6875790.309043195098639 ], [ 375523.888768635981251, 6875730.592228975147009 ], [ 375550.331205873691943, 6875730.869286678731441 ], [ 375550.644023443921469, 6875701.010879619047046 ], [ 375577.086392651312053, 6875701.287880159914494 ], [ 375577.711903043789789, 6875641.57106614112854 ], [ 375604.154137717792764, 6875641.848011247813702 ], [ 375604.779526109516155, 6875582.131196206435561 ], [ 375631.221626248618122, 6875582.408085876144469 ], [ 375631.846892634697724, 6875522.691269813105464 ], [ 375658.288858237094246, 6875522.96810404676944 ], [ 375658.914002612873446, 6875463.251286959275603 ], [ 375685.355833676818293, 6875463.528065755032003 ], [ 375687.855989081377629, 6875224.660766425542533 ], [ 375661.414690074801911, 6875224.383973811753094 ], [ 375662.352493230311666, 6875134.808712901547551 ], [ 375635.911392225010786, 6875134.531856205314398 ], [ 375636.84941965690814, 6875044.956580031663179 ], [ 375610.408516658004373, 6875044.679659252054989 ], [ 375609.783029262383934, 6875104.396514609456062 ], [ 375556.900952622294426, 6875103.842503263615072 ], [ 375557.213827969622798, 6875073.984072687104344 ], [ 375504.331878230907023, 6875073.429822283796966 ], [ 375504.644889355113264, 6875043.571387129835784 ], [ 375478.203978700796142, 6875043.294171847403049 ], [ 375478.51705909089651, 6875013.435733842663467 ], [ 375452.076213418215048, 6875013.158457931131124 ], [ 375452.389363075315487, 6874983.300017078407109 ], [ 375425.948582383687608, 6874983.022680535912514 ], [ 375426.888247422000859, 6874893.447346062399447 ], [ 375400.447664744919166, 6874893.169945424422622 ], [ 375402.014160812424961, 6874743.877690250985324 ], [ 375375.573909190075938, 6874743.600222056731582 ], [ 375376.514039446599782, 6874654.024850321933627 ], [ 375350.073985850787722, 6874653.747318027541041 ], [ 375350.387434634496458, 6874623.888856813311577 ], [ 375376.827421709313057, 6874624.166390836238861 ], [ 375377.140806726994924, 6874594.307930230163038 ], [ 375403.580725746287499, 6874594.585407081991434 ], [ 375403.894046997011174, 6874564.726947087794542 ], [ 375377.454194500111043, 6874564.44946850836277 ], [ 375377.767585028195754, 6874534.5910056643188 ], [ 375351.327797520672902, 6874534.313466445542872 ], [ 375351.64125732757384, 6874504.455000749789178 ], [ 375298.761810760886874, 6874503.899742130190134 ], [ 375299.075406371906865, 6874474.041271852329373 ], [ 375193.316760927205905, 6874472.93004079721868 ], [ 375193.630625394522212, 6874443.07156246714294 ], [ 375167.191026720625814, 6874442.793605700135231 ], [ 375167.504960472520906, 6874412.935124517418444 ], [ 375141.065426789107732, 6874412.657107109203935 ], [ 375141.379429826978594, 6874382.798623071052134 ], [ 375088.500490905076731, 6874382.242408062331378 ], [ 375088.186354814912193, 6874412.100895566865802 ], [ 375061.746816523314919, 6874411.822701432742178 ], [ 375061.432616669218987, 6874441.681189555674791 ], [ 375034.993010315403808, 6874441.40293825045228 ], [ 375035.307276695210021, 6874411.544448393397033 ], [ 374876.670005436928477, 6874409.873693067580462 ], [ 374876.984673737024423, 6874380.015191667713225 ], [ 374824.105704061978031, 6874379.457798481918871 ], [ 374824.420508182374761, 6874349.599292488768697 ], [ 374771.541665402997751, 6874349.041660189628601 ], [ 374771.856605345907155, 6874319.18314959667623 ], [ 374745.41724817379145, 6874318.904243342578411 ], [ 374745.732257413503248, 6874289.045729892328382 ], [ 374719.292965229018591, 6874288.766762988641858 ], [ 374719.608043766813353, 6874258.908246679231524 ], [ 374693.168816569726914, 6874258.629219125956297 ], [ 374693.483964406710584, 6874228.770699954591691 ], [ 374667.044802199176047, 6874228.491611750796437 ], [ 374667.360019336570986, 6874198.633089722134173 ], [ 374640.920922117016744, 6874198.353940865024924 ], [ 374641.236208555987105, 6874168.495415976271033 ], [ 374588.358142553013749, 6874167.936938047409058 ], [ 374588.673564825905487, 6874138.07840855512768 ], [ 374482.917680433893111, 6874136.960738787427545 ], [ 374483.233371607318986, 6874107.102201205678284 ], [ 374430.355553215194959, 6874106.543009360320866 ], [ 374430.671380228828639, 6874076.684467172250152 ], [ 374324.915991042274982, 6874075.565369554795325 ], [ 374325.232086965173949, 6874045.706819269806147 ], [ 374298.79330233822111, 6874045.426895836368203 ], [ 374299.109467573522124, 6874015.568342687562108 ], [ 374246.232026751327794, 6874015.008315589278936 ], [ 374246.548327834811062, 6873985.149757827632129 ], [ 374220.10967163782334, 6873984.869654161855578 ], [ 374220.426042036502622, 6873955.011093536391854 ], [ 374167.548858073889278, 6873954.45070596691221 ], [ 374167.865364324999973, 6873924.592140726745129 ], [ 374114.988307245192118, 6873924.031514002010226 ], [ 374115.304949351004325, 6873894.17294414807111 ], [ 374062.428019150916953, 6873893.61207826808095 ], [ 374061.79447157762479, 6873953.329223851673305 ], [ 374035.355871082516387, 6873953.048706036061049 ], [ 374035.039034936984535, 6873982.907278900966048 ], [ 374008.600366357597522, 6873982.626703919842839 ], [ 374008.283466462104116, 6874012.485277415253222 ], [ 373955.405991585401352, 6874011.923954210244119 ], [ 373955.723024550592527, 6873982.065377215854824 ], [ 373770.652279384201393, 6873980.098877946846187 ], [ 373770.334780674427748, 6874009.957467204891145 ], [ 373743.896030051924754, 6874009.676304832100868 ], [ 373743.578467598417774, 6874039.5348947243765 ], [ 373479.190210579487029, 6874036.720048269256949 ], [ 373479.508438379096333, 6874006.861440825276077 ], [ 373373.753358164627571, 6874005.733845620416105 ], [ 373373.434864225797355, 6874035.592460094019771 ], [ 373346.996023744519334, 6874035.310415766201913 ], [ 373347.314584218023811, 6874005.451799530535936 ], [ 373215.120691119576804, 6874004.040685372427106 ], [ 373215.439587070897687, 6873974.182059218175709 ], [ 373189.00087031070143, 6873973.899657882750034 ], [ 373189.319835601083469, 6873944.041028851643205 ], [ 373136.442530474683736, 6873943.476045909337699 ], [ 373136.761631642293651, 6873913.617412238381803 ], [ 373110.32304327597376, 6873913.33483063057065 ], [ 373110.961387100978754, 6873853.617556408978999 ], [ 373084.522930249921046, 6873853.334912361577153 ], [ 373085.161418373812921, 6873793.617630143649876 ], [ 373058.723093039996456, 6873793.334923654794693 ], [ 373059.361725467897486, 6873733.617633441463113 ], [ 373032.923531654116232, 6873733.334864509291947 ], [ 373033.242918618605472, 6873703.476215962320566 ], [ 373006.804789783374872, 6873703.193386347964406 ], [ 373006.485336277575698, 6873733.05203665792942 ], [ 372980.047139340371359, 6873732.769149890169501 ], [ 372979.72762210201472, 6873762.62780084554106 ], [ 372847.536281279521063, 6873761.212492054328322 ], [ 372847.216434149479028, 6873791.071150716394186 ], [ 372794.339753798325546, 6873790.504618304781616 ], [ 372794.019776400411502, 6873820.36327938362956 ], [ 372741.142956712981686, 6873819.796514838002622 ], [ 372740.822849049523938, 6873849.655178328976035 ], [ 372714.384370320709422, 6873849.371709447354078 ], [ 372715.344901370583102, 6873759.795710314065218 ], [ 372688.906620694091544, 6873759.512177210301161 ], [ 372689.547121879819315, 6873699.794835330918431 ], [ 372663.108972721500322, 6873699.511239773593843 ], [ 372663.429294078203384, 6873669.652565388940275 ], [ 372636.991209895524662, 6873669.368909144774079 ], [ 372637.311600610089954, 6873639.510231874883175 ], [ 372610.873581403400749, 6873639.22651494294405 ], [ 372611.514504366787151, 6873579.509153512306511 ], [ 372558.638727429381106, 6873578.941535812802613 ], [ 372558.959326224518009, 6873549.082849882543087 ], [ 372532.521501950104721, 6873548.798950881697237 ], [ 372532.842170107702259, 6873518.940262065269053 ], [ 372506.404410811781418, 6873518.656302373856306 ], [ 372506.72514833312016, 6873488.797610669396818 ], [ 372480.287454014120158, 6873488.513590285554528 ], [ 372481.24988313060021, 6873398.937503156252205 ], [ 372507.687377809314057, 6873399.221528851427138 ], [ 372509.611912865075283, 6873220.069335046224296 ], [ 372483.174817483173683, 6873219.7852987293154 ], [ 372483.495649742602836, 6873189.926594078540802 ], [ 372377.7475187460077, 6873188.789852481335402 ], [ 372378.068620033212937, 6873158.931139632128179 ], [ 372404.505588582076598, 6873159.21541518997401 ], [ 372404.826626137888525, 6873129.35670299269259 ], [ 372378.389724141801707, 6873129.072425662539899 ], [ 372379.031940823711921, 6873069.354994373396039 ], [ 372352.595170365006197, 6873069.070654572919011 ], [ 372352.916349492792506, 6873039.211935481056571 ], [ 372326.479644020204432, 6873038.927534979768097 ], [ 372327.122143852815498, 6872979.210089899599552 ], [ 372300.685569921915885, 6872978.925626926124096 ], [ 372301.328214158595074, 6872919.208173830993474 ], [ 372274.891771771304775, 6872918.923648385331035 ], [ 372276.498764563002624, 6872769.629987227730453 ], [ 372302.934874156722799, 6872769.914521541446447 ], [ 372303.256214625784196, 6872740.055787730030715 ], [ 372276.820171592698898, 6872739.771251644939184 ], [ 372277.141581446223427, 6872709.912514944560826 ], [ 372065.653713132778648, 6872707.634090565145016 ], [ 372065.975658304116223, 6872677.775338552892208 ], [ 371960.231952669797465, 6872676.634704899974167 ], [ 371959.909741250681691, 6872706.493464018218219 ], [ 371748.421721934573725, 6872704.209382209926844 ], [ 371748.098980854498222, 6872734.068154443055391 ], [ 371721.662904789496679, 6872733.782380804419518 ], [ 371721.985712431196589, 6872703.923606790602207 ], [ 371642.677674458886031, 6872703.065926943905652 ], [ 371643.000684623490088, 6872673.207146468572319 ], [ 371616.56473537319107, 6872672.921133543364704 ], [ 371616.88781493838178, 6872643.062350169755518 ], [ 371590.451930674375035, 6872642.776276526972651 ], [ 371590.775079641724005, 6872612.917490255087614 ], [ 371564.339260361797642, 6872612.63135589659214 ], [ 371564.662478732003365, 6872582.772566727362573 ], [ 371538.226724438602105, 6872582.486371653154492 ], [ 371538.873302827589214, 6872522.768786395899951 ], [ 371512.437680086179171, 6872522.482528821565211 ], [ 371513.084402967884671, 6872462.764935532584786 ], [ 371486.648911778698675, 6872462.478615457192063 ], [ 371486.972344047797378, 6872432.61981535423547 ], [ 371460.536917847115546, 6872432.33343455940485 ], [ 371461.183924044773448, 6872372.615827432833612 ], [ 371434.748629400797654, 6872372.329384136945009 ], [ 371435.072203331277706, 6872342.470577115193009 ], [ 371461.507431406411342, 6872342.757022198289633 ], [ 371463.125010841176845, 6872193.462979260832071 ], [ 371489.559904483729042, 6872193.749374324455857 ], [ 371490.206823004700709, 6872134.031752901151776 ], [ 371516.641581923409831, 6872134.318092593923211 ], [ 371516.964978872216307, 6872104.459281991235912 ], [ 371543.399669637612533, 6872104.745564526878297 ], [ 371543.723002852697391, 6872074.886754590086639 ], [ 371570.157625466526952, 6872075.17297997046262 ], [ 371570.480894947017077, 6872045.314170697703958 ], [ 371596.915449408697896, 6872045.600338919088244 ], [ 371599.501174852484837, 6871806.729838794097304 ], [ 371625.935195117606781, 6871807.015962330624461 ], [ 371626.581521706015337, 6871747.298329693265259 ], [ 371653.01540723501239, 6871747.584397847764194 ], [ 371653.338508205488324, 6871717.725581634789705 ], [ 371626.904689257498831, 6871717.439511697739363 ], [ 371628.19738784461515, 6871598.00422855373472 ], [ 371601.763833650795277, 6871597.718092547729611 ], [ 371602.087081976875197, 6871567.859267187304795 ], [ 371549.220102023624349, 6871567.28681477624923 ], [ 371549.543486357491929, 6871537.427984734997153 ], [ 371496.676633263006806, 6871536.855292974039912 ], [ 371497.000153607223183, 6871506.996458251960576 ], [ 371444.133427369699348, 6871506.423527140170336 ], [ 371444.457083726592828, 6871476.564687732607126 ], [ 371312.290573424019385, 6871475.131319462321699 ], [ 371311.966584137291647, 6871504.99016779102385 ], [ 371285.533210749388672, 6871504.703319081105292 ], [ 371285.209157722420059, 6871534.56216807756573 ], [ 371258.775716168689542, 6871534.275262206792831 ], [ 371258.451599402527791, 6871564.134111873805523 ], [ 371152.717551031324547, 6871562.985906073823571 ], [ 371152.393170773983002, 6871592.844761773012578 ], [ 371099.526003924198449, 6871592.270308771170676 ], [ 371099.201493347703945, 6871622.12916692905128 ], [ 371072.767840965127107, 6871621.841853798367083 ], [ 371072.443266655085608, 6871651.700712628662586 ], [ 371019.575823970371857, 6871651.125913107767701 ], [ 371020.549954954884015, 6871561.549322530627251 ], [ 370994.116430988127831, 6871561.261828983202577 ], [ 370994.441213604586665, 6871531.402961432933807 ], [ 370968.007754637801554, 6871531.115407150238752 ], [ 370968.332606692099944, 6871501.256536695174873 ], [ 370941.899212727381382, 6871500.968921671621501 ], [ 370942.224134220916312, 6871471.110048310831189 ], [ 370915.790805256692693, 6871470.822372552007437 ], [ 370916.115796190395486, 6871440.963496282696724 ], [ 370889.682532227016054, 6871440.6757597848773 ], [ 370890.007592602283694, 6871410.816880607977509 ], [ 370863.574393642076757, 6871410.529083370231092 ], [ 370863.899523459898774, 6871380.670201285742223 ], [ 370837.466389500594232, 6871380.382343309000134 ], [ 370837.791588762192987, 6871350.523458315990865 ], [ 370626.326992666407023, 6871348.218457990325987 ], [ 370626.001260693301447, 6871378.077357329428196 ], [ 370599.56811244529672, 6871377.788968811742961 ], [ 370599.893911007500719, 6871347.930067677050829 ], [ 370573.460827759176027, 6871347.64161841571331 ], [ 370573.786695772025269, 6871317.782714368775487 ], [ 370494.487636257486884, 6871316.917007499374449 ], [ 370494.813706902728882, 6871287.058096948079765 ], [ 370468.380750474112574, 6871286.769408294931054 ], [ 370468.706890573317651, 6871256.910494830459356 ], [ 370442.273999145487323, 6871256.621745429933071 ], [ 370442.60020870011067, 6871226.762829054147005 ], [ 370416.167382271378301, 6871226.474018905311823 ], [ 370416.493661282525863, 6871196.615099615417421 ], [ 370390.060899855277967, 6871196.326228718273342 ], [ 370390.387248323997483, 6871166.467306514270604 ], [ 370363.954551897826605, 6871166.17837486602366 ], [ 370364.280969825398643, 6871136.319449748843908 ], [ 370337.848338400479406, 6871136.030457352288067 ], [ 370338.174825788126327, 6871106.171529319137335 ], [ 370311.742259364400525, 6871105.882476170547307 ], [ 370312.068816213286482, 6871076.023545222356915 ], [ 370285.636314792674966, 6871075.734431322664022 ], [ 370285.962941104080528, 6871045.875497460365295 ], [ 370259.530504685186315, 6871045.58632280677557 ], [ 370260.183899103605654, 6870985.868448136374354 ], [ 370233.751594283094164, 6870985.579210929572582 ], [ 370234.078362391912378, 6870955.720270119607449 ], [ 370154.78163816180313, 6870954.852199376560748 ], [ 370154.454670261824504, 6870984.711145589128137 ], [ 370101.590046274824999, 6870984.132140589877963 ], [ 370101.91714736900758, 6870954.273190775886178 ], [ 370049.052650196885224, 6870953.693946355953813 ], [ 370049.37988735869294, 6870923.834991822019219 ], [ 369996.515516998595558, 6870923.255507976748049 ], [ 369996.842890230182093, 6870893.396548721939325 ], [ 369970.410769253619947, 6870893.10671656485647 ], [ 369970.738211958610918, 6870863.247754389420152 ], [ 369944.306155985104851, 6870862.957861471921206 ], [ 369944.633668164315168, 6870833.098896375857294 ], [ 369891.769684625207447, 6870832.518930066376925 ], [ 369892.097332880424801, 6870802.659960246644914 ], [ 369812.801545390102547, 6870801.789563193917274 ], [ 369813.12939632468624, 6870771.930586844682693 ], [ 369760.265663207625039, 6870771.350023747421801 ], [ 369760.593650223512668, 6870741.491042669862509 ], [ 369734.161847868002951, 6870741.200670879334211 ], [ 369733.505743512883782, 6870800.918635531328619 ], [ 369707.073806355183478, 6870800.628208397887647 ], [ 369706.745691897114739, 6870830.487190858460963 ], [ 369680.313686539127957, 6870830.1967065744102 ], [ 369680.641867597587407, 6870800.337722305208445 ], [ 369654.209927240503021, 6870800.047177257016301 ], [ 369654.53817778127268, 6870770.188190066255629 ], [ 369601.674425465927925, 6870769.606919484212995 ], [ 369602.002812091785017, 6870739.747927562333643 ], [ 369575.571000134805217, 6870739.457202024757862 ], [ 369575.242546906927601, 6870769.316195756196976 ], [ 369548.810666746518109, 6870769.025413070805371 ], [ 369548.482149800925981, 6870798.884407497942448 ], [ 369442.754346732574049, 6870797.720694428309798 ], [ 369443.083130083221477, 6870767.861692762002349 ], [ 369416.651241911400575, 6870767.570615290664136 ], [ 369416.980094750586431, 6870737.71161069907248 ], [ 369390.548271576699335, 6870737.420472459867597 ], [ 369390.877193905296735, 6870707.561464939266443 ], [ 369364.44543572969269, 6870707.270265931263566 ], [ 369364.774427549215034, 6870677.411255484446883 ], [ 369338.34273437410593, 6870677.119995705783367 ], [ 369338.67179568548454, 6870647.260982329957187 ], [ 369312.240167509182356, 6870646.969661780633032 ], [ 369312.569298313814215, 6870617.110645480453968 ], [ 369286.137735137308482, 6870616.819264157675207 ], [ 369286.796138625126332, 6870557.101224586367607 ], [ 369260.364707054395694, 6870556.809780678711832 ], [ 369260.693979739327915, 6870526.950757406651974 ], [ 369287.125344703788869, 6870527.242203129455447 ], [ 369287.454553672519978, 6870497.38318055588752 ], [ 369313.885850425402168, 6870497.674569128081203 ], [ 369314.214995676476974, 6870467.815547252073884 ], [ 369367.077451154182199, 6870468.398151140660048 ], [ 369369.051584024098702, 6870289.244018215686083 ], [ 369395.482409702322911, 6870289.535242589190602 ], [ 369396.469315290800296, 6870199.958166506141424 ], [ 369370.038689448381774, 6870199.66693670116365 ], [ 369370.367730366007891, 6870169.807907298207283 ], [ 369343.937169534387067, 6870169.516616717912257 ], [ 369344.924509458476678, 6870079.939516386017203 ], [ 369371.354870447015855, 6870080.230812402442098 ], [ 369371.683922916825395, 6870050.371778539381921 ], [ 369345.253628543694504, 6870050.080480710603297 ], [ 369345.58275051752571, 6870020.221443922258914 ], [ 369372.012978274608031, 6870020.512743563391268 ], [ 369372.671097654092591, 6869960.794670262373984 ], [ 369346.241003131028265, 6869960.503366999328136 ], [ 369346.570133770583197, 6869930.644326862879097 ], [ 369373.000161676027346, 6869930.935631938278675 ], [ 369374.316446643497329, 6869811.499467493966222 ], [ 369347.886685215111356, 6869811.208155173808336 ], [ 369348.544978268677369, 6869751.490062639117241 ], [ 369322.115348478313535, 6869751.198687724769115 ], [ 369322.444565959915053, 6869721.339637973345816 ], [ 369296.015001187624875, 6869721.048202278092504 ], [ 369296.344288180815056, 6869691.189149597659707 ], [ 369269.914788427180611, 6869690.897653120569885 ], [ 369270.573504329600837, 6869631.179540791548789 ], [ 369244.144136217713822, 6869630.887981718406081 ], [ 369244.473565128690097, 6869601.028922068886459 ], [ 369218.044262037903536, 6869600.737302211113274 ], [ 369218.70326178270625, 6869541.019175938330591 ], [ 369192.274090336926747, 6869540.727493481710553 ], [ 369193.262811520020477, 6869451.15029027312994 ], [ 369166.833838348684367, 6869450.858543403446674 ], [ 369167.163484488381073, 6869420.99947162065655 ], [ 369140.734576340590138, 6869420.707663963548839 ], [ 369141.064292001421563, 6869390.848589253611863 ], [ 369114.635448875313159, 6869390.556720808148384 ], [ 369114.965234058385249, 6869360.69764316920191 ], [ 369088.536455955996644, 6869360.405713934451342 ], [ 369088.866310662473552, 6869330.546633363701403 ], [ 369062.437597584328614, 6869330.254643339663744 ], [ 369062.767521815374494, 6869300.395559840835631 ], [ 369036.338873759610578, 6869300.103509025648236 ], [ 369036.668867516622413, 6869270.244422595947981 ], [ 369010.240284486324526, 6869269.952310988679528 ], [ 369010.570347770291846, 6869240.093221629038453 ], [ 368984.141829763015267, 6869239.801049229688942 ], [ 368985.132236889621709, 6869150.223769012838602 ], [ 368958.703917173785158, 6869149.931532189249992 ], [ 368958.373711934895255, 6869179.790628526359797 ], [ 368931.94532397860894, 6869179.498334540054202 ], [ 368931.615055004192982, 6869209.35743158031255 ], [ 368905.186598805477843, 6869209.065080432221293 ], [ 368904.85626609652536, 6869238.924178174696863 ], [ 368878.427741657826118, 6869238.631769868545234 ], [ 368878.758140999183524, 6869208.772670310921967 ], [ 368825.901220559608191, 6869208.187673133797944 ], [ 368826.231756065797526, 6869178.328568826429546 ], [ 368799.803360065619927, 6869178.035979953594506 ], [ 368800.133965105400421, 6869148.176872711628675 ], [ 368773.705634127894882, 6869147.884223042055964 ], [ 368774.036308702488896, 6869118.025112867355347 ], [ 368747.608042749576271, 6869117.732402401044965 ], [ 368747.938786860380787, 6869087.873289291746914 ], [ 368536.513134317705408, 6869085.529467789456248 ], [ 368536.844414414081257, 6869055.670338997617364 ], [ 368457.559968013491016, 6869054.790427317842841 ], [ 368457.891450925089885, 6869024.931291943415999 ], [ 368431.463365533971228, 6869024.637868268415332 ], [ 368431.794917990628164, 6868994.778729955665767 ], [ 368378.938875638705213, 6868994.191702020354569 ], [ 368379.270564279227983, 6868964.332558944821358 ], [ 368326.414648744394071, 6868963.745291439816356 ], [ 368326.746473571227398, 6868933.88614360243082 ], [ 368273.890684850572143, 6868933.298636522144079 ], [ 368274.222645865986124, 6868903.43948391918093 ], [ 368247.794815720117185, 6868903.145640082657337 ], [ 368247.462788065779023, 6868933.004794513806701 ], [ 368221.034889665897936, 6868932.710893522948027 ], [ 368220.370709820184857, 6868992.429202690720558 ], [ 368246.798741495877039, 6868992.723100029863417 ], [ 368246.466722580371425, 6869022.582251116633415 ], [ 368220.038624267501291, 6869022.288355604745448 ], [ 368217.049985402496532, 6869291.02068168669939 ], [ 368190.621285764616914, 6869290.72674363758415 ], [ 368189.957042581692804, 6869350.445029720664024 ], [ 368163.528208063798957, 6869350.151036350056529 ], [ 368162.531665257178247, 6869439.728462602011859 ], [ 368136.102629234199412, 6869439.434415739029646 ], [ 368135.770387499826029, 6869469.293557422235608 ], [ 368082.912177340593189, 6869468.705290430225432 ], [ 368082.579805265821051, 6869498.564434656873345 ], [ 368029.72145537630422, 6869497.975935424678028 ], [ 368029.388952963519841, 6869527.835082194767892 ], [ 367976.530463341274299, 6869527.246350728906691 ], [ 367976.19783059268957, 6869557.105500046163797 ], [ 367949.768516724696383, 6869556.811047681607306 ], [ 367949.435820268699899, 6869586.670197715051472 ], [ 367923.006438154727221, 6869586.375688210129738 ], [ 367922.673677992483135, 6869616.234838961623609 ], [ 367896.244227630610112, 6869615.940272315405309 ], [ 367895.911403763224371, 6869645.799423782154918 ], [ 367843.052364926727023, 6869645.210117233917117 ], [ 367842.71941073081689, 6869675.069271251559258 ], [ 367789.860232157516293, 6869674.479732478968799 ], [ 367789.527147635410074, 6869704.338889049366117 ], [ 367763.097489290987141, 6869704.044033036567271 ], [ 367762.764341068395879, 6869733.903190326876938 ], [ 367736.334614477586001, 6869733.608277178369462 ], [ 367736.001402555615641, 6869763.467435185797513 ], [ 367683.141811257984955, 6869762.877435643225908 ], [ 367683.475156426022295, 6869733.018273965455592 ], [ 367551.326482873409986, 6869731.542233932763338 ], [ 367551.66016408521682, 6869701.683061962947249 ], [ 367445.941462481219787, 6869700.501161101274192 ], [ 367445.607514774310403, 6869730.360340420156717 ], [ 367339.888520646316465, 6869729.177503362298012 ], [ 367340.222734848910477, 6869699.31831669062376 ], [ 367313.793048871506471, 6869699.02245815563947 ], [ 367314.127332631614991, 6869669.163268531672657 ], [ 367287.697711649700068, 6869668.867349185980856 ], [ 367288.366421221406199, 6869609.14896291680634 ], [ 367261.936931863019709, 6869608.852980920113623 ], [ 367262.271357676421758, 6869578.993784273043275 ], [ 367235.84193331428105, 6869578.697741461917758 ], [ 367236.176428689388558, 6869548.838541864417493 ], [ 367209.747069325472694, 6869548.542438237927854 ], [ 367210.081634263391607, 6869518.683235684409738 ], [ 367157.223043902311474, 6869518.090847825631499 ], [ 367157.557745032419916, 6869488.231640477664769 ], [ 367131.128514035022818, 6869487.935356247238815 ], [ 367130.793746276583988, 6869517.794565438292921 ], [ 367104.364447020285297, 6869517.498224072158337 ], [ 367104.699281406996306, 6869487.639013038948178 ], [ 367025.411573737219442, 6869486.749629568308592 ], [ 367025.076539465400856, 6869516.608846129849553 ], [ 366998.647233684023377, 6869516.3122688671574 ], [ 366997.977040705271065, 6869576.030702337622643 ], [ 366971.547600036603399, 6869575.734069788828492 ], [ 366971.212441331415903, 6869605.593286698684096 ], [ 366944.782932403497398, 6869605.296597019769251 ], [ 366944.447710013191681, 6869635.155814662575722 ], [ 366918.018132826313376, 6869634.85906785633415 ], [ 366915.671192096022423, 6869843.873573106713593 ], [ 366889.241146909072995, 6869843.576780244708061 ], [ 366888.905814809782896, 6869873.435992675833404 ], [ 366915.335926618077792, 6869873.732783691957593 ], [ 366914.665404489380307, 6869933.451201524585485 ], [ 366888.23515943979146, 6869933.154414200223982 ], [ 366887.899836169090122, 6869963.01362329069525 ], [ 366861.469522866012994, 6869962.716778840869665 ], [ 366860.798751915921457, 6870022.435197379440069 ], [ 366834.368303740106057, 6870022.138297651894391 ], [ 366834.032856062287465, 6870051.99750710092485 ], [ 366807.602339635195676, 6870051.700550251640379 ], [ 366807.26682828401681, 6870081.559760432690382 ], [ 366780.836243603785988, 6870081.262746464461088 ], [ 366780.500668580585625, 6870111.12195737939328 ], [ 366727.639361080306116, 6870110.527756234630942 ], [ 366727.303655769501347, 6870140.386969731189311 ], [ 366621.580754668684676, 6870139.197867224924266 ], [ 366621.244785840972327, 6870169.057087006978691 ], [ 366541.952392978128046, 6870168.164646523073316 ], [ 366541.616227252990939, 6870198.023870741948485 ], [ 366462.323619800212327, 6870197.130905111320317 ], [ 366462.659985371690709, 6870167.271675336174667 ], [ 366436.229179558111355, 6870166.973900339566171 ], [ 366436.565614698221907, 6870137.114667603746057 ], [ 366410.134873860515654, 6870136.816831788048148 ], [ 366410.471378570073284, 6870106.957596085034311 ], [ 366357.610025209723972, 6870106.361743845045567 ], [ 366357.946666107571218, 6870076.502503325231373 ], [ 366225.793587080319412, 6870075.011831517331302 ], [ 366225.4566130953026, 6870104.871081309393048 ], [ 366199.025925747409929, 6870104.572771897539496 ], [ 366198.688888102886267, 6870134.432022431865335 ], [ 366172.258132496208418, 6870134.133655906654894 ], [ 366171.921031193516683, 6870163.992907186970115 ], [ 366039.766895426728297, 6870162.500199338421226 ], [ 366040.104329811816569, 6870132.640938775613904 ], [ 365987.242797229788266, 6870132.043439149856567 ], [ 365986.567664956382941, 6870191.761966592632234 ], [ 365960.136762964772061, 6870191.46313204523176 ], [ 365960.474394236225635, 6870161.603867020457983 ], [ 365881.181878238508943, 6870160.707003995776176 ], [ 365880.844047118793242, 6870190.566274599172175 ], [ 365801.551316454890184, 6870189.668886447325349 ], [ 365801.213288453582209, 6870219.528161522001028 ], [ 365748.351326542906463, 6870218.929611639119685 ], [ 365748.689487775380258, 6870189.07033284381032 ], [ 365722.258570964680985, 6870188.770967590622604 ], [ 365721.920343116624281, 6870218.630248248577118 ], [ 365695.489358041377272, 6870218.330825892277062 ], [ 365694.812778021616396, 6870278.049387596547604 ], [ 365668.381658067228273, 6870277.749909996986389 ], [ 365668.043305897328537, 6870307.609191045165062 ], [ 365641.612117681303062, 6870307.30965634342283 ], [ 365639.920068319304846, 6870456.606054227799177 ], [ 365613.488545391126536, 6870456.306469878181815 ], [ 365612.811613219499122, 6870516.025024979375303 ], [ 365586.379955422075, 6870515.725385392084718 ], [ 365586.041427183605265, 6870545.584663142450154 ], [ 365559.609701125824358, 6870545.284966455772519 ], [ 365559.271109250315931, 6870575.144244957715273 ], [ 365532.839314932527486, 6870574.844491175375879 ], [ 365531.823357316490728, 6870664.422325603663921 ], [ 365505.391361525806133, 6870664.122518453747034 ], [ 365505.052648326498456, 6870693.981796241365373 ], [ 365425.75645122298738, 6870693.082026616670191 ], [ 365426.434280236600898, 6870633.363458735868335 ], [ 365400.002344444626942, 6870633.063413871452212 ], [ 365400.34133002202725, 6870603.204126397147775 ], [ 365347.477586696681101, 6870602.603856048546731 ], [ 365347.138467903307173, 6870632.463147257454693 ], [ 365320.70652715297183, 6870632.162925506941974 ], [ 365320.367344729311299, 6870662.022217473015189 ], [ 365293.935335718619172, 6870661.721938626840711 ], [ 365293.596089665777981, 6870691.581231350079179 ], [ 365267.164012392982841, 6870691.280895411968231 ], [ 365266.824702712125145, 6870721.14018889144063 ], [ 365213.960409992083441, 6870720.539343871176243 ], [ 365213.620970078685787, 6870750.398639976978302 ], [ 365160.756537527311593, 6870749.797562848776579 ], [ 365160.416967383527663, 6870779.656861587427557 ], [ 365133.984682019217871, 6870779.356236453168094 ], [ 365133.64504825201584, 6870809.215535948984325 ], [ 365107.212694627116434, 6870808.914853725582361 ], [ 365106.872997237485833, 6870838.774153981357813 ], [ 365080.440575351472944, 6870838.473414668813348 ], [ 365079.761056313000154, 6870898.192015592008829 ], [ 364974.030819375591818, 6870896.988483722321689 ], [ 364972.330741955724079, 6871046.285004041157663 ], [ 364945.89784557040548, 6871045.983983041718602 ], [ 364945.217702300811652, 6871105.702587140724063 ], [ 364998.083759810309857, 6871106.304562688805163 ], [ 364997.743825851182919, 6871136.16385932918638 ], [ 365024.176918717217632, 6871136.464756794273853 ], [ 365023.497192947892472, 6871196.183342994190753 ], [ 364997.063966887071729, 6871195.882449272088706 ], [ 364996.724041882087477, 6871225.741742579266429 ], [ 364970.2907475666143, 6871225.44079177454114 ], [ 364970.630739168205764, 6871195.581496595405042 ], [ 364944.197509790887125, 6871195.280484963208437 ], [ 364944.53757097502239, 6871165.42118680011481 ], [ 364891.671240438707173, 6871164.818982920609415 ], [ 364892.011437804321758, 6871134.959679897874594 ], [ 364812.712129348015878, 6871134.055926282890141 ], [ 364812.371732188679744, 6871163.915234930813313 ], [ 364733.072208995581605, 6871163.010956337675452 ], [ 364732.731615032826085, 6871192.870269501581788 ], [ 364706.298370716394857, 6871192.56872726790607 ], [ 364705.957713147392496, 6871222.42804120015353 ], [ 364653.091086333908606, 6871221.824783620424569 ], [ 364652.75029856339097, 6871251.684100195765495 ], [ 364626.316916067909915, 6871251.382384849712253 ], [ 364625.976064693881199, 6871281.241702194325626 ], [ 364599.542613938800059, 6871280.939929771237075 ], [ 364598.860786979785189, 6871340.658564884215593 ], [ 364572.427201372513082, 6871340.356737264432013 ], [ 364569.699480542971287, 6871579.231248339638114 ], [ 364543.265360536111984, 6871578.92937680054456 ], [ 364542.924342316808179, 6871608.788687569089234 ], [ 364516.490154055412859, 6871608.486758957616985 ], [ 364515.466917601181194, 6871698.064690243452787 ], [ 364541.901305627485272, 6871698.366613213904202 ], [ 364541.560299387201667, 6871728.225919543765485 ], [ 364488.691388497420121, 6871727.622018411755562 ], [ 364488.350252078904305, 6871757.481327390298247 ], [ 364435.48120135627687, 6871756.877194220200181 ], [ 364435.822470947983675, 6871727.017881480976939 ], [ 364250.781207052117679, 6871724.901545313186944 ], [ 364250.439471353194676, 6871754.760871229693294 ], [ 364118.26675704238005, 6871753.247443474829197 ], [ 364117.924691413121764, 6871783.106777705252171 ], [ 364091.49007695808541, 6871782.803917190991342 ], [ 364091.147947747085709, 6871812.663252199068666 ], [ 364038.278580655984115, 6871812.057358097285032 ], [ 364038.620843038777821, 6871782.198019317351282 ], [ 364012.186223573924508, 6871781.89498195797205 ], [ 364011.843894605292007, 6871811.754322623834014 ], [ 363985.409206883283332, 6871811.451228202320635 ], [ 363985.066814335819799, 6871841.310569643974304 ], [ 363958.63205835869303, 6871841.007418161258101 ], [ 363957.94714911619667, 6871900.72610149718821 ], [ 363931.512258297996596, 6871900.422894841060042 ], [ 363931.169741604709998, 6871930.282236732542515 ], [ 363904.734782531217206, 6871929.978973017074168 ], [ 363904.39220226299949, 6871959.838315688073635 ], [ 363877.957174934505019, 6871959.534994915127754 ], [ 363878.299821785709355, 6871929.675650355406106 ], [ 363851.864859367196914, 6871929.372268745675683 ], [ 363852.207575811713468, 6871899.512921188957989 ], [ 363799.337779125780798, 6871898.905977346934378 ], [ 363798.994929513719399, 6871928.76532868295908 ], [ 363772.559962076309603, 6871928.461770230904222 ], [ 363771.874138719926123, 6871988.180473359301686 ], [ 363745.439036444120575, 6871987.876859741285443 ], [ 363744.753091971389949, 6872047.595562214031816 ], [ 363718.317854856606573, 6872047.291893430054188 ], [ 363716.602713493804913, 6872196.588639659807086 ], [ 363690.167141806101426, 6872196.284921389073133 ], [ 363689.824055994627997, 6872226.14426920004189 ], [ 363610.517131147091277, 6872225.232766397297382 ], [ 363610.173848616599571, 6872255.092118778266013 ], [ 363583.738137071020901, 6872254.788168515078723 ], [ 363583.394790978985839, 6872284.647521677426994 ], [ 363556.959011180908419, 6872284.343514365144074 ], [ 363556.61560152831953, 6872314.202868311665952 ], [ 363503.743903748807497, 6872313.594680646434426 ], [ 363503.400363960885443, 6872343.454037272371352 ], [ 363424.092604983481579, 6872342.541319386102259 ], [ 363423.405135010601953, 6872402.260040683671832 ], [ 363396.969078845577314, 6872401.955687294714153 ], [ 363396.281487802800257, 6872461.674407949671149 ], [ 363422.717677115811966, 6872461.97875754814595 ], [ 363422.030231299286243, 6872521.697469975799322 ], [ 363316.284931388508994, 6872520.47973310854286 ], [ 363315.940946721704677, 6872550.339095247909427 ], [ 363289.5045509734191, 6872550.034515578299761 ], [ 363289.848602212325204, 6872520.175151540897787 ], [ 363263.412271356093697, 6872519.870511033572257 ], [ 363263.068153545085806, 6872549.729876967146993 ], [ 363130.886141190596391, 6872548.205799808725715 ], [ 363130.541693544597365, 6872578.065174128860235 ], [ 363104.105219456716441, 6872577.760183774866164 ], [ 363103.760708265705034, 6872607.61955888569355 ], [ 363050.887621901812963, 6872607.009405162185431 ], [ 363050.542980596306734, 6872636.868782964535058 ], [ 363024.106368319015019, 6872636.563619595021009 ], [ 363023.761663471523207, 6872666.42299819085747 ], [ 362997.324982940685004, 6872666.117777783423662 ], [ 362997.669754358299542, 6872636.258397284895182 ], [ 362918.359902372409124, 6872635.342376717366278 ], [ 362918.704876530973706, 6872605.482989406213164 ], [ 362839.395209094218444, 6872604.56643267441541 ], [ 362839.740385997400153, 6872574.707038542255759 ], [ 362813.303893385920674, 6872574.401399848982692 ], [ 362813.649139893706888, 6872544.542002705857158 ], [ 362787.212712168577127, 6872544.236303165555 ], [ 362786.867399088921957, 6872574.095702214166522 ], [ 362760.43090310448315, 6872573.78994563780725 ], [ 362760.085526486916933, 6872603.649345483630896 ], [ 362733.648962245613802, 6872603.343531872145832 ], [ 362733.303522091300692, 6872633.202932517044246 ], [ 362706.866889590804931, 6872632.89706187043339 ], [ 362706.521385901025496, 6872662.756463308818638 ], [ 362680.084685143490788, 6872662.450535631738603 ], [ 362679.739117919292767, 6872692.30993786919862 ], [ 362653.302348904893734, 6872692.003953158855438 ], [ 362653.647982698923443, 6872662.144549013115466 ], [ 362627.211278565227985, 6872661.838503456674516 ], [ 362627.55698196607409, 6872631.979096298106015 ], [ 362574.683701775385998, 6872631.366824552416801 ], [ 362574.337865233421326, 6872661.226235525682569 ], [ 362389.280865352775436, 6872659.081441167742014 ], [ 362389.627167888800614, 6872629.222016831859946 ], [ 362336.753857276518829, 6872628.608684167265892 ], [ 362336.407421599084046, 6872658.468112323433161 ], [ 362257.097243278520182, 6872657.547677010297775 ], [ 362256.75061093387194, 6872687.407109794206917 ], [ 362203.877017115824856, 6872686.793195377103984 ], [ 362203.530254677229095, 6872716.652630878612399 ], [ 362177.093388658191543, 6872716.345587174408138 ], [ 362177.440217666618992, 6872686.486149760894477 ], [ 362151.003416523395572, 6872686.179045205004513 ], [ 362150.656520945427474, 6872716.038484532386065 ], [ 362097.782780435984023, 6872715.424102428369224 ], [ 362097.088732147181872, 6872775.142985418438911 ], [ 362070.651726213283837, 6872774.835709785111248 ], [ 362070.304640074027702, 6872804.695151533931494 ], [ 361938.11925212549977, 6872803.157898876816034 ], [ 361937.771836197702214, 6872833.017349096015096 ], [ 361884.897536006115843, 6872832.402039299719036 ], [ 361884.549989996477962, 6872862.261492245830595 ], [ 361752.363876969495323, 6872860.722195935435593 ], [ 361752.01600118028, 6872890.581657364033163 ], [ 361699.141410943586379, 6872889.96553011611104 ], [ 361698.793405078700744, 6872919.824994279071689 ], [ 361593.043937938811723, 6872918.592040215618908 ], [ 361592.69566886901157, 6872948.451510953716934 ], [ 361486.945908245979808, 6872947.217621587216854 ], [ 361487.294443578924984, 6872917.35814315918833 ], [ 361460.857065733289346, 6872917.049521553330123 ], [ 361460.508463834703434, 6872946.909001902677119 ], [ 361434.071017720387317, 6872946.600323282182217 ], [ 361433.722352319397032, 6872976.459804451093078 ], [ 361407.284837936516851, 6872976.151068817824125 ], [ 361405.541224066575523, 6873125.448467682115734 ], [ 361379.103375162289012, 6873125.13968273345381 ], [ 361378.754595018923283, 6873154.999161112122238 ], [ 361352.316677848109975, 6873154.690319152548909 ], [ 361351.967834208218846, 6873184.549798348918557 ], [ 361325.529848773090634, 6873184.240899381227791 ], [ 361325.180941637721844, 6873214.100379397161305 ], [ 361298.742887936299667, 6873213.791423421353102 ], [ 361296.99806545348838, 6873363.088816529139876 ], [ 361217.682895731471945, 6873362.161623894236982 ], [ 361217.333740762725938, 6873392.021104976534843 ], [ 361164.456819303799421, 6873391.402685748413205 ], [ 361163.758252345083747, 6873451.12165230512619 ], [ 361137.319655941391829, 6873450.81235815025866 ], [ 361136.970310510718264, 6873480.671841696836054 ], [ 361110.531645845272578, 6873480.362490537576377 ], [ 361110.182236929482315, 6873510.22197490837425 ], [ 361083.743504000070971, 6873509.912566746585071 ], [ 361083.394031600502785, 6873539.772051939740777 ], [ 361004.077622901182622, 6873538.843479668721557 ], [ 361003.727953910827637, 6873568.702969543635845 ], [ 360897.972452168527525, 6873567.464055885560811 ], [ 360897.272590980981477, 6873627.183047764934599 ], [ 360870.833578163001221, 6873626.873175891116261 ], [ 360869.783609791425988, 6873716.451661207713187 ], [ 360896.222822265001014, 6873716.761527288705111 ], [ 360895.872905510186683, 6873746.621018251404166 ], [ 360842.994345751882065, 6873746.001231029629707 ], [ 360842.644298972387332, 6873775.860724750906229 ], [ 360816.20494997681817, 6873775.550744681619108 ], [ 360814.454429486824665, 6873924.848206367343664 ], [ 360788.01474603760289, 6873924.538177035748959 ], [ 360786.964271031727549, 6874014.116646581329405 ], [ 360760.524386232718825, 6874013.806564126163721 ], [ 360760.174167508201208, 6874043.666053694672883 ], [ 360707.294259681075346, 6874043.045715880580246 ], [ 360706.943910946079995, 6874072.905208213254809 ], [ 360654.063863178482279, 6874072.284638573415577 ], [ 360654.41434500250034, 6874042.425142370164394 ], [ 360627.974385092791636, 6874042.114767229184508 ], [ 360627.623836724320427, 6874071.974265366792679 ], [ 360495.423678735794965, 6874070.421515483409166 ], [ 360495.774559826997574, 6874040.562007661908865 ], [ 360469.334589628328104, 6874040.251278975978494 ], [ 360468.983641992206685, 6874070.110788735561073 ], [ 360442.543603532714769, 6874069.800003064796329 ], [ 360442.192592437611893, 6874099.659513656049967 ], [ 360415.752485717472155, 6874099.348670998588204 ], [ 360415.401411164086312, 6874129.208182425238192 ], [ 360388.961236183822621, 6874128.897282782010734 ], [ 360388.610098173376173, 6874158.756795043125749 ], [ 360309.289363299903926, 6874157.823748396709561 ], [ 360308.938028748671059, 6874187.683265371248126 ], [ 360282.497713812626898, 6874187.372133918106556 ], [ 360282.146315807884093, 6874217.231651726178825 ], [ 360255.705932610784657, 6874216.92046329099685 ], [ 360255.003012786095496, 6874276.639499476179481 ], [ 360228.562494789075572, 6874276.328255999833345 ], [ 360228.210972970875446, 6874306.18777437787503 ], [ 360201.770386713324115, 6874305.876473922282457 ], [ 360201.418801445513964, 6874335.735993133857846 ], [ 360174.978146930108778, 6874335.424635699018836 ], [ 360174.626498213910963, 6874365.284155749715865 ], [ 360148.185775438789278, 6874364.972741338424385 ], [ 360147.83406327519333, 6874394.832262225449085 ], [ 360174.274852589005604, 6874395.143674694001675 ], [ 360172.516670834796969, 6874544.441252844408154 ], [ 360146.075548837077804, 6874544.129850087687373 ], [ 360145.372164705418982, 6874603.848877499811351 ], [ 360118.930907917092554, 6874603.537419710308313 ], [ 360118.227403086202685, 6874663.256446588784456 ], [ 360038.903223194705788, 6874662.32173137832433 ], [ 360038.199331538926344, 6874722.040765499696136 ], [ 360011.75780173408566, 6874721.729079818353057 ], [ 360011.405794016085565, 6874751.588597168214619 ], [ 359984.964195956010371, 6874751.276854515075684 ], [ 359984.612124801671598, 6874781.136372704058886 ], [ 360011.053789392928593, 6874781.44811341073364 ], [ 360010.701787864789367, 6874811.307628552429378 ], [ 359984.26005674310727, 6874810.995889787562191 ], [ 359983.907991779909935, 6874840.855405769310892 ], [ 360010.349789431609679, 6874841.16714258491993 ], [ 360009.99779409338953, 6874871.026655514724553 ], [ 359983.555929912312422, 6874870.714920643717051 ], [ 359983.203871140081901, 6874900.574434413574636 ], [ 359956.761938708310481, 6874900.262642572633922 ], [ 359956.057697394920979, 6874959.981670691631734 ], [ 359665.194863235286903, 6874956.54811495821923 ], [ 359664.842015422997065, 6874986.407648786902428 ], [ 359611.957708268484566, 6874985.782603951171041 ], [ 359612.31068913557101, 6874955.923066221177578 ], [ 359532.984415031678509, 6874954.985051264986396 ], [ 359533.337598586804233, 6874925.125506579875946 ], [ 359506.895570290915202, 6874924.81271514762193 ], [ 359506.54232020751806, 6874954.672261784784496 ], [ 359374.331820151011925, 6874953.107430683448911 ], [ 359373.9782405354199, 6874982.966985981911421 ], [ 359400.420410534075927, 6874983.280068077147007 ], [ 359400.066900554520544, 6875013.139620318077505 ], [ 359373.624664028815459, 6875012.826540174894035 ], [ 359372.91752034262754, 6875072.545645252801478 ], [ 359346.475149035279173, 6875072.232510107569396 ], [ 359345.767884735076223, 6875131.951614677906036 ], [ 359319.325378645618912, 6875131.638424527831376 ], [ 359318.971684635675047, 6875161.497977110557258 ], [ 359292.529110291972756, 6875161.184730005450547 ], [ 359292.175352868682239, 6875191.044283440336585 ], [ 359265.73271026922157, 6875190.730979380197823 ], [ 359264.671257096575573, 6875280.309638926759362 ], [ 359238.228413196920883, 6875279.99628182221204 ], [ 359236.812919778225478, 6875399.434486921876669 ], [ 359210.369808065413963, 6875399.121078729629517 ], [ 359210.015875971817877, 6875428.98062920384109 ], [ 359236.459054203704, 6875429.294035438448191 ], [ 359236.105191741196904, 6875459.153582851402462 ], [ 359209.661946990701836, 6875458.840178572572768 ], [ 359208.600178723689169, 6875548.418820056132972 ], [ 359182.15673268691171, 6875548.105362740345299 ], [ 359181.802749640424736, 6875577.96490965038538 ], [ 359155.359235355106648, 6875577.651395387016237 ], [ 359155.005188906099647, 6875607.510943150147796 ], [ 359128.561606372299138, 6875607.197371936403215 ], [ 359126.791088266007137, 6875756.495103993453085 ], [ 359100.347171427216381, 6875756.181483661755919 ], [ 359099.993010637175757, 6875786.041028723120689 ], [ 359073.549025553220417, 6875785.727351445704699 ], [ 359073.194801366596948, 6875815.586897361092269 ], [ 358940.97451735829236, 6875814.017637223005295 ], [ 358940.61996373150032, 6875843.877191830426455 ], [ 358914.175835211179219, 6875843.563165051862597 ], [ 358913.821218192402739, 6875873.422720517963171 ], [ 358966.70960651797941, 6875874.050711249001324 ], [ 358966.000647876877338, 6875933.769811027683318 ], [ 358939.556321562791709, 6875933.455849035643041 ], [ 358938.847242376825307, 6875993.174948322586715 ], [ 358833.069387683703098, 6875991.918527020141482 ], [ 358832.714586737507489, 6876021.778082855045795 ], [ 358806.270052212872542, 6876021.463832238689065 ], [ 358805.915187880396843, 6876051.323388931341469 ], [ 358779.470585111004766, 6876051.009081376716495 ], [ 358778.760732797905803, 6876110.728195381350815 ], [ 358752.315995275799651, 6876110.413832849822938 ], [ 358752.670986377517693, 6876080.554274436086416 ], [ 358726.226313623425085, 6876080.239851041696966 ], [ 358726.581374354602303, 6876050.380289562046528 ], [ 358700.136766368173994, 6876050.065805303864181 ], [ 358699.7816391303204, 6876079.925368748605251 ], [ 358646.892284925328568, 6876079.29622745886445 ], [ 358646.53702779870946, 6876109.15579372830689 ], [ 358593.647533620591275, 6876108.526420765556395 ], [ 358593.292146607593168, 6876138.385989864356816 ], [ 358566.847330401127692, 6876138.071216998621821 ], [ 358566.49188000918366, 6876167.930786959826946 ], [ 358540.046995557728224, 6876167.615957158617675 ], [ 358539.69148178800242, 6876197.475527983158827 ], [ 358486.801574648707174, 6876196.845695617608726 ], [ 358486.445930998306721, 6876226.705269273370504 ], [ 358354.220800137205515, 6876225.129667467437685 ], [ 358353.864827097277157, 6876254.989249859936535 ], [ 358274.529528146085795, 6876254.043187895789742 ], [ 358274.173358728177845, 6876283.902775094844401 ], [ 358221.283017697394826, 6876283.271776566281915 ], [ 358221.6393201216124, 6876253.412185426801443 ], [ 358195.194213491980918, 6876253.096595844253898 ], [ 358195.550585554679856, 6876223.23700163140893 ], [ 357904.655028871027753, 6876219.761607186868787 ], [ 357904.297925264108926, 6876249.621223107911646 ], [ 357851.407668310799636, 6876248.988571466878057 ], [ 357851.050434838107321, 6876278.848190234974027 ], [ 357824.605237233103253, 6876278.531778043136001 ], [ 357824.24794039997505, 6876308.391397684812546 ], [ 357797.802674541599117, 6876308.074928570538759 ], [ 357797.445314349315595, 6876337.934549086727202 ], [ 357770.99998023750959, 6876337.618023050017655 ], [ 357770.642556687118486, 6876367.477644441649318 ], [ 357664.86093671747949, 6876366.210959229618311 ], [ 357664.503250305599067, 6876396.070587429217994 ], [ 357611.61229680449469, 6876395.436895394697785 ], [ 357611.970116219483316, 6876365.577263235114515 ], [ 357585.52470334089594, 6876365.26032689306885 ], [ 357585.16681742441142, 6876395.119961030781269 ], [ 357558.721336290123872, 6876394.802967768162489 ], [ 357558.363387021003291, 6876424.662602785974741 ], [ 357531.917837633227464, 6876424.345552607439458 ], [ 357531.559825012693182, 6876454.205188504420221 ], [ 357505.11420736979926, 6876453.888081409037113 ], [ 357504.756131399073638, 6876483.747718183323741 ], [ 357478.310445501003414, 6876483.430554172955453 ], [ 357477.952306181308813, 6876513.290191827341914 ], [ 357425.060796122706961, 6876512.655691079795361 ], [ 357425.419068441202398, 6876482.7960494607687 ], [ 357372.5276843602187, 6876482.161309162154794 ], [ 357372.169279042689595, 6876512.020954746752977 ], [ 357345.723517867678311, 6876511.703498234041035 ], [ 357345.365049204498064, 6876541.563144700601697 ], [ 357318.919219775183592, 6876541.245631275698543 ], [ 357318.202158914180472, 6876600.964924868196249 ], [ 357291.756194730696734, 6876600.647356515750289 ], [ 357291.397602534678299, 6876630.507003643549979 ], [ 357264.951570097182412, 6876630.189378380775452 ], [ 357264.592914559587371, 6876660.049026392400265 ], [ 357238.146813868312165, 6876659.731344219297171 ], [ 357237.788094990304671, 6876689.590993112884462 ], [ 357211.341926043794956, 6876689.273254029452801 ], [ 357210.983143826306332, 6876719.132903806865215 ], [ 357184.536906626424752, 6876718.815107815898955 ], [ 357184.178061070910189, 6876748.674758478999138 ], [ 357157.731755617191084, 6876748.35690557770431 ], [ 357157.372846724581905, 6876778.216557123698294 ], [ 357078.03372032509651, 6876777.262651025317609 ], [ 357078.392828701413237, 6876747.40299351606518 ], [ 357051.946516209980473, 6876747.084905043244362 ], [ 357052.305694241193123, 6876717.225244447588921 ], [ 357025.859446485177614, 6876716.907095092348754 ], [ 357026.577945020922925, 6876657.187766622751951 ], [ 357000.131828495301306, 6876656.86955439671874 ], [ 357000.49114900152199, 6876627.009886523708701 ], [ 356841.814811844727956, 6876625.099364440888166 ], [ 356841.095376032171771, 6876684.818722958676517 ], [ 356814.649180677020922, 6876684.500100459903479 ], [ 356814.289401022309903, 6876714.359780058264732 ], [ 356787.8431374093052, 6876714.041100654751062 ], [ 356787.483294424717315, 6876743.900781143456697 ], [ 356734.590628915291745, 6876743.263249636627734 ], [ 356734.230656107072718, 6876773.122933007776737 ], [ 356575.552218257100321, 6876771.208936991170049 ], [ 356575.912590035586618, 6876741.34924166277051 ], [ 356549.466244041977916, 6876741.030034204013646 ], [ 356549.826685487176292, 6876711.170335780829191 ], [ 356496.934121193713509, 6876710.531740191392601 ], [ 356496.573546756990254, 6876740.391442605294287 ], [ 356417.234487573383376, 6876739.433113498613238 ], [ 356417.595261497714091, 6876709.573405097238719 ], [ 356311.810090482293162, 6876708.294800448231399 ], [ 356311.449050574272405, 6876738.154516836628318 ], [ 355994.092569628905039, 6876734.313072984106839 ], [ 355994.454407491313759, 6876704.453332596458495 ], [ 355888.669123109779321, 6876703.170958669856191 ], [ 355889.031230144028086, 6876673.311209170147777 ], [ 355862.584971110103652, 6876672.990466446615756 ], [ 355862.947147827828303, 6876643.130713843740523 ], [ 355757.162359930691309, 6876641.847145978361368 ], [ 355757.524805828579701, 6876611.98738425411284 ], [ 355704.632534221105743, 6876611.345242934301496 ], [ 355704.26995532627916, 6876641.205008666962385 ], [ 355677.823750358482357, 6876640.883851669728756 ], [ 355677.461108156072441, 6876670.743618308566511 ], [ 355651.014834913890809, 6876670.422404420562088 ], [ 355650.652129404828884, 6876700.282171968370676 ], [ 355624.205787888204213, 6876699.960901192389429 ], [ 355624.568559894512873, 6876670.10113163664937 ], [ 355571.676004521315917, 6876669.458409382030368 ], [ 355571.313099520106334, 6876699.318182951770723 ], [ 355544.866752667818218, 6876698.99673548899591 ], [ 355544.503784362692386, 6876728.85650996863842 ], [ 355491.610952329298016, 6876728.213442373089492 ], [ 355491.247854225628544, 6876758.073219769634306 ], [ 355438.354882079991512, 6876757.429920613765717 ], [ 355437.991654179408215, 6876787.28970092907548 ], [ 355411.545098941074684, 6876786.967965018004179 ], [ 355411.181807741173543, 6876816.827746246010065 ], [ 355384.735184227, 6876816.505953451618552 ], [ 355384.371829729119781, 6876846.365735590457916 ], [ 355357.925137939921115, 6876846.043885912746191 ], [ 355357.561720145109575, 6876875.903668964281678 ], [ 355304.668198232189752, 6876875.259796949103475 ], [ 355305.031749015382957, 6876845.40000987611711 ], [ 355252.138352963898797, 6876844.755898262374103 ], [ 355251.774669192323927, 6876874.61568935867399 ], [ 355225.327901998476591, 6876874.293547225184739 ], [ 355225.691652264387812, 6876844.433754114434123 ], [ 355199.24494978209259, 6876844.111551072448492 ], [ 355199.972592906618956, 6876784.391957524232566 ], [ 355173.526021631492767, 6876784.069691563025117 ], [ 355173.889914491679519, 6876754.209891128353775 ], [ 355147.443407929327805, 6876753.8875642567873 ], [ 355148.535305213415995, 6876664.308150313794613 ], [ 355122.088996359088924, 6876663.985758505761623 ], [ 355122.453035023994744, 6876634.125949647277594 ], [ 355096.006790884188376, 6876633.803496927022934 ], [ 355096.370899251080118, 6876603.943684954196215 ], [ 355069.924719825619832, 6876603.62117132358253 ], [ 355070.288897895894479, 6876573.761356236413121 ], [ 355043.842783186701126, 6876573.438781690783799 ], [ 355043.478538616676815, 6876603.298598794266582 ], [ 354990.586170842696447, 6876602.653277046047151 ], [ 354990.950548412278295, 6876572.793455912731588 ], [ 354911.612182858109009, 6876571.825025511905551 ], [ 354911.247605788928922, 6876601.684852695092559 ], [ 354858.355220153403934, 6876601.038941973820329 ], [ 354857.990513293072581, 6876630.898772092536092 ], [ 354831.544251296319999, 6876630.57573040574789 ], [ 354831.179481145984028, 6876660.435561443679035 ], [ 354804.733150861517061, 6876660.112462879158556 ], [ 354803.273836365609895, 6876779.551784118637443 ], [ 354776.827238304482307, 6876779.228634731844068 ], [ 354776.097467325686011, 6876838.948292799293995 ], [ 354749.650734484312125, 6876838.625088554807007 ], [ 354749.285787316097412, 6876868.484917959198356 ], [ 354722.838986190618016, 6876868.161656840704381 ], [ 354722.108968499873299, 6876927.881316394545138 ], [ 354695.662032598513179, 6876927.558000422082841 ], [ 354695.296962077904027, 6876957.417830570600927 ], [ 354668.849957892380189, 6876957.094457726925611 ], [ 354668.484824091719929, 6876986.954288798384368 ], [ 354642.037751624477096, 6876986.630859080702066 ], [ 354641.67255454469705, 6877016.490691076032817 ], [ 354615.22541379602626, 6877016.167204486206174 ], [ 354614.860153438523412, 6877046.027037402614951 ], [ 354588.412944406270981, 6877045.703493944369256 ], [ 354586.951669158297591, 6877165.142822716385126 ], [ 354560.504192375694402, 6877164.819228452630341 ], [ 354559.042702614620794, 6877284.258547740057111 ], [ 354585.490445348084904, 6877284.58213391341269 ], [ 354584.759852732298896, 6877344.301782921887934 ], [ 354611.207726647204254, 6877344.625306161120534 ], [ 354610.112061288673431, 6877434.204765371978283 ], [ 354636.560132864688057, 6877434.528223657980561 ], [ 354636.194983990571927, 6877464.388039176352322 ], [ 354662.643120259977877, 6877464.711436551995575 ], [ 354662.27804108208511, 6877494.571248951368034 ], [ 354688.726242044416722, 6877494.894585420377553 ], [ 354688.361232561874203, 6877524.754394697956741 ], [ 354661.912965117604472, 6877524.431060248985887 ], [ 354661.182822828006465, 6877584.150679554790258 ], [ 354634.734420631488319, 6877583.827290263958275 ], [ 354634.369287826004438, 6877613.687100291252136 ], [ 354607.920817359117791, 6877613.363654136657715 ], [ 354606.825238788325805, 6877702.943083692342043 ], [ 354580.376567091327161, 6877702.61958472058177 ], [ 354574.898111078073271, 6878150.516614578664303 ], [ 354601.347779884585179, 6878150.84008320979774 ], [ 354599.156998836784624, 6878329.998813834041357 ], [ 354625.607064656971488, 6878330.32221145182848 ], [ 354624.146874109224882, 6878449.761335146613419 ], [ 354650.597203997778706, 6878450.084665797650814 ], [ 354649.867260934202932, 6878509.804217011667788 ], [ 354676.317721958097536, 6878510.127484746277332 ], [ 354675.223030848312192, 6878599.706797265447676 ], [ 354701.673689464572817, 6878600.03000005800277 ], [ 354701.308865314116701, 6878629.889766681008041 ], [ 354727.759588601184078, 6878630.212908580899239 ], [ 354726.665334801306017, 6878719.792195791378617 ], [ 354753.11625567462761, 6878720.1152727548033 ], [ 354752.022230152681004, 6878809.694544019177556 ], [ 354699.119987870391924, 6878809.048343347385526 ], [ 354698.755186206195503, 6878838.908102283254266 ], [ 354619.401609980908688, 6878837.938365817070007 ], [ 354619.036612161900848, 6878867.798129721544683 ], [ 354592.585350047971588, 6878867.474768516607583 ], [ 354592.220288988028187, 6878897.334533346816897 ], [ 354512.866292521997821, 6878896.364102585241199 ], [ 354512.501035312714521, 6878926.223872387781739 ], [ 354406.695415763591882, 6878924.929148636758327 ], [ 354406.329895953880623, 6878954.788925442844629 ], [ 354326.975463085516822, 6878953.817270585335791 ], [ 354327.341182258096524, 6878923.9574876986444 ], [ 354300.889767498476431, 6878923.633482980541885 ], [ 354300.523981871490832, 6878953.493267895653844 ], [ 354274.072498861525673, 6878953.169206336140633 ], [ 354274.438350942800753, 6878923.309419396333396 ], [ 354247.986932591593359, 6878922.985296940430999 ], [ 354248.35285434970865, 6878893.125506872311234 ], [ 354221.901500655396376, 6878892.80132352001965 ], [ 354222.267492091516033, 6878862.941530326381326 ], [ 354169.364912223594729, 6878862.292982952669263 ], [ 354168.998787876102142, 6878892.152780204080045 ], [ 354116.096067907405086, 6878891.504001407884061 ], [ 354116.462325166387018, 6878861.644200099632144 ], [ 354010.657129468687344, 6878860.345927950926125 ], [ 354011.023655778495595, 6878830.486117419786751 ], [ 353931.669939480314497, 6878829.5117890778929 ], [ 353932.036668388871476, 6878799.651971353217959 ], [ 353905.585492478916422, 6878799.327075463719666 ], [ 353905.952291074499954, 6878769.46725461166352 ], [ 353879.501179822487757, 6878769.142297819256783 ], [ 353879.868048106494825, 6878739.282473834231496 ], [ 353853.41700151108671, 6878738.957456137984991 ], [ 353853.783939484506845, 6878709.097629022784531 ], [ 353827.332957546110265, 6878708.772550419904292 ], [ 353827.699965210282244, 6878678.912720175459981 ], [ 353801.249047930876259, 6878678.587580665014684 ], [ 353801.616125286789611, 6878648.7277472903952 ], [ 353616.460119075025432, 6878646.450108041055501 ], [ 353616.827664889278822, 6878616.590259318239987 ], [ 353563.92606551758945, 6878615.938971313647926 ], [ 353564.293747491610702, 6878586.079117421992123 ], [ 353511.392273824196309, 6878585.427589846774936 ], [ 353511.76009196031373, 6878555.567730782553554 ], [ 353485.309418879915029, 6878555.241876645945013 ], [ 353485.677306717203464, 6878525.382014444097877 ], [ 353406.325476030877326, 6878524.40409267321229 ], [ 353406.693566498113796, 6878494.544223258271813 ], [ 353380.243019120418467, 6878494.218129542656243 ], [ 353380.611179292900488, 6878464.35825699288398 ], [ 353354.160696571110748, 6878464.032102364115417 ], [ 353354.528926450002473, 6878434.172226674854755 ], [ 353328.078508386272006, 6878433.846011130139232 ], [ 353327.710212042671628, 6878463.705888859927654 ], [ 353289.301013501186389, 6878358.186498430557549 ], [ 353231.642513317987323, 6878378.8100765645504 ], [ 353173.377449529827572, 6878347.874626250006258 ], [ 353070.371863723790739, 6878202.64170980732888 ], [ 352972.755119996727444, 6878246.382100069895387 ], [ 352934.229291366005782, 6878551.954498672857881 ], [ 352953.395764269982465, 6878682.833472711034119 ], [ 353112.418168683885597, 6878759.692941655404866 ], [ 353112.049376341979951, 6878789.552823660895228 ], [ 353085.598144454474095, 6878789.226102758198977 ], [ 353085.229288901900873, 6878819.085985710844398 ], [ 353058.777988746704068, 6878818.759207979775965 ], [ 353058.409069984627422, 6878848.619091883301735 ], [ 353031.957701559294946, 6878848.292257324792445 ], [ 353031.58871958887903, 6878878.15214217454195 ], [ 353058.040154471120331, 6878878.478974686935544 ], [ 353057.671242206299212, 6878908.338856396265328 ], [ 353084.122741732513532, 6878908.665627991780639 ], [ 353083.753899172006641, 6878938.525506558828056 ], [ 353110.205463344114833, 6878938.852217242121696 ], [ 353109.836690486874431, 6878968.712092668749392 ], [ 353136.288319302781019, 6878969.038742437958717 ], [ 353135.919616147701163, 6878998.898614724166691 ], [ 353162.371309606882278, 6878999.225203577429056 ], [ 353162.00267615262419, 6879029.085072724148631 ], [ 353188.454434256826062, 6879029.411600667983294 ], [ 353187.348752730293199, 6879118.991195402108133 ], [ 353160.896795267995913, 6879118.664673588238657 ], [ 353159.422332870890386, 6879238.104126055724919 ], [ 353132.970107796718366, 6879237.777553550899029 ], [ 353131.12677060381975, 6879387.076854686252773 ], [ 353104.674211477627978, 6879386.750233535654843 ], [ 353102.830623234272934, 6879536.049517485313118 ], [ 353129.283514586626552, 6879536.376128413714468 ], [ 353128.914873124216683, 6879566.235979871824384 ], [ 353155.367829108319711, 6879566.562529893592 ], [ 353154.999257335904986, 6879596.422378210350871 ], [ 353181.452277953212615, 6879596.748867326416075 ], [ 353181.08377586939605, 6879626.608712501823902 ], [ 353207.536861117871013, 6879626.935140712186694 ], [ 353207.168428721721284, 6879656.794982748106122 ], [ 353233.621578601596411, 6879657.121350053697824 ], [ 353233.253215891716536, 6879686.981188952922821 ], [ 353259.706430402584374, 6879687.307495354674757 ], [ 353259.338137377926614, 6879717.167331111617386 ], [ 353285.791416519496124, 6879717.493576612323523 ], [ 353285.423193178721704, 6879747.353409229777753 ], [ 353311.876536950818263, 6879747.679593827575445 ], [ 353311.508383292704821, 6879777.53942331019789 ], [ 353337.961791694979183, 6879777.865547004155815 ], [ 353337.593707718478981, 6879807.725373346358538 ], [ 353364.047180751222186, 6879808.051436141133308 ], [ 353363.679166455112863, 6879837.911259345710278 ], [ 353390.132704116113018, 6879838.237261240370572 ], [ 353389.764759498997591, 6879868.097081307321787 ], [ 353442.671962272899691, 6879868.748904438689351 ], [ 353442.304153770382982, 6879898.608719328418374 ], [ 353495.211482188198715, 6879899.260302946902812 ], [ 353494.476140646671411, 6879958.979921276681125 ], [ 353520.92993501550518, 6879959.305620720610023 ], [ 353520.194739299011417, 6880019.025230588391423 ], [ 353546.648664731008466, 6880019.350867096334696 ], [ 353545.546094743185677, 6880108.930267553776503 ], [ 353572.000217668479308, 6880109.255839089863002 ], [ 353570.897876114991959, 6880198.835223561152816 ], [ 353517.989229871425778, 6880198.184033866971731 ], [ 353517.62165630137315, 6880228.043830577284098 ], [ 353491.1672640403267, 6880227.718149486929178 ], [ 353490.799627279222477, 6880257.57794713973999 ], [ 353464.345166780170985, 6880257.252209236845374 ], [ 353463.977466829121113, 6880287.112007834017277 ], [ 353437.522938094218262, 6880286.786213115788996 ], [ 353437.155174954503309, 6880316.646012658253312 ], [ 353410.70057798322523, 6880316.320161130279303 ], [ 353410.332751655718312, 6880346.179961613379419 ], [ 353383.878086448297836, 6880345.854053273797035 ], [ 353380.567197515279986, 6880614.592226663604379 ], [ 353221.835581324994564, 6880612.635651028715074 ], [ 353221.467322451295331, 6880642.495454847812653 ], [ 353195.011980328010395, 6880642.169154980219901 ], [ 353194.643658277695067, 6880672.028959748335183 ], [ 353168.188247921410948, 6880671.702603075653315 ], [ 353167.819862695585471, 6880701.56240878906101 ], [ 353141.364384106127545, 6880701.235995315015316 ], [ 353140.995935705897864, 6880731.095801978372037 ], [ 353114.540388885186985, 6880730.76933170016855 ], [ 353114.171877311717253, 6880760.629139312542975 ], [ 353087.716262258123606, 6880760.302612231113017 ], [ 353087.347687512519769, 6880790.162420795299113 ], [ 353060.892004226276185, 6880789.835836914367974 ], [ 353060.523366309818812, 6880819.695646424777806 ], [ 353034.067614792787936, 6880819.369005743414164 ], [ 353033.698913706582971, 6880849.228816206566989 ], [ 353060.154731641814578, 6880849.555454841814935 ], [ 353059.417472051805817, 6880909.275068390183151 ], [ 353032.961521281627938, 6880908.948433845303953 ], [ 353032.224141853221226, 6880968.668047102168202 ], [ 353058.680225456075277, 6880968.99467755202204 ], [ 353057.205771247972734, 6881088.43388272728771 ], [ 353083.662118697015103, 6881088.760446146130562 ], [ 353082.187982115778141, 6881208.199625603854656 ], [ 353320.297418441507034, 6881211.135974828153849 ], [ 353320.665350014402065, 6881181.276200010441244 ], [ 353347.121878585428931, 6881181.602168867364526 ], [ 353346.754013423400465, 6881211.461941642686725 ], [ 353373.210606594278943, 6881211.787849618121982 ], [ 353372.842811085109133, 6881241.647619255818427 ], [ 353399.29946885741083, 6881241.973466346040368 ], [ 353398.931742999528069, 6881271.833232845179737 ], [ 353425.388465372496285, 6881272.15901905298233 ], [ 353425.020809165027458, 6881302.018782413564622 ], [ 353477.934381303319242, 6881302.670174225233495 ], [ 353477.56686115328921, 6881332.529932404868305 ], [ 353504.023710917506833, 6881332.855538008734584 ], [ 353503.656260414689314, 6881362.715293055400252 ], [ 353530.113174779515248, 6881363.040837777778506 ], [ 353529.745793922687881, 6881392.900589687749743 ], [ 353662.030670674226712, 6881394.527420510537922 ], [ 353662.397719494998455, 6881364.667678797617555 ], [ 353688.854623019404244, 6881364.992870483547449 ], [ 353689.221608667692635, 6881335.133129712194204 ], [ 353768.592109183373395, 6881336.108357842080295 ], [ 353768.958898841694463, 6881306.248622086830437 ], [ 353821.87242401187541, 6881306.898484048433602 ], [ 353822.239084085915238, 6881277.038751267828047 ], [ 353875.152469222201034, 6881277.688381938263774 ], [ 353875.518999709223863, 6881247.828652134165168 ], [ 353981.345482709584758, 6881249.127215529792011 ], [ 353980.979217859101482, 6881278.98693719599396 ], [ 354033.892581363790669, 6881279.635861782357097 ], [ 354033.526452558406163, 6881309.495578286238015 ], [ 354059.983198016998358, 6881309.819950287230313 ], [ 354059.617138846486341, 6881339.679663660004735 ], [ 354086.073948911915068, 6881340.003974786028266 ], [ 354085.707959375111386, 6881369.863685031421483 ], [ 354112.164834046910983, 6881370.187935288064182 ], [ 354111.432997463503852, 6881429.90734841953963 ], [ 354137.890003146894742, 6881430.231535771861672 ], [ 354137.158312275074422, 6881489.950940455310047 ], [ 354163.615448969707359, 6881490.275064906105399 ], [ 354162.15237153659109, 6881609.713852980174124 ], [ 354188.609772043826524, 6881610.037910466082394 ], [ 354186.415651022689417, 6881789.196047480218112 ], [ 354159.957852113177069, 6881788.872002181597054 ], [ 354159.592110160796437, 6881818.731689876876771 ], [ 354133.134243051987141, 6881818.407587775960565 ], [ 354132.402636024984531, 6881878.126963937655091 ], [ 353973.654598782013636, 6881876.181140219792724 ], [ 353973.288401725410949, 6881906.040838855318725 ], [ 353946.830322814115789, 6881905.716331020928919 ], [ 353947.196586267498787, 6881875.856630351394415 ], [ 353920.73857194930315, 6881875.532061650417745 ], [ 353920.372242099198047, 6881905.391764354892075 ], [ 353893.914159582171123, 6881905.067138855345547 ], [ 353894.280555829172954, 6881875.207434115931392 ], [ 353841.364518176706042, 6881874.558002548292279 ], [ 353840.264940747816581, 6881964.137125695124269 ], [ 353866.723159664485138, 6881964.461864789016545 ], [ 353866.356706712685991, 6881994.321568273939192 ], [ 353839.898421400808729, 6881993.996831217780709 ], [ 353838.798882747709285, 6882083.57594120875001 ], [ 353812.340396448678803, 6882083.251151430420578 ], [ 353811.240687700919807, 6882172.830257660709321 ], [ 353784.782000419625547, 6882172.505415163934231 ], [ 353784.415370909671765, 6882202.365117087028921 ], [ 353731.497858149814419, 6882201.715259675867856 ], [ 353731.131099091377109, 6882231.574964578263462 ], [ 353545.919282794988248, 6882229.298624803312123 ], [ 353545.552062239206862, 6882259.158342882059515 ], [ 353492.634251389885321, 6882258.507434710860252 ], [ 353492.266901292314287, 6882288.367155776359141 ], [ 353465.807926765817683, 6882288.041615488938987 ], [ 353465.44051351811504, 6882317.901337499730289 ], [ 353438.981470791797619, 6882317.575740426778793 ], [ 353438.61399439512752, 6882347.435463383793831 ], [ 353412.154883471084759, 6882347.109809525310993 ], [ 353411.787343926494941, 6882376.969533427618444 ], [ 353385.328164804726839, 6882376.643822782672942 ], [ 353383.857773487572558, 6882496.082715610042214 ], [ 353410.317218156124, 6882496.408418081700802 ], [ 353409.582174715818837, 6882556.127853835001588 ], [ 353436.041750343807507, 6882556.453493394888937 ], [ 353434.939408639678732, 6882646.032632677815855 ], [ 353487.858952766575385, 6882646.683723070658743 ], [ 353487.491644776717294, 6882676.543429887853563 ], [ 353725.630101264629047, 6882679.470406531356275 ], [ 353725.26339394657407, 6882709.330093891359866 ], [ 353778.183163827983662, 6882709.979882012121379 ], [ 353777.816592505201697, 6882739.839564198628068 ], [ 353804.276541118393652, 6882740.164367985911667 ], [ 353803.910039408307057, 6882770.02404704131186 ], [ 353909.750081326579675, 6882771.322665822692215 ], [ 353910.116317516891286, 6882741.462994917295873 ], [ 353936.576257106091361, 6882741.787504592910409 ], [ 353936.210087295796257, 6882771.647173464298248 ], [ 354015.590094379498623, 6882772.620343454182148 ], [ 354042.050093134690542, 6882772.944615808315575 ], [ 354042.415997425792739, 6882743.084955075755715 ], [ 354068.875927998626139, 6882743.40917064063251 ], [ 354069.24176913627889, 6882713.549510845914483 ], [ 354122.161492114595603, 6882714.19776957668364 ], [ 354122.527203716803342, 6882684.338112752884626 ], [ 354228.366362536908127, 6882685.633932472206652 ], [ 354228.731811838806607, 6882655.774282678030431 ], [ 354308.110962906910572, 6882656.745535923168063 ], [ 354307.7457127487869, 6882686.605179622769356 ], [ 354413.584821178286802, 6882687.899352304637432 ], [ 354413.949805811804254, 6882658.039716724306345 ], [ 354493.32891911099432, 6882659.009734684601426 ], [ 354493.693707818107214, 6882629.150104089640081 ], [ 354652.451487622398417, 6882631.088563954457641 ], [ 354652.087097204173915, 6882660.948182388208807 ], [ 354678.546787269588094, 6882661.271051125600934 ], [ 354678.182466445490718, 6882691.130666436627507 ], [ 354731.10197395272553, 6882691.77622339501977 ], [ 354730.737789101607632, 6882721.635833558626473 ], [ 354783.657422193908133, 6882722.281151179224253 ], [ 354783.293373313499615, 6882752.140756196342409 ], [ 354836.213131992088165, 6882752.785834483802319 ], [ 354835.849219080002513, 6882782.64543435908854 ], [ 354915.229042788676452, 6882783.612604561261833 ], [ 354914.865332220681012, 6882813.472197270952165 ], [ 354941.325336251116823, 6882813.79446767270565 ], [ 354940.961695268226322, 6882843.654057262465358 ], [ 354993.881830709578935, 6882844.298417566344142 ], [ 354993.518325687386096, 6882874.158002015203238 ], [ 355046.438586720614694, 6882874.8021229961887 ], [ 355046.07521765679121, 6882904.661702306941152 ], [ 355098.995604281022679, 6882905.305583968758583 ], [ 355098.632371173182037, 6882935.165158144198358 ], [ 355151.552883390279021, 6882935.808800489641726 ], [ 355151.189786235976499, 6882965.668369528837502 ], [ 355204.110424047685228, 6882966.311772562563419 ], [ 355203.747462844592519, 6882996.171336467377841 ], [ 355230.207845441182144, 6882996.492947737686336 ], [ 355230.570740270020906, 6882966.633385851047933 ], [ 355309.951678211975377, 6882967.597872807644308 ], [ 355310.31437711667968, 6882937.738315878435969 ], [ 355363.234860726108309, 6882938.381017122417688 ], [ 355364.322578377672471, 6882848.802351837046444 ], [ 355337.862536594213452, 6882848.481024576351047 ], [ 355338.587830438103992, 6882788.761904862709343 ], [ 355365.047739466826897, 6882789.083236156031489 ], [ 355365.772913346299902, 6882729.364116083830595 ], [ 355445.15223144571064, 6882730.327769129537046 ], [ 355444.789842043479439, 6882760.187323670834303 ], [ 355524.169343212619424, 6882761.150441285222769 ], [ 355524.531533478701022, 6882731.290892787277699 ], [ 355550.991297254804522, 6882731.611816364340484 ], [ 355550.629173367400654, 6882761.471362847834826 ], [ 355577.089001737185754, 6882761.792225589975715 ], [ 355576.364896298386157, 6882821.511311239562929 ], [ 355655.7447689754772, 6882822.473534470424056 ], [ 355656.106620966107585, 6882792.613998233340681 ], [ 355682.566508582793176, 6882792.934623681008816 ], [ 355682.20472296938533, 6882822.794157907366753 ], [ 355708.664675180392805, 6882823.114722524769604 ], [ 355707.94124627817655, 6882882.833783661946654 ], [ 355734.401329459273256, 6882883.154285439290106 ], [ 355734.039686168776825, 6882913.013812347315252 ], [ 355707.579536612087395, 6882912.693312582559884 ], [ 355706.132729848090094, 6883032.131417286582291 ], [ 355732.593144900922198, 6883032.451909008435905 ], [ 355732.231517557578627, 6883062.311430427245796 ], [ 355705.771036132005975, 6883061.99094071611762 ], [ 355705.409345606225543, 6883091.850463047623634 ], [ 355731.869893403723836, 6883092.170950748026371 ], [ 355731.508272439416032, 6883122.030469969846308 ], [ 355810.890104258316569, 6883122.991574139334261 ], [ 355810.528685595898423, 6883152.851086232811213 ], [ 355889.91070049762493, 6883153.811655029654503 ], [ 355888.827060962095857, 6883243.390166635625064 ], [ 355915.287928143923637, 6883243.710232578217983 ], [ 355915.64907176757697, 6883213.85073181707412 ], [ 355942.109870800806675, 6883214.170740951783955 ], [ 355942.470951240393333, 6883184.311241100542247 ], [ 355995.392411230073776, 6883184.951086944900453 ], [ 355995.031463529274333, 6883214.810582781210542 ], [ 356047.95304914272856, 6883215.450189350172877 ], [ 356047.592237362987362, 6883245.309680074453354 ], [ 356074.053093871683814, 6883245.629393130540848 ], [ 356073.692351642588619, 6883275.488880751654506 ], [ 356020.770504111482296, 6883274.849399836733937 ], [ 356020.048763730097562, 6883334.568379807285964 ], [ 355993.587704562698491, 6883334.248555144295096 ], [ 355993.226772780180909, 6883364.108045488595963 ], [ 356072.610144046891946, 6883365.067337019369006 ], [ 356071.888688226114027, 6883424.78630237095058 ], [ 356098.349941155523993, 6883425.105944575741887 ], [ 356098.710601109778509, 6883395.246464456431568 ], [ 356125.171785896993242, 6883395.566049854271114 ] ] ] } },
{ "type": "Feature", "properties": { "Layer": "0", "PaperSpace": null, "SubClasses": "AcDbEntity:AcDbPolyline", "Linetype": null, "EntityHand": "2E5", "Text": null }, "geometry": { "type": "MultiLineString", "coordinates": [ [ [ 353004.136207334406208, 6872546.522372539155185 ], [ 353003.766273630782962, 6872576.382497018203139 ], [ 352977.328865096904337, 6872576.054938923567533 ], [ 352976.958868063287809, 6872605.915064346045256 ], [ 352950.521391143091023, 6872605.587449344806373 ], [ 352950.151330780528951, 6872635.447575710713863 ], [ 352976.588874280103482, 6872635.775188671424985 ], [ 352975.478912433783989, 6872725.35555505938828 ], [ 353001.916653861524537, 6872725.683102947659791 ], [ 353001.176828703319188, 6872785.403337636962533 ], [ 353027.614701476180926, 6872785.730822498910129 ], [ 353026.87502246897202, 6872845.45104871597141 ], [ 353053.313026587595232, 6872845.778470550663769 ], [ 353052.943258532672189, 6872875.638579973950982 ], [ 353105.819394499005284, 6872876.293242731131613 ], [ 353105.449762840813491, 6872906.153346977196634 ], [ 353343.392884516506456, 6872909.096393287181854 ], [ 353343.02385526499711, 6872938.956478093750775 ], [ 353448.776573195413221, 6872940.262957989238203 ], [ 353449.145336154906545, 6872910.402881323359907 ], [ 353528.459655966376886, 6872911.382128437981009 ], [ 353528.828222445503343, 6872881.522056775167584 ], [ 353555.266258874791674, 6872881.848356625065207 ], [ 353555.634762018104084, 6872851.988285897299647 ], [ 353582.072730073996354, 6872852.314528835937381 ], [ 353582.441169880505186, 6872822.454459043219686 ], [ 353688.192757808719762, 6872823.758849483914673 ], [ 353687.824584300280549, 6872853.618911148048937 ], [ 353714.262543360178825, 6872853.944859365001321 ], [ 353713.894439660420176, 6872883.804917899891734 ], [ 353740.332463495898992, 6872884.130805142223835 ], [ 353740.700500621809624, 6872854.270748636685312 ], [ 353793.576409752888139, 6872854.922350348904729 ], [ 353793.208505774498917, 6872884.782402792945504 ], [ 353846.084540863172151, 6872885.433764667250216 ], [ 353846.452311694272794, 6872855.573716282844543 ], [ 353899.32820645038737, 6872856.224846440367401 ], [ 353899.695847364084329, 6872826.36480101197958 ], [ 353952.571601789095439, 6872827.01569944806397 ], [ 353952.204094023618381, 6872856.875740818679333 ], [ 354005.079974415595643, 6872857.526399423368275 ], [ 354004.712603026127908, 6872887.386435640975833 ], [ 354031.150607102899812, 6872887.711674500256777 ], [ 354030.7833055141964, 6872917.571707594208419 ], [ 354057.221374370914418, 6872917.896885481663048 ], [ 354056.854142581520136, 6872947.756915451027453 ], [ 354083.292276216088794, 6872948.082032369449735 ], [ 354082.925114225014113, 6872977.942059214226902 ], [ 354109.363312636909541, 6872978.267115163616836 ], [ 354108.262045731418766, 6873067.847183025442064 ], [ 354081.823647608223837, 6873067.522133151069283 ], [ 354079.620801478624344, 6873246.682251363061368 ], [ 354132.498394746682607, 6873247.332267861813307 ], [ 354132.131398148019798, 6873277.192279666662216 ], [ 354158.570258657913655, 6873277.517197482287884 ], [ 354158.203331849188544, 6873307.3772061644122 ], [ 354131.76440477441065, 6873307.052290372550488 ], [ 354130.29646352911368, 6873426.492322212085128 ], [ 354103.85726840532152, 6873426.167355586774647 ], [ 354103.490224594192114, 6873456.027362825348973 ], [ 354077.050961115688551, 6873455.702339286915958 ], [ 354075.582551883824635, 6873575.142365361563861 ], [ 354102.022081605682615, 6873575.46738079469651 ], [ 354100.921008233213797, 6873665.047382735647261 ], [ 354127.360735838708933, 6873665.372333155944943 ], [ 354126.993784390098881, 6873695.23232957907021 ], [ 354153.433576758601703, 6873695.557219038717449 ], [ 354153.066695092071313, 6873725.417212339118123 ], [ 354179.506552224222105, 6873725.742040838114917 ], [ 354179.13974033849081, 6873755.602031014859676 ], [ 354205.57966223382391, 6873755.926798556931317 ], [ 354205.212920127727557, 6873785.786785609088838 ], [ 354231.652906785311643, 6873786.11149219609797 ], [ 354229.086268169688992, 6873995.131356624886394 ], [ 354255.526718909386545, 6873995.455990107730031 ], [ 354254.793555697193369, 6874055.175937437452376 ], [ 354307.674718001682777, 6874055.825019516050816 ], [ 354307.30827432841761, 6874085.684987485408783 ], [ 354386.630203994805925, 6874086.658162567764521 ], [ 354386.263963190023787, 6874116.518123367801309 ], [ 354412.704669379105326, 6874116.842395181767642 ], [ 354412.338498342200182, 6874146.702352860942483 ], [ 354465.220038446073886, 6874147.350715661421418 ], [ 354464.487972218717914, 6874207.070619637146592 ], [ 354438.047069967375137, 6874206.746471744030714 ], [ 354437.68097513349494, 6874236.606424107216299 ], [ 354411.240004543971736, 6874236.282219309359789 ], [ 354410.87384638201911, 6874266.142172590829432 ], [ 354384.43280745629454, 6874265.817910888232291 ], [ 354382.235526814998593, 6874444.977619657292962 ], [ 354355.794086833484471, 6874444.653311166912317 ], [ 354355.061552624683827, 6874504.373209346085787 ], [ 354328.619977767928503, 6874504.048845975659788 ], [ 354328.253648952522781, 6874533.908795442432165 ], [ 354301.812005763407797, 6874533.584375171922147 ], [ 354301.445613628427964, 6874563.444325562566519 ], [ 354275.003902105323505, 6874563.119848395697773 ], [ 354274.270994419581257, 6874622.839749928563833 ], [ 354247.829148025426548, 6874622.515217887237668 ], [ 354247.462632476526778, 6874652.37516903039068 ], [ 354273.904545409372076, 6874652.699699047021568 ], [ 354273.171657054510433, 6874712.419593987986445 ], [ 354246.729611045913771, 6874712.095068019814789 ], [ 354246.363105164316949, 6874741.955015868879855 ], [ 354219.920990824874025, 6874741.630433007143438 ], [ 354219.187855656724423, 6874801.350329454988241 ], [ 354192.745606452925131, 6874801.025691721588373 ], [ 354192.012351106794085, 6874860.745587831363082 ], [ 354218.454733380523976, 6874861.070221510715783 ], [ 354218.088177076890133, 6874890.930165893398225 ], [ 354244.530624092323706, 6874891.254738628864288 ], [ 354244.164137545216363, 6874921.114679885096848 ], [ 354297.049159262503963, 6874921.763644553720951 ], [ 354296.682809003512375, 6874951.623580661602318 ], [ 354349.567956614424475, 6874952.272305606864393 ], [ 354348.835531887772959, 6875011.992166434414685 ], [ 354322.39282591448864, 6875011.667837467044592 ], [ 354322.026551850605756, 6875041.527768257074058 ], [ 354269.141001464275178, 6875040.878937619738281 ], [ 354269.507408590288833, 6875011.019002783112228 ], [ 354190.179269154788926, 6875010.045308876782656 ], [ 354189.812662435288075, 6875039.905249790288508 ], [ 354163.369879171194043, 6875039.580569346435368 ], [ 354162.269878764811438, 6875129.160391576588154 ], [ 354188.712861618900206, 6875129.485065942630172 ], [ 354187.979677192983218, 6875189.204937884584069 ], [ 354214.422791309305467, 6875189.52954928111285 ], [ 354214.056270459608641, 6875219.389481581747532 ], [ 354240.499449310882483, 6875219.714032038114965 ], [ 354240.132998211192898, 6875249.573961212299764 ], [ 354266.576241795322858, 6875249.898450729437172 ], [ 354265.843482316005975, 6875309.618301729671657 ], [ 354292.286857159400824, 6875309.942728282883763 ], [ 354291.554243617807515, 6875369.662570841610432 ], [ 354317.997749716683757, 6875369.986934431828558 ], [ 354317.631514301989228, 6875399.846852038055658 ], [ 354344.075085132790264, 6875400.171154692769051 ], [ 354343.708919462282211, 6875430.03106917720288 ], [ 354423.039820771082304, 6875431.003617588430643 ], [ 354422.67385788919637, 6875460.863524902611971 ], [ 354449.11755459709093, 6875461.187587859109044 ], [ 354448.751661455782596, 6875491.04749205429107 ], [ 354475.195422895194497, 6875491.371494078077376 ], [ 354474.829599493299611, 6875521.231395148672163 ], [ 354501.273425663588569, 6875521.555336237885058 ], [ 354500.907672, 6875551.415234190411866 ], [ 354527.351562899420969, 6875551.739114345982671 ], [ 354526.985878972802311, 6875581.599009176716208 ], [ 354553.429834602575283, 6875581.922828399576247 ], [ 354553.064220411877614, 6875611.782720111310482 ], [ 354579.508240771014243, 6875612.106478405185044 ], [ 354579.142696315073408, 6875641.966366996057332 ], [ 354552.698609436687548, 6875641.642610723152757 ], [ 354551.236197692574933, 6875761.082162187434733 ], [ 354577.680550641322043, 6875761.405910373665392 ], [ 354577.315022260474507, 6875791.265793471597135 ], [ 354683.092682223010343, 6875792.560189059004188 ], [ 354682.727423119125888, 6875822.420062974095345 ], [ 354735.616375397716183, 6875823.066903285682201 ], [ 354735.251252536079846, 6875852.926772065460682 ], [ 354788.140330692578573, 6875853.573372709564865 ], [ 354787.77534407080384, 6875883.433236354030669 ], [ 354814.219946980825625, 6875883.756446299143136 ], [ 354814.584867088415194, 6875853.896584672853351 ], [ 354893.91846555727534, 6875854.865867121145129 ], [ 354894.283189331006724, 6875825.006010447628796 ], [ 354920.727652066387236, 6875825.328988801687956 ], [ 354920.362994807306677, 6875855.18884345702827 ], [ 354973.252047950285487, 6875855.83461941126734 ], [ 354972.887526926584542, 6875885.694468935020268 ], [ 354999.332117334008217, 6875886.017266537062824 ], [ 354998.967666029988322, 6875915.877112947404385 ], [ 355051.856974517228082, 6875916.52252740226686 ], [ 355051.492659444222227, 6875946.382368683815002 ], [ 355077.937377523223404, 6875946.704985537566245 ], [ 355077.573132166988216, 6875976.564823704771698 ], [ 355104.017914975294843, 6875976.887379639782012 ], [ 355103.653739334491547, 6876006.747214693576097 ], [ 355130.098586869891733, 6876007.069709710776806 ], [ 355129.734480943297967, 6876036.929541651159525 ], [ 355156.17939320608275, 6876037.251975749619305 ], [ 355155.815356992708985, 6876067.111804578453302 ], [ 355102.925397663202602, 6876066.466881504282355 ], [ 355102.197068805689923, 6876126.186543918214738 ], [ 355128.642182380775921, 6876126.509030877612531 ], [ 355128.278089265804738, 6876156.368858422152698 ], [ 355154.723267565888818, 6876156.69128446560353 ], [ 355154.359244161518291, 6876186.55110889673233 ], [ 355127.913999353593681, 6876186.228684866800904 ], [ 355127.549912644375581, 6876216.088510213419795 ], [ 355048.213967995718122, 6876215.120890748687088 ], [ 355047.849684969172813, 6876244.980721039697528 ], [ 355021.404300010821316, 6876244.658065430819988 ], [ 355021.039953682688065, 6876274.517896637320518 ], [ 354994.594500433187932, 6876274.195184142328799 ], [ 354994.230090804689098, 6876304.055016263388097 ], [ 354967.784569264214952, 6876303.732246882282197 ], [ 354967.420096336398274, 6876333.592079920694232 ], [ 354940.974506504600868, 6876333.26925365626812 ], [ 354939.151857445482165, 6876482.568412453867495 ], [ 354965.597779794305097, 6876482.891228634864092 ], [ 354965.233326105284505, 6876512.751055081374943 ], [ 354991.679313169326633, 6876513.07381035014987 ], [ 354991.31492918782169, 6876542.933633682318032 ], [ 355017.760980967315845, 6876543.256328035145998 ], [ 355017.396666692104191, 6876573.11614825297147 ], [ 355043.842783186701126, 6876573.438781690783799 ], [ 355070.288897895894479, 6876573.761356236413121 ], [ 355069.924719825619832, 6876603.62117132358253 ], [ 355096.370899251080118, 6876603.943684954196215 ], [ 355096.006790884188376, 6876633.803496927022934 ], [ 355122.453035023994744, 6876634.125949647277594 ], [ 355122.088996359088924, 6876663.985758505761623 ], [ 355148.535305213415995, 6876664.308150313794613 ], [ 355147.443407929327805, 6876753.8875642567873 ], [ 355173.889914491679519, 6876754.209891128353775 ], [ 355173.526021631492767, 6876784.069691563025117 ], [ 355199.972592906618956, 6876784.391957524232566 ], [ 355199.24494978209259, 6876844.111551072448492 ], [ 355225.691652264387812, 6876844.433754114434123 ], [ 355225.327901998476591, 6876874.293547225184739 ], [ 355251.774669192323927, 6876874.61568935867399 ], [ 355252.138352963898797, 6876844.755898262374103 ], [ 355305.031749015382957, 6876845.40000987611711 ], [ 355304.668198232189752, 6876875.259796949103475 ], [ 355357.561720145109575, 6876875.903668964281678 ], [ 355357.925137939921115, 6876846.043885912746191 ], [ 355384.371829729119781, 6876846.365735590457916 ], [ 355384.735184227, 6876816.505953451618552 ], [ 355411.181807741173543, 6876816.827746246010065 ], [ 355411.545098941074684, 6876786.967965018004179 ], [ 355437.991654179408215, 6876787.28970092907548 ], [ 355438.354882079991512, 6876757.429920613765717 ], [ 355491.247854225628544, 6876758.073219769634306 ], [ 355491.610952329298016, 6876728.213442373089492 ], [ 355544.503784362692386, 6876728.85650996863842 ], [ 355544.866752667818218, 6876698.99673548899591 ], [ 355571.313099520106334, 6876699.318182951770723 ], [ 355571.676004521315917, 6876669.458409382030368 ], [ 355624.568559894512873, 6876670.10113163664937 ], [ 355624.205787888204213, 6876699.960901192389429 ], [ 355650.652129404828884, 6876700.282171968370676 ], [ 355651.014834913890809, 6876670.422404420562088 ], [ 355677.461108156072441, 6876670.743618308566511 ], [ 355677.823750358482357, 6876640.883851669728756 ], [ 355704.26995532627916, 6876641.205008666962385 ], [ 355704.632534221105743, 6876611.345242934301496 ], [ 355757.524805828579701, 6876611.98738425411284 ], [ 355757.162359930691309, 6876641.847145978361368 ], [ 355862.947147827828303, 6876643.130713843740523 ], [ 355862.584971110103652, 6876672.990466446615756 ], [ 355889.031230144028086, 6876673.311209170147777 ], [ 355888.669123109779321, 6876703.170958669856191 ], [ 355994.454407491313759, 6876704.453332596458495 ], [ 355994.092569628905039, 6876734.313072984106839 ], [ 356311.449050574272405, 6876738.154516836628318 ], [ 356311.810090482293162, 6876708.294800448231399 ], [ 356417.595261497714091, 6876709.573405097238719 ], [ 356417.234487573383376, 6876739.433113498613238 ], [ 356496.573546756990254, 6876740.391442605294287 ], [ 356496.934121193713509, 6876710.531740191392601 ], [ 356549.826685487176292, 6876711.170335780829191 ], [ 356549.466244041977916, 6876741.030034204013646 ], [ 356575.912590035586618, 6876741.34924166277051 ], [ 356575.552218257100321, 6876771.208936991170049 ], [ 356734.230656107072718, 6876773.122933007776737 ], [ 356734.590628915291745, 6876743.263249636627734 ], [ 356787.483294424717315, 6876743.900781143456697 ], [ 356787.8431374093052, 6876714.041100654751062 ], [ 356814.289401022309903, 6876714.359780058264732 ], [ 356814.649180677020922, 6876684.500100459903479 ], [ 356841.095376032171771, 6876684.818722958676517 ], [ 356841.814811844727956, 6876625.099364440888166 ], [ 357000.49114900152199, 6876627.009886523708701 ], [ 357000.131828495301306, 6876656.86955439671874 ], [ 357026.577945020922925, 6876657.187766622751951 ], [ 357025.859446485177614, 6876716.907095092348754 ], [ 357052.305694241193123, 6876717.225244447588921 ], [ 357051.946516209980473, 6876747.084905043244362 ], [ 357078.392828701413237, 6876747.40299351606518 ], [ 357078.03372032509651, 6876777.262651025317609 ], [ 357157.372846724581905, 6876778.216557123698294 ], [ 357157.731755617191084, 6876748.35690557770431 ], [ 357184.178061070910189, 6876748.674758478999138 ], [ 357184.536906626424752, 6876718.815107815898955 ], [ 357210.983143826306332, 6876719.132903806865215 ], [ 357211.341926043794956, 6876689.273254029452801 ], [ 357237.788094990304671, 6876689.590993112884462 ], [ 357238.146813868312165, 6876659.731344219297171 ], [ 357264.592914559587371, 6876660.049026392400265 ], [ 357264.951570097182412, 6876630.189378380775452 ], [ 357291.397602534678299, 6876630.507003643549979 ], [ 357291.756194730696734, 6876600.647356515750289 ], [ 357318.202158914180472, 6876600.964924868196249 ], [ 357318.919219775183592, 6876541.245631275698543 ], [ 357345.365049204498064, 6876541.563144700601697 ], [ 357345.723517867678311, 6876511.703498234041035 ], [ 357372.169279042689595, 6876512.020954746752977 ], [ 357372.5276843602187, 6876482.161309162154794 ], [ 357425.419068441202398, 6876482.7960494607687 ], [ 357425.060796122706961, 6876512.655691079795361 ], [ 357477.952306181308813, 6876513.290191827341914 ], [ 357478.310445501003414, 6876483.430554172955453 ], [ 357504.756131399073638, 6876483.747718183323741 ], [ 357505.11420736979926, 6876453.888081409037113 ], [ 357531.559825012693182, 6876454.205188504420221 ], [ 357531.917837633227464, 6876424.345552607439458 ], [ 357558.363387021003291, 6876424.662602785974741 ], [ 357558.721336290123872, 6876394.802967768162489 ], [ 357585.16681742441142, 6876395.119961030781269 ], [ 357585.52470334089594, 6876365.26032689306885 ], [ 357611.970116219483316, 6876365.577263235114515 ], [ 357611.61229680449469, 6876395.436895394697785 ], [ 357664.503250305599067, 6876396.070587429217994 ], [ 357664.86093671747949, 6876366.210959229618311 ], [ 357770.642556687118486, 6876367.477644441649318 ], [ 357770.99998023750959, 6876337.618023050017655 ], [ 357797.445314349315595, 6876337.934549086727202 ], [ 357797.802674541599117, 6876308.074928570538759 ], [ 357824.24794039997505, 6876308.391397684812546 ], [ 357824.605237233103253, 6876278.531778043136001 ], [ 357851.050434838107321, 6876278.848190234974027 ], [ 357851.407668310799636, 6876248.988571466878057 ], [ 357904.297925264108926, 6876249.621223107911646 ], [ 357904.655028871027753, 6876219.761607186868787 ], [ 358195.550585554679856, 6876223.23700163140893 ], [ 358195.194213491980918, 6876253.096595844253898 ], [ 358221.6393201216124, 6876253.412185426801443 ], [ 358221.283017697394826, 6876283.271776566281915 ], [ 358274.173358728177845, 6876283.902775094844401 ], [ 358274.529528146085795, 6876254.043187895789742 ], [ 358353.864827097277157, 6876254.989249859936535 ], [ 358354.220800137205515, 6876225.129667467437685 ], [ 358486.445930998306721, 6876226.705269273370504 ], [ 358486.801574648707174, 6876196.845695617608726 ], [ 358539.69148178800242, 6876197.475527983158827 ], [ 358540.046995557728224, 6876167.615957158617675 ], [ 358566.49188000918366, 6876167.930786959826946 ], [ 358566.847330401127692, 6876138.071216998621821 ], [ 358593.292146607593168, 6876138.385989864356816 ], [ 358593.647533620591275, 6876108.526420765556395 ], [ 358646.53702779870946, 6876109.15579372830689 ], [ 358646.892284925328568, 6876079.29622745886445 ], [ 358699.7816391303204, 6876079.925368748605251 ], [ 358700.136766368173994, 6876050.065805303864181 ], [ 358726.581374354602303, 6876050.380289562046528 ], [ 358726.226313623425085, 6876080.239851041696966 ], [ 358752.670986377517693, 6876080.554274436086416 ], [ 358752.315995275799651, 6876110.413832849822938 ], [ 358778.760732797905803, 6876110.728195381350815 ], [ 358779.470585111004766, 6876051.009081376716495 ], [ 358805.915187880396843, 6876051.323388931341469 ], [ 358806.270052212872542, 6876021.463832238689065 ], [ 358832.714586737507489, 6876021.778082855045795 ], [ 358833.069387683703098, 6875991.918527020141482 ], [ 358938.847242376825307, 6875993.174948322586715 ], [ 358939.556321562791709, 6875933.455849035643041 ], [ 358966.000647876877338, 6875933.769811027683318 ], [ 358966.70960651797941, 6875874.050711249001324 ], [ 358913.821218192402739, 6875873.422720517963171 ], [ 358914.175835211179219, 6875843.563165051862597 ], [ 358940.61996373150032, 6875843.877191830426455 ], [ 358940.97451735829236, 6875814.017637223005295 ], [ 359073.194801366596948, 6875815.586897361092269 ], [ 359073.549025553220417, 6875785.727351445704699 ], [ 359099.993010637175757, 6875786.041028723120689 ], [ 359100.347171427216381, 6875756.181483661755919 ], [ 359126.791088266007137, 6875756.495103993453085 ], [ 359128.561606372299138, 6875607.197371936403215 ], [ 359155.005188906099647, 6875607.510943150147796 ], [ 359155.359235355106648, 6875577.651395387016237 ], [ 359181.802749640424736, 6875577.96490965038538 ], [ 359182.15673268691171, 6875548.105362740345299 ], [ 359208.600178723689169, 6875548.418820056132972 ], [ 359209.661946990701836, 6875458.840178572572768 ], [ 359236.105191741196904, 6875459.153582851402462 ], [ 359236.459054203704, 6875429.294035438448191 ], [ 359210.015875971817877, 6875428.98062920384109 ], [ 359210.369808065413963, 6875399.121078729629517 ], [ 359236.812919778225478, 6875399.434486921876669 ], [ 359238.228413196920883, 6875279.99628182221204 ], [ 359264.671257096575573, 6875280.309638926759362 ], [ 359265.73271026922157, 6875190.730979380197823 ], [ 359292.175352868682239, 6875191.044283440336585 ], [ 359292.529110291972756, 6875161.184730005450547 ], [ 359318.971684635675047, 6875161.497977110557258 ], [ 359319.325378645618912, 6875131.638424527831376 ], [ 359345.767884735076223, 6875131.951614677906036 ], [ 359346.475149035279173, 6875072.232510107569396 ], [ 359372.91752034262754, 6875072.545645252801478 ], [ 359373.624664028815459, 6875012.826540174894035 ], [ 359400.066900554520544, 6875013.139620318077505 ], [ 359400.420410534075927, 6874983.280068077147007 ], [ 359373.9782405354199, 6874982.966985981911421 ], [ 359374.331820151011925, 6874953.107430683448911 ], [ 359506.54232020751806, 6874954.672261784784496 ], [ 359506.895570290915202, 6874924.81271514762193 ], [ 359533.337598586804233, 6874925.125506579875946 ], [ 359532.984415031678509, 6874954.985051264986396 ], [ 359612.31068913557101, 6874955.923066221177578 ], [ 359611.957708268484566, 6874985.782603951171041 ], [ 359664.842015422997065, 6874986.407648786902428 ], [ 359665.194863235286903, 6874956.54811495821923 ], [ 359956.057697394920979, 6874959.981670691631734 ], [ 359956.761938708310481, 6874900.262642572633922 ], [ 359983.203871140081901, 6874900.574434413574636 ], [ 359983.555929912312422, 6874870.714920643717051 ], [ 360009.99779409338953, 6874871.026655514724553 ], [ 360010.349789431609679, 6874841.16714258491993 ], [ 359983.907991779909935, 6874840.855405769310892 ], [ 359984.26005674310727, 6874810.995889787562191 ], [ 360010.701787864789367, 6874811.307628552429378 ], [ 360011.053789392928593, 6874781.44811341073364 ], [ 359984.612124801671598, 6874781.136372704058886 ], [ 359984.964195956010371, 6874751.276854515075684 ], [ 360011.405794016085565, 6874751.588597168214619 ], [ 360011.75780173408566, 6874721.729079818353057 ], [ 360038.199331538926344, 6874722.040765499696136 ], [ 360038.903223194705788, 6874662.32173137832433 ], [ 360118.227403086202685, 6874663.256446588784456 ], [ 360118.930907917092554, 6874603.537419710308313 ], [ 360145.372164705418982, 6874603.848877499811351 ], [ 360146.075548837077804, 6874544.129850087687373 ], [ 360172.516670834796969, 6874544.441252844408154 ], [ 360174.274852589005604, 6874395.143674694001675 ], [ 360147.83406327519333, 6874394.832262225449085 ], [ 360148.185775438789278, 6874364.972741338424385 ], [ 360174.626498213910963, 6874365.284155749715865 ], [ 360174.978146930108778, 6874335.424635699018836 ], [ 360201.418801445513964, 6874335.735993133857846 ], [ 360201.770386713324115, 6874305.876473922282457 ], [ 360228.210972970875446, 6874306.18777437787503 ], [ 360228.562494789075572, 6874276.328255999833345 ], [ 360255.003012786095496, 6874276.639499476179481 ], [ 360255.705932610784657, 6874216.92046329099685 ], [ 360282.146315807884093, 6874217.231651726178825 ], [ 360282.497713812626898, 6874187.372133918106556 ], [ 360308.938028748671059, 6874187.683265371248126 ], [ 360309.289363299903926, 6874157.823748396709561 ], [ 360388.610098173376173, 6874158.756795043125749 ], [ 360388.961236183822621, 6874128.897282782010734 ], [ 360415.401411164086312, 6874129.208182425238192 ], [ 360415.752485717472155, 6874099.348670998588204 ], [ 360442.192592437611893, 6874099.659513656049967 ], [ 360442.543603532714769, 6874069.800003064796329 ], [ 360468.983641992206685, 6874070.110788735561073 ], [ 360469.334589628328104, 6874040.251278975978494 ], [ 360495.774559826997574, 6874040.562007661908865 ], [ 360495.423678735794965, 6874070.421515483409166 ], [ 360627.623836724320427, 6874071.974265366792679 ], [ 360627.974385092791636, 6874042.114767229184508 ], [ 360654.41434500250034, 6874042.425142370164394 ], [ 360654.063863178482279, 6874072.284638573415577 ], [ 360706.943910946079995, 6874072.905208213254809 ], [ 360707.294259681075346, 6874043.045715880580246 ], [ 360760.174167508201208, 6874043.666053694672883 ], [ 360760.524386232718825, 6874013.806564126163721 ], [ 360786.964271031727549, 6874014.116646581329405 ], [ 360788.01474603760289, 6873924.538177035748959 ], [ 360814.454429486824665, 6873924.848206367343664 ], [ 360816.20494997681817, 6873775.550744681619108 ], [ 360842.644298972387332, 6873775.860724750906229 ], [ 360842.994345751882065, 6873746.001231029629707 ], [ 360895.872905510186683, 6873746.621018251404166 ], [ 360896.222822265001014, 6873716.761527288705111 ], [ 360869.783609791425988, 6873716.451661207713187 ], [ 360870.833578163001221, 6873626.873175891116261 ], [ 360897.272590980981477, 6873627.183047764934599 ], [ 360897.972452168527525, 6873567.464055885560811 ], [ 361003.727953910827637, 6873568.702969543635845 ], [ 361004.077622901182622, 6873538.843479668721557 ], [ 361083.394031600502785, 6873539.772051939740777 ], [ 361083.743504000070971, 6873509.912566746585071 ], [ 361110.182236929482315, 6873510.22197490837425 ], [ 361110.531645845272578, 6873480.362490537576377 ], [ 361136.970310510718264, 6873480.671841696836054 ], [ 361137.319655941391829, 6873450.81235815025866 ], [ 361163.758252345083747, 6873451.12165230512619 ], [ 361164.456819303799421, 6873391.402685748413205 ], [ 361217.333740762725938, 6873392.021104976534843 ], [ 361217.682895731471945, 6873362.161623894236982 ], [ 361296.99806545348838, 6873363.088816529139876 ], [ 361298.742887936299667, 6873213.791423421353102 ], [ 361325.180941637721844, 6873214.100379397161305 ], [ 361325.529848773090634, 6873184.240899381227791 ], [ 361351.967834208218846, 6873184.549798348918557 ], [ 361352.316677848109975, 6873154.690319152548909 ], [ 361378.754595018923283, 6873154.999161112122238 ], [ 361379.103375162289012, 6873125.13968273345381 ], [ 361405.541224066575523, 6873125.448467682115734 ], [ 361407.284837936516851, 6872976.151068817824125 ], [ 361433.722352319397032, 6872976.459804451093078 ], [ 361434.071017720387317, 6872946.600323282182217 ], [ 361460.508463834703434, 6872946.909001902677119 ], [ 361460.857065733289346, 6872917.049521553330123 ], [ 361487.294443578924984, 6872917.35814315918833 ], [ 361486.945908245979808, 6872947.217621587216854 ], [ 361592.69566886901157, 6872948.451510953716934 ], [ 361593.043937938811723, 6872918.592040215618908 ], [ 361698.793405078700744, 6872919.824994279071689 ], [ 361699.141410943586379, 6872889.96553011611104 ], [ 361752.01600118028, 6872890.581657364033163 ], [ 361752.363876969495323, 6872860.722195935435593 ], [ 361884.549989996477962, 6872862.261492245830595 ], [ 361884.897536006115843, 6872832.402039299719036 ], [ 361937.771836197702214, 6872833.017349096015096 ], [ 361938.11925212549977, 6872803.157898876816034 ], [ 362070.304640074027702, 6872804.695151533931494 ], [ 362070.651726213283837, 6872774.835709785111248 ], [ 362097.088732147181872, 6872775.142985418438911 ], [ 362097.782780435984023, 6872715.424102428369224 ], [ 362150.656520945427474, 6872716.038484532386065 ], [ 362151.003416523395572, 6872686.179045205004513 ], [ 362177.440217666618992, 6872686.486149760894477 ], [ 362177.093388658191543, 6872716.345587174408138 ], [ 362203.530254677229095, 6872716.652630878612399 ], [ 362203.877017115824856, 6872686.793195377103984 ], [ 362256.75061093387194, 6872687.407109794206917 ], [ 362257.097243278520182, 6872657.547677010297775 ], [ 362336.407421599084046, 6872658.468112323433161 ], [ 362336.753857276518829, 6872628.608684167265892 ], [ 362389.627167888800614, 6872629.222016831859946 ], [ 362389.280865352775436, 6872659.081441167742014 ], [ 362574.337865233421326, 6872661.226235525682569 ], [ 362574.683701775385998, 6872631.366824552416801 ], [ 362627.55698196607409, 6872631.979096298106015 ], [ 362627.211278565227985, 6872661.838503456674516 ], [ 362653.647982698923443, 6872662.144549013115466 ], [ 362653.302348904893734, 6872692.003953158855438 ], [ 362679.739117919292767, 6872692.30993786919862 ], [ 362680.084685143490788, 6872662.450535631738603 ], [ 362706.521385901025496, 6872662.756463308818638 ], [ 362706.866889590804931, 6872632.89706187043339 ], [ 362733.303522091300692, 6872633.202932517044246 ], [ 362733.648962245613802, 6872603.343531872145832 ], [ 362760.085526486916933, 6872603.649345483630896 ], [ 362760.43090310448315, 6872573.78994563780725 ], [ 362786.867399088921957, 6872574.095702214166522 ], [ 362787.212712168577127, 6872544.236303165555 ], [ 362813.649139893706888, 6872544.542002705857158 ], [ 362813.303893385920674, 6872574.401399848982692 ], [ 362839.740385997400153, 6872574.707038542255759 ], [ 362839.395209094218444, 6872604.56643267441541 ], [ 362918.704876530973706, 6872605.482989406213164 ], [ 362918.359902372409124, 6872635.342376717366278 ], [ 362997.669754358299542, 6872636.258397284895182 ], [ 362997.324982940685004, 6872666.117777783423662 ], [ 363023.761663471523207, 6872666.42299819085747 ], [ 363024.106368319015019, 6872636.563619595021009 ], [ 363050.542980596306734, 6872636.868782964535058 ], [ 363050.887621901812963, 6872607.009405162185431 ], [ 363103.760708265705034, 6872607.61955888569355 ], [ 363104.105219456716441, 6872577.760183774866164 ], [ 363130.541693544597365, 6872578.065174128860235 ], [ 363130.886141190596391, 6872548.205799808725715 ], [ 363263.068153545085806, 6872549.729876967146993 ], [ 363263.412271356093697, 6872519.870511033572257 ], [ 363289.848602212325204, 6872520.175151540897787 ], [ 363289.5045509734191, 6872550.034515578299761 ], [ 363315.940946721704677, 6872550.339095247909427 ], [ 363316.284931388508994, 6872520.47973310854286 ], [ 363422.030231299286243, 6872521.697469975799322 ], [ 363422.717677115811966, 6872461.97875754814595 ], [ 363396.281487802800257, 6872461.674407949671149 ], [ 363396.969078845577314, 6872401.955687294714153 ], [ 363423.405135010601953, 6872402.260040683671832 ], [ 363424.092604983481579, 6872342.541319386102259 ], [ 363503.400363960885443, 6872343.454037272371352 ], [ 363503.743903748807497, 6872313.594680646434426 ], [ 363556.61560152831953, 6872314.202868311665952 ], [ 363556.959011180908419, 6872284.343514365144074 ], [ 363583.394790978985839, 6872284.647521677426994 ], [ 363583.738137071020901, 6872254.788168515078723 ], [ 363610.173848616599571, 6872255.092118778266013 ], [ 363610.517131147091277, 6872225.232766397297382 ], [ 363689.824055994627997, 6872226.14426920004189 ], [ 363690.167141806101426, 6872196.284921389073133 ], [ 363716.602713493804913, 6872196.588639659807086 ], [ 363718.317854856606573, 6872047.291893430054188 ], [ 363744.753091971389949, 6872047.595562214031816 ], [ 363745.439036444120575, 6871987.876859741285443 ], [ 363745.782013199001085, 6871958.017506839707494 ], [ 363719.346975830500014, 6871957.713832384906709 ], [ 363719.690022181195673, 6871927.854476482607424 ], [ 363693.255049722327385, 6871927.550741189159453 ], [ 363693.598165669711307, 6871897.6913822889328 ], [ 363667.163258120825049, 6871897.387586154043674 ], [ 363667.506443666410632, 6871867.528224253095686 ], [ 363641.071601025876589, 6871867.224367278628051 ], [ 363641.414856170827989, 6871837.365002375096083 ], [ 363614.980078441498335, 6871837.061084561049938 ], [ 363615.323403186688665, 6871807.201716656796634 ], [ 363588.888690366409719, 6871806.897738000378013 ], [ 363589.232084713294171, 6871777.038367095403373 ], [ 363536.362787219579332, 6871776.430229146964848 ], [ 363536.706317756383214, 6871746.570853346958756 ], [ 363483.837146729580127, 6871745.962475813925266 ], [ 363484.180813458806369, 6871716.103095116093755 ], [ 363431.311768899788149, 6871715.494477993808687 ], [ 363431.65557182347402, 6871685.635092399083078 ], [ 363246.614329121890478, 6871683.503062255680561 ], [ 363246.958601187798195, 6871653.643662276677787 ], [ 363220.524197816790547, 6871653.338848842307925 ], [ 363220.868539495917503, 6871623.479445856064558 ], [ 363194.434201034193393, 6871623.174571570940316 ], [ 363194.778612327587325, 6871593.315165579319 ], [ 363115.475786628609058, 6871592.400183318182826 ], [ 363115.820400719414465, 6871562.540770520456135 ], [ 363089.38618871581275, 6871562.235656630247831 ], [ 363089.041508033988066, 6871592.095071326941252 ], [ 362956.870089824311435, 6871590.568627084605396 ], [ 362957.215103461407125, 6871560.709202885627747 ], [ 362930.780881361686625, 6871560.403735280036926 ], [ 362931.125964620383456, 6871530.544308070093393 ], [ 362904.691807428025641, 6871530.23877960909158 ], [ 362905.036960309604183, 6871500.379349388182163 ], [ 362878.60286802687915, 6871500.073760071769357 ], [ 362878.948090532212518, 6871470.214326839894056 ], [ 362852.514063157024793, 6871469.908676667138934 ], [ 362852.85935528750997, 6871440.049240425229073 ], [ 362826.425392821896821, 6871439.743529395200312 ], [ 362826.770754578814376, 6871409.884090143255889 ], [ 362800.336857023125049, 6871409.578318255022168 ], [ 362800.682288407522719, 6871379.718875989317894 ], [ 362774.248455760185607, 6871379.413043243810534 ], [ 362774.593956773285754, 6871349.553597967140377 ], [ 362748.160189037211239, 6871349.247704363428056 ], [ 362748.505759680178016, 6871319.388256072998047 ], [ 362695.638352340727579, 6871318.776288187131286 ], [ 362695.984059211390559, 6871288.916834981180727 ], [ 362643.116778320283629, 6871288.304627461358905 ], [ 362643.462621421320364, 6871258.445169335231185 ], [ 362617.029045042698272, 6871258.138975234702229 ], [ 362616.68313534441404, 6871287.99843526724726 ], [ 362590.249490681104362, 6871287.692184115760028 ], [ 362589.90351742337225, 6871317.551644946448505 ], [ 362563.469804475607816, 6871317.24533674493432 ], [ 362563.123767659591977, 6871347.104798373766243 ], [ 362536.689986428187694, 6871346.798433124087751 ], [ 362537.036089840286877, 6871316.938969590701163 ], [ 362484.168655502784532, 6871316.326058408245444 ], [ 362483.822418897878379, 6871346.185525760054588 ], [ 362404.521054935117718, 6871345.265722543001175 ], [ 362404.174621583078988, 6871375.125194511376321 ], [ 362377.740763620182406, 6871374.818477436900139 ], [ 362378.087263567722403, 6871344.959003559313715 ], [ 362245.918281369726174, 6871343.424524308182299 ], [ 362246.265117342525627, 6871313.565039770677686 ], [ 362219.831382425676566, 6871313.257965140976012 ], [ 362220.178288041322958, 6871283.398477585986257 ], [ 362193.744618028809782, 6871283.091342087835073 ], [ 362194.091593288292643, 6871253.231851514428854 ], [ 362167.657988180988468, 6871252.924655147828162 ], [ 362168.005033085704781, 6871223.06516155321151 ], [ 362141.571492884017061, 6871222.757904318161309 ], [ 362141.918607435014565, 6871192.898407703265548 ], [ 362089.05165515007684, 6871192.283712532371283 ], [ 362089.398905948095489, 6871162.424210983328521 ], [ 362062.965493864903692, 6871162.11677304841578 ], [ 362063.312814312172122, 6871132.257268479093909 ], [ 362089.74615979520604, 6871132.564708328805864 ], [ 362090.787939630798064, 6871042.986193717457354 ], [ 362064.35479395207949, 6871042.678748128004372 ], [ 362064.702126597985625, 6871012.819239129312336 ], [ 362011.835963363584597, 6871012.204167243093252 ], [ 362012.183432265592273, 6870982.344653308391571 ], [ 361985.750414709327742, 6870982.037027012556791 ], [ 361986.445494873623829, 6870922.317991992458701 ], [ 361960.012608832214028, 6870922.010302904993296 ], [ 361961.055451780383009, 6870832.431736323982477 ], [ 361987.488138004904613, 6870832.739431153051555 ], [ 361988.18324868218042, 6870773.020385057665408 ], [ 362014.615799999097362, 6870773.328024756163359 ], [ 362014.963293306704145, 6870743.46850195992738 ], [ 361988.530808597803116, 6870743.160860350355506 ], [ 361988.87837156461319, 6870713.301334531977773 ], [ 361962.445951770874672, 6870712.993632041849196 ], [ 361963.141220077115577, 6870653.274573259055614 ], [ 361936.708931806788314, 6870652.966807977296412 ], [ 361937.404345541785005, 6870593.247740929946303 ], [ 361910.972188796789851, 6870592.939912851899862 ], [ 361911.667747965082526, 6870533.220837545581162 ], [ 361938.099771486187819, 6870533.528669454157352 ], [ 361939.142933295923285, 6870443.950053934939206 ], [ 361912.711109614698216, 6870443.642216281965375 ], [ 361913.406699312501587, 6870383.923129899427295 ], [ 361939.838389764190651, 6870384.230971383862197 ], [ 361940.18612257699715, 6870354.371428445912898 ], [ 361966.61774471757235, 6870354.679212875664234 ], [ 361966.965413966274355, 6870324.819670746102929 ], [ 362019.828519931877963, 6870325.435066526755691 ], [ 362020.523601116612554, 6870265.71598660107702 ], [ 361994.09218221437186, 6870265.408314365893602 ], [ 361996.177898698311765, 6870086.251036515459418 ], [ 361969.746877819474321, 6870085.943293827585876 ], [ 361970.442274299683049, 6870026.224188522435725 ], [ 361944.01138496940257, 6870025.916383033618331 ], [ 361944.359154409612529, 6869996.056826804764569 ], [ 361917.928330006601755, 6869995.748960429802537 ], [ 361918.276169122371357, 6869965.88940117880702 ], [ 361891.845409649075009, 6869965.581473916769028 ], [ 361892.541230287402868, 6869905.862348262220621 ], [ 361866.110602365923114, 6869905.554358194582164 ], [ 361866.806568468571641, 6869845.835224278271198 ], [ 361893.237063139327802, 6869846.143218174576759 ], [ 361893.584984145418275, 6869816.283651471138 ], [ 361920.015410493710078, 6869816.591588308103383 ], [ 361920.71112841181457, 6869756.8724554060027 ], [ 361894.280835317622405, 6869756.564514739438891 ], [ 361894.628765483794268, 6869726.704944711178541 ], [ 361868.198537321295589, 6869726.396943152882159 ], [ 361870.28658221848309, 6869547.239488236606121 ], [ 361843.856752141728066, 6869546.931416211649776 ], [ 361844.204836945282295, 6869517.071834599599242 ], [ 361817.775071805575863, 6869516.763701681047678 ], [ 361818.123226296389475, 6869486.904117045924067 ], [ 361791.693526092509273, 6869486.595923230051994 ], [ 361792.041750271688215, 6869456.736335572786629 ], [ 361765.612115005787928, 6869456.42808086425066 ], [ 361765.960408874496352, 6869426.56849018111825 ], [ 361739.530838546110317, 6869426.260174576193094 ], [ 361739.879202105628792, 6869396.400580868124962 ], [ 361713.449696715106256, 6869396.09220436681062 ], [ 361713.79812996648252, 6869366.232607634738088 ], [ 361687.368689514871221, 6869365.924170235171914 ], [ 361687.717192459385842, 6869336.064570480026305 ], [ 361661.287816945288796, 6869335.756072180345654 ], [ 361661.636389584105927, 6869305.896469399333 ], [ 361635.20707900938578, 6869305.587910202331841 ], [ 361635.555721343727782, 6869275.728304393589497 ], [ 361609.126475708093494, 6869275.419684298336506 ], [ 361609.475187739182729, 6869245.560075463727117 ], [ 361530.18764055572683, 6869244.633855526335537 ], [ 361530.536555561004207, 6869214.774239828810096 ], [ 361504.107436407182831, 6869214.46537996456027 ], [ 361504.456421112816315, 6869184.605761240236461 ], [ 361451.598310984612908, 6869183.987860724329948 ], [ 361451.947432031272911, 6869154.1282370518893 ], [ 361425.518441056890879, 6869153.819196399301291 ], [ 361425.867631806817371, 6869123.959569697268307 ], [ 361399.438705771928653, 6869123.650468138046563 ], [ 361399.787966226227582, 6869093.790838409215212 ], [ 361241.214774142310489, 6869091.934978865087032 ], [ 361241.564437509572599, 6869062.075336492620409 ], [ 361188.706826480804011, 6869061.456240923143923 ], [ 361189.056626200093888, 6869031.59659359883517 ], [ 361162.627884774410632, 6869031.28695541061461 ], [ 361163.327626706101, 6868971.567653589881957 ], [ 361136.899016861920245, 6868971.257952568121254 ], [ 361137.248959075892344, 6868941.398298073559999 ], [ 361110.820414173300378, 6868941.088536139577627 ], [ 361111.170426102122292, 6868911.228878612630069 ], [ 361137.598904360202141, 6868911.538642469793558 ], [ 361138.298804139019921, 6868851.81932794302702 ], [ 361164.727147403697018, 6868852.129036663100123 ], [ 361166.47661733959103, 6868702.830740593373775 ], [ 361192.904625663009938, 6868703.140399944968522 ], [ 361193.254462209413759, 6868673.280739334411919 ], [ 361219.682402182021178, 6868673.590341621078551 ], [ 361220.032175147614907, 6868643.730681825429201 ], [ 361246.460046767373569, 6868644.040227046236396 ], [ 361246.809756150876638, 6868614.180568068288267 ], [ 361273.237559417902958, 6868614.490056221373379 ], [ 361273.936854085826781, 6868554.770738787017763 ], [ 361300.364522350020707, 6868555.080171794630587 ], [ 361300.714107632695232, 6868525.220513340085745 ], [ 361353.569305752404034, 6868525.839206228032708 ], [ 361353.918760796426795, 6868495.979550508782268 ], [ 361512.48391443642322, 6868497.834224906750023 ], [ 361512.134859307028819, 6868527.693869105540216 ], [ 361538.562445618677884, 6868528.002773115411401 ], [ 361539.26042563439114, 6868468.283487451262772 ], [ 361512.832972627773415, 6868467.974579601548612 ], [ 361514.229236010985915, 6868348.535987307317555 ], [ 361487.802047923498321, 6868348.227012789808214 ], [ 361488.500331298098899, 6868288.50770615786314 ], [ 361567.781490529072471, 6868289.4344642451033 ], [ 361568.130436839011963, 6868259.574815024621785 ], [ 361541.703452117217239, 6868259.265952738001943 ], [ 361542.052468145324383, 6868229.406300489790738 ], [ 361515.6255483829882, 6868229.09737728908658 ], [ 361515.974634130310733, 6868199.237722015939653 ], [ 361489.547779327782337, 6868198.928737903013825 ], [ 361489.896934795717243, 6868169.069079603068531 ], [ 361463.470144953287672, 6868168.760034572333097 ], [ 361463.819370142824482, 6868138.900373245589435 ], [ 361410.965918679023162, 6868138.282102362252772 ], [ 361411.315280251496006, 6868108.422436087392271 ], [ 361384.888618631171994, 6868108.113210230134428 ], [ 361386.985252383921761, 6867928.955177797935903 ], [ 361360.558989036013372, 6867928.645881420001388 ], [ 361361.258024799288251, 6867868.926524573937058 ], [ 361334.831893080321606, 6867868.617165355011821 ], [ 361336.579869461827911, 6867719.318744250573218 ], [ 361363.005667848105077, 6867719.628113076090813 ], [ 361363.355205653293524, 6867689.768427453935146 ], [ 361310.503740517015103, 6867689.149626961909235 ], [ 361310.853414725104813, 6867659.289936389774084 ], [ 361284.427746274683159, 6867658.980445721186697 ], [ 361284.777490218693856, 6867629.120752120390534 ], [ 361258.351886738324538, 6867628.811200526542962 ], [ 361258.70170041907113, 6867598.951503895223141 ], [ 361232.276161907182541, 6867598.641891377978027 ], [ 361233.32582136860583, 6867509.062789074145257 ], [ 361259.751159866515081, 6867509.372407360002398 ], [ 361261.150482073193416, 6867389.93359647039324 ], [ 361287.575552176102065, 6867390.243163437582552 ], [ 361288.275098333717324, 6867330.52375519182533 ], [ 361314.70003338722745, 6867330.833266995847225 ], [ 361315.04974439018406, 6867300.973563132807612 ], [ 361394.324339321523439, 6867301.901750274933875 ], [ 361393.974828346224967, 6867331.761448377743363 ], [ 361446.824683155806269, 6867332.379940936341882 ], [ 361447.174060779507272, 6867302.520246673375368 ], [ 361500.023775443492923, 6867303.138507045805454 ], [ 361500.373022777901497, 6867273.278815512545407 ], [ 361526.797810886695515, 6867273.587859109975398 ], [ 361527.496181387105025, 6867213.868476559408009 ], [ 361553.920834444114007, 6867214.177464983426034 ], [ 361554.968213120126165, 6867124.598388601094484 ], [ 361581.392664444399998, 6867124.907323772087693 ], [ 361582.090798839519266, 6867065.187937811017036 ], [ 361608.515115106827579, 6867065.496817806735635 ], [ 361608.864120214013383, 6867035.637125082314014 ], [ 361635.288368104200345, 6867035.945947987027466 ], [ 361635.986254133982584, 6866976.226563044823706 ], [ 361662.41036696487572, 6866976.535330772399902 ], [ 361663.457018903282005, 6866886.956250798888505 ], [ 361689.880929989099968, 6866887.264965264126658 ], [ 361690.229753401305061, 6866857.405271640047431 ], [ 361716.653596108197235, 6866857.71392900776118 ], [ 361717.002355893375352, 6866827.854236191138625 ], [ 361690.578579871507827, 6866827.54557690769434 ], [ 361691.973916330724023, 6866708.106786893680692 ], [ 361665.550405359477736, 6866707.798060934990644 ], [ 361666.597139876917936, 6866618.218951042741537 ], [ 361640.173827275575604, 6866617.910160322673619 ], [ 361640.522811587899923, 6866588.050452892668545 ], [ 361614.099563980824314, 6866587.741601242683828 ], [ 361614.44861804228276, 6866557.881890789605677 ], [ 361588.025435429590289, 6866557.572978208772838 ], [ 361588.374559241405223, 6866527.713264729827642 ], [ 361561.951441623328719, 6866527.404291215352714 ], [ 361562.30063518678071, 6866497.544574712403119 ], [ 361509.454528243979439, 6866496.92644680198282 ], [ 361509.803858252300415, 6866467.066725355572999 ], [ 361483.38086892751744, 6866466.757570958696306 ], [ 361483.730268690385856, 6866436.897846487350762 ], [ 361457.307344360975549, 6866436.588631154969335 ], [ 361457.656813879671972, 6866406.728903656825423 ], [ 361431.233954545285087, 6866406.419627389870584 ], [ 361431.583493820973672, 6866376.559896863996983 ], [ 361405.1606994838221, 6866376.250559660606086 ], [ 361405.510308517725207, 6866346.39082610886544 ], [ 361379.087579176179133, 6866346.081427969969809 ], [ 361379.437257969519123, 6866316.221691388636827 ], [ 361353.014593624509871, 6866315.912232312373817 ], [ 361353.364342178276274, 6866286.052492704242468 ], [ 361326.941742830327712, 6866285.742972688749433 ], [ 361327.291561145801097, 6866255.883230054751039 ], [ 361300.869026794622187, 6866255.573649099096656 ], [ 361301.218914872908499, 6866225.713903436437249 ], [ 361274.796445520478301, 6866225.404261539690197 ], [ 361275.146403362916317, 6866195.544512850232422 ], [ 361195.879185197001789, 6866194.615227283909917 ], [ 361195.529027261596639, 6866224.474981740117073 ], [ 361116.261593696195632, 6866223.54517076164484 ], [ 361115.911238738219254, 6866253.404929876327515 ], [ 360983.798481938720215, 6866251.854074140079319 ], [ 360984.149170383112505, 6866221.994305404834449 ], [ 360957.726680611318443, 6866221.683955273590982 ], [ 360958.077438827021979, 6866191.824183506891131 ], [ 360931.655014050193131, 6866191.513772430829704 ], [ 360932.005842038721312, 6866161.653997630812228 ], [ 360905.583482256392017, 6866161.343525608070195 ], [ 360905.934380018792581, 6866131.483747774735093 ], [ 360826.667490543273743, 6866130.55197180621326 ], [ 360827.018591480213217, 6866100.692187084816396 ], [ 360800.596358278300613, 6866100.38147512730211 ], [ 360800.947528992779553, 6866070.521687369793653 ], [ 360774.525360785890371, 6866070.210914462804794 ], [ 360774.876601279014722, 6866040.351123671978712 ], [ 360748.454498067498207, 6866040.040289814583957 ], [ 360748.80580834049033, 6866010.180495990440249 ], [ 360722.383770124695729, 6866009.869601181708276 ], [ 360722.735150178486947, 6865980.009804322384298 ], [ 360696.313176958588883, 6865979.698848563246429 ], [ 360696.66462679480901, 6865949.83904866501689 ], [ 360670.242718571214937, 6865949.52803195361048 ], [ 360670.59423819067888, 6865919.668229022994637 ], [ 360644.172394964494742, 6865919.357151360251009 ], [ 360644.523984368599486, 6865889.497345389798284 ], [ 360618.102206138020847, 6865889.186206773854792 ], [ 360618.453865327814128, 6865859.326397767290473 ], [ 360592.032152095111087, 6865859.015198197215796 ], [ 360592.38388107198989, 6865829.155386152677238 ], [ 360565.9622328368132, 6865828.844125627540052 ], [ 360566.314031601825263, 6865798.984310547821224 ], [ 360539.892448364524171, 6865798.672989067621529 ], [ 360540.596188556402922, 6865738.95335172303021 ], [ 360514.174737024586648, 6865738.641967356204987 ], [ 360515.230570562474895, 6865649.062497245147824 ], [ 360488.809317447186913, 6865648.751048057340086 ], [ 360489.161334837204777, 6865618.891220540739596 ], [ 360462.74014672258636, 6865618.579710396006703 ], [ 360463.092233907198533, 6865588.71987983956933 ], [ 360436.671110793016851, 6865588.408308735117316 ], [ 360438.07975722849369, 6865468.968967719003558 ], [ 360411.658899252710398, 6865468.657329858280718 ], [ 360412.011135288805235, 6865438.797489901073277 ], [ 360438.431926551507786, 6865439.109129697084427 ], [ 360438.784098960109986, 6865409.249290566891432 ], [ 360412.363374411128461, 6865408.93764884211123 ], [ 360412.715616619621869, 6865379.077806673012674 ], [ 360386.294957074685954, 6865378.76610398478806 ], [ 360386.647269084176514, 6865348.906258775852621 ], [ 360360.226674543810077, 6865348.594495125114918 ], [ 360361.283829241176136, 6865259.014947063289583 ], [ 360387.704223633219954, 6865259.326716509647667 ], [ 360388.056547989719547, 6865229.466866875067353 ], [ 360414.476873954117764, 6865229.778579225763679 ], [ 360414.829134679515846, 6865199.918730413541198 ], [ 360467.669648044509813, 6865200.541981878690422 ], [ 360467.31752075481927, 6865230.40182682685554 ], [ 360493.737841591704637, 6865230.713362080045044 ], [ 360493.3857841041754, 6865260.573203991167247 ], [ 360519.806169949588366, 6865260.884678279981017 ], [ 360520.158160720195156, 6865231.024838300421834 ], [ 360546.578478140407242, 6865231.336255487985909 ], [ 360546.226554087013938, 6865261.196093536913395 ], [ 360599.06731723860139, 6865261.818746956065297 ], [ 360599.419107857684139, 6865231.958912768401206 ], [ 360625.839420155389234, 6865232.270152859389782 ], [ 360626.191147139121313, 6865202.410319493152201 ], [ 360652.611391012906097, 6865202.721502481028438 ], [ 360652.963054359599482, 6865172.861669935286045 ], [ 360679.383229807717726, 6865173.172795818187296 ], [ 360679.734829516673926, 6865143.312964094802737 ], [ 360706.154936540289782, 6865143.624032873660326 ], [ 360706.506472610286437, 6865113.764201970770955 ], [ 360759.346548102097586, 6865114.38616628292948 ], [ 360759.697953812079504, 6865084.526338129304349 ], [ 360786.117922280274797, 6865084.83723366074264 ], [ 360786.820609494519886, 6865025.117577879689634 ], [ 360813.240442816691939, 6865025.428418233059347 ], [ 360813.591724319208879, 6864995.568590606562793 ], [ 360840.011489215423353, 6864995.879373851232231 ], [ 360841.06515201862203, 6864906.299890108406544 ], [ 360814.645587290171534, 6864905.989101083949208 ], [ 360814.996881101920735, 6864876.129269029013813 ], [ 360788.577381393115502, 6864875.818419043906033 ], [ 360789.280111697502434, 6864816.098747756332159 ], [ 360762.860743733588606, 6864815.787834880873561 ], [ 360763.212180228321813, 6864785.927995650097728 ], [ 360736.792877285217401, 6864785.617021810263395 ], [ 360737.144383584498428, 6864755.757179543375969 ], [ 360710.725145662494469, 6864755.446144741028547 ], [ 360711.076721767603885, 6864725.586299438029528 ], [ 360684.657548867107835, 6864725.275203667581081 ], [ 360685.360843771719374, 6864665.555505886673927 ], [ 360658.941802621528041, 6864665.244347224012017 ], [ 360659.293521422601771, 6864635.384494744241238 ], [ 360632.874545293918345, 6864635.073275110684335 ], [ 360633.226333905127831, 6864605.213419595733285 ], [ 360606.807422799989581, 6864604.902138996869326 ], [ 360607.159281222324353, 6864575.042280443944037 ], [ 360580.740435140614863, 6864574.73093887604773 ], [ 360581.092363375297282, 6864544.871077286079526 ], [ 360554.673582317074761, 6864544.559674747288227 ], [ 360555.025580365385395, 6864514.699810122139752 ], [ 360528.606864331173711, 6864514.388346614316106 ], [ 360528.95893219410209, 6864484.52847895026207 ], [ 360555.377581496722996, 6864484.83994438778609 ], [ 360555.729585710912943, 6864454.980077549815178 ], [ 360582.148166574013885, 6864455.291485875844955 ], [ 360582.500107138417661, 6864425.431619855575264 ], [ 360608.918619561998639, 6864425.74297107104212 ], [ 360609.622376470593736, 6864366.023239567875862 ], [ 360636.040753720328212, 6864366.334535595960915 ], [ 360637.448037577909417, 6864246.895067015662789 ], [ 360611.02992727002129, 6864246.583763273432851 ], [ 360612.437527377973311, 6864127.14426925778389 ], [ 360586.019682315120008, 6864126.832898755557835 ], [ 360586.723634338821284, 6864067.113141246140003 ], [ 360560.305921048624441, 6864066.801707841455936 ], [ 360560.657968424377032, 6864036.941825495101511 ], [ 360375.734394769184291, 6864034.76012484356761 ], [ 360376.086912416096311, 6864004.900227878242731 ], [ 360270.416528275003657, 6864003.652235025539994 ], [ 360270.769315976416692, 6863973.792329223826528 ], [ 360244.351782407611609, 6863973.48018145840615 ], [ 360244.704639940871857, 6863943.620272615924478 ], [ 360218.287171405274421, 6863943.308063868433237 ], [ 360218.640098771604244, 6863913.448151985183358 ], [ 360192.222695267177187, 6863913.135882255621254 ], [ 360192.57569246791536, 6863883.275967330671847 ], [ 360166.158353996812366, 6863882.963636618107557 ], [ 360166.864491160493344, 6863823.243799579329789 ], [ 360193.28169614210492, 6863823.556134158745408 ], [ 360193.987712180591188, 6863763.83629655931145 ], [ 360220.404781960183755, 6863764.1485759569332 ], [ 360221.463628958619665, 6863674.568817052990198 ], [ 360247.880496784695424, 6863674.8810432003811 ], [ 360248.939171349920798, 6863585.301280130632222 ], [ 360222.522503770771436, 6863584.989048183895648 ], [ 360222.875468222424388, 6863555.129123010672629 ], [ 360196.458865681779571, 6863554.816830078139901 ], [ 360196.811899974476546, 6863524.956901866011322 ], [ 360170.395362474780995, 6863524.64454794395715 ], [ 360171.454684154421557, 6863435.064750863239169 ], [ 360145.038345200300682, 6863434.752332086674869 ], [ 360145.391525363025721, 6863404.892395577393472 ], [ 360118.975251449504867, 6863404.579915810376406 ], [ 360119.328501458221581, 6863374.71997625939548 ], [ 360092.912292587512638, 6863374.40743550285697 ], [ 360094.325590570108034, 6863254.967658487148583 ], [ 360067.909647008811589, 6863254.655050935223699 ], [ 360068.616448073706124, 6863194.935151913203299 ], [ 360095.032258120772894, 6863195.247763335704803 ], [ 360095.385596535983495, 6863165.387814098037779 ], [ 360121.801338113495149, 6863165.700368396937847 ], [ 360122.154612863378134, 6863135.84041999001056 ], [ 360174.985957367985975, 6863136.465355281718075 ], [ 360175.339101692428812, 6863106.605409632436931 ], [ 360201.754704619525, 6863106.917790625244379 ], [ 360202.107785275671631, 6863077.057845802977681 ], [ 360228.52331973350374, 6863077.370169670321047 ], [ 360228.876336720481049, 6863047.510225674137473 ], [ 360255.291802706895396, 6863047.822492415085435 ], [ 360256.350671925698407, 6862958.242659579031169 ], [ 360229.935406222997699, 6862957.930387038737535 ], [ 360230.288435570895672, 6862928.070438612252474 ], [ 360203.873234919679817, 6862927.758105079643428 ], [ 360204.22633412090363, 6862897.898153612390161 ], [ 360177.811198523209896, 6862897.585759085603058 ], [ 360178.16436757898191, 6862867.725804576650262 ], [ 360204.579436413012445, 6862868.038201037794352 ], [ 360206.344994235027116, 6862718.738421552814543 ], [ 360179.930259228101932, 6862718.426015426404774 ], [ 360181.696228160813916, 6862569.126198588870466 ], [ 360155.28182528592879, 6862568.813723731786013 ], [ 360155.635095116624143, 6862538.95375510957092 ], [ 360129.220757300208788, 6862538.641219251789153 ], [ 360129.574096993426792, 6862508.781247587874532 ], [ 360103.159824237693101, 6862508.468650733120739 ], [ 360103.513233794714324, 6862478.608676025643945 ], [ 360077.099026099313051, 6862478.29601817112416 ], [ 360077.452505521301646, 6862448.436040422879159 ], [ 360051.038362886523828, 6862448.123321564868093 ], [ 360051.391912174702156, 6862418.26334077399224 ], [ 360024.977834601595532, 6862417.950560915283859 ], [ 360025.331453757011332, 6862388.090577081777155 ], [ 359998.917441243887879, 6862387.777736222371459 ], [ 360000.332215912523679, 6862268.337782076559961 ], [ 360026.74596132687293, 6862268.650630679912865 ], [ 360027.099595956213307, 6862238.790641309693456 ], [ 360053.513272881507874, 6862239.103432779200375 ], [ 360053.866843828815036, 6862209.243444236926734 ], [ 360080.280452266684733, 6862209.556178570725024 ], [ 360081.340983339992817, 6862119.976212102919817 ], [ 360107.754389733308926, 6862120.288893170654774 ], [ 360109.521669491892681, 6861970.988936578854918 ], [ 360083.108596999198198, 6861970.676245842128992 ], [ 360083.462129011517391, 6861940.816249266266823 ], [ 360057.049121589981951, 6861940.503497522324324 ], [ 360057.402723478327971, 6861910.643497905693948 ], [ 360030.989781128591858, 6861910.330685152672231 ], [ 360031.343452894128859, 6861880.470682494342327 ], [ 360004.930575615027919, 6861880.157808735966682 ], [ 360005.284317258920055, 6861850.297803035005927 ], [ 359978.871505052375142, 6861849.984868264757097 ], [ 359979.225316575786564, 6861820.124859520234168 ], [ 359952.812569441623054, 6861819.811863741837442 ], [ 359953.166450845717918, 6861789.951851954683661 ], [ 359926.75376878422685, 6861789.638795166276395 ], [ 359927.107720070285723, 6861759.778780334629118 ], [ 359900.695103081816342, 6861759.465662535279989 ], [ 359902.819276559515856, 6861580.305538676679134 ], [ 359929.231492822407745, 6861580.618668096140027 ], [ 359929.939441848313436, 6861520.898621821776032 ], [ 359956.351522818673402, 6861521.211696034297347 ], [ 359956.705435186100658, 6861491.351673172786832 ], [ 359983.11744765372714, 6861491.664690241217613 ], [ 359983.825148094096221, 6861431.944645067676902 ], [ 360010.237025266687851, 6861432.25760692730546 ], [ 360013.0674164990196, 6861193.377397401258349 ], [ 359986.656073682883289, 6861193.064420063048601 ], [ 359987.009953311877325, 6861163.204386953264475 ], [ 359960.598675581510179, 6861162.89134859573096 ], [ 359960.952625103993341, 6861133.031312443315983 ], [ 359934.541412459919229, 6861132.718213070183992 ], [ 359934.895431876881048, 6861102.858173875138164 ], [ 359908.48428431909997, 6861102.545013481751084 ], [ 359908.838373631995637, 6861072.684971244074404 ], [ 359882.427291160973255, 6861072.371749833226204 ], [ 359882.781450370908715, 6861042.511704550124705 ], [ 359856.370432986994274, 6861042.198422118090093 ], [ 359857.433129606593866, 6860952.618273817002773 ], [ 359883.843946587876417, 6860952.931562058627605 ], [ 359884.552292888809461, 6860893.211461528204381 ], [ 359910.96297455317108, 6860893.52469455357641 ], [ 359911.67119963892037, 6860833.804593463428319 ], [ 359938.081745984323788, 6860834.117771276272833 ], [ 359938.789849849883467, 6860774.397669627331197 ], [ 359912.37943711358821, 6860774.08448794297874 ], [ 359913.087686977523845, 6860714.364377992227674 ], [ 359886.67740614071954, 6860714.051133348606527 ], [ 359887.031602525210474, 6860684.191074774600565 ], [ 359860.621386782790069, 6860683.877769107930362 ], [ 359860.975653072528075, 6860654.017707493156195 ], [ 359834.565502425597515, 6860653.70434080157429 ], [ 359834.919838621513918, 6860623.844276140443981 ], [ 359782.099665802787058, 6860623.217361618764699 ], [ 359782.454138714587316, 6860593.35729197692126 ], [ 359756.044116544188, 6860593.043744143098593 ], [ 359757.107754309778102, 6860503.463522761128843 ], [ 359730.697930854803417, 6860503.149910025298595 ], [ 359731.052549789019395, 6860473.289832078851759 ], [ 359757.462306433124468, 6860473.603446750901639 ], [ 359758.171419981808867, 6860413.883291410282254 ], [ 359731.761796961189248, 6860413.569672862067819 ], [ 359732.116425199375954, 6860383.709591593593359 ], [ 359758.525981407205109, 6860384.023212079890072 ], [ 359758.880545933323447, 6860354.163131642155349 ], [ 359785.290033614379354, 6860354.476694972254336 ], [ 359785.644534427206963, 6860324.616615363396704 ], [ 359812.053953581373207, 6860324.930121537297964 ], [ 359813.117274175980128, 6860235.34988187532872 ], [ 359839.52649117319379, 6860235.663334766402841 ], [ 359839.88087075430667, 6860205.803254598751664 ], [ 359866.290019221778493, 6860206.116650331765413 ], [ 359866.644335085118655, 6860176.256570993922651 ], [ 359893.053415024594869, 6860176.569909568876028 ], [ 359894.116180750890635, 6860086.989670715294778 ], [ 359920.525058525498025, 6860087.302955999039114 ], [ 359920.879253144201357, 6860057.442876100540161 ], [ 359973.696869921928737, 6860058.069273254834116 ], [ 359974.0509339987766, 6860028.209196116775274 ], [ 360000.459673002187628, 6860028.522307982668281 ], [ 360002.583721548318863, 6859849.361833496950567 ], [ 359976.175383473571856, 6859849.048710025846958 ], [ 359977.237650005379692, 6859759.468452025204897 ], [ 359950.829510692681652, 6859759.155263653025031 ], [ 359951.183672553510405, 6859729.295173504389822 ], [ 359977.591745041077957, 6859729.608363809064031 ], [ 359978.299944399972446, 6859669.888184051029384 ], [ 359951.89200556470314, 6859669.574989878572524 ], [ 359951.537837510928512, 6859699.435082244686782 ], [ 359925.129830138699617, 6859699.121830905787647 ], [ 359925.484065019001719, 6859669.261736605316401 ], [ 359899.076122762227897, 6859668.94842422939837 ], [ 359899.430427566578146, 6859639.088326887227595 ], [ 359873.022550425725058, 6859638.774953477084637 ], [ 359873.376925155404024, 6859608.91485308855772 ], [ 359846.969113131402992, 6859608.601418642327189 ], [ 359847.32355778751662, 6859578.741315213963389 ], [ 359820.915810878796037, 6859578.427819727919996 ], [ 359821.270325462508481, 6859548.567713255994022 ], [ 359794.862643671280239, 6859548.254156732000411 ], [ 359795.217228183872066, 6859518.39404721558094 ], [ 359768.809611509903334, 6859518.080429653637111 ], [ 359769.164265952480491, 6859488.220317093655467 ], [ 359742.756714396004099, 6859487.906638490967453 ], [ 359743.820896820398048, 6859398.326288352720439 ], [ 359717.413544045004528, 6859398.012544836848974 ], [ 359717.768344554526266, 6859368.15242397133261 ], [ 359691.361056898371316, 6859367.838619411922991 ], [ 359691.715927342593204, 6859337.978495502844453 ], [ 359665.30870480631711, 6859337.664629901759326 ], [ 359665.663645186403301, 6859307.804502946324646 ], [ 359639.256487769482192, 6859307.490576302632689 ], [ 359639.611498086713254, 6859277.630446300841868 ], [ 359613.204405791300815, 6859277.31645861454308 ], [ 359613.559486046782695, 6859247.456325566396117 ], [ 359587.152458871423732, 6859247.142276832833886 ], [ 359586.797311780683231, 6859277.00241181999445 ], [ 359481.16891858872259, 6859275.745633587241173 ], [ 359481.524333019799087, 6859245.885490842163563 ], [ 359455.117297267715912, 6859245.571146576665342 ], [ 359455.47278164117597, 6859215.711000786162913 ], [ 359429.06581100798212, 6859215.396595474332571 ], [ 359429.776922750519589, 6859155.676296684890985 ], [ 359456.183759710518643, 6859155.990705876611173 ], [ 359456.53925340611022, 6859126.130556762218475 ], [ 359430.132483283814508, 6859125.816145627759397 ], [ 359430.488046924991067, 6859095.955993463285267 ], [ 359404.081341925484594, 6859095.6415212797001 ], [ 359404.436975513410289, 6859065.781366067938507 ], [ 359378.030335634597577, 6859065.466832835227251 ], [ 359378.386039170378353, 6859035.606674574315548 ], [ 359325.572887942020316, 6859034.977426898665726 ], [ 359325.928728266619146, 6859005.117263646796346 ], [ 359273.115703847026452, 6859004.48777564894408 ], [ 359273.471680963120889, 6858974.627607405185699 ], [ 359247.065233015979175, 6858974.312772799283266 ], [ 359247.77733026567148, 6858914.592429098673165 ], [ 359221.371014283620752, 6858914.277531496249139 ], [ 359225.288506962184329, 6858585.815540599636734 ], [ 359198.882924561097752, 6858585.500562503933907 ], [ 359199.239145783125423, 6858555.640372927300632 ], [ 359172.833628510823473, 6858555.325333773158491 ], [ 359173.189919695374556, 6858525.465141142718494 ], [ 359120.379013693192974, 6858524.834881602786481 ], [ 359120.735441691824235, 6858494.974683977663517 ], [ 359147.140828702424187, 6858495.289845250546932 ], [ 359147.497192964889109, 6858465.42964846175164 ], [ 359173.902511405525729, 6858465.744752563536167 ], [ 359174.615115570195485, 6858406.02435955312103 ], [ 359148.209930832788814, 6858405.709251563064754 ], [ 359148.566304437874351, 6858375.849051453173161 ], [ 359122.161184833617881, 6858375.53388240095228 ], [ 359122.517628406116273, 6858345.673679240047932 ], [ 359096.112573935301043, 6858345.358449125662446 ], [ 359096.469087476201821, 6858315.498242910951376 ], [ 359122.874075093306601, 6858315.813474969938397 ], [ 359123.23052489530528, 6858285.953269594348967 ], [ 359149.635443938605022, 6858286.268444477580488 ], [ 359149.991830000595655, 6858256.408239938318729 ], [ 359176.396680469682906, 6858256.723357647657394 ], [ 359176.753002790501341, 6858226.863153944723308 ], [ 359150.348219176579732, 6858226.54803429171443 ], [ 359150.704611466790084, 6858196.687827535904944 ], [ 359124.299892989627551, 6858196.372646817937493 ], [ 359125.725760721717961, 6858076.931800950318575 ], [ 359099.321307954902295, 6858076.616553336381912 ], [ 359100.034394227492157, 6858016.896119868382812 ], [ 359073.630073459586129, 6858016.58080924116075 ], [ 359073.273461906181183, 6858046.441028473898768 ], [ 359046.869072558707558, 6858046.125660670921206 ], [ 359046.512397262093145, 6858075.985880741849542 ], [ 359020.107939335284755, 6858075.670455763116479 ], [ 359019.751200296683237, 6858105.530676672235131 ], [ 358993.346673791471403, 6858105.215194516815245 ], [ 358992.989871012105141, 6858135.07541626598686 ], [ 358966.585275926685426, 6858134.759876936674118 ], [ 358966.228409407602157, 6858164.62009952403605 ], [ 358939.823745744128246, 6858164.30450302362442 ], [ 358939.466815486492123, 6858194.164726450107992 ], [ 358913.062083244498353, 6858193.849072773940861 ], [ 358912.705089249415323, 6858223.70929704234004 ], [ 358912.348098373797256, 6858253.569520202465355 ], [ 358885.943230697885156, 6858253.253811302594841 ], [ 358885.586176086624619, 6858283.114035302773118 ], [ 358832.776301857025828, 6858282.482444045133889 ], [ 358831.704755619401112, 6858372.063121090643108 ], [ 358699.679037074325606, 6858370.483137611299753 ], [ 358700.036550299613737, 6858340.622903288342059 ], [ 358673.631468271720223, 6858340.306727286428213 ], [ 358673.273888192896266, 6858370.166963559575379 ], [ 358646.86873758508591, 6858369.850730394013226 ], [ 358647.226384517620318, 6858339.990492168813944 ], [ 358462.390749913698528, 6858337.775191032327712 ], [ 358463.106989118503407, 6858278.054683929309249 ], [ 358436.70202526130015, 6858277.73797195777297 ], [ 358436.343837239197455, 6858307.598228015005589 ], [ 358383.533770631998777, 6858306.96463062427938 ], [ 358383.175452031020541, 6858336.824889484792948 ], [ 358330.365244801098015, 6858336.191059527918696 ], [ 358330.006795623281505, 6858366.051321193575859 ], [ 358277.196447766909841, 6858365.417258674278855 ], [ 358276.837868014699779, 6858395.277523145079613 ], [ 358224.027379532286432, 6858394.643228067085147 ], [ 358223.668669207720086, 6858424.503495343029499 ], [ 358170.85804009687854, 6858423.868967710062861 ], [ 358170.499199202400632, 6858453.729237796738744 ], [ 358117.688429462199565, 6858453.094477606937289 ], [ 358117.329457999789156, 6858482.954750504344702 ], [ 358064.518547626677901, 6858482.319757765159011 ], [ 358064.159445598721504, 6858512.180033474229276 ], [ 358011.348394592874683, 6858511.544808186590672 ], [ 358010.989162001700606, 6858541.40508670732379 ], [ 357958.177970361022744, 6858540.769628874026239 ], [ 357957.818607208377216, 6858570.6299102101475 ], [ 357931.41294193698559, 6858570.312094581313431 ], [ 357930.694091354904231, 6858630.032657857052982 ], [ 357904.288290649594273, 6858629.714787037111819 ], [ 357903.928803221613634, 6858659.575068976730108 ], [ 357877.522933934116736, 6858659.257140999659896 ], [ 357877.163382799888495, 6858689.117423797957599 ], [ 357850.757444928574841, 6858688.799438669346273 ], [ 357850.038218392815907, 6858748.52000487037003 ], [ 357823.632145091774873, 6858748.201964551582932 ], [ 357823.272469691815786, 6858778.062247957102954 ], [ 357796.866327808704227, 6858777.744150486774743 ], [ 357796.506588706513867, 6858807.604434749111533 ], [ 357770.100378240807913, 6858807.286280129104853 ], [ 357769.380775778787211, 6858867.00684926379472 ], [ 357742.974429888010491, 6858866.688639459200203 ], [ 357742.614566529926378, 6858896.548924330621958 ], [ 357716.208152057428379, 6858896.23065737914294 ], [ 357715.848225001187529, 6858926.090943109244108 ], [ 357689.441741947317496, 6858925.772619008086622 ], [ 357688.721763586916495, 6858985.493191082961857 ], [ 357662.315145111293532, 6858985.174811800941825 ], [ 357661.955093809112441, 6859015.035098142921925 ], [ 357635.548406752292067, 6859014.716661714948714 ], [ 357635.188291755795944, 6859044.57694892026484 ], [ 357608.781536120106466, 6859044.258455347269773 ], [ 357608.061181889323052, 6859103.979030368849635 ], [ 357581.654290834499989, 6859103.66048161778599 ], [ 357581.294051601900719, 6859133.520769436843693 ], [ 357554.887091967277229, 6859133.202163542620838 ], [ 357554.526789044612087, 6859163.062452223151922 ], [ 357528.119760832691099, 6859162.743789187632501 ], [ 357527.399030758999288, 6859222.464367166161537 ], [ 357500.99186712980736, 6859222.145648956298828 ], [ 357500.631439980701543, 6859252.005938255228102 ], [ 357474.224207774503157, 6859251.687162905931473 ], [ 357473.863716939289588, 6859281.547453066334128 ], [ 357447.456416156492196, 6859281.228620575740933 ], [ 357446.735310267715249, 6859340.949201517738402 ], [ 357420.327874071022961, 6859340.630313859321177 ], [ 357419.967259019205812, 6859370.49060464091599 ], [ 357393.559754246787634, 6859370.171659843064845 ], [ 357393.199075512879062, 6859400.031951487995684 ], [ 357366.79150216432754, 6859399.712949554435909 ], [ 357366.070020488114096, 6859459.43353346735239 ], [ 357339.66231173009146, 6859459.114476366899908 ], [ 357339.301508789591026, 6859488.974768637679517 ], [ 357312.893731456424575, 6859488.655654398724437 ], [ 357312.532864837790839, 6859518.515947533771396 ], [ 357286.125018929771613, 6859518.196776161901653 ], [ 357285.403161494003143, 6859577.917363058775663 ], [ 357232.587197122978978, 6859577.278850886970758 ], [ 357232.226139476988465, 6859607.139146618545055 ], [ 357179.410034468688536, 6859606.50040197558701 ], [ 357179.048846319201402, 6859636.360700545832515 ], [ 357126.232600673392881, 6859635.72172343172133 ], [ 357125.871282022388186, 6859665.582024845294654 ], [ 357099.463089752593078, 6859665.262449606321752 ], [ 357099.101707431487739, 6859695.122751886956394 ], [ 357125.509966530371457, 6859695.442325153388083 ], [ 357124.064736151427496, 6859814.883515333756804 ], [ 357097.656209742301144, 6859814.563949964009225 ], [ 357097.294843218871392, 6859844.424246720038354 ], [ 357070.88624823797727, 6859844.104624220170081 ], [ 357070.524818048579618, 6859873.964921846985817 ], [ 357044.116154496383388, 6859873.645242218859494 ], [ 357043.754660642007366, 6859903.505540716461837 ], [ 357017.34592851792695, 6859903.185803963802755 ], [ 357016.62281664297916, 6859962.906401590444148 ], [ 356990.213949125085492, 6859962.586609687656164 ], [ 356989.852331106492784, 6859992.446908818557858 ], [ 357016.261265447596088, 6859992.766698746941984 ], [ 357014.815092279110104, 6860112.207876324653625 ], [ 357041.224292161990888, 6860112.527599253691733 ], [ 357040.862823593604844, 6860142.387888912111521 ], [ 357014.453556890424807, 6860142.068167959339917 ], [ 357014.092024662997574, 6860171.928458485752344 ], [ 357040.501358186127618, 6860172.248177465051413 ], [ 357040.139895939093549, 6860202.108464914374053 ], [ 357066.549294534081127, 6860202.428122820332646 ], [ 357064.019615026423708, 6860411.450090205296874 ], [ 357037.609748713672161, 6860411.130446122027934 ], [ 357036.525447315478232, 6860500.711278639733791 ], [ 357010.115378813701682, 6860500.391581388190389 ], [ 357009.753884523175657, 6860530.251858660019934 ], [ 356983.343747462902684, 6860529.932104291394353 ], [ 356981.897534670424648, 6860649.373210239224136 ], [ 356955.487128616427071, 6860649.053404682315886 ], [ 356953.317503439611755, 6860828.215042323805392 ], [ 356926.906694786972366, 6860827.895189533941448 ], [ 356926.545034853799734, 6860857.755460583604872 ], [ 356900.134157646098174, 6860857.43555068410933 ], [ 356899.772434070473537, 6860887.29582260735333 ], [ 356873.361488307418767, 6860886.975855593569577 ], [ 356872.999701090273447, 6860916.836128392256796 ], [ 356846.588686773902737, 6860916.516104268841445 ], [ 356845.864988224406261, 6860976.236650506034493 ], [ 356819.453838548681233, 6860975.916571249254048 ], [ 356816.920525712601375, 6861184.9384621437639 ], [ 356790.508906673407182, 6861184.618337651714683 ], [ 356790.146950702823233, 6861214.478605343028903 ], [ 356763.735263114678673, 6861214.158423745073378 ], [ 356762.287203703424893, 6861333.599491379223764 ], [ 356735.875247170682997, 6861333.279258616268635 ], [ 356735.513173438375816, 6861363.139524743892252 ], [ 356709.101148358313367, 6861362.819234876893461 ], [ 356708.739010997524019, 6861392.679501881822944 ], [ 356682.326917370199226, 6861392.359154913574457 ], [ 356681.240323911421001, 6861481.939955241046846 ], [ 356654.828028145828284, 6861481.619555132463574 ], [ 356654.10351476300275, 6861541.340087126940489 ], [ 356680.515944115817547, 6861541.660483272746205 ], [ 356680.153758971020579, 6861571.520745634101331 ], [ 356706.566253362921998, 6861571.841080719605088 ], [ 356706.204138179018628, 6861601.701339992694557 ], [ 356732.61669761192752, 6861602.021614018827677 ], [ 356732.254652387520764, 6861631.881870209239423 ], [ 356758.667276860913262, 6861632.202083174139261 ], [ 356758.305301595013589, 6861662.062336280941963 ], [ 356784.717991106619593, 6861662.382488184608519 ], [ 356784.356085798004642, 6861692.242738206870854 ], [ 356837.181593151122797, 6861692.882860823534429 ], [ 356836.096296957985032, 6861782.463592393323779 ], [ 356809.683343790122308, 6861782.143566561862826 ], [ 356808.236059365328401, 6861901.584534447640181 ], [ 356781.822837298212107, 6861901.264457456767559 ], [ 356781.460957321280148, 6861931.124698648229241 ], [ 356755.047666718484834, 6861930.804564558900893 ], [ 356754.685723123024218, 6861960.664806626737118 ], [ 356728.272363982629031, 6861960.344615444540977 ], [ 356727.910356769803911, 6861990.204858385957778 ], [ 356701.496929093496874, 6861989.884610109962523 ], [ 356701.134858264471404, 6862019.744853929616511 ], [ 356674.721362052601762, 6862019.42454855889082 ], [ 356674.359227608714718, 6862049.28479325491935 ], [ 356647.945662859710865, 6862048.964430790394545 ], [ 356647.583464801777154, 6862078.824676364660263 ], [ 356621.169831518316641, 6862078.504256807267666 ], [ 356620.80756984767504, 6862108.364503260701895 ], [ 356594.393868027371354, 6862108.044026612304151 ], [ 356594.031542745186016, 6862137.904273943044245 ], [ 356488.376450799987651, 6862136.621784541755915 ], [ 356488.013861563696992, 6862166.482038701884449 ], [ 356435.186171500128694, 6862165.840443529188633 ], [ 356434.823451875708997, 6862195.700700554065406 ], [ 356408.40953743038699, 6862195.379816342145205 ], [ 356408.046754200011492, 6862225.240074248053133 ], [ 356381.63277121738065, 6862224.919132949784398 ], [ 356381.269924382097088, 6862254.779391736723483 ], [ 356354.85587286419468, 6862254.458393352106214 ], [ 356354.492962425283622, 6862284.318653021939099 ], [ 356328.078842372284271, 6862283.997597550041974 ], [ 356328.44181959022535, 6862254.137335892766714 ], [ 356302.027764557977207, 6862253.816219363361597 ], [ 356301.664720561006106, 6862283.676483006216586 ], [ 356275.250596993020736, 6862283.355309390462935 ], [ 356274.887489394517615, 6862313.215573916211724 ], [ 356248.473297290096525, 6862312.894343215972185 ], [ 356245.568016693228856, 6862551.776435606181622 ], [ 356271.982743004802614, 6862552.097650406882167 ], [ 356271.256588184798602, 6862611.818158496171236 ], [ 356297.67144628422102, 6862612.139310255646706 ], [ 356297.308440412918571, 6862641.999560657888651 ], [ 356323.723363527387846, 6862642.320651360787451 ], [ 356322.997494858689606, 6862702.041144881397486 ], [ 356296.582438201876357, 6862701.720058152452111 ], [ 356296.219441862194799, 6862731.580305244773626 ], [ 356269.80431667790981, 6862731.259161435067654 ], [ 356269.441256745776627, 6862761.119409411214292 ], [ 356243.02606303349603, 6862760.798208520747721 ], [ 356242.662939509900752, 6862790.658457382582128 ], [ 356189.832413271185942, 6862790.015882382169366 ], [ 356189.469159388681874, 6862819.876134116202593 ], [ 356110.223156529304106, 6862818.911834590137005 ], [ 356109.859705521899741, 6862848.772091189399362 ], [ 356083.444300948118325, 6862848.450541871599853 ], [ 356082.717274942900985, 6862908.171055739745498 ], [ 356109.132813051226549, 6862908.492601076141 ], [ 356108.769371588015929, 6862938.352854364551604 ], [ 356135.184974703821354, 6862938.674338647164404 ], [ 356134.4582348522963, 6862998.394837936386466 ], [ 356160.873969738604501, 6862998.716259175911546 ], [ 356160.510671348602045, 6863028.576505175791681 ], [ 356186.926471239712555, 6863028.897865364328027 ], [ 356186.563242794072721, 6863058.758108271285892 ], [ 356212.979107689694501, 6863059.079407406970859 ], [ 356212.252793863473926, 6863118.799885937012732 ], [ 356238.668790526222438, 6863119.121122033335268 ], [ 356238.305705143779051, 6863148.981357653625309 ], [ 356264.72176680987468, 6863149.302532700821757 ], [ 356264.358751367602963, 6863179.162765231914818 ], [ 356290.774878036696464, 6863179.483879229985178 ], [ 356290.411932533315849, 6863209.344108669087291 ], [ 356316.828124205581844, 6863209.665161618962884 ], [ 356316.465248639986385, 6863239.525387967936695 ], [ 356342.881505313271191, 6863239.846379869617522 ], [ 356342.518699684180319, 6863269.70660312846303 ], [ 356368.935021360404789, 6863270.027533983811736 ], [ 356368.572285666479729, 6863299.887754151597619 ], [ 356394.988672344887163, 6863300.208623959682882 ], [ 356394.626006585196592, 6863330.06884104013443 ], [ 356421.04245826380793, 6863330.389649802818894 ], [ 356420.679862437071279, 6863360.24986379314214 ], [ 356447.096379117283504, 6863360.570611511357129 ], [ 356446.733853222394828, 6863390.430822413414717 ], [ 356473.150434903393034, 6863390.75150908716023 ], [ 356472.78797893889714, 6863420.611716900020838 ], [ 356499.204625620273873, 6863420.93234253115952 ], [ 356498.479856722988188, 6863480.65275087300688 ], [ 356524.896635160723235, 6863480.973313478752971 ], [ 356525.258951267518569, 6863451.113111843355 ], [ 356604.509075779817067, 6863452.074451266787946 ], [ 356604.146959938982036, 6863481.934646951034665 ], [ 356630.563731354719494, 6863482.254973325878382 ], [ 356630.201685439213179, 6863512.115165923722088 ], [ 356656.618521856376901, 6863512.435431259684265 ], [ 356655.894573042518459, 6863572.15580917801708 ], [ 356629.477603117527906, 6863571.835547806695104 ], [ 356628.753533475275617, 6863631.555925276130438 ], [ 356655.170636905590072, 6863631.876182680949569 ], [ 356654.446713445824571, 6863691.596551769413054 ], [ 356628.02947651251452, 6863691.276298331096768 ], [ 356626.581400625174865, 6863810.717031198553741 ], [ 356600.163894939410966, 6863810.396726639010012 ], [ 356599.801817143976223, 6863840.256909081712365 ], [ 356573.384242953616194, 6863839.936547451652586 ], [ 356573.022101580805611, 6863869.796730776317418 ], [ 356546.604458887712099, 6863869.476312078535557 ], [ 356546.242253938980866, 6863899.336496282368898 ], [ 356519.824542743619531, 6863899.016020517796278 ], [ 356519.46227421972435, 6863928.876205602660775 ], [ 356493.04449452040717, 6863928.555672772228718 ], [ 356492.682162422803231, 6863958.415858739055693 ], [ 356466.264314221392851, 6863958.095268842764199 ], [ 356465.53952605422819, 6864017.815641435794532 ], [ 356491.957507746119518, 6864018.136227362789214 ], [ 356491.232865760917775, 6864077.85659157205373 ], [ 356464.814750580815598, 6864077.536009618081152 ], [ 356464.452367604186293, 6864107.396192054264247 ], [ 356438.034183924086392, 6864107.075553036294878 ], [ 356437.309294006787241, 6864166.795918568968773 ], [ 356410.890975084388629, 6864166.475224475376308 ], [ 356409.07847213599598, 6864315.776128935627639 ], [ 356435.497124759887811, 6864316.096813099458814 ], [ 356434.409861301304772, 6864405.67733658105135 ], [ 356407.99100846319925, 6864405.35665837675333 ], [ 356407.266048554971348, 6864465.077005820348859 ], [ 356380.847060486499686, 6864464.75627254601568 ], [ 356380.484518558718264, 6864494.616446600295603 ], [ 356406.903573362913448, 6864494.937177889049053 ], [ 356406.541101345675997, 6864524.797348853200674 ], [ 356380.121979806397576, 6864524.476619552820921 ], [ 356379.759444229188375, 6864554.336791401728988 ], [ 356406.178632503084373, 6864554.657518714666367 ], [ 356405.816166835371405, 6864584.517687474377453 ], [ 356379.396911827672739, 6864584.196962147951126 ], [ 356377.946813974413089, 6864703.637634099461138 ], [ 356351.527290276892018, 6864703.316857679747045 ], [ 356348.989274181192741, 6864912.338005045428872 ], [ 356322.569281620089896, 6864912.017183501273394 ], [ 356322.206653869186994, 6864941.877344987355173 ], [ 356295.786592822172679, 6864941.556466391310096 ], [ 356295.423901521600783, 6864971.416628764010966 ], [ 356269.003771987103391, 6864971.095693117938936 ], [ 356268.641017137677409, 6865000.955856376327574 ], [ 356295.061213397886604, 6865001.276790033094585 ], [ 356294.335846682428382, 6865060.997109261341393 ], [ 356267.915516972192563, 6865060.676179582253098 ], [ 356265.739092743489891, 6865239.837122738361359 ], [ 356292.159822790010367, 6865240.158040480688214 ], [ 356291.434506910620257, 6865299.878342064097524 ], [ 356317.855368636490311, 6865300.199196795001626 ], [ 356315.679897561611142, 6865479.36006314586848 ], [ 356342.101157835975755, 6865479.680846909061074 ], [ 356341.738657158100978, 6865509.54098545294255 ], [ 356368.159982389421202, 6865509.861708192154765 ], [ 356367.435123992094304, 6865569.581977993249893 ], [ 356393.856580892927013, 6865569.90263772662729 ], [ 356392.769517254375387, 6865659.483028193935752 ], [ 356366.347860213019885, 6865659.1623744238168 ], [ 356365.985445304599125, 6865689.022504364140332 ], [ 356154.611591901571956, 6865686.455165035091341 ], [ 356154.248646473803092, 6865716.315309790894389 ], [ 356127.826840160472784, 6865715.9941287310794 ], [ 356127.100825423374772, 6865775.714418916963041 ], [ 356100.678883925371338, 6865775.393182807601988 ], [ 356099.226625784591306, 6865894.833757916465402 ], [ 356072.804415685299318, 6865894.512470751069486 ], [ 356072.441292395989876, 6865924.372613764367998 ], [ 356098.863569203182124, 6865924.693898937664926 ], [ 356098.500515803287271, 6865954.554038856178522 ], [ 356072.078172288602218, 6865954.232755674049258 ], [ 356071.71505536348559, 6865984.092896482907236 ], [ 356098.137465584906749, 6865984.41417767200619 ], [ 356097.048334019375034, 6866073.994587505236268 ], [ 356070.625723680888768, 6866073.67331229429692 ], [ 356070.262619484507013, 6866103.533448694273829 ], [ 356043.839940679376014, 6866103.212116449140012 ], [ 356043.476772961090319, 6866133.072253740392625 ], [ 356017.054025687626563, 6866132.750864463858306 ], [ 356016.327566393418238, 6866192.471139724366367 ], [ 355989.904683949484024, 6866192.149695410393178 ], [ 355989.178103984624613, 6866251.869970247149467 ], [ 355936.332066994684283, 6866251.226912528276443 ], [ 355935.968648385780398, 6866281.087052281945944 ], [ 355856.699379558325745, 6866280.122029010206461 ], [ 355856.33576403290499, 6866309.982173648662865 ], [ 355829.912604191573337, 6866309.660383174195886 ], [ 355829.548925153096206, 6866339.520528705790639 ], [ 355803.125696844013873, 6866339.198681204579771 ], [ 355802.761954293295275, 6866369.058827631175518 ], [ 355776.338657518383116, 6866368.736923105083406 ], [ 355775.974851456820033, 6866398.597070426680148 ], [ 355749.551486216310877, 6866398.275108873844147 ], [ 355749.187616644892842, 6866428.13525709323585 ], [ 355722.764182936982252, 6866427.813238516449928 ], [ 355722.400249857222661, 6866457.673387628979981 ], [ 355695.97674768458819, 6866457.351312030106783 ], [ 355695.612751097418368, 6866487.211462040431798 ], [ 355669.189180457789917, 6866486.889329417608678 ], [ 355668.825120364199392, 6866516.74948032386601 ], [ 355642.401481259905268, 6866516.427290678955615 ], [ 355642.037357661116403, 6866546.287442483007908 ], [ 355615.613650091981981, 6866545.965195816941559 ], [ 355615.249462989275344, 6866575.825348518788815 ], [ 355588.825686954020057, 6866575.503044831566513 ], [ 355588.461436348385178, 6866605.363198430277407 ], [ 355562.037591848871671, 6866605.04083772469312 ], [ 355561.673277741589118, 6866634.900992222130299 ], [ 355535.249364777409937, 6866634.578574497252703 ], [ 355531.97008129110327, 6866903.319933402352035 ], [ 355505.545566331304144, 6866902.997474666684866 ], [ 355504.816738425288349, 6866962.717768529430032 ], [ 355478.392088318185415, 6866962.39525478053838 ], [ 355478.027612469624728, 6866992.255402062088251 ], [ 355451.602893902105279, 6866991.932831298559904 ], [ 355451.238354561675806, 6867021.792979479767382 ], [ 355424.813567536009941, 6867021.470351707190275 ], [ 355424.448964704875834, 6867051.330500789918005 ], [ 355371.599251963722054, 6867050.685072203166783 ], [ 355371.963988167815842, 6867020.824919112958014 ], [ 355345.539195824821945, 6867020.50211429502815 ], [ 355345.174392934015486, 6867050.362269385717809 ], [ 355292.32466955500422, 6867049.716486713849008 ], [ 355291.959736490272917, 6867079.576644712127745 ], [ 355239.10987264389405, 6867078.93062999099493 ], [ 355238.744809407624416, 6867108.790790896862745 ], [ 355212.319808137312066, 6867108.467697020620108 ], [ 355212.684938059188426, 6867078.607534108683467 ], [ 355106.985181969183031, 6867077.314560442231596 ], [ 355106.619785304588731, 6867107.174731378443539 ], [ 355080.194775157026015, 6867106.851342433132231 ], [ 355079.829315010807477, 6867136.711514277383685 ], [ 355053.404236401082017, 6867136.388068325817585 ], [ 355053.03871277422877, 6867166.248241074383259 ], [ 355000.188416856399272, 6867165.601176148280501 ], [ 354999.822763066273183, 6867195.461351811885834 ], [ 354946.972326670016628, 6867194.814054848626256 ], [ 354946.606542718480341, 6867224.674233430996537 ], [ 354814.480087186326273, 6867223.054968350566924 ], [ 354814.113973026687745, 6867252.915155882947147 ], [ 354787.688609898497816, 6867252.591127840802073 ], [ 354787.322432266315445, 6867282.451316283084452 ], [ 354734.471567305619828, 6867281.803087185136974 ], [ 354734.105259519827086, 6867311.663278550840914 ], [ 354707.679757685400546, 6867311.339077496901155 ], [ 354707.313386429916136, 6867341.199269774369895 ], [ 354680.887816133617889, 6867340.875011719763279 ], [ 354680.52138140948955, 6867370.73520490899682 ], [ 354627.670102109783329, 6867370.086515795439482 ], [ 354627.303537237923592, 6867399.946711911819875 ], [ 354548.026404879696202, 6867398.973241701722145 ], [ 354547.659643182181753, 6867428.833442760631442 ], [ 354521.233862150926143, 6867428.50883668474853 ], [ 354520.867036989890039, 6867458.369038659147918 ], [ 354494.441187494376209, 6867458.044375587254763 ], [ 354494.074298870982602, 6867487.904578475281596 ], [ 354441.222461171390023, 6867487.25507933460176 ], [ 354440.8554424084723, 6867517.115285156294703 ], [ 354388.003464214678388, 6867516.465554011054337 ], [ 354387.636315314390231, 6867546.325762766413391 ], [ 354361.21025686111534, 6867546.000810695812106 ], [ 354360.843044503126293, 6867575.861020367592573 ], [ 354307.990788885275833, 6867575.210943238809705 ], [ 354307.623446393990889, 6867605.071155846118927 ], [ 354281.197249230172019, 6867604.746030787006021 ], [ 354280.829843283921946, 6867634.606244312599301 ], [ 354254.40357765648514, 6867634.281062263995409 ], [ 354254.036108256492298, 6867664.141276708804071 ], [ 354227.609774166427087, 6867663.816037670709193 ], [ 354227.242241313681006, 6867693.676253035664558 ], [ 354200.815838761278428, 6867693.350957010872662 ], [ 354200.44824245700147, 6867723.211173293180764 ], [ 354147.595298639906105, 6867722.560408261604607 ], [ 354147.227572211297229, 6867752.420627487823367 ], [ 354067.94794304977404, 6867751.444043450057507 ], [ 354068.315869500278495, 6867721.583818161860108 ], [ 353909.756962899002247, 6867719.6290447646752 ], [ 353909.388636403717101, 6867749.489282191731036 ], [ 353882.962079028307926, 6867749.163282126188278 ], [ 353856.535519862023648, 6867748.83722305111587 ], [ 353856.167063249391504, 6867778.697463426738977 ], [ 353829.740435616113245, 6867778.371347369626164 ], [ 353829.371915561379865, 6867808.231588671915233 ], [ 353802.945219463319518, 6867807.90541563462466 ], [ 353802.576635967881884, 6867837.765657862648368 ], [ 353776.149871404282749, 6867837.439427844248712 ], [ 353775.781224469188601, 6867867.299670998007059 ], [ 353722.927556619280949, 6867866.647037996910512 ], [ 353722.558779574173968, 6867896.507284104824066 ], [ 353669.704971204919275, 6867895.854419133625925 ], [ 353669.336064051894937, 6867925.714668196626008 ], [ 353642.9090905059129, 6867925.388149231672287 ], [ 353642.540119917772245, 6867955.248399222269654 ], [ 353616.113077905320097, 6867954.921823279932141 ], [ 353615.744043883227278, 6867984.782074199058115 ], [ 353589.316933406284079, 6867984.455441281199455 ], [ 353588.947835951286834, 6868014.315693128854036 ], [ 353562.520657009619754, 6868013.989003234542906 ], [ 353561.782338473713025, 6868073.709507691673934 ], [ 353535.355024399294052, 6868073.382762854918838 ], [ 353534.985803320189007, 6868103.243015463463962 ], [ 353508.558420782617759, 6868102.916213651187718 ], [ 353508.189136274682824, 6868132.77646719198674 ], [ 353481.761685272096656, 6868132.449608404189348 ], [ 353481.022992640326265, 6868192.170116246677935 ], [ 353454.595406509004533, 6868191.84320252109319 ], [ 353452.009617694071494, 6868400.86495956312865 ], [ 353478.437670470622834, 6868401.191859075799584 ], [ 353476.221806378220208, 6868580.353310066275299 ], [ 353449.793353642977308, 6868580.026422737166286 ], [ 353449.054624879907351, 6868639.746901672333479 ], [ 353422.626037031877786, 6868639.419959410093725 ], [ 353422.25661085388856, 6868669.2801992604509 ], [ 353395.827954551205039, 6868668.953200032934546 ], [ 353395.458464957773685, 6868698.813440814614296 ], [ 353369.029740200727247, 6868698.486384624615312 ], [ 353368.660187193076126, 6868728.346626340411603 ], [ 353342.231393981608562, 6868728.01951318513602 ], [ 353341.861777560901828, 6868757.879755835980177 ], [ 353315.432915895187762, 6868757.552585719153285 ], [ 353315.063236062705982, 6868787.412829304113984 ], [ 353288.634305942396168, 6868787.085602225735784 ], [ 353288.264562699128874, 6868816.94584674295038 ], [ 353314.693559473205823, 6868817.273071787320077 ], [ 353314.323886126629077, 6868847.133313173428178 ], [ 353340.752947753819171, 6868847.460477191023529 ], [ 353340.38334430300165, 6868877.320715443231165 ], [ 353366.812470783595927, 6868877.647818434983492 ], [ 353366.442937227373477, 6868907.508053557015955 ], [ 353392.872128560789861, 6868907.835095521062613 ], [ 353392.502664897998329, 6868937.695327512919903 ], [ 353418.931921084178612, 6868938.022308452054858 ], [ 353418.193136783724185, 6868997.742765074595809 ], [ 353444.62252447247738, 6868998.069682957604527 ], [ 353444.253203833010048, 6869027.929907588288188 ], [ 353470.68265637307195, 6869028.25676444824785 ], [ 353470.313405622902792, 6869058.116985947825015 ], [ 353496.74292301479727, 6869058.443781786598265 ], [ 353496.00456452940125, 6869118.1642174301669 ], [ 353522.434213418688159, 6869118.490950213745236 ], [ 353522.065105681598652, 6869148.351164354942739 ], [ 353548.494819421495777, 6869148.677836118265986 ], [ 353548.125781569513492, 6869178.538047131150961 ], [ 353442.406649238721002, 6869177.231014260090888 ], [ 353441.298755365016405, 6869266.811665076762438 ], [ 353414.868767850799486, 6869266.484765481203794 ], [ 353414.499409729090985, 6869296.34498225338757 ], [ 353440.92946388758719, 6869296.671879817731678 ], [ 353439.821608897298574, 6869386.25251744966954 ], [ 353466.251861186872702, 6869386.579349932260811 ], [ 353464.405834213073831, 6869535.880380514077842 ], [ 353490.836417909013107, 6869536.207143850624561 ], [ 353490.467288872518111, 6869566.067344639450312 ], [ 353464.036638537596446, 6869565.74058333504945 ], [ 353463.667446101782843, 6869595.600785056129098 ], [ 353437.236727330717258, 6869595.273966797627509 ], [ 353436.498218903318048, 6869654.99437100905925 ], [ 353410.067365058290306, 6869654.667497830465436 ], [ 353409.69804906839272, 6869684.52770032081753 ], [ 353383.267126787512098, 6869684.200770189985633 ], [ 353382.897747402428649, 6869714.060973612591624 ], [ 353409.328736319497693, 6869714.387901710346341 ], [ 353405.635787085280754, 6870012.989855191670358 ], [ 353379.204131838399917, 6870012.662947423756123 ], [ 353378.834788110805675, 6870042.523138764314353 ], [ 353405.266509987588506, 6870042.850044498220086 ], [ 353402.681661053327844, 6870251.871338876895607 ], [ 353429.113847522181459, 6870252.198171404190361 ], [ 353428.00630361167714, 6870341.778703560121357 ], [ 353401.573917269299272, 6870341.451877131126821 ], [ 353398.250860940024722, 6870610.193432576954365 ], [ 353371.817873208899982, 6870609.866565477102995 ], [ 353371.079318664385937, 6870669.586903113871813 ], [ 353344.646195897192229, 6870669.259981109760702 ], [ 353344.276856870681513, 6870699.120150315575302 ], [ 353370.710046254796907, 6870699.44707028567791 ], [ 353370.340777087025344, 6870729.307236357592046 ], [ 353396.77403128700098, 6870729.634095326066017 ], [ 353396.404831976804417, 6870759.494258265011013 ], [ 353422.838150992174633, 6870759.821056228131056 ], [ 353422.469021538388915, 6870789.681216035969555 ], [ 353448.902405369095504, 6870790.007952995598316 ], [ 353448.164289411914069, 6870849.728265251964331 ], [ 353421.730772352777421, 6870849.401532360352576 ], [ 353420.254312869801652, 6870968.842151823453605 ], [ 353393.820527560892515, 6870968.51536809746176 ], [ 353393.082184042083099, 6871028.235675305128098 ], [ 353313.780417646397837, 6871027.254982520826161 ], [ 353313.411050919210538, 6871057.115140580572188 ], [ 353260.543064428027719, 6871056.461054628714919 ], [ 353260.173567725112662, 6871086.321215662173927 ], [ 353180.871374643815216, 6871085.339650587178767 ], [ 353180.501681358495262, 6871115.199816630221903 ], [ 353127.633410404378083, 6871114.545149154961109 ], [ 353127.26358714827802, 6871144.405318176373839 ], [ 353021.526757158397231, 6871143.095283783972263 ], [ 353021.156670717871748, 6871172.955459859222174 ], [ 352994.722392099676654, 6871172.627805885858834 ], [ 352994.352242301276419, 6871202.487982902675867 ], [ 352967.917895270686131, 6871202.160272003151476 ], [ 352967.547682115575299, 6871232.020449959672987 ], [ 352941.113266672880854, 6871231.692682135850191 ], [ 352940.742990162281785, 6871261.55286103580147 ], [ 352914.308506305678748, 6871261.225036287680268 ], [ 352912.456839499587659, 6871410.525924525223672 ], [ 352886.022020814823918, 6871410.198051014915109 ], [ 352885.65163060661871, 6871440.058227410539985 ], [ 352859.216743510682136, 6871439.730296979658306 ], [ 352858.4758396478137, 6871499.450650559738278 ], [ 352832.040817541012075, 6871499.12266525067389 ], [ 352831.670303888095077, 6871528.982842436060309 ], [ 352805.235213372972794, 6871528.654800206422806 ], [ 352804.494062627723906, 6871588.375155368819833 ], [ 352830.929286343394779, 6871588.703193513676524 ], [ 352829.447290299227461, 6871708.143882498145103 ], [ 352855.882778601720929, 6871708.471853513270617 ], [ 352855.512354322185274, 6871738.332020972855389 ], [ 352881.947907414578367, 6871738.65993098821491 ], [ 352881.207201807294041, 6871798.380258532240987 ], [ 352907.642886283400003, 6871798.708105503581464 ], [ 352907.272604954021517, 6871828.568265588954091 ], [ 352880.836853882705327, 6871828.240420657210052 ], [ 352879.725829624279868, 6871917.820900445804 ], [ 352906.16178047779249, 6871918.148739254102111 ], [ 352905.791512156603858, 6871948.008894946426153 ], [ 352932.227527797105722, 6871948.336672755889595 ], [ 352931.85732932027895, 6871978.196825310587883 ], [ 352958.293409744626842, 6871978.5245421230793 ], [ 352957.923281110997777, 6872008.384691540151834 ], [ 352984.359426321112551, 6872008.71234735660255 ], [ 352983.989367529400624, 6872038.572493634186685 ], [ 352957.553155728324782, 6872038.244839858263731 ], [ 352957.183033596375026, 6872068.104987078346312 ], [ 352983.619311988004483, 6872068.432638812810183 ], [ 352983.249259697098751, 6872098.29278289526701 ], [ 352956.812914715497755, 6872097.965133200399578 ], [ 352955.702577578718774, 6872187.545564983040094 ], [ 352982.13912232639268, 6872187.873208554461598 ], [ 352981.399046997888945, 6872247.593486839905381 ], [ 353007.835723114025313, 6872247.921067379415035 ], [ 353007.46575691178441, 6872277.781202834099531 ], [ 353033.90249780670274, 6872278.108722381293774 ], [ 353033.532601440092549, 6872307.968854699283838 ], [ 353059.969407116004732, 6872308.296313255093992 ], [ 353059.229757299995981, 6872368.016570517793298 ], [ 353032.792818454385269, 6872367.689116043038666 ], [ 353032.422931835521013, 6872397.549245066940784 ], [ 353005.985924600972794, 6872397.221733679994941 ], [ 353004.136207334406208, 6872546.522372539155185 ] ] ] } },
{ "type": "Feature", "properties": { "Layer": "0", "PaperSpace": null, "SubClasses": "AcDbEntity:AcDbPolyline", "Linetype": null, "EntityHand": "2E6", "Text": null }, "geometry": { "type": "MultiLineString", "coordinates": [ [ [ 351487.33838482311694, 6881785.700263657607138 ], [ 351646.086650039011147, 6881787.679294656962156 ], [ 351646.458699970680755, 6881757.819412285462022 ], [ 351752.290574546612334, 6881759.137597827240825 ], [ 351752.662362151022535, 6881729.27772262506187 ], [ 351805.578155655297451, 6881729.936466506682336 ], [ 351805.949813732819166, 6881700.076594340614974 ], [ 351832.407641337718815, 6881700.405880089849234 ], [ 351832.779236288683023, 6881670.546008893288672 ], [ 351859.236995662620757, 6881670.875237872824073 ], [ 351859.608527485979721, 6881641.015367645770311 ], [ 351886.066218628722709, 6881641.344539850018919 ], [ 351886.437687323312275, 6881611.484670590609312 ], [ 351912.895310232474003, 6881611.813786021433771 ], [ 351913.266715797188226, 6881581.953917730599642 ], [ 351939.72427047562087, 6881582.282976385205984 ], [ 351940.095612909295596, 6881552.423109062947333 ], [ 351966.553099353914149, 6881552.752110941335559 ], [ 351966.924378655327018, 6881522.892244587652385 ], [ 351993.381796867994126, 6881523.22118968795985 ], [ 351993.753013035980985, 6881493.361324301920831 ], [ 352020.210363016405609, 6881493.690212624147534 ], [ 352020.581516049802303, 6881463.830348206683993 ], [ 352047.038797796005383, 6881464.159179751761258 ], [ 352047.409887693880592, 6881434.299316298216581 ], [ 352073.867101208015811, 6881434.628091064281762 ], [ 352074.238127969088964, 6881404.76822857838124 ], [ 352100.695273249002639, 6881405.096946563571692 ], [ 352101.066236872226, 6881375.23708504345268 ], [ 352127.523313917976338, 6881375.565746247768402 ], [ 352128.265118155220989, 6881315.846024041995406 ], [ 352154.722060558910016, 6881316.174630526453257 ], [ 352155.092901171301492, 6881286.314769839867949 ], [ 352393.204703043098561, 6881289.269598850049078 ], [ 352392.834460119600408, 6881319.129441017284989 ], [ 352498.662145880400203, 6881320.441160251386464 ], [ 352498.292171856504865, 6881350.300993101671338 ], [ 352524.749155153986067, 6881350.6287737544626 ], [ 352524.37925079948036, 6881380.488603455945849 ], [ 352736.035582951095421, 6881383.108713979832828 ], [ 352736.404956039274111, 6881353.248900700360537 ], [ 352762.861922968586441, 6881353.576151787303388 ], [ 352763.231232903781347, 6881323.71633946057409 ], [ 352895.515708253893536, 6881325.351722533814609 ], [ 352895.884689397993498, 6881295.491919363848865 ], [ 352975.255153592617717, 6881296.472449262626469 ], [ 352975.623938759905286, 6881266.612651143223047 ], [ 353054.994187395088375, 6881267.592657613568008 ], [ 353055.362776582303923, 6881237.732864540070295 ], [ 353081.81945609068498, 6881238.059417728334665 ], [ 353082.187982115778141, 6881208.199625603854656 ], [ 353083.662118697015103, 6881088.760446146130562 ], [ 353057.205771247972734, 6881088.43388272728771 ], [ 353058.680225456075277, 6880968.99467755202204 ], [ 353032.224141853221226, 6880968.668047102168202 ], [ 353032.961521281627938, 6880908.948433845303953 ], [ 353059.417472051805817, 6880909.275068390183151 ], [ 353060.154731641814578, 6880849.555454841814935 ], [ 353033.698913706582971, 6880849.228816206566989 ], [ 353034.067614792787936, 6880819.369005743414164 ], [ 353060.523366309818812, 6880819.695646424777806 ], [ 353060.892004226276185, 6880789.835836914367974 ], [ 353087.347687512519769, 6880790.162420795299113 ], [ 353087.716262258123606, 6880760.302612231113017 ], [ 353114.171877311717253, 6880760.629139312542975 ], [ 353114.540388885186985, 6880730.76933170016855 ], [ 353140.995935705897864, 6880731.095801978372037 ], [ 353141.364384106127545, 6880701.235995315015316 ], [ 353167.819862695585471, 6880701.56240878906101 ], [ 353168.188247921410948, 6880671.702603075653315 ], [ 353194.643658277695067, 6880672.028959748335183 ], [ 353195.011980328010395, 6880642.169154980219901 ], [ 353221.467322451295331, 6880642.495454847812653 ], [ 353221.835581324994564, 6880612.635651028715074 ], [ 353380.567197515279986, 6880614.592226663604379 ], [ 353383.878086448297836, 6880345.854053273797035 ], [ 353410.332751655718312, 6880346.179961613379419 ], [ 353410.70057798322523, 6880316.320161130279303 ], [ 353437.155174954503309, 6880316.646012658253312 ], [ 353437.522938094218262, 6880286.786213115788996 ], [ 353463.977466829121113, 6880287.112007834017277 ], [ 353464.345166780170985, 6880257.252209236845374 ], [ 353490.799627279222477, 6880257.57794713973999 ], [ 353491.1672640403267, 6880227.718149486929178 ], [ 353517.62165630137315, 6880228.043830577284098 ], [ 353517.989229871425778, 6880198.184033866971731 ], [ 353570.897876114991959, 6880198.835223561152816 ], [ 353572.000217668479308, 6880109.255839089863002 ], [ 353545.546094743185677, 6880108.930267553776503 ], [ 353546.648664731008466, 6880019.350867096334696 ], [ 353520.194739299011417, 6880019.025230588391423 ], [ 353520.92993501550518, 6879959.305620720610023 ], [ 353494.476140646671411, 6879958.979921276681125 ], [ 353495.211482188198715, 6879899.260302946902812 ], [ 353442.304153770382982, 6879898.608719328418374 ], [ 353442.671962272899691, 6879868.748904438689351 ], [ 353389.764759498997591, 6879868.097081307321787 ], [ 353390.132704116113018, 6879838.237261240370572 ], [ 353363.679166455112863, 6879837.911259345710278 ], [ 353364.047180751222186, 6879808.051436141133308 ], [ 353337.593707718478981, 6879807.725373346358538 ], [ 353337.961791694979183, 6879777.865547004155815 ], [ 353311.508383292704821, 6879777.53942331019789 ], [ 353311.876536950818263, 6879747.679593827575445 ], [ 353285.423193178721704, 6879747.353409229777753 ], [ 353285.791416519496124, 6879717.493576612323523 ], [ 353259.338137377926614, 6879717.167331111617386 ], [ 353259.706430402584374, 6879687.307495354674757 ], [ 353233.253215891716536, 6879686.981188952922821 ], [ 353233.621578601596411, 6879657.121350053697824 ], [ 353207.168428721721284, 6879656.794982748106122 ], [ 353207.536861117871013, 6879626.935140712186694 ], [ 353181.08377586939605, 6879626.608712501823902 ], [ 353181.452277953212615, 6879596.748867326416075 ], [ 353154.999257335904986, 6879596.422378210350871 ], [ 353155.367829108319711, 6879566.562529893592 ], [ 353128.914873124216683, 6879566.235979871824384 ], [ 353129.283514586626552, 6879536.376128413714468 ], [ 353102.830623234272934, 6879536.049517485313118 ], [ 353104.674211477627978, 6879386.750233535654843 ], [ 353131.12677060381975, 6879387.076854686252773 ], [ 353132.970107796718366, 6879237.777553550899029 ], [ 353159.422332870890386, 6879238.104126055724919 ], [ 353160.896795267995913, 6879118.664673588238657 ], [ 353187.348752730293199, 6879118.991195402108133 ], [ 353188.454434256826062, 6879029.411600667983294 ], [ 353162.00267615262419, 6879029.085072724148631 ], [ 353162.371309606882278, 6878999.225203577429056 ], [ 353135.919616147701163, 6878998.898614724166691 ], [ 353136.288319302781019, 6878969.038742437958717 ], [ 353109.836690486874431, 6878968.712092668749392 ], [ 353110.205463344114833, 6878938.852217242121696 ], [ 353083.753899172006641, 6878938.525506558828056 ], [ 353084.122741732513532, 6878908.665627991780639 ], [ 353057.671242206299212, 6878908.338856396265328 ], [ 353058.040154471120331, 6878878.478974686935544 ], [ 353031.58871958887903, 6878878.15214217454195 ], [ 353031.957701559294946, 6878848.292257324792445 ], [ 353058.409069984627422, 6878848.619091883301735 ], [ 353058.777988746704068, 6878818.759207979775965 ], [ 353085.229288901900873, 6878819.085985710844398 ], [ 353085.598144454474095, 6878789.226102758198977 ], [ 353112.049376341979951, 6878789.552823660895228 ], [ 352953.395764269982465, 6878682.833472711034119 ], [ 352934.229291366005782, 6878551.954498672857881 ], [ 352972.755119996727444, 6878246.382100069895387 ], [ 353070.371863723790739, 6878202.64170980732888 ], [ 353173.377449529827572, 6878347.874626250006258 ], [ 353231.642513317987323, 6878378.8100765645504 ], [ 353289.301013501186389, 6878358.186498430557549 ], [ 353302.04174294450786, 6878399.987914328463376 ], [ 353316.612752310291398, 6878440.074582260102034 ], [ 353327.710212042671628, 6878463.705888859927654 ], [ 353328.078508386272006, 6878433.846011130139232 ], [ 353354.528926450002473, 6878434.172226674854755 ], [ 353354.160696571110748, 6878464.032102364115417 ], [ 353380.611179292900488, 6878464.35825699288398 ], [ 353380.243019120418467, 6878494.218129542656243 ], [ 353406.693566498113796, 6878494.544223258271813 ], [ 353406.325476030877326, 6878524.40409267321229 ], [ 353485.677306717203464, 6878525.382014444097877 ], [ 353485.309418879915029, 6878555.241876645945013 ], [ 353511.76009196031373, 6878555.567730782553554 ], [ 353511.392273824196309, 6878585.427589846774936 ], [ 353564.293747491610702, 6878586.079117421992123 ], [ 353563.92606551758945, 6878615.938971313647926 ], [ 353616.827664889278822, 6878616.590259318239987 ], [ 353616.460119075025432, 6878646.450108041055501 ], [ 353801.616125286789611, 6878648.7277472903952 ], [ 353801.249047930876259, 6878678.587580665014684 ], [ 353827.699965210282244, 6878678.912720175459981 ], [ 353827.332957546110265, 6878708.772550419904292 ], [ 353853.783939484506845, 6878709.097629022784531 ], [ 353853.41700151108671, 6878738.957456137984991 ], [ 353879.868048106494825, 6878739.282473834231496 ], [ 353879.501179822487757, 6878769.142297819256783 ], [ 353905.952291074499954, 6878769.46725461166352 ], [ 353905.585492478916422, 6878799.327075463719666 ], [ 353932.036668388871476, 6878799.651971353217959 ], [ 353931.669939480314497, 6878829.5117890778929 ], [ 354011.023655778495595, 6878830.486117419786751 ], [ 354010.657129468687344, 6878860.345927950926125 ], [ 354116.462325166387018, 6878861.644200099632144 ], [ 354116.096067907405086, 6878891.504001407884061 ], [ 354168.998787876102142, 6878892.152780204080045 ], [ 354169.364912223594729, 6878862.292982952669263 ], [ 354222.267492091516033, 6878862.941530326381326 ], [ 354221.901500655396376, 6878892.80132352001965 ], [ 354248.35285434970865, 6878893.125506872311234 ], [ 354247.986932591593359, 6878922.985296940430999 ], [ 354274.438350942800753, 6878923.309419396333396 ], [ 354274.072498861525673, 6878953.169206336140633 ], [ 354300.523981871490832, 6878953.493267895653844 ], [ 354300.889767498476431, 6878923.633482980541885 ], [ 354327.341182258096524, 6878923.9574876986444 ], [ 354326.975463085516822, 6878953.817270585335791 ], [ 354406.329895953880623, 6878954.788925442844629 ], [ 354406.695415763591882, 6878924.929148636758327 ], [ 354512.501035312714521, 6878926.223872387781739 ], [ 354512.866292521997821, 6878896.364102585241199 ], [ 354592.220288988028187, 6878897.334533346816897 ], [ 354592.585350047971588, 6878867.474768516607583 ], [ 354619.036612161900848, 6878867.798129721544683 ], [ 354619.401609980908688, 6878837.938365817070007 ], [ 354698.755186206195503, 6878838.908102283254266 ], [ 354699.119987870391924, 6878809.048343347385526 ], [ 354752.022230152681004, 6878809.694544019177556 ], [ 354753.11625567462761, 6878720.1152727548033 ], [ 354726.665334801306017, 6878719.792195791378617 ], [ 354727.759588601184078, 6878630.212908580899239 ], [ 354701.308865314116701, 6878629.889766681008041 ], [ 354701.673689464572817, 6878600.03000005800277 ], [ 354675.223030848312192, 6878599.706797265447676 ], [ 354676.317721958097536, 6878510.127484746277332 ], [ 354649.867260934202932, 6878509.804217011667788 ], [ 354650.597203997778706, 6878450.084665797650814 ], [ 354624.146874109224882, 6878449.761335146613419 ], [ 354625.607064656971488, 6878330.32221145182848 ], [ 354599.156998836784624, 6878329.998813834041357 ], [ 354601.347779884585179, 6878150.84008320979774 ], [ 354574.898111078073271, 6878150.516614578664303 ], [ 354580.376567091327161, 6877702.61958472058177 ], [ 354606.825238788325805, 6877702.943083692342043 ], [ 354607.920817359117791, 6877613.363654136657715 ], [ 354634.369287826004438, 6877613.687100291252136 ], [ 354634.734420631488319, 6877583.827290263958275 ], [ 354661.182822828006465, 6877584.150679554790258 ], [ 354661.912965117604472, 6877524.431060248985887 ], [ 354688.361232561874203, 6877524.754394697956741 ], [ 354688.726242044416722, 6877494.894585420377553 ], [ 354662.27804108208511, 6877494.571248951368034 ], [ 354662.643120259977877, 6877464.711436551995575 ], [ 354636.194983990571927, 6877464.388039176352322 ], [ 354636.560132864688057, 6877434.528223657980561 ], [ 354610.112061288673431, 6877434.204765371978283 ], [ 354611.207726647204254, 6877344.625306161120534 ], [ 354584.759852732298896, 6877344.301782921887934 ], [ 354585.490445348084904, 6877284.58213391341269 ], [ 354559.042702614620794, 6877284.258547740057111 ], [ 354560.504192375694402, 6877164.819228452630341 ], [ 354586.951669158297591, 6877165.142822716385126 ], [ 354588.412944406270981, 6877045.703493944369256 ], [ 354614.860153438523412, 6877046.027037402614951 ], [ 354615.22541379602626, 6877016.167204486206174 ], [ 354641.67255454469705, 6877016.490691076032817 ], [ 354642.037751624477096, 6876986.630859080702066 ], [ 354668.484824091719929, 6876986.954288798384368 ], [ 354668.849957892380189, 6876957.094457726925611 ], [ 354695.296962077904027, 6876957.417830570600927 ], [ 354695.662032598513179, 6876927.558000422082841 ], [ 354722.108968499873299, 6876927.881316394545138 ], [ 354722.838986190618016, 6876868.161656840704381 ], [ 354749.285787316097412, 6876868.484917959198356 ], [ 354749.650734484312125, 6876838.625088554807007 ], [ 354776.097467325686011, 6876838.948292799293995 ], [ 354776.827238304482307, 6876779.228634731844068 ], [ 354803.273836365609895, 6876779.551784118637443 ], [ 354804.733150861517061, 6876660.112462879158556 ], [ 354831.179481145984028, 6876660.435561443679035 ], [ 354831.544251296319999, 6876630.57573040574789 ], [ 354857.990513293072581, 6876630.898772092536092 ], [ 354858.355220153403934, 6876601.038941973820329 ], [ 354911.247605788928922, 6876601.684852695092559 ], [ 354911.612182858109009, 6876571.825025511905551 ], [ 354990.950548412278295, 6876572.793455912731588 ], [ 354990.586170842696447, 6876602.653277046047151 ], [ 355043.478538616676815, 6876603.298598794266582 ], [ 355043.842783186701126, 6876573.438781690783799 ], [ 355017.396666692104191, 6876573.11614825297147 ], [ 355017.760980967315845, 6876543.256328035145998 ], [ 354991.31492918782169, 6876542.933633682318032 ], [ 354991.679313169326633, 6876513.07381035014987 ], [ 354965.233326105284505, 6876512.751055081374943 ], [ 354965.597779794305097, 6876482.891228634864092 ], [ 354939.151857445482165, 6876482.568412453867495 ], [ 354940.974506504600868, 6876333.26925365626812 ], [ 354967.420096336398274, 6876333.592079920694232 ], [ 354967.784569264214952, 6876303.732246882282197 ], [ 354994.230090804689098, 6876304.055016263388097 ], [ 354994.594500433187932, 6876274.195184142328799 ], [ 355021.039953682688065, 6876274.517896637320518 ], [ 355021.404300010821316, 6876244.658065430819988 ], [ 355047.849684969172813, 6876244.980721039697528 ], [ 355048.213967995718122, 6876215.120890748687088 ], [ 355127.549912644375581, 6876216.088510213419795 ], [ 355127.913999353593681, 6876186.228684866800904 ], [ 355154.359244161518291, 6876186.55110889673233 ], [ 355154.723267565888818, 6876156.69128446560353 ], [ 355128.278089265804738, 6876156.368858422152698 ], [ 355128.642182380775921, 6876126.509030877612531 ], [ 355102.197068805689923, 6876126.186543918214738 ], [ 355102.925397663202602, 6876066.466881504282355 ], [ 355155.815356992708985, 6876067.111804578453302 ], [ 355156.17939320608275, 6876037.251975749619305 ], [ 355129.734480943297967, 6876036.929541651159525 ], [ 355130.098586869891733, 6876007.069709710776806 ], [ 355103.653739334491547, 6876006.747214693576097 ], [ 355104.017914975294843, 6875976.887379639782012 ], [ 355077.573132166988216, 6875976.564823704771698 ], [ 355077.937377523223404, 6875946.704985537566245 ], [ 355051.492659444222227, 6875946.382368683815002 ], [ 355051.856974517228082, 6875916.52252740226686 ], [ 354998.967666029988322, 6875915.877112947404385 ], [ 354999.332117334008217, 6875886.017266537062824 ], [ 354972.887526926584542, 6875885.694468935020268 ], [ 354973.252047950285487, 6875855.83461941126734 ], [ 354920.362994807306677, 6875855.18884345702827 ], [ 354920.727652066387236, 6875825.328988801687956 ], [ 354894.283189331006724, 6875825.006010447628796 ], [ 354893.91846555727534, 6875854.865867121145129 ], [ 354814.584867088415194, 6875853.896584672853351 ], [ 354814.219946980825625, 6875883.756446299143136 ], [ 354787.77534407080384, 6875883.433236354030669 ], [ 354788.140330692578573, 6875853.573372709564865 ], [ 354735.251252536079846, 6875852.926772065460682 ], [ 354735.616375397716183, 6875823.066903285682201 ], [ 354682.727423119125888, 6875822.420062974095345 ], [ 354683.092682223010343, 6875792.560189059004188 ], [ 354577.315022260474507, 6875791.265793471597135 ], [ 354577.680550641322043, 6875761.405910373665392 ], [ 354551.236197692574933, 6875761.082162187434733 ], [ 354552.698609436687548, 6875641.642610723152757 ], [ 354579.142696315073408, 6875641.966366996057332 ], [ 354579.508240771014243, 6875612.106478405185044 ], [ 354553.064220411877614, 6875611.782720111310482 ], [ 354553.429834602575283, 6875581.922828399576247 ], [ 354526.985878972802311, 6875581.599009176716208 ], [ 354527.351562899420969, 6875551.739114345982671 ], [ 354500.907672, 6875551.415234190411866 ], [ 354501.273425663588569, 6875521.555336237885058 ], [ 354474.829599493299611, 6875521.231395148672163 ], [ 354475.195422895194497, 6875491.371494078077376 ], [ 354448.751661455782596, 6875491.04749205429107 ], [ 354449.11755459709093, 6875461.187587859109044 ], [ 354422.67385788919637, 6875460.863524902611971 ], [ 354423.039820771082304, 6875431.003617588430643 ], [ 354343.708919462282211, 6875430.03106917720288 ], [ 354344.075085132790264, 6875400.171154692769051 ], [ 354317.631514301989228, 6875399.846852038055658 ], [ 354317.997749716683757, 6875369.986934431828558 ], [ 354291.554243617807515, 6875369.662570841610432 ], [ 354292.286857159400824, 6875309.942728282883763 ], [ 354265.843482316005975, 6875309.618301729671657 ], [ 354266.576241795322858, 6875249.898450729437172 ], [ 354240.132998211192898, 6875249.573961212299764 ], [ 354240.499449310882483, 6875219.714032038114965 ], [ 354214.056270459608641, 6875219.389481581747532 ], [ 354214.422791309305467, 6875189.52954928111285 ], [ 354187.979677192983218, 6875189.204937884584069 ], [ 354188.712861618900206, 6875129.485065942630172 ], [ 354162.269878764811438, 6875129.160391576588154 ], [ 354163.369879171194043, 6875039.580569346435368 ], [ 354189.812662435288075, 6875039.905249790288508 ], [ 354190.179269154788926, 6875010.045308876782656 ], [ 354269.507408590288833, 6875011.019002783112228 ], [ 354269.141001464275178, 6875040.878937619738281 ], [ 354322.026551850605756, 6875041.527768257074058 ], [ 354322.39282591448864, 6875011.667837467044592 ], [ 354348.835531887772959, 6875011.992166434414685 ], [ 354349.567956614424475, 6874952.272305606864393 ], [ 354296.682809003512375, 6874951.623580661602318 ], [ 354297.049159262503963, 6874921.763644553720951 ], [ 354244.164137545216363, 6874921.114679885096848 ], [ 354244.530624092323706, 6874891.254738628864288 ], [ 354218.088177076890133, 6874890.930165893398225 ], [ 354218.454733380523976, 6874861.070221510715783 ], [ 354192.012351106794085, 6874860.745587831363082 ], [ 354192.745606452925131, 6874801.025691721588373 ], [ 354219.187855656724423, 6874801.350329454988241 ], [ 354219.920990824874025, 6874741.630433007143438 ], [ 354246.363105164316949, 6874741.955015868879855 ], [ 354246.729611045913771, 6874712.095068019814789 ], [ 354273.171657054510433, 6874712.419593987986445 ], [ 354273.904545409372076, 6874652.699699047021568 ], [ 354247.462632476526778, 6874652.37516903039068 ], [ 354247.829148025426548, 6874622.515217887237668 ], [ 354274.270994419581257, 6874622.839749928563833 ], [ 354275.003902105323505, 6874563.119848395697773 ], [ 354301.445613628427964, 6874563.444325562566519 ], [ 354301.812005763407797, 6874533.584375171922147 ], [ 354328.253648952522781, 6874533.908795442432165 ], [ 354328.619977767928503, 6874504.048845975659788 ], [ 354355.061552624683827, 6874504.373209346085787 ], [ 354355.794086833484471, 6874444.653311166912317 ], [ 354382.235526814998593, 6874444.977619657292962 ], [ 354384.43280745629454, 6874265.817910888232291 ], [ 354410.87384638201911, 6874266.142172590829432 ], [ 354411.240004543971736, 6874236.282219309359789 ], [ 354437.68097513349494, 6874236.606424107216299 ], [ 354438.047069967375137, 6874206.746471744030714 ], [ 354464.487972218717914, 6874207.070619637146592 ], [ 354465.220038446073886, 6874147.350715661421418 ], [ 354412.338498342200182, 6874146.702352860942483 ], [ 354412.704669379105326, 6874116.842395181767642 ], [ 354386.263963190023787, 6874116.518123367801309 ], [ 354386.630203994805925, 6874086.658162567764521 ], [ 354307.30827432841761, 6874085.684987485408783 ], [ 354307.674718001682777, 6874055.825019516050816 ], [ 354254.793555697193369, 6874055.175937437452376 ], [ 354255.526718909386545, 6873995.455990107730031 ], [ 354229.086268169688992, 6873995.131356624886394 ], [ 354231.652906785311643, 6873786.11149219609797 ], [ 354205.212920127727557, 6873785.786785609088838 ], [ 354205.57966223382391, 6873755.926798556931317 ], [ 354179.13974033849081, 6873755.602031014859676 ], [ 354179.506552224222105, 6873725.742040838114917 ], [ 354153.066695092071313, 6873725.417212339118123 ], [ 354153.433576758601703, 6873695.557219038717449 ], [ 354126.993784390098881, 6873695.23232957907021 ], [ 354127.360735838708933, 6873665.372333155944943 ], [ 354100.921008233213797, 6873665.047382735647261 ], [ 354102.022081605682615, 6873575.46738079469651 ], [ 354075.582551883824635, 6873575.142365361563861 ], [ 354077.050961115688551, 6873455.702339286915958 ], [ 354103.490224594192114, 6873456.027362825348973 ], [ 354103.85726840532152, 6873426.167355586774647 ], [ 354130.29646352911368, 6873426.492322212085128 ], [ 354131.76440477441065, 6873307.052290372550488 ], [ 354158.203331849188544, 6873307.3772061644122 ], [ 354158.570258657913655, 6873277.517197482287884 ], [ 354132.131398148019798, 6873277.192279666662216 ], [ 354132.498394746682607, 6873247.332267861813307 ], [ 354079.620801478624344, 6873246.682251363061368 ], [ 354081.823647608223837, 6873067.522133151069283 ], [ 354108.262045731418766, 6873067.847183025442064 ], [ 354109.363312636909541, 6872978.267115163616836 ], [ 354082.925114225014113, 6872977.942059214226902 ], [ 354083.292276216088794, 6872948.082032369449735 ], [ 354056.854142581520136, 6872947.756915451027453 ], [ 354057.221374370914418, 6872917.896885481663048 ], [ 354030.7833055141964, 6872917.571707594208419 ], [ 354031.150607102899812, 6872887.711674500256777 ], [ 354004.712603026127908, 6872887.386435640975833 ], [ 354005.079974415595643, 6872857.526399423368275 ], [ 353952.204094023618381, 6872856.875740818679333 ], [ 353952.571601789095439, 6872827.01569944806397 ], [ 353899.695847364084329, 6872826.36480101197958 ], [ 353899.32820645038737, 6872856.224846440367401 ], [ 353846.452311694272794, 6872855.573716282844543 ], [ 353846.084540863172151, 6872885.433764667250216 ], [ 353793.208505774498917, 6872884.782402792945504 ], [ 353793.576409752888139, 6872854.922350348904729 ], [ 353740.700500621809624, 6872854.270748636685312 ], [ 353740.332463495898992, 6872884.130805142223835 ], [ 353713.894439660420176, 6872883.804917899891734 ], [ 353714.262543360178825, 6872853.944859365001321 ], [ 353687.824584300280549, 6872853.618911148048937 ], [ 353688.192757808719762, 6872823.758849483914673 ], [ 353582.441169880505186, 6872822.454459043219686 ], [ 353582.072730073996354, 6872852.314528835937381 ], [ 353555.634762018104084, 6872851.988285897299647 ], [ 353555.266258874791674, 6872881.848356625065207 ], [ 353528.828222445503343, 6872881.522056775167584 ], [ 353528.459655966376886, 6872911.382128437981009 ], [ 353449.145336154906545, 6872910.402881323359907 ], [ 353448.776573195413221, 6872940.262957989238203 ], [ 353343.02385526499711, 6872938.956478093750775 ], [ 353343.392884516506456, 6872909.096393287181854 ], [ 353105.449762840813491, 6872906.153346977196634 ], [ 353105.819394499005284, 6872876.293242731131613 ], [ 353052.943258532672189, 6872875.638579973950982 ], [ 353053.313026587595232, 6872845.778470550663769 ], [ 353026.87502246897202, 6872845.45104871597141 ], [ 353027.614701476180926, 6872785.730822498910129 ], [ 353001.176828703319188, 6872785.403337636962533 ], [ 353001.916653861524537, 6872725.683102947659791 ], [ 352975.478912433783989, 6872725.35555505938828 ], [ 352976.588874280103482, 6872635.775188671424985 ], [ 352950.151330780528951, 6872635.447575710713863 ], [ 352950.521391143091023, 6872605.587449344806373 ], [ 352976.958868063287809, 6872605.915064346045256 ], [ 352977.328865096904337, 6872576.054938923567533 ], [ 353003.766273630782962, 6872576.382497018203139 ], [ 353004.136207334406208, 6872546.522372539155185 ], [ 352977.698865381127689, 6872546.194812404923141 ], [ 352978.068868915608618, 6872516.33468478731811 ], [ 352898.757031958084553, 6872515.351644568145275 ], [ 352898.386828679998871, 6872545.211778311058879 ], [ 352845.512128507194575, 6872544.556127501651645 ], [ 352844.771465386380441, 6872604.276399860158563 ], [ 352818.333979426592123, 6872603.948490117676556 ], [ 352817.963586166675668, 6872633.808626695536077 ], [ 352791.526031818997581, 6872633.480660048313439 ], [ 352791.155575234326534, 6872663.340797569602728 ], [ 352764.717952497128863, 6872663.012774020433426 ], [ 352764.347432588692755, 6872692.872912488877773 ], [ 352685.034353784576524, 6872691.888494283892214 ], [ 352684.663637397577986, 6872721.7486377870664 ], [ 352658.225874264084268, 6872721.420382536947727 ], [ 352657.855094556696713, 6872751.280526991002262 ], [ 352631.417263034905773, 6872750.952214838005602 ], [ 352631.046420008293353, 6872780.812360240146518 ], [ 352578.170618377218489, 6872780.155563185922801 ], [ 352577.799645456077997, 6872810.015711583197117 ], [ 352551.361675345571712, 6872809.687226683832705 ], [ 352551.732714842888527, 6872779.827076241374016 ], [ 352525.294809496786911, 6872779.49853034876287 ], [ 352524.923703423177358, 6872809.358682839199901 ], [ 352498.48572968802182, 6872809.030080048367381 ], [ 352498.114560299087316, 6872838.890233489684761 ], [ 352471.676518175227102, 6872838.56157380156219 ], [ 352471.305285472015385, 6872868.421728193759918 ], [ 352444.867174959508702, 6872868.093011608347297 ], [ 352444.495878943416756, 6872897.953166948631406 ], [ 352391.619519327185117, 6872897.295561037026346 ], [ 352391.248093425121624, 6872927.155719381757081 ], [ 352364.809844320872799, 6872926.826830060221255 ], [ 352364.066869160276838, 6872986.547147558070719 ], [ 352337.628485095803626, 6872986.218203388154507 ], [ 352336.88538984709885, 6873045.938520597293973 ], [ 352310.446870822401252, 6873045.609521583653986 ], [ 352310.075261523772497, 6873075.469680594280362 ], [ 352283.636674111476168, 6873075.140624689869583 ], [ 352282.893332168925554, 6873134.860943521372974 ], [ 352256.454609801119659, 6873134.531832775101066 ], [ 352256.082877158885822, 6873164.391992596909404 ], [ 352229.64408640388865, 6873164.062824960798025 ], [ 352229.272290459019132, 6873193.922985738143325 ], [ 352202.833431319508236, 6873193.593761211261153 ], [ 352202.089716094487812, 6873253.314083577133715 ], [ 352228.528708370518871, 6873253.643304000608623 ], [ 352228.156922226771712, 6873283.503461484797299 ], [ 352201.717863383411895, 6873283.174243115819991 ], [ 352201.346013939997647, 6873313.034401559270918 ], [ 352042.711223304679152, 6873311.057865909300745 ], [ 352043.083472149271984, 6873281.197695147246122 ], [ 352016.644400578283239, 6873280.868064193986356 ], [ 352017.016719261824619, 6873251.007890282198787 ], [ 351911.260681054613087, 6873249.688768839463592 ], [ 351911.63326928258175, 6873219.828585606999695 ], [ 351885.194321747520007, 6873219.498655838891864 ], [ 351885.566979818395339, 6873189.638469454832375 ], [ 351832.689212425088044, 6873188.978428976610303 ], [ 351833.062006909691263, 6873159.118237382732332 ], [ 351780.184365368098952, 6873158.457957023754716 ], [ 351780.557296268816572, 6873128.59776021912694 ], [ 351727.679780579521321, 6873127.9372399719432 ], [ 351728.052847898798063, 6873098.077037954702973 ], [ 351622.298060928005725, 6873096.755281911231577 ], [ 351622.67139781138394, 6873066.895070559345186 ], [ 351596.232763080974109, 6873066.564482130110264 ], [ 351595.485959452111274, 6873126.284907856956124 ], [ 351436.853313890518621, 6873124.300164203159511 ], [ 351437.227113490924239, 6873094.439939516596496 ], [ 351331.472246211778838, 6873093.115589966997504 ], [ 351331.09818032651674, 6873122.975822906941175 ], [ 351251.781810964399483, 6873121.981948031112552 ], [ 351251.40754865371855, 6873151.842186067253351 ], [ 351224.968688638124149, 6873151.510778621770442 ], [ 351224.594363045820501, 6873181.371017628349364 ], [ 351198.155434631509706, 6873181.0395533060655 ], [ 351198.529826794110704, 6873151.179312231019139 ], [ 351172.090963121387176, 6873150.847786899656057 ], [ 351172.465425144589972, 6873120.987542667426169 ], [ 351146.026626211882103, 6873120.655956324189901 ], [ 351146.40115809708368, 6873090.79570892918855 ], [ 351119.962423907185439, 6873090.464061576873064 ], [ 351120.337025655491743, 6873060.603811016306281 ], [ 351093.898356206307653, 6873060.272102653980255 ], [ 351094.273027818882838, 6873030.411848929710686 ], [ 351067.834423112624791, 6873030.080079558305442 ], [ 351068.209164590516593, 6873000.219822672195733 ], [ 350988.893539205717389, 6872999.224154678173363 ], [ 350989.26848369842628, 6872969.363890491425991 ], [ 350936.39152409840608, 6872968.69981296453625 ], [ 350936.766605034819804, 6872938.839543544687331 ], [ 350883.889771254674997, 6872938.175226097926497 ], [ 350884.264988637296483, 6872908.314951444044709 ], [ 350857.826635573175736, 6872907.982702231034636 ], [ 350858.201922828506213, 6872878.122424410656095 ], [ 350831.763634507777169, 6872877.790114181116223 ], [ 350832.889715789002366, 6872788.209267940372229 ], [ 350806.451625365007203, 6872787.876892550848424 ], [ 350806.827058966213372, 6872758.016606209799647 ], [ 350780.389033287181519, 6872757.684169799089432 ], [ 350780.764536765927915, 6872727.823880293406546 ], [ 350754.326575831801165, 6872727.491382863372564 ], [ 350754.702149189077318, 6872697.631090188398957 ], [ 350728.264253000204917, 6872697.298531739041209 ], [ 350728.639896237291396, 6872667.438235895708203 ], [ 350702.202064793906175, 6872667.105616426095366 ], [ 350702.577777912083548, 6872637.245317417196929 ], [ 350649.702242681581993, 6872636.579897480085492 ], [ 350650.07809226331301, 6872606.719593229703605 ], [ 350597.202682853327133, 6872606.053933350369334 ], [ 350597.578668901172932, 6872576.19362385571003 ], [ 350491.828094372001942, 6872574.861588392406702 ], [ 350491.45184199558571, 6872604.721906183287501 ], [ 350465.014127189002465, 6872604.388752018101513 ], [ 350464.63781153637683, 6872634.249070787802339 ], [ 350438.20002830948215, 6872633.915859745815396 ], [ 350437.82364938192768, 6872663.776179499924183 ], [ 350411.385797735129017, 6872663.442911583930254 ], [ 350410.63291663932614, 6872723.163551958277822 ], [ 350384.194929994700942, 6872722.830229246988893 ], [ 350383.81842782831518, 6872752.690549869090319 ], [ 350357.38037276401883, 6872752.357170285657048 ], [ 350356.627245197480079, 6872812.077812399715185 ], [ 350330.189055137278046, 6872811.744378024712205 ], [ 350329.059188869607169, 6872901.325339218601584 ], [ 350302.620797238894738, 6872900.991852128878236 ], [ 350302.244115191802848, 6872930.852172415703535 ], [ 350249.367193256388418, 6872930.185025555081666 ], [ 350248.990381368028466, 6872960.045348905026913 ], [ 350196.113318917807192, 6872959.377970414236188 ], [ 350195.736377190391067, 6872989.238296828232706 ], [ 350169.297776629216969, 6872988.904521243646741 ], [ 350168.920771639386658, 6873018.764848643913865 ], [ 350089.604759178473614, 6873017.763174459338188 ], [ 350089.22755777958082, 6873047.62350700609386 ], [ 350062.788816699408926, 6873047.289499801583588 ], [ 350063.166084672207944, 6873017.429165173321962 ], [ 350036.727408324193675, 6873017.095096940174699 ], [ 350037.104746186290868, 6872987.234759137034416 ], [ 350010.666134568105917, 6872986.900629877112806 ], [ 350011.043542321014684, 6872957.040288895368576 ], [ 349984.604995434812736, 6872956.706098606809974 ], [ 349984.982473079522606, 6872926.845754447393119 ], [ 349905.667021082597785, 6872925.842823654413223 ], [ 349905.289343710406683, 6872955.703174063935876 ], [ 349878.850789445918053, 6872955.36874798964709 ], [ 349879.228533394110855, 6872925.508395495824516 ], [ 349747.03606726397993, 6872923.835370503365993 ], [ 349746.657990435778629, 6872953.695733423344791 ], [ 349588.026570670772344, 6872951.6861707046628 ], [ 349588.405046955798753, 6872921.825795262120664 ], [ 349561.966537101601716, 6872921.490659740753472 ], [ 349562.345083288790192, 6872891.630281116813421 ], [ 349535.906638161686715, 6872891.295084559358656 ], [ 349536.28525425249245, 6872861.434702754020691 ], [ 349509.846873854578007, 6872861.099445158615708 ], [ 349510.225559849990532, 6872831.239060171879828 ], [ 349483.787244179227855, 6872830.903741537593305 ], [ 349484.166000080294907, 6872801.043353366665542 ], [ 349457.727749138779473, 6872800.707973697222769 ], [ 349458.106574947014451, 6872770.847582342103124 ], [ 349431.668388734979089, 6872770.512141632847488 ], [ 349432.426183496892918, 6872710.791351461783051 ], [ 349405.988128593424335, 6872710.455847622826695 ], [ 349406.367097548616584, 6872680.595448806881905 ], [ 349353.491115352022462, 6872679.924260095693171 ], [ 349353.11201323417481, 6872709.78466309607029 ], [ 349300.235890469222795, 6872709.113242766819894 ], [ 349299.856658520817291, 6872738.97364885546267 ], [ 349194.104124436271377, 6872737.63010917045176 ], [ 349194.483622707601171, 6872707.769694712944329 ], [ 349141.607477706915233, 6872707.097566982731223 ], [ 349141.227846273919567, 6872736.957985630258918 ], [ 349114.789704411523417, 6872736.621835434809327 ], [ 349114.410009733401239, 6872766.482255082577467 ], [ 348982.218939694401342, 6872764.800630335696042 ], [ 348982.598967274418101, 6872734.940200208686292 ], [ 348956.1608142798068, 6872734.603696314617991 ], [ 348956.540911779622547, 6872704.743262999691069 ], [ 348930.102823509427253, 6872704.406698058359325 ], [ 348931.243335792212747, 6872614.825385261327028 ], [ 348904.805445412173867, 6872614.488755077123642 ], [ 348905.565936801373027, 6872554.767870219424367 ], [ 348879.128177731181495, 6872554.431176887825131 ], [ 348879.508495021320414, 6872524.570730720646679 ], [ 348853.070800679677632, 6872524.233976340852678 ], [ 348853.451187896193005, 6872494.37352698482573 ], [ 348827.013558281818405, 6872494.036711551249027 ], [ 348827.394015425816178, 6872464.176259002648294 ], [ 348800.956450539291836, 6872463.83938251901418 ], [ 348801.336977612110786, 6872433.978926778770983 ], [ 348774.899477454018779, 6872433.641989244148135 ], [ 348775.280074456823058, 6872403.781530311331153 ], [ 348748.842639026872348, 6872403.444531721994281 ], [ 348749.223305960709695, 6872373.584069597534835 ], [ 348722.785935260995757, 6872373.247009956277907 ], [ 348722.405201739282347, 6872403.107474179007113 ], [ 348510.905636478506494, 6872400.408891469240189 ], [ 348510.52437360282056, 6872430.269371410831809 ], [ 348351.899221949221101, 6872428.242970912717283 ], [ 348352.280884350300767, 6872398.382478347979486 ], [ 348299.405952068394981, 6872397.70653567276895 ], [ 348299.787750998802949, 6872367.846037804149091 ], [ 348273.350348649313673, 6872367.507975926622748 ], [ 348273.732217522512656, 6872337.647474861703813 ], [ 348247.294879897788633, 6872337.309351923875511 ], [ 348248.058760887419339, 6872277.588342301547527 ], [ 348221.62155457760673, 6872277.250156195834279 ], [ 348222.003566695610061, 6872247.389647640287876 ], [ 348195.566425111377612, 6872247.051400469616055 ], [ 348195.948507176421117, 6872217.190888715907931 ], [ 348169.511430318118073, 6872216.852580483071506 ], [ 348170.65789642801974, 6872127.271032342687249 ], [ 348144.221017481700983, 6872126.932658829726279 ], [ 348144.603246158920228, 6872097.072138491086662 ], [ 348171.040058511716779, 6872097.410514111630619 ], [ 348172.186564902891405, 6872007.828952863812447 ], [ 348198.623175605316646, 6872008.167275846935809 ], [ 348199.387396790611092, 6871948.4462337680161 ], [ 348225.823872435314115, 6871948.784502004273236 ], [ 348226.587973850197159, 6871889.063459767960012 ], [ 348200.151631400512997, 6871888.725187318399549 ], [ 348200.915879434789531, 6871829.0041364999488 ], [ 348174.479668317304458, 6871828.66580087505281 ], [ 348175.626265340077225, 6871739.084210133180022 ], [ 348149.190252157684881, 6871738.745809226296842 ], [ 348149.95480015949579, 6871679.024739054962993 ], [ 348044.211261584598105, 6871677.670528931543231 ], [ 348043.828719497018028, 6871707.531072995625436 ], [ 347964.52084615919739, 6871706.514802609570324 ], [ 347964.138107626815327, 6871736.375351908616722 ], [ 347911.266049526515417, 6871735.697547721676528 ], [ 347910.883181153505575, 6871765.558100149035454 ], [ 347884.447082699218299, 6871765.219111721031368 ], [ 347884.830017673200928, 6871735.358557183295488 ], [ 347831.957948361698072, 6871734.680399215780199 ], [ 347833.107173076306935, 6871645.098716383799911 ], [ 347806.67133542249212, 6871644.759542618878186 ], [ 347807.820790227502584, 6871555.177843624725938 ], [ 347834.256428069085814, 6871555.51702372264117 ], [ 347835.022614885529038, 6871495.79588982090354 ], [ 347808.587110254971776, 6871495.456705499440432 ], [ 347808.970275315805338, 6871465.59613479860127 ], [ 347782.534835423401091, 6871465.256889400072396 ], [ 347782.918070456071291, 6871435.396315494552255 ], [ 347756.482695299724583, 6871435.057009015232325 ], [ 347757.249308676982764, 6871375.335853706113994 ], [ 347730.814064867678098, 6871374.996484034694731 ], [ 347731.197443214128725, 6871345.135902630165219 ], [ 347599.021529145771638, 6871343.438159187324345 ], [ 347599.405243906425312, 6871313.577566120773554 ], [ 347572.970122088387143, 6871313.237838412635028 ], [ 347573.353906828502659, 6871283.377242141403258 ], [ 347520.483790793980006, 6871282.697605590336025 ], [ 347520.867712125822436, 6871252.837003993801773 ], [ 347467.997721822292078, 6871252.15712733194232 ], [ 347468.381779748189729, 6871222.296520414762199 ], [ 347494.816709225007799, 6871222.636490346863866 ], [ 347495.584701968880836, 6871162.915277468040586 ], [ 347522.019496347988024, 6871163.255192660726607 ], [ 347522.787369351775851, 6871103.533979646861553 ], [ 347496.352708199818153, 6871103.194060223177075 ], [ 347498.272782781277783, 6870953.890998002141714 ], [ 347471.838452834228519, 6870953.551009029150009 ], [ 347474.143053309584502, 6870774.387285638600588 ], [ 347394.841251367121004, 6870773.366926778107882 ], [ 347395.225563111715019, 6870743.506296043284237 ], [ 347368.791692004422657, 6870743.166056353598833 ], [ 347368.022938647598494, 6870802.887320967391133 ], [ 347341.588932424492668, 6870802.547026537358761 ], [ 347341.973374035907909, 6870772.686392659321427 ], [ 347315.539432558696717, 6870772.346037137322128 ], [ 347316.692977508821059, 6870682.764122599735856 ], [ 347290.259234021417797, 6870682.42370174638927 ], [ 347290.643822378886398, 6870652.563059266656637 ], [ 347369.944847348320764, 6870653.584151248447597 ], [ 347370.329239211976528, 6870623.723514027893543 ], [ 347396.762843829696067, 6870624.063762184232473 ], [ 347397.14717244397616, 6870594.203125991858542 ], [ 347423.580708563909866, 6870594.543317287229002 ], [ 347423.964973927824758, 6870564.682682117447257 ], [ 347450.3984415504965, 6870565.022816551849246 ], [ 347450.782643662474584, 6870535.162182407453656 ], [ 347530.082835416018497, 6870536.182238186709583 ], [ 347530.466841024172027, 6870506.321609296835959 ], [ 347583.333492915611714, 6870507.001355820335448 ], [ 347584.101247739687096, 6870447.28010322060436 ], [ 347610.53443762450479, 6870447.619892244227231 ], [ 347610.918253464100417, 6870417.759266420267522 ], [ 347637.351374851423316, 6870418.098998574540019 ], [ 347638.502642700099386, 6870328.51712089125067 ], [ 347612.069721197593026, 6870328.177382393740118 ], [ 347612.453550513775554, 6870298.316752202808857 ], [ 347586.020693770318758, 6870297.97695261053741 ], [ 347587.556311250024009, 6870178.53441246598959 ], [ 347561.123719158116728, 6870178.194545437581837 ], [ 347561.89168138167588, 6870118.473264587111771 ], [ 347535.459220684482716, 6870118.133334347978234 ], [ 347535.843273485195823, 6870088.272690168581903 ], [ 347509.410877550079022, 6870087.932698830030859 ], [ 347509.795000355923548, 6870058.072051445022225 ], [ 347483.362669183115941, 6870057.731999008916318 ], [ 347483.746861995197833, 6870027.871348418295383 ], [ 347430.882327302300837, 6870027.191062362864614 ], [ 347431.266656757507008, 6869997.330406447872519 ], [ 347404.83445323741762, 6869996.990172826685011 ], [ 347405.218852701771539, 6869967.129513703286648 ], [ 347352.354573314310983, 6869966.448865273967385 ], [ 347352.739109425980132, 6869936.58820082526654 ], [ 347326.307033558376133, 6869936.247786016203463 ], [ 347326.691639682394452, 6869906.387118360027671 ], [ 347300.259628578322008, 6869906.046642446890473 ], [ 347301.028984229196794, 6869846.32529962528497 ], [ 347274.597104527405463, 6869845.984760489314795 ], [ 347274.981854056124575, 6869816.124085322022438 ], [ 347301.413667118817102, 6869816.464626574888825 ], [ 347302.183043025783263, 6869756.743277198635042 ], [ 347275.751363243383821, 6869756.40273171197623 ], [ 347276.136122901923954, 6869726.542053269222379 ], [ 347249.704507886606734, 6869726.201446675695479 ], [ 347250.089337563316803, 6869696.340765023604035 ], [ 347197.226235189009458, 6869695.659370634704828 ], [ 347197.996171244012658, 6869635.93799558095634 ], [ 347171.564750529301818, 6869635.59720566496253 ], [ 347171.949790267681237, 6869605.736514382064342 ], [ 347145.518434320692904, 6869605.395663358271122 ], [ 347147.058893642621115, 6869485.952878830954432 ], [ 347120.627802399510983, 6869485.611960339359939 ], [ 347121.783382316119969, 6869396.02985412068665 ], [ 347095.352489138022065, 6869395.688870278187096 ], [ 347095.737755851587281, 6869365.828163902275264 ], [ 347042.876097161322832, 6869365.146014994941652 ], [ 347043.261500553402584, 6869335.285303288139403 ], [ 347016.830735042574815, 6869334.944138224236667 ], [ 347016.44526500167558, 6869364.804852050729096 ], [ 346963.583595048286952, 6869364.122349185869098 ], [ 346963.197995093127247, 6869393.983066164888442 ], [ 346804.61254026152892, 6869391.934154465794563 ], [ 346804.998540107626468, 6869362.073424750939012 ], [ 346778.567691038828343, 6869361.731730869039893 ], [ 346778.953760920790955, 6869331.870997937396169 ], [ 346752.522976621577982, 6869331.529242937453091 ], [ 346751.364577192114666, 6869421.11144483089447 ], [ 346724.93359106668504, 6869420.769637212157249 ], [ 346724.547398052527569, 6869450.63037111889571 ], [ 346698.116343397472519, 6869450.288506631739438 ], [ 346697.730087125091814, 6869480.149241574108601 ], [ 346671.298963942390401, 6869479.807320217601955 ], [ 346670.912644413125236, 6869509.668056195601821 ], [ 346644.481452702428214, 6869509.326077975332737 ], [ 346644.095069916977081, 6869539.186814986169338 ], [ 346617.663809678400867, 6869538.844779902137816 ], [ 346616.890920989681035, 6869598.566254901699722 ], [ 346590.459525579295587, 6869598.224165079183877 ], [ 346590.07301967748208, 6869628.084903069771826 ], [ 346563.641555738809984, 6869627.742756384424865 ], [ 346563.2549865852925, 6869657.603495410643518 ], [ 346510.391919772082474, 6869656.919029325246811 ], [ 346510.005220724793617, 6869686.779771516099572 ], [ 346457.142013090080582, 6869686.095073726028204 ], [ 346457.52884542348329, 6869656.234327277168632 ], [ 346404.665763536992017, 6869655.549389269202948 ], [ 346403.504876865190454, 6869745.131638119928539 ], [ 346377.073133167112246, 6869744.78908702172339 ], [ 346377.460158637317363, 6869714.928336365148425 ], [ 346351.028479694505222, 6869714.585724145174026 ], [ 346351.415575203602202, 6869684.724970268085599 ], [ 346272.120726988825481, 6869683.69677328132093 ], [ 346271.733431551314425, 6869713.557533551938832 ], [ 346245.301745063799899, 6869713.214685375802219 ], [ 346244.914386383024976, 6869743.075446685776114 ], [ 346218.482631366176065, 6869742.732541652396321 ], [ 346218.095209443185013, 6869772.593304007314146 ], [ 346165.231560462329071, 6869771.907321235165 ], [ 346164.45646025298629, 6869831.62885120138526 ], [ 346111.592537157179322, 6869830.942641008645296 ], [ 346111.980218842392787, 6869801.081872304901481 ], [ 346059.116421471699141, 6869800.395421889610589 ], [ 346059.504239841771778, 6869770.534647827036679 ], [ 345927.345046549278777, 6869768.817478812299669 ], [ 345926.95689497247804, 6869798.678263553418219 ], [ 345900.524983999901451, 6869798.334654919803143 ], [ 345900.136769188800827, 6869828.195440707728267 ], [ 345873.704789684386924, 6869827.8517752205953 ], [ 345872.928237002983224, 6869887.573347800411284 ], [ 345846.496122327400371, 6869887.229627601802349 ], [ 345846.107784459076356, 6869917.090414393693209 ], [ 345819.675601250724867, 6869916.746637344360352 ], [ 345818.898802461801097, 6869976.468211934901774 ], [ 345792.466484085598495, 6869976.124380173161626 ], [ 345791.689565657579806, 6870035.845954678021371 ], [ 345765.257112112594768, 6870035.502068209461868 ], [ 345765.645636258879676, 6870005.641279363073409 ], [ 345739.213247458275873, 6870005.297331768088043 ], [ 345739.601841652009171, 6869975.43653969373554 ], [ 345713.169517595786601, 6869975.092530974186957 ], [ 345713.558181838423479, 6869945.23173566814512 ], [ 345687.12592252518516, 6869944.887665822170675 ], [ 345687.514656817598734, 6869915.026867285370827 ], [ 345661.082462249789387, 6869914.682736312039196 ], [ 345661.471266593318433, 6869884.821934547275305 ], [ 345635.039136770181358, 6869884.477742444723845 ], [ 345635.428011165990029, 6869854.616937451064587 ], [ 345608.995946088281926, 6869854.272684218361974 ], [ 345609.384890537476167, 6869824.411875993013382 ], [ 345582.952890205197036, 6869824.067561632022262 ], [ 345583.341904709173832, 6869794.206750176846981 ], [ 345556.909969122789335, 6869793.862374684773386 ], [ 345557.299053682480007, 6869764.001559996977448 ], [ 345478.003435473772697, 6869762.968073163181543 ], [ 345478.392723375698552, 6869733.107250957749784 ], [ 345399.097288025193848, 6869732.073226787149906 ], [ 345398.707800195610616, 6869761.934055420570076 ], [ 345372.275917974708136, 6869761.589264860376716 ], [ 345373.055030337884091, 6869701.867602216079831 ], [ 345346.623279505118262, 6869701.522748378105462 ], [ 345347.012907458527479, 6869671.661913277581334 ], [ 345320.581221371481661, 6869671.316998302936554 ], [ 345320.97091938869562, 6869641.456159967929125 ], [ 345294.53929804690415, 6869641.111183860339224 ], [ 345294.929066128912382, 6869611.250342288985848 ], [ 345242.06595104112057, 6869610.560208804905415 ], [ 345242.455855834996328, 6869580.69936185516417 ], [ 345136.729869445902295, 6869579.318378400057554 ], [ 345136.339698068681173, 6869609.179233936592937 ], [ 345109.908130074793007, 6869608.833842741325498 ], [ 345109.517895476077683, 6869638.694699334912002 ], [ 345056.654620494111441, 6869638.003744261339307 ], [ 345057.044988383422606, 6869608.142883370630443 ], [ 344687.002783412695862, 6869603.299560678191483 ], [ 344687.394087774620857, 6869573.438668584451079 ], [ 344634.531018451089039, 6869572.745817159302533 ], [ 344635.313904065522365, 6869513.024021090939641 ], [ 344556.019685661420226, 6869511.984288577921689 ], [ 344555.236400162510108, 6869571.706097574904561 ], [ 344502.373311765375547, 6869571.012656221166253 ], [ 344501.981540877895895, 6869600.873563397675753 ], [ 344422.686694027506746, 6869599.832965390756726 ], [ 344422.294726639520377, 6869629.693877949379385 ], [ 344316.567970855219755, 6869628.305596674792469 ], [ 344316.175740324310027, 6869658.166516775265336 ], [ 344289.743979955674149, 6869657.819301134906709 ], [ 344289.351686221780255, 6869687.680222304537892 ], [ 344262.919857298023999, 6869687.332949832081795 ], [ 344263.312217677128501, 6869657.472026502713561 ], [ 344236.8804534865194, 6869657.124692877754569 ], [ 344237.272883954574354, 6869627.26376629807055 ], [ 344210.841184497287031, 6869626.916371521539986 ], [ 344211.233685055573005, 6869597.055441694334149 ], [ 344158.370413698779885, 6869596.360470841638744 ], [ 344157.977779847627971, 6869626.221404991112649 ], [ 344105.114367547619622, 6869625.526202488690615 ], [ 344105.507134691812098, 6869595.665264018811285 ], [ 344079.075492317497265, 6869595.317572117783129 ], [ 344080.254014373407699, 6869505.734743691049516 ], [ 344053.822570029995404, 6869505.386986310593784 ], [ 344055.394247631891631, 6869385.943191193975508 ], [ 344028.963067972683348, 6869385.595366170629859 ], [ 344031.321087725984398, 6869206.429627877660096 ], [ 344057.75186746858526, 6869206.777465875260532 ], [ 344058.144816175277811, 6869176.916507845744491 ], [ 344084.575527348206379, 6869177.264289008453488 ], [ 344084.968412847316358, 6869147.403332051821053 ], [ 344111.399055452900939, 6869147.751056376844645 ], [ 344112.184703479986638, 6869088.029143523424864 ], [ 344059.323682981485035, 6869087.333627231419086 ], [ 344060.109611424326431, 6869027.611701376736164 ], [ 344033.679231619404163, 6869027.263850408606231 ], [ 344034.072267670708243, 6868997.402883688919246 ], [ 344007.641952610923909, 6868997.054971558041871 ], [ 344008.035058769397438, 6868967.194001587107778 ], [ 343981.604808455274906, 6868966.846028292551637 ], [ 343981.997984722082037, 6868936.985055071301758 ], [ 343955.567799152107909, 6868936.637020613998175 ], [ 343955.961045528471004, 6868906.776044139638543 ], [ 343929.530924704682548, 6868906.427948517724872 ], [ 343929.924241191882174, 6868876.566968793980777 ], [ 343903.494185114104766, 6868876.218812005594373 ], [ 343903.887571713305078, 6868846.357829029671848 ], [ 343877.457580381713342, 6868846.009611075744033 ], [ 343851.027587134682108, 6868845.661334121599793 ], [ 343850.634067212580703, 6868875.522321425378323 ], [ 343797.77394164778525, 6868874.825594834983349 ], [ 343797.380291856185067, 6868904.686585381627083 ], [ 343612.369325366686098, 6868902.246198915876448 ], [ 343612.763441785704345, 6868872.385193205438554 ], [ 343559.903281703824177, 6868871.687404576689005 ], [ 343560.297534903977066, 6868841.826393441297114 ], [ 343533.867518646991812, 6868841.477408452890813 ], [ 343534.261841968400404, 6868811.616394061595201 ], [ 343507.831890453526285, 6868811.2673479039222 ], [ 343508.226283897412941, 6868781.406330255791545 ], [ 343481.796397125523072, 6868781.05722292419523 ], [ 343482.190860692993738, 6868751.196202018298209 ], [ 343455.761038664611988, 6868750.84703351277858 ], [ 343456.155572356772609, 6868720.986009350977838 ], [ 343376.866294740291778, 6868719.938143302686512 ], [ 343376.471561054990161, 6868749.799173977226019 ], [ 343191.46271269780118, 6868747.352103251963854 ], [ 343165.03286952507915, 6868747.002285703085363 ], [ 343164.637605991214514, 6868776.863332668319345 ], [ 343138.20769423089223, 6868776.513458290137351 ], [ 343137.417044239293318, 6868836.235553309321404 ], [ 343110.986997228581458, 6868835.885624272748828 ], [ 343110.591610772476997, 6868865.746672326698899 ], [ 343084.161495173408184, 6868865.396686464548111 ], [ 343083.766045524273068, 6868895.257735606282949 ], [ 343057.335861338709947, 6868894.907692914828658 ], [ 343056.940348497591913, 6868924.768743145279586 ], [ 343030.510095725185238, 6868924.418643629178405 ], [ 343030.114519693190232, 6868954.279694944620132 ], [ 343003.684198334114626, 6868953.929538601078093 ], [ 343003.288559112523217, 6868983.790591008961201 ], [ 342976.858169167710003, 6868983.440377841703594 ], [ 342976.46246675751172, 6869013.301431338302791 ], [ 342950.032008225098252, 6869012.951161346398294 ], [ 342949.636242627573665, 6869042.812215931713581 ], [ 342923.205715509713627, 6869042.461889114230871 ], [ 342922.809886726026889, 6869072.322944791987538 ], [ 342896.379291022894904, 6869071.972561152651906 ], [ 342895.983399053977337, 6869101.83361791819334 ], [ 342658.107351011421997, 6869098.677529753185809 ], [ 342658.503842903126497, 6869068.816453370265663 ], [ 342552.781371334102005, 6869067.412204778753221 ], [ 342552.384612808993552, 6869097.273289890959859 ], [ 342499.523232118401211, 6869096.570815957151353 ], [ 342499.126343758776784, 6869126.431904347613454 ], [ 342472.695583855907898, 6869126.080581063404679 ], [ 342473.092538873490412, 6869096.219490488991141 ], [ 342446.661843696783762, 6869095.868106020614505 ], [ 342447.058868855703622, 6869066.00701217725873 ], [ 342420.628238403005525, 6869065.655566522851586 ], [ 342421.025333704426885, 6869035.794469406828284 ], [ 342394.594767978123855, 6869035.442962569184601 ], [ 342394.991933422978036, 6869005.581862182356417 ], [ 342368.561432423186488, 6869005.230294155888259 ], [ 342368.958668013219722, 6868975.369190499186516 ], [ 342342.528231738193426, 6868975.017561286687851 ], [ 342342.925537474104203, 6868945.15645435731858 ], [ 342316.495165927102789, 6868944.80476395599544 ], [ 342316.892541810404509, 6868914.943653755821288 ], [ 342343.322846695780754, 6868915.295346341095865 ], [ 342343.720159402990248, 6868885.434237238951027 ], [ 342290.85968102060724, 6868884.730788692831993 ], [ 342290.462234988925047, 6868914.591902165673673 ], [ 342264.031926233205013, 6868914.240091576240957 ], [ 342263.634417026827578, 6868944.101206148043275 ], [ 342210.773660385806579, 6868943.397412328980863 ], [ 342210.376021344389301, 6868973.258530190214515 ], [ 342157.515123636985663, 6868972.554504737257957 ], [ 342157.117354763206095, 6869002.415625886060297 ], [ 341945.673153154028114, 6868999.597181486897171 ], [ 341946.071455313824117, 6868969.736042819917202 ], [ 341840.349574619787745, 6868968.325395800173283 ], [ 341840.748146920173895, 6868938.464247278869152 ], [ 341814.317738557001576, 6868938.111435825005174 ], [ 341815.513676427188329, 6868848.527977174147964 ], [ 341789.083466112904716, 6868848.175100138410926 ], [ 341789.880908841500059, 6868788.452784555964172 ], [ 341763.450829914072528, 6868788.099844127893448 ], [ 341764.24841996532632, 6868728.377519818022847 ], [ 341737.818472427607048, 6868728.024515997618437 ], [ 341738.217339367081877, 6868698.16335002053529 ], [ 341711.78745655430248, 6868697.810285001993179 ], [ 341711.388522948196623, 6868727.671453174203634 ], [ 341632.098662857082672, 6868726.611910663545132 ], [ 341632.896933569572866, 6868666.889560067094862 ], [ 341606.467109653691296, 6868666.536256828345358 ], [ 341607.664741987478919, 6868576.952716208994389 ], [ 341634.094365898694377, 6868577.30602603405714 ], [ 341634.493517010996584, 6868547.444845852442086 ], [ 341608.063959769322537, 6868547.091533831320703 ], [ 341608.463181053171866, 6868517.230350368656218 ], [ 341582.033688539871946, 6868516.876977144740522 ], [ 341582.43297999619972, 6868487.015790401026607 ], [ 341556.003552209120244, 6868486.662355974316597 ], [ 341556.402913839090616, 6868456.801165947690606 ], [ 341529.973550780792721, 6868456.447670314460993 ], [ 341530.772417894680984, 6868396.725282615981996 ], [ 341583.630875380185898, 6868397.432223656214774 ], [ 341584.030180846515577, 6868367.571032569743693 ], [ 341557.601019747904502, 6868367.217589357867837 ], [ 341558.000395390321501, 6868337.356394992209971 ], [ 341531.571299023111351, 6868337.002890575677156 ], [ 341531.970744842779823, 6868307.141692926175892 ], [ 341505.541713205515407, 6868306.788127301260829 ], [ 341479.112679623591248, 6868306.434502665884793 ], [ 341479.512262296513654, 6868276.573299539275467 ], [ 341453.08329344651429, 6868276.21961369458586 ], [ 341452.683644098520745, 6868306.080819017253816 ], [ 341426.254606627393514, 6868305.727076361887157 ], [ 341425.854894110525493, 6868335.588282795622945 ], [ 341346.567570004204754, 6868334.526707349345088 ], [ 341346.167660971696023, 6868364.38791929371655 ], [ 341319.738482370681595, 6868364.033944989554584 ], [ 341319.338510172383394, 6868393.89515804965049 ], [ 341292.909262951696292, 6868393.541126932017505 ], [ 341290.509103409713134, 6868572.708395698107779 ], [ 341264.079454214079306, 6868572.354318769648671 ], [ 341263.679373235674575, 6868602.215528633445501 ], [ 341237.249655423918739, 6868601.86139489710331 ], [ 341236.849511286418419, 6868631.722605874761939 ], [ 341210.419724857085384, 6868631.368415332399309 ], [ 341210.019517561420798, 6868661.22962742485106 ], [ 341183.589662516489625, 6868660.875380075536668 ], [ 341183.189392063883133, 6868690.736593284644186 ], [ 341156.759468403412029, 6868690.382289130240679 ], [ 341156.359134795027785, 6868720.243503457866609 ], [ 341129.929142517619766, 6868719.889142495580018 ], [ 341129.528745754621923, 6868749.750357940793037 ], [ 341103.098684862081427, 6868749.39594017714262 ], [ 341102.69822494557593, 6868779.257156737148762 ], [ 341076.268095437611919, 6868778.902682170271873 ], [ 341075.867572368821129, 6868808.763899846933782 ], [ 341049.437374245608225, 6868808.409368477761745 ], [ 341049.036788025521673, 6868838.270587275736034 ], [ 341022.606521287816577, 6868837.915999104268849 ], [ 341022.20587191771483, 6868867.777219019830227 ], [ 340995.775536564004142, 6868867.422574045136571 ], [ 340995.374824044876732, 6868897.283795082941651 ], [ 340968.944420077081304, 6868896.929093307815492 ], [ 340968.543644410208799, 6868926.79031546227634 ], [ 340942.113171827921178, 6868926.435556888580322 ], [ 340941.712333014525939, 6868956.296780163422227 ], [ 340888.851248669379856, 6868955.587090414017439 ], [ 340888.450280048302375, 6868985.448317014612257 ], [ 340835.589054569776636, 6868984.738395662978292 ], [ 340835.187956143228803, 6869014.599625590257347 ], [ 340808.757273812487256, 6869014.244578615762293 ], [ 340808.356112243782263, 6869044.105809668079019 ], [ 340834.786861235683318, 6869044.46085443533957 ], [ 340834.385769847198389, 6869074.322082192637026 ], [ 340860.816583545994945, 6869074.677065754309297 ], [ 340860.415562336274888, 6869104.538290223106742 ], [ 340913.277317195897922, 6869105.248075921088457 ], [ 340912.876432823191863, 6869135.10929489415139 ], [ 340939.307373983901925, 6869135.464097034186125 ], [ 340938.906559787224978, 6869165.325312716886401 ], [ 340965.337565654597711, 6869165.680053652264178 ], [ 340964.936821632727515, 6869195.541266043670475 ], [ 341044.230027501180302, 6869196.605128229595721 ], [ 341043.829486967413686, 6869226.466332926414907 ], [ 341070.260618345986586, 6869226.820833451114595 ], [ 341069.860147983301431, 6869256.682034856639802 ], [ 341096.29134406830417, 6869257.036474176682532 ], [ 341095.09015402989462, 6869346.620065281167626 ], [ 341068.658757978409994, 6869346.265632569789886 ], [ 341067.85784887772752, 6869405.988025622442365 ], [ 341041.42631756758783, 6869405.633538320660591 ], [ 341041.025801634823438, 6869435.494735425338149 ], [ 341014.594201721425634, 6869435.140191327780485 ], [ 341014.193622650403995, 6869465.001389550976455 ], [ 340987.761954131827224, 6869464.646788663230836 ], [ 340987.361311923828907, 6869494.507988005876541 ], [ 340960.929574802226853, 6869494.153330323286355 ], [ 340960.528869458299596, 6869524.014530785381794 ], [ 340934.097063733206596, 6869523.659816310741007 ], [ 340933.696295254398137, 6869553.521017896942794 ], [ 340907.264420926105231, 6869553.166246633045375 ], [ 340906.061936641403008, 6869642.749851493164897 ], [ 340932.494010919181164, 6869643.104616140946746 ], [ 340932.09325650788378, 6869672.965813386254013 ], [ 340958.525395482080057, 6869673.320516832172871 ], [ 340958.124711235577706, 6869703.181710787117481 ], [ 341010.989116624929011, 6869703.890936285257339 ], [ 341010.58856918948004, 6869733.752124747261405 ], [ 341037.020835603296291, 6869734.106646800413728 ], [ 341036.620358329906594, 6869763.967831972055137 ], [ 341089.485018599021714, 6869764.676694687455893 ], [ 341089.084678132610861, 6869794.537874367088079 ], [ 341115.517071987211239, 6869794.892215033061802 ], [ 341115.116801679716446, 6869824.753391423262656 ], [ 341141.549260230327491, 6869825.107670890167356 ], [ 341140.748863443091977, 6869884.830016014166176 ], [ 341167.181453331606463, 6869885.184232083149254 ], [ 341165.180856040620711, 6870034.490064896643162 ], [ 341191.613777192716952, 6870034.844210959970951 ], [ 341190.813696139026433, 6870094.566532086580992 ], [ 341217.246748623088934, 6870094.920614756643772 ], [ 341216.846780002582818, 6870124.781771492213011 ], [ 341269.713012400490697, 6870125.489755460061133 ], [ 341269.313180568395182, 6870155.350906706415117 ], [ 341295.746360483404715, 6870155.704808005131781 ], [ 341295.346598798874766, 6870185.565955963917077 ], [ 341321.779843403783161, 6870185.919796073809266 ], [ 341319.78142079670215, 6870335.225508597679436 ], [ 341346.214996636612341, 6870335.579278716817498 ], [ 341345.815389274794143, 6870365.440415767021477 ], [ 341319.38174680020893, 6870365.086647848598659 ], [ 341318.582409331807867, 6870424.808923095464706 ], [ 341292.14863164187409, 6870424.45510059595108 ], [ 341291.748901537095662, 6870454.316238791681826 ], [ 341265.315055265382398, 6870453.962359505705535 ], [ 341264.915262037015054, 6870483.823498820886016 ], [ 341238.481347183871549, 6870483.469562754034996 ], [ 341238.081490833195858, 6870513.330703183077276 ], [ 341211.647507399320602, 6870512.976710332557559 ], [ 341211.247587927326094, 6870542.837851882912219 ], [ 341184.813535911089275, 6870542.483802249655128 ], [ 341184.413553318998311, 6870572.344944917596877 ], [ 341157.979432722495403, 6870571.990838503465056 ], [ 341157.579387011413928, 6870601.851982289925218 ], [ 341131.145197834819555, 6870601.497819095849991 ], [ 341131.545310176094063, 6870571.636673106811941 ], [ 341105.111185677698813, 6870571.282448725774884 ], [ 341105.511368162289727, 6870541.421299449168146 ], [ 341026.209182854101527, 6870540.35826579015702 ], [ 341026.609568746294826, 6870510.497108814306557 ], [ 341000.175569705606904, 6870510.14264408685267 ], [ 340999.775117181590758, 6870540.003803268074989 ], [ 340946.906979977502488, 6870539.294701273553073 ], [ 340946.105818952491973, 6870599.017025206238031 ], [ 340919.671614159713499, 6870598.662390143610537 ], [ 340918.469699108100031, 6870688.245874530635774 ], [ 340892.035292473796289, 6870687.89118710719049 ], [ 340891.233900102495681, 6870747.613509025424719 ], [ 340864.799358258314896, 6870747.258767033927143 ], [ 340863.997846704616677, 6870806.981089026667178 ], [ 340837.563169652479701, 6870806.626292471773922 ], [ 340837.162352527084295, 6870836.487454049289227 ], [ 340810.727606894390192, 6870836.132600717246532 ], [ 340810.32672666257713, 6870865.993763420730829 ], [ 340783.891912448802032, 6870865.638853318057954 ], [ 340782.689092997927219, 6870955.222341548651457 ], [ 340756.25407695712056, 6870954.86737909168005 ], [ 340755.452081678202376, 6871014.589703577570617 ], [ 340729.0169304353185, 6871014.234686560928822 ], [ 340728.214815996121615, 6871073.957011128775775 ], [ 340754.650100482278503, 6871074.312023726291955 ], [ 340753.447155094123445, 6871163.895495822653174 ], [ 340779.882637484523002, 6871164.250442815944552 ], [ 340778.279026063974015, 6871283.695048263296485 ], [ 340751.84327720082365, 6871283.340110107325017 ], [ 340750.239455640898086, 6871402.784707049839199 ], [ 340723.803438357717823, 6871402.429718758910894 ], [ 340723.402425155392848, 6871432.290867494419217 ], [ 340749.838509053108282, 6871432.645853575319052 ], [ 340749.437565986183472, 6871462.506999017670751 ], [ 340775.873714540677611, 6871462.861923917196691 ], [ 340775.071972195291892, 6871522.584207130596042 ], [ 340801.508252020925283, 6871522.939068637788296 ], [ 340800.706656979979016, 6871582.661343095824122 ], [ 340827.143068072677124, 6871583.016141212545335 ], [ 340826.742342442681547, 6871612.877274608239532 ], [ 340853.178818190703169, 6871613.232011545449495 ], [ 340851.976862244599033, 6871702.815398600883782 ], [ 340878.413535866013262, 6871703.170069941319525 ], [ 340878.012957529514097, 6871733.031194581650198 ], [ 340904.449695804505609, 6871733.385804747231305 ], [ 340903.248181724920869, 6871822.9691655440256 ], [ 340876.811243628384545, 6871822.614562004804611 ], [ 340874.407910813810304, 6872001.781267583370209 ], [ 340847.970571134705096, 6872001.426618328318 ], [ 340847.169355136691593, 6872061.148849268443882 ], [ 340820.731880297418684, 6872060.794145463034511 ], [ 340818.327917153306771, 6872239.960825524292886 ], [ 340844.765791592304595, 6872240.315516073256731 ], [ 340844.365209983778186, 6872270.176623413339257 ], [ 340817.927268946776167, 6872269.821935075335205 ], [ 340816.324711314984597, 6872389.266362437047064 ], [ 340815.924080705386586, 6872419.127466568723321 ], [ 340842.362354723212775, 6872419.482143860310316 ], [ 340841.961794227419887, 6872449.343244697898626 ], [ 340868.400132883514743, 6872449.697860820218921 ], [ 340867.999642500421032, 6872479.55895836558193 ], [ 340894.438045794377103, 6872479.913513318635523 ], [ 340894.037625522702001, 6872509.774607569910586 ], [ 340920.476093454402871, 6872510.129101354628801 ], [ 340919.675396648526657, 6872569.851282191462815 ], [ 340946.113995809515473, 6872570.205712597817183 ], [ 340945.713719273509923, 6872600.066799184307456 ], [ 340972.152383071603253, 6872600.421168424189091 ], [ 340971.752176642825361, 6872630.282251718454063 ], [ 340998.1909050756949, 6872630.636559790931642 ], [ 340997.790768753096927, 6872660.49763979203999 ], [ 341129.984714561898727, 6872662.268284752033651 ], [ 341130.384517934697215, 6872632.407215784303844 ], [ 341236.139373071084265, 6872633.822679325006902 ], [ 341235.739836058171932, 6872663.683739476837218 ], [ 341315.056156689592171, 6872664.744711462408304 ], [ 341315.455493933404796, 6872634.883657921105623 ], [ 341368.332898087915964, 6872635.590682196430862 ], [ 341368.732105659611989, 6872605.729631975293159 ], [ 341606.679728570976295, 6872608.908342584036291 ], [ 341607.078340333886445, 6872579.047311084344983 ], [ 341739.271063067310024, 6872580.811208873055875 ], [ 341738.872784256527666, 6872610.672229383140802 ], [ 341844.627193789521698, 6872612.082277576439083 ], [ 341844.229184836614877, 6872641.943288216367364 ], [ 341949.983829625300132, 6872643.352384303696454 ], [ 341950.38157222000882, 6872613.491382443346083 ], [ 342082.574501552386209, 6872615.251436974853277 ], [ 342082.177091904799454, 6872645.112427869811654 ], [ 342214.370305659307633, 6872646.870997501537204 ], [ 342214.767382360470947, 6872617.010017562657595 ], [ 342241.205952702672221, 6872617.361556808464229 ], [ 342240.80894259060733, 6872647.222534556873143 ], [ 342267.247577583708335, 6872647.574012653902173 ], [ 342267.644521106674802, 6872617.713037095963955 ], [ 342294.083087570616044, 6872618.064458427019417 ], [ 342294.479967991181184, 6872588.203483970835805 ], [ 342320.918465928290971, 6872588.554848533123732 ], [ 342321.315283245407045, 6872558.693875182420015 ], [ 342374.192140123690479, 6872559.396431809291244 ], [ 342374.588827745406888, 6872529.535461749881506 ], [ 342480.342251895926893, 6872530.939876255579293 ], [ 342480.738676637294702, 6872501.078913860954344 ], [ 342507.176961242279503, 6872501.429872278124094 ], [ 342506.780603091872763, 6872531.290832486003637 ], [ 342533.218952353519853, 6872531.641729758121073 ], [ 342533.615243912674487, 6872501.78077173512429 ], [ 342560.053524647199083, 6872502.131612235680223 ], [ 342562.034701699798461, 6872352.826816761866212 ], [ 342588.472647535207216, 6872353.177609229460359 ], [ 342588.868826793623157, 6872323.316649062559009 ], [ 342615.306704099813942, 6872323.667384753935039 ], [ 342615.702820243197493, 6872293.80642568692565 ], [ 342668.578435863426421, 6872294.507724554277956 ], [ 342668.974422295112163, 6872264.64676876924932 ], [ 342695.412160609208513, 6872264.997331946156919 ], [ 342695.808083923126105, 6872235.136377258226275 ], [ 342748.68342155998107, 6872235.837331091985106 ], [ 342749.079215158126317, 6872205.976379683241248 ], [ 342801.954411872080527, 6872206.677102034911513 ], [ 342802.350075752299745, 6872176.816153904423118 ], [ 342828.787604614219163, 6872177.166428819298744 ], [ 342828.392007331189234, 6872207.027374767698348 ], [ 342854.829600859608036, 6872207.377588538452983 ], [ 342854.434073647891637, 6872237.238531217910349 ], [ 342880.871731840481516, 6872237.588683847337961 ], [ 342880.476274699205533, 6872267.449623259715736 ], [ 342906.913997557596304, 6872267.799714745953679 ], [ 342906.518610485421959, 6872297.660650892183185 ], [ 342932.956398009206168, 6872298.010681236162782 ], [ 342932.561081005085725, 6872327.871614116244018 ], [ 342958.998933192109689, 6872328.221583317965269 ], [ 342958.603686254587956, 6872358.082512930966914 ], [ 343011.479518028674647, 6872358.782270098105073 ], [ 343011.084407750226092, 6872388.643194265663624 ], [ 343037.522387336590327, 6872388.992982229217887 ], [ 343037.127347121888306, 6872418.853903134353459 ], [ 343063.565391372714657, 6872419.203629959374666 ], [ 343063.170421220478602, 6872449.064547595568001 ], [ 343116.046637118794024, 6872449.763820013962686 ], [ 343115.651803619577549, 6872479.62473220936954 ], [ 343142.089975268987473, 6872479.97427780367434 ], [ 343141.695211829326581, 6872509.835186733864248 ], [ 343168.133448140521068, 6872510.184671194292605 ], [ 343168.528144989220891, 6872480.323764436878264 ], [ 343380.033433394215535, 6872483.117535018362105 ], [ 343380.427600979106501, 6872453.256644583307207 ], [ 343433.303770643076859, 6872453.954501993954182 ], [ 343432.909736240573693, 6872483.815388081595302 ], [ 343485.786031389608979, 6872484.513005311600864 ], [ 343484.9982393301907, 6872544.234765537083149 ], [ 343511.436517199093942, 6872544.583481372334063 ], [ 343511.042692949413322, 6872574.44435768108815 ], [ 343484.604348491178825, 6872574.095644018612802 ], [ 343483.422696736524813, 6872663.678272945806384 ], [ 343509.861240959202405, 6872664.026980089023709 ], [ 343509.467430548800621, 6872693.887852050364017 ], [ 343483.028819739003666, 6872693.539147079922259 ], [ 343482.63494620192796, 6872723.400020127184689 ], [ 343509.073623598203994, 6872723.748722925782204 ], [ 343508.679820107412525, 6872753.609592715278268 ], [ 343535.118562167219352, 6872753.958234384655952 ], [ 343534.724828721489757, 6872783.819100915454328 ], [ 343561.163635442615487, 6872784.16768145840615 ], [ 343560.769972040900029, 6872814.028544729575515 ], [ 343587.208843423693907, 6872814.377064147032797 ], [ 343586.028073720925022, 6872903.959640922024846 ], [ 343612.467142931185663, 6872904.308094872161746 ], [ 343612.073626528901514, 6872934.168949451297522 ], [ 343638.512760399025865, 6872934.517342276871204 ], [ 343637.332431680173613, 6873024.099892981350422 ], [ 343663.771763371129055, 6873024.448220344260335 ], [ 343663.37839395867195, 6873054.309066234156489 ], [ 343689.817790307512041, 6873054.65733247436583 ], [ 343689.424490930628963, 6873084.518175105564296 ], [ 343715.863951937819365, 6873084.866380224004388 ], [ 343715.470722595404368, 6873114.727219601161778 ], [ 343741.910248258383945, 6873115.075363599695265 ], [ 343741.517088949214667, 6873144.936199719086289 ], [ 343767.956679269787855, 6873145.284282598644495 ], [ 343767.170504169771448, 6873205.005947235971689 ], [ 343740.730780695215799, 6873204.657868693582714 ], [ 343739.158205643703695, 6873324.101193604059517 ], [ 343765.598195419472177, 6873324.449263465590775 ], [ 343765.205126867280342, 6873354.310089807957411 ], [ 343791.645181296218652, 6873354.658098552376032 ], [ 343790.466196082590614, 6873444.240564541891217 ], [ 343816.906448308611289, 6873444.588507832959294 ], [ 343816.51352671609493, 6873474.449325486086309 ], [ 343842.953843593189958, 6873474.79720766376704 ], [ 343842.168143908318598, 6873534.518835372291505 ], [ 343815.727693890221417, 6873534.170957532711327 ], [ 343815.33478265668964, 6873564.031771926209331 ], [ 343841.775299244618509, 6873564.37964759580791 ], [ 343841.382458033272997, 6873594.240458733402193 ], [ 343867.823039269889705, 6873594.588273292407393 ], [ 343867.430268079682719, 6873624.449081173166633 ], [ 343893.870913964696229, 6873624.796834618784487 ], [ 343892.692820807103999, 6873714.379245234653354 ], [ 343866.251975220220629, 6873714.031498295255005 ], [ 343865.859217837627511, 6873743.892301827669144 ], [ 343892.300129990617279, 6873744.240046598948538 ], [ 343891.90744262537919, 6873774.100846877321601 ], [ 343971.230367263371591, 6873775.143721042200923 ], [ 343970.837883044325281, 6873805.004513731226325 ], [ 343997.278920651122462, 6873805.352018401026726 ], [ 343996.886506445589475, 6873835.21280783507973 ], [ 344076.209807446110062, 6873836.254961702972651 ], [ 344075.81759638042422, 6873866.115743551403284 ], [ 344102.258759442076553, 6873866.463008127175272 ], [ 344101.866618386527989, 6873896.323786723427474 ], [ 344128.307846094423439, 6873896.670990192331374 ], [ 344127.915775047906209, 6873926.531765536405146 ], [ 344180.798357836320065, 6873927.225991325452924 ], [ 344180.406423359178007, 6873957.086761252954602 ], [ 344286.171832188614644, 6873958.474496903829277 ], [ 344285.780167400371283, 6873988.335257089696825 ], [ 344312.221581380115822, 6873988.682041495107114 ], [ 344311.82998659502482, 6874018.542798427864909 ], [ 344338.27146522019757, 6874018.889521729201078 ], [ 344337.87994043668732, 6874048.750275416299701 ], [ 344364.321483706415165, 6874049.096937616355717 ], [ 344364.712941930221859, 6874019.236186092719436 ], [ 344391.154416727309581, 6874019.582791518419981 ], [ 344390.763025063090026, 6874049.443540878593922 ], [ 344417.204564505489543, 6874049.790085205808282 ], [ 344417.595889609889127, 6874019.929338004440069 ], [ 344496.920296777971089, 6874020.968623832799494 ], [ 344497.311425641877577, 6873991.107882026582956 ], [ 344523.752824312308803, 6873991.454194919206202 ], [ 344524.143890053615905, 6873961.593454183079302 ], [ 344550.58522025111597, 6873961.939710295759141 ], [ 344554.495401079999283, 6873663.332264701835811 ], [ 344580.936063728586305, 6873663.67848346568644 ], [ 344581.327034146583173, 6873633.817735081538558 ], [ 344607.767628315603361, 6873634.163897059857845 ], [ 344608.158535602211487, 6873604.303149744868279 ], [ 344634.599061293527484, 6873604.649254938587546 ], [ 344634.989905447524507, 6873574.78850869461894 ], [ 344661.430362660321407, 6873575.134557102806866 ], [ 344661.821143680484965, 6873545.273811928927898 ], [ 344714.701919238781556, 6873545.965736225247383 ], [ 344715.092570554988924, 6873516.104994275607169 ], [ 344847.294143195904326, 6873517.833784283138812 ], [ 344846.903824725188315, 6873547.694515451788902 ], [ 344899.784573562792502, 6873548.385614537633955 ], [ 344899.394391658890527, 6873578.246340311132371 ], [ 344925.834829785919283, 6873578.591799286194146 ], [ 344925.444717878999654, 6873608.452521817758679 ], [ 344978.32572154601803, 6873609.143258628435433 ], [ 344977.935746201896109, 6873639.003975765779614 ], [ 345030.816875378717668, 6873639.694472500123084 ], [ 345030.427036594774108, 6873669.555184245109558 ], [ 345056.867664891586173, 6873669.900342045351863 ], [ 345056.477896100026555, 6873699.761050551198423 ], [ 345082.918589056585915, 6873700.106147256679833 ], [ 345082.528890255780425, 6873729.966852520592511 ], [ 345108.969647872028872, 6873730.311888135969639 ], [ 345108.580019060696941, 6873760.17259015981108 ], [ 345135.020841337973252, 6873760.517564683221281 ], [ 345134.631282515183557, 6873790.378263467922807 ], [ 345161.072169450693764, 6873790.723176898434758 ], [ 345160.293195203179494, 6873850.444566901773214 ], [ 345213.175229616113938, 6873851.134208342991769 ], [ 345212.785880751616787, 6873880.994897411204875 ], [ 345239.226961663574912, 6873881.33962757140398 ], [ 345238.837682782905176, 6873911.200313401408494 ], [ 345265.278828354494181, 6873911.544982474297285 ], [ 345264.889619456196669, 6873941.405665066093206 ], [ 345317.772038010996766, 6873942.094822099432349 ], [ 345317.382965654425789, 6873971.955499301664531 ], [ 345370.265509720193222, 6873972.644416285678744 ], [ 345369.876573902671225, 6874002.505088107660413 ], [ 345396.317909642297309, 6874002.84945604391396 ], [ 345395.929043802374508, 6874032.71012462861836 ], [ 345369.487641503685154, 6874032.365758839063346 ], [ 345369.098712523526046, 6874062.226428482681513 ], [ 345342.657241764478385, 6874061.882005903869867 ], [ 345341.879260945075657, 6874121.603346223011613 ], [ 345315.437655168585479, 6874121.258869004435837 ], [ 345314.270509915775619, 6874210.840877758339047 ], [ 345287.828702568309382, 6874210.496348050422966 ], [ 345287.439594435505569, 6874240.357017605565488 ], [ 345260.997718630125746, 6874240.012431113049388 ], [ 345260.608547363197431, 6874269.873101729899645 ], [ 345234.166603099321947, 6874269.528458451852202 ], [ 345233.388137721922249, 6874329.249800720252097 ], [ 345312.714364124112763, 6874330.283540857955813 ], [ 345312.325336226203945, 6874360.144203913398087 ], [ 345338.767474439984653, 6874360.488663942553103 ], [ 345338.378516513912473, 6874390.349323758855462 ], [ 345364.820719377312344, 6874390.693722708150744 ], [ 345364.431831422029063, 6874420.554379286244512 ], [ 345417.316364545200486, 6874421.24299609195441 ], [ 345416.927613110397942, 6874451.103647286072373 ], [ 345469.812271728820633, 6874451.792024064809084 ], [ 345469.423656811879482, 6874481.652669876813889 ], [ 345522.308440926601179, 6874482.340806636959314 ], [ 345521.919962525193114, 6874512.201447067782283 ], [ 345574.80487213737797, 6874512.889343808405101 ], [ 345574.416530249000061, 6874542.749978858977556 ], [ 345600.859048754093237, 6874543.093836688436568 ], [ 345600.470776828296948, 6874572.954468502663076 ], [ 345626.913359982077964, 6874573.298265256918967 ], [ 345626.525158017291687, 6874603.158893839456141 ], [ 345652.967805820284411, 6874603.502629517577589 ], [ 345652.579673815518618, 6874633.363254868425429 ], [ 345679.022386265394744, 6874633.706929471343756 ], [ 345678.634324219310656, 6874663.567551588639617 ], [ 345705.077101317583583, 6874663.911165119148791 ], [ 345703.525153431808576, 6874783.353634119965136 ], [ 345729.96819481177954, 6874783.697180147282779 ], [ 345729.580282912007533, 6874813.557792531326413 ], [ 345703.137174988572951, 6874813.214248647913337 ], [ 345702.749199956597295, 6874843.074862087145448 ], [ 345729.192374422797002, 6874843.418403826653957 ], [ 345728.804469344497193, 6874873.279014033265412 ], [ 345755.247708453505766, 6874873.622494703158736 ], [ 345754.85987332748482, 6874903.483101677149534 ], [ 345781.30317708151415, 6874903.826521278358996 ], [ 345780.139891785627697, 6874993.408329237252474 ], [ 345806.583393261884339, 6874993.751683484762907 ], [ 345805.420338268391788, 6875083.333475215360522 ], [ 345831.864037463674322, 6875083.676764108240604 ], [ 345831.088817587413359, 6875143.397948866710067 ], [ 345857.532647960586473, 6875143.7411745544523 ], [ 345856.370043316681404, 6875233.322937093675137 ], [ 345882.814071398519445, 6875233.666097433306277 ], [ 345882.426609867427032, 6875263.526680626906455 ], [ 345935.314793412399013, 6875264.21282025706023 ], [ 345934.540146706276573, 6875323.933974810875952 ], [ 345960.984368700708728, 6875324.276951961219311 ], [ 345960.597116989374626, 6875354.137525465339422 ], [ 345987.041403621900827, 6875354.480441551655531 ], [ 345986.654221848177258, 6875384.341011827811599 ], [ 346065.987269968201872, 6875385.369400151073933 ], [ 346065.600291193579324, 6875415.229962917044759 ], [ 346144.933521857077722, 6875416.257814547047019 ], [ 346144.546746077714488, 6875446.118369806557894 ], [ 346170.991219041927252, 6875446.46086703799665 ], [ 346170.604513194004539, 6875476.321419072337449 ], [ 346197.049050794972572, 6875476.663855247199535 ], [ 346193.95605866558617, 6875715.548215190880001 ], [ 346167.510988846013788, 6875715.205796116963029 ], [ 346167.124313606997021, 6875745.066338346339762 ], [ 346140.679175369208679, 6875744.723862496204674 ], [ 346140.292437007185072, 6875774.584405774250627 ], [ 346113.84723035118077, 6875774.241873146034777 ], [ 346113.460428867314477, 6875804.102417473681271 ], [ 346139.905702046700753, 6875804.444947961717844 ], [ 346139.518970487872139, 6875834.305489062331617 ], [ 346165.964308296504896, 6875834.647958498448133 ], [ 346165.57764666172443, 6875864.50849637016654 ], [ 346192.023049098905176, 6875864.850904753431678 ], [ 346191.636457387008704, 6875894.711439399048686 ], [ 346218.081924452621024, 6875895.053786730393767 ], [ 346217.695402662327979, 6875924.914318148046732 ], [ 346244.140934356022626, 6875925.256604430265725 ], [ 346243.754482486227062, 6875955.117132620885968 ], [ 346296.645673237275332, 6875955.801524169743061 ], [ 346296.259357806527987, 6875985.66204699780792 ], [ 346322.705016862601042, 6875986.00415226817131 ], [ 346322.318771349382587, 6876015.864671870134771 ], [ 346348.764495033479761, 6876016.206716091372073 ], [ 346348.378319436626043, 6876046.067232468165457 ], [ 346374.8241077476996, 6876046.409215641207993 ], [ 346374.438002065871842, 6876076.269728792831302 ], [ 346400.883855003805365, 6876076.611650918610394 ], [ 346400.497819235781208, 6876106.472160847857594 ], [ 346426.943736800225452, 6876106.814021929167211 ], [ 346426.557770944782533, 6876136.674528630450368 ], [ 346453.003753135271836, 6876137.016328666359186 ], [ 346452.617857191420626, 6876166.876832144334912 ], [ 346558.402033117075916, 6876168.243434647098184 ], [ 346558.787662996503059, 6876138.382939703762531 ], [ 346638.125575556710828, 6876139.407279424369335 ], [ 346637.740145225310698, 6876169.267767970450222 ], [ 346664.186178817180917, 6876169.609094590879977 ], [ 346664.571542632591445, 6876139.748608176596463 ], [ 346691.01750782149611, 6876140.089878019876778 ], [ 346691.40280851040734, 6876110.22939264588058 ], [ 346717.848705295880791, 6876110.570605710148811 ], [ 346718.233942857303191, 6876080.710121378302574 ], [ 346771.125597732199822, 6876081.392375035211444 ], [ 346771.510705647291616, 6876051.531893875449896 ], [ 346903.739477240596898, 6876053.236507723107934 ], [ 346904.124255953007378, 6876023.376036117784679 ], [ 346957.015618358389474, 6876024.057473536580801 ], [ 346957.400267418473959, 6875994.197005094960332 ], [ 346983.845879277389031, 6875994.537637565284967 ], [ 346984.615054509486072, 6875934.816701667383313 ], [ 347011.060531445487868, 6875935.157279478386045 ], [ 347011.445057615695987, 6875905.296812021173537 ], [ 347064.335872797586489, 6875905.977795159444213 ], [ 347063.951479667623062, 6875935.838258364237845 ], [ 347116.842420359083917, 6875936.519001600332558 ], [ 347116.458163649309427, 6875966.37945946212858 ], [ 347142.903697691275738, 6875966.719740588217974 ], [ 347142.135327449126635, 6876026.440648796036839 ], [ 347168.580992647213861, 6876026.780866758897901 ], [ 347165.892268864903599, 6876235.803996265865862 ], [ 347139.446138055296615, 6876235.463793175294995 ], [ 347139.061981660022866, 6876265.32423800881952 ], [ 347033.277173546608537, 6876263.962845063768327 ], [ 347032.892754478380084, 6876293.823297311551869 ], [ 347006.44648122927174, 6876293.482803931459785 ], [ 347006.061999030585866, 6876323.343257215805352 ], [ 347058.954676670371555, 6876324.024180818349123 ], [ 347058.570330878079403, 6876353.88462875969708 ], [ 347085.016733385215048, 6876354.225000072270632 ], [ 347084.6324574854807, 6876384.085444798693061 ], [ 347216.864774342102464, 6876385.786407130770385 ], [ 347215.329034746624529, 6876505.228132631629705 ], [ 347241.77575851167785, 6876505.568139881826937 ], [ 347241.391898565692827, 6876535.428566409274936 ], [ 347267.838686958071776, 6876535.768512629903853 ], [ 347267.454896897019353, 6876565.628935942426324 ], [ 347320.348601055273321, 6876566.308647426776588 ], [ 347320.73225810128497, 6876536.448228360153735 ], [ 347347.179040852584876, 6876536.787997869774699 ], [ 347346.795450314122718, 6876566.64841481205076 ], [ 347373.242297693912406, 6876566.988123293034732 ], [ 347372.858777037414256, 6876596.848537023179233 ], [ 347399.305689043190796, 6876597.188184478320181 ], [ 347398.922238267201465, 6876627.048594996333122 ], [ 347425.369214900885709, 6876627.388181426562369 ], [ 347424.985834004415665, 6876657.248588733375072 ], [ 347451.432875264901668, 6876657.588114137761295 ], [ 347451.049564246728551, 6876687.448518230579793 ], [ 347477.496670133725274, 6876687.787982611916959 ], [ 347477.113428992510308, 6876717.648383496329188 ], [ 347503.56059950630879, 6876717.987786853685975 ], [ 347503.177428241004236, 6876747.848184525966644 ], [ 347608.966357531899121, 6876749.205200458876789 ], [ 347609.349262782197911, 6876719.344811266288161 ], [ 347741.585049655579496, 6876721.039766481146216 ], [ 347741.967625754186884, 6876691.179386786185205 ], [ 347768.414710999000818, 6876691.518203239887953 ], [ 347768.797223959118128, 6876661.657824570313096 ], [ 347848.138268931303173, 6876662.673926864750683 ], [ 347848.520585741382092, 6876632.813553454354405 ], [ 347874.967530479189008, 6876633.152138529345393 ], [ 347875.349784147401806, 6876603.29176614060998 ], [ 347954.690407605026849, 6876604.307174292393029 ], [ 347954.30835345381638, 6876634.167540336959064 ], [ 348007.202226075693034, 6876634.844180361367762 ], [ 348006.056482817686629, 6876724.42525926232338 ], [ 347979.609347929887008, 6876724.086975042708218 ], [ 347979.227373728121165, 6876753.947334608063102 ], [ 348005.674575119221117, 6876754.285616715438664 ], [ 348005.292670780909248, 6876784.145973076112568 ], [ 348058.187200953194406, 6876784.822356358170509 ], [ 348056.660149213392287, 6876904.263753985986114 ], [ 348030.212619058496784, 6876903.925600245594978 ], [ 348029.830798021983355, 6876933.785949038341641 ], [ 348003.383199495903682, 6876933.447738512419164 ], [ 348003.001315320027061, 6876963.308088325895369 ], [ 347976.55364842270501, 6876962.969821015372872 ], [ 347976.171701108920388, 6876992.830171851441264 ], [ 347949.723965840006713, 6876992.491847756318748 ], [ 347949.341955389187206, 6877022.352199616841972 ], [ 347922.894151750777382, 6877022.013818737119436 ], [ 347922.130007939587813, 6877081.734523412771523 ], [ 347948.577944572316483, 6877082.072900062426925 ], [ 347948.195944206207059, 6877111.933248650282621 ], [ 348027.539942359784618, 6877112.948018875904381 ], [ 348027.158144842425827, 6877142.808360028080642 ], [ 348053.606206978089176, 6877143.146496864035726 ], [ 348053.224479315627832, 6877173.006834814324975 ], [ 348211.913211808307096, 6877175.034406322985888 ], [ 348211.531886470678728, 6877204.894730510190129 ], [ 348237.980068502190989, 6877205.232450848445296 ], [ 348237.598813013988547, 6877235.092771833762527 ], [ 348264.047059668286238, 6877235.430431164801121 ], [ 348263.665874028403778, 6877265.290748949162662 ], [ 348290.114185307873413, 6877265.628347274847329 ], [ 348289.733069514972158, 6877295.488661857321858 ], [ 348316.18144541681977, 6877295.826199181377888 ], [ 348315.419356876227539, 6877355.546820851042867 ], [ 348341.867863892985042, 6877355.884295059368014 ], [ 348339.963033674983308, 6877505.185819590464234 ], [ 348366.411871270975098, 6877505.523224360309541 ], [ 348366.030981773801614, 6877535.383523883298039 ], [ 348392.47988398821326, 6877535.720867653377354 ], [ 348392.099064330512192, 6877565.581163976341486 ], [ 348365.650095629214775, 6877565.243822313845158 ], [ 348365.269212836923543, 6877595.104119652882218 ], [ 348338.820175779925194, 6877594.766721212305129 ], [ 348337.677348061813973, 6877684.347613010555506 ], [ 348311.228109680989292, 6877684.010162006132305 ], [ 348310.847107330395374, 6877713.870459198951721 ], [ 348337.296412195079029, 6877714.207908093929291 ], [ 348336.534550520882476, 6877773.928494988009334 ], [ 348362.983986484119669, 6877774.265880774706602 ], [ 348362.603127158887219, 6877804.126170475967228 ], [ 348389.052627734898124, 6877804.463495265692472 ], [ 348388.671838243782986, 6877834.323781764134765 ], [ 348468.020528211782221, 6877835.335396479815245 ], [ 348468.401118258072529, 6877805.475116304121912 ], [ 348494.850611365225632, 6877805.812205542810261 ], [ 348494.470087800698821, 6877835.672483609989285 ], [ 348547.369201376626734, 6877836.346481204964221 ], [ 348546.988814123498742, 6877866.20675396732986 ], [ 348573.438434594019782, 6877866.543662328273058 ], [ 348573.058117169712204, 6877896.403931893408298 ], [ 348599.507802253414411, 6877896.74077926017344 ], [ 348599.888053197471891, 6877866.880511802621186 ], [ 348679.236897818394937, 6877867.890706898644567 ], [ 348679.616952667303849, 6877838.030444665811956 ], [ 348706.066497331310529, 6877838.367060695774853 ], [ 348705.686508963291999, 6877868.227320823818445 ], [ 348785.035331212275196, 6877869.236809276044369 ], [ 348784.655545629386324, 6877899.097062001004815 ], [ 348837.554884105920792, 6877899.769755662418902 ], [ 348837.934536728775129, 6877869.909507144242525 ], [ 348864.384136693028267, 6877870.245767747052014 ], [ 348864.004550550016575, 6877900.10601416323334 ], [ 348837.554884105920792, 6877899.769755662418902 ], [ 348834.897409321623854, 6878108.791464718058705 ], [ 348940.697925298998598, 6878110.136086544021964 ], [ 348940.318565313122235, 6878139.99631791934371 ], [ 348966.768756128207315, 6878140.332324066199362 ], [ 348966.010179124306887, 6878200.05277933459729 ], [ 348992.460501026595011, 6878200.388722396455705 ], [ 348992.081284006591886, 6878230.248946291394532 ], [ 349150.783575193898287, 6878232.263355518691242 ], [ 349150.40476034861058, 6878262.123565725982189 ], [ 349203.305642146791797, 6878262.794560213573277 ], [ 349202.926963580597658, 6878292.654765130952001 ], [ 349229.377468164719176, 6878292.990171954967082 ], [ 349228.998859403771348, 6878322.850373684428632 ], [ 349255.449428600084502, 6878323.185719527304173 ], [ 349254.692354019090999, 6878382.90611551143229 ], [ 349281.143054298881907, 6878383.241398283280432 ], [ 349278.872309350408614, 6878562.402547436766326 ], [ 349252.42121026199311, 6878562.067277249880135 ], [ 349251.664189005328808, 6878621.787655759602785 ], [ 349225.212955127994064, 6878621.452330890111625 ], [ 349224.834383033972699, 6878651.312520603649318 ], [ 349198.383080832078122, 6878650.977138955146074 ], [ 349198.004445607075468, 6878680.83732967544347 ], [ 349171.553075082600117, 6878680.50189124699682 ], [ 349171.174376727780327, 6878710.362082974985242 ], [ 349144.722937881189864, 6878710.026587770320475 ], [ 349144.344176397717092, 6878739.886780504137278 ], [ 349091.441160197602585, 6878739.215617664158344 ], [ 349091.062269124027807, 6878769.075813504867256 ], [ 349064.610691770620178, 6878768.740145873278379 ], [ 349064.989649306982756, 6878738.879947932437062 ], [ 348985.635105472581927, 6878737.872585475444794 ], [ 348984.876794961688574, 6878797.592992870137095 ], [ 349011.328444359824061, 6878797.928835027851164 ], [ 349010.570280126528814, 6878857.64923385437578 ], [ 349037.022060584917199, 6878857.985012934543192 ], [ 349036.643049935984891, 6878887.845208608545363 ], [ 349063.094894994574133, 6878888.180926715955138 ], [ 349062.715954142913688, 6878918.041119194589555 ], [ 349089.167863801296335, 6878918.37677632831037 ], [ 349088.410125026712194, 6878978.097153815440834 ], [ 349114.862165741389617, 6878978.432747872546315 ], [ 349114.4833678167779, 6879008.292932880111039 ], [ 349167.387576583190821, 6879008.963940178975463 ], [ 349167.00891490932554, 6879038.824119892902672 ], [ 349193.461082960595377, 6879039.159533134661615 ], [ 349193.082491078122985, 6879069.019709658809006 ], [ 349272.439183448208496, 6879070.025589859113097 ], [ 349272.817575960594695, 6879040.165419628843665 ], [ 349325.721895335707814, 6879040.835716266185045 ], [ 349325.343635736615397, 6879070.695882298983634 ], [ 349431.152518025774043, 6879072.035760723985732 ], [ 349430.774527581699658, 6879101.895917282439768 ], [ 349483.679090498713776, 6879102.565499073825777 ], [ 349483.301236293977126, 6879132.42565034981817 ], [ 349509.753581424185541, 6879132.760350843891501 ], [ 349509.375797001703177, 6879162.620498933829367 ], [ 349535.828206730482634, 6879162.955138462595642 ], [ 349535.450492089206818, 6879192.815283364616334 ], [ 349561.902966418187134, 6879193.149861929938197 ], [ 349561.147680021414999, 6879252.87014427036047 ], [ 349534.695072786184028, 6879252.535569892264903 ], [ 349533.939666789316107, 6879312.255852049216628 ], [ 349507.486924796074163, 6879311.921222990378737 ], [ 349506.35364139842568, 6879401.501644317060709 ], [ 349532.806582743127365, 6879401.836267093196511 ], [ 349532.428894714277703, 6879431.696403254754841 ], [ 349558.881900654174387, 6879432.0309650702402 ], [ 349558.504282400477678, 6879461.891098045744002 ], [ 349584.9573529335903, 6879462.225598899647593 ], [ 349584.202259300102014, 6879521.945857389830053 ], [ 349637.10866059322143, 6879522.614674122072756 ], [ 349636.731251658580732, 6879552.474797543138266 ], [ 349663.184515970118809, 6879552.809115517884493 ], [ 349662.807176805799827, 6879582.669235753826797 ], [ 349689.260505711019505, 6879583.003492770716548 ], [ 349688.8832363159745, 6879612.863609818741679 ], [ 349715.336629812722094, 6879613.197805879637599 ], [ 349714.205040900327731, 6879702.778144197538495 ], [ 349740.658631876984145, 6879703.112275119870901 ], [ 349740.281508661108091, 6879732.97238361556083 ], [ 349766.735164228011854, 6879733.306453580968082 ], [ 349766.358110776927788, 6879763.166558894328773 ], [ 349819.265549238014501, 6879763.8345180535689 ], [ 349818.888631992274895, 6879793.694618090987206 ], [ 349845.342414886574261, 6879794.028507285751402 ], [ 349844.96556740248343, 6879823.888604141771793 ], [ 349871.419414886913728, 6879824.222432386130095 ], [ 349869.535559459473006, 6879973.522889819927514 ], [ 349895.98973728902638, 6879973.856648753397167 ], [ 349895.236351226980332, 6880033.576819897629321 ], [ 349921.690660080697853, 6880033.910515792667866 ], [ 349919.807585177593865, 6880183.210914090275764 ], [ 349946.262224357924424, 6880183.544540678150952 ], [ 349945.885685765009839, 6880213.404614970088005 ], [ 349972.340389526681975, 6880213.73818061221391 ], [ 349971.9639206842985, 6880243.598251723684371 ], [ 349998.418689029698726, 6880243.93175641912967 ], [ 349998.042289936507586, 6880273.791824350133538 ], [ 350050.951953939627856, 6880274.458652997389436 ], [ 350050.575691026286222, 6880304.318715656176209 ], [ 350077.030586685927119, 6880304.652039607986808 ], [ 350076.654393518809229, 6880334.512099088169634 ], [ 350103.109353758918587, 6880334.845362097024918 ], [ 350102.733230336918496, 6880364.705418395809829 ], [ 350182.098299257399049, 6880365.704848029650748 ], [ 350182.474223387893289, 6880335.84479799028486 ], [ 350208.929176234873012, 6880336.177825577557087 ], [ 350208.553318534686696, 6880366.03787353169173 ], [ 350235.008335963182617, 6880366.370840177871287 ], [ 350234.632548004388809, 6880396.230884955264628 ], [ 350261.087630015681498, 6880396.563790663145483 ], [ 350260.711911797174253, 6880426.423832261003554 ], [ 350287.16705839097267, 6880426.756677027791739 ], [ 350286.791409911471419, 6880456.616715448908508 ], [ 350313.246621085796505, 6880456.94949927739799 ], [ 350312.871042344195303, 6880486.809534520842135 ], [ 350445.147402666218113, 6880488.472560442984104 ], [ 350445.522649268503301, 6880458.612535617314279 ], [ 350524.888244035071693, 6880459.609651178121567 ], [ 350524.513196715910453, 6880489.469669758342206 ], [ 350550.968457711511292, 6880489.801921824924648 ], [ 350550.593480124080088, 6880519.661937232129276 ], [ 350577.048805702419486, 6880519.994128365069628 ], [ 350576.673897845612373, 6880549.854140597395599 ], [ 350603.129288006981369, 6880550.186270794831216 ], [ 350602.754449879401363, 6880580.046279854141176 ], [ 350629.209904623625334, 6880580.378349120728672 ], [ 350628.835136224224698, 6880610.238355006091297 ], [ 350655.290655550779775, 6880610.570363340899348 ], [ 350654.915956878394354, 6880640.430366054177284 ], [ 350734.282703078584746, 6880641.426031712442636 ], [ 350733.908206979976967, 6880671.286027094349265 ], [ 350760.363851786300074, 6880671.617795865982771 ], [ 350758.866166081512347, 6880791.057758148759604 ], [ 350785.322074736701325, 6880791.389459757134318 ], [ 350784.199044363514986, 6880880.969413756392896 ], [ 350810.655150438775308, 6880881.301050282083452 ], [ 350810.28087999811396, 6880911.161030681803823 ], [ 350889.64938643790083, 6880912.155580944381654 ], [ 350888.153134669817518, 6881031.595466686412692 ], [ 350914.609565473219845, 6881031.926857437938452 ], [ 350913.861592200526502, 6881091.646789598278701 ], [ 350940.318153996486217, 6881091.978117352351546 ], [ 350939.196418050501961, 6881181.558001158758998 ], [ 350965.6531772488961, 6881181.889263841323555 ], [ 350965.279338270891458, 6881211.749220847152174 ], [ 350938.82251265947707, 6881211.417960241436958 ], [ 350936.205267195706256, 6881420.437643201090395 ], [ 350909.747974867583252, 6881420.106338285841048 ], [ 350909.000087292690296, 6881479.826242013834417 ], [ 350882.542660308710765, 6881479.494882413186133 ], [ 350882.168655058078002, 6881509.354834713973105 ], [ 350855.711159826896619, 6881509.023418350145221 ], [ 350855.337091466179118, 6881538.883371636271477 ], [ 350881.794653104094323, 6881539.21478592325002 ], [ 350881.046659086481668, 6881598.934685058891773 ], [ 350907.504351696406957, 6881599.266036352142692 ], [ 350905.634756364685018, 6881748.56575467530638 ], [ 350958.550800102122594, 6881749.228259977884591 ], [ 350958.177023728378117, 6881779.088196208700538 ], [ 351116.925509208522271, 6881781.074287579394877 ], [ 351116.552134537894744, 6881810.934210265055299 ], [ 351169.468414461007342, 6881811.595765881240368 ], [ 351169.841656329110265, 6881781.735847342759371 ], [ 351196.299727134115528, 6881782.066538969054818 ], [ 351195.926551667100284, 6881811.926455434411764 ], [ 351328.217210148519371, 6881813.579020660370588 ], [ 351328.59005361009622, 6881783.719114555045962 ], [ 351407.964227470685728, 6881784.709953870624304 ], [ 351407.591583211789839, 6881814.56985376495868 ], [ 351460.50782274879748, 6881815.23011498618871 ], [ 351460.880334205983672, 6881785.370219231583178 ], [ 351487.33838482311694, 6881785.700263657607138 ] ] ] } },
{ "type": "Feature", "properties": { "Layer": "0", "PaperSpace": null, "SubClasses": "AcDbEntity:AcDbPolyline", "Linetype": null, "EntityHand": "2E7", "Text": null }, "geometry": { "type": "MultiLineString", "coordinates": [ [ [ 341505.142200711590704, 6868336.649327145889401 ], [ 341504.742691721883602, 6868366.510525904595852 ], [ 341478.313524791912641, 6868366.156905663199723 ], [ 341478.713100455410313, 6868336.295704708434641 ], [ 341505.142200711590704, 6868336.649327145889401 ] ] ] } },
{ "type": "Feature", "properties": { "Layer": "0", "PaperSpace": null, "SubClasses": "AcDbEntity:AcDbPolyline", "Linetype": null, "EntityHand": "2E8", "Text": null }, "geometry": { "type": "MultiLineString", "coordinates": [ [ [ 359978.299944399972446, 6859669.888184051029384 ], [ 359977.591745041077957, 6859729.608363809064031 ], [ 359951.183672553510405, 6859729.295173504389822 ], [ 359950.829510692681652, 6859759.155263653025031 ], [ 359977.237650005379692, 6859759.468452025204897 ], [ 359976.175383473571856, 6859849.048710025846958 ], [ 360002.583721548318863, 6859849.361833496950567 ], [ 360000.459673002187628, 6860028.522307982668281 ], [ 359974.0509339987766, 6860028.209196116775274 ], [ 359973.696869921928737, 6860058.069273254834116 ], [ 359920.879253144201357, 6860057.442876100540161 ], [ 359920.525058525498025, 6860087.302955999039114 ], [ 359894.116180750890635, 6860086.989670715294778 ], [ 359893.053415024594869, 6860176.569909568876028 ], [ 359866.644335085118655, 6860176.256570993922651 ], [ 359866.290019221778493, 6860206.116650331765413 ], [ 359839.88087075430667, 6860205.803254598751664 ], [ 359839.52649117319379, 6860235.663334766402841 ], [ 359813.117274175980128, 6860235.34988187532872 ], [ 359812.053953581373207, 6860324.930121537297964 ], [ 359785.644534427206963, 6860324.616615363396704 ], [ 359785.290033614379354, 6860354.476694972254336 ], [ 359758.880545933323447, 6860354.163131642155349 ], [ 359758.525981407205109, 6860384.023212079890072 ], [ 359732.116425199375954, 6860383.709591593593359 ], [ 359731.761796961189248, 6860413.569672862067819 ], [ 359758.171419981808867, 6860413.883291410282254 ], [ 359757.462306433124468, 6860473.603446750901639 ], [ 359731.052549789019395, 6860473.289832078851759 ], [ 359730.697930854803417, 6860503.149910025298595 ], [ 359757.107754309778102, 6860503.463522761128843 ], [ 359756.044116544188, 6860593.043744143098593 ], [ 359782.454138714587316, 6860593.35729197692126 ], [ 359782.099665802787058, 6860623.217361618764699 ], [ 359834.919838621513918, 6860623.844276140443981 ], [ 359834.565502425597515, 6860653.70434080157429 ], [ 359860.975653072528075, 6860654.017707493156195 ], [ 359860.621386782790069, 6860683.877769107930362 ], [ 359887.031602525210474, 6860684.191074774600565 ], [ 359886.67740614071954, 6860714.051133348606527 ], [ 359913.087686977523845, 6860714.364377992227674 ], [ 359912.37943711358821, 6860774.08448794297874 ], [ 359938.789849849883467, 6860774.397669627331197 ], [ 359938.081745984323788, 6860834.117771276272833 ], [ 359911.67119963892037, 6860833.804593463428319 ], [ 359910.96297455317108, 6860893.52469455357641 ], [ 359884.552292888809461, 6860893.211461528204381 ], [ 359883.843946587876417, 6860952.931562058627605 ], [ 359857.433129606593866, 6860952.618273817002773 ], [ 359856.370432986994274, 6861042.198422118090093 ], [ 359882.781450370908715, 6861042.511704550124705 ], [ 359882.427291160973255, 6861072.371749833226204 ], [ 359908.838373631995637, 6861072.684971244074404 ], [ 359908.48428431909997, 6861102.545013481751084 ], [ 359934.895431876881048, 6861102.858173875138164 ], [ 359934.541412459919229, 6861132.718213070183992 ], [ 359960.952625103993341, 6861133.031312443315983 ], [ 359960.598675581510179, 6861162.89134859573096 ], [ 359987.009953311877325, 6861163.204386953264475 ], [ 359986.656073682883289, 6861193.064420063048601 ], [ 360013.0674164990196, 6861193.377397401258349 ], [ 360010.237025266687851, 6861432.25760692730546 ], [ 359983.825148094096221, 6861431.944645067676902 ], [ 359983.11744765372714, 6861491.664690241217613 ], [ 359956.705435186100658, 6861491.351673172786832 ], [ 359956.351522818673402, 6861521.211696034297347 ], [ 359929.939441848313436, 6861520.898621821776032 ], [ 359929.231492822407745, 6861580.618668096140027 ], [ 359902.819276559515856, 6861580.305538676679134 ], [ 359900.695103081816342, 6861759.465662535279989 ], [ 359927.107720070285723, 6861759.778780334629118 ], [ 359926.75376878422685, 6861789.638795166276395 ], [ 359953.166450845717918, 6861789.951851954683661 ], [ 359952.812569441623054, 6861819.811863741837442 ], [ 359979.225316575786564, 6861820.124859520234168 ], [ 359978.871505052375142, 6861849.984868264757097 ], [ 360005.284317258920055, 6861850.297803035005927 ], [ 360004.930575615027919, 6861880.157808735966682 ], [ 360031.343452894128859, 6861880.470682494342327 ], [ 360030.989781128591858, 6861910.330685152672231 ], [ 360057.402723478327971, 6861910.643497905693948 ], [ 360057.049121589981951, 6861940.503497522324324 ], [ 360083.462129011517391, 6861940.816249266266823 ], [ 360083.108596999198198, 6861970.676245842128992 ], [ 360109.521669491892681, 6861970.988936578854918 ], [ 360107.754389733308926, 6862120.288893170654774 ], [ 360081.340983339992817, 6862119.976212102919817 ], [ 360080.280452266684733, 6862209.556178570725024 ], [ 360053.866843828815036, 6862209.243444236926734 ], [ 360053.513272881507874, 6862239.103432779200375 ], [ 360027.099595956213307, 6862238.790641309693456 ], [ 360026.74596132687293, 6862268.650630679912865 ], [ 360000.332215912523679, 6862268.337782076559961 ], [ 359998.917441243887879, 6862387.777736222371459 ], [ 360025.331453757011332, 6862388.090577081777155 ], [ 360024.977834601595532, 6862417.950560915283859 ], [ 360051.391912174702156, 6862418.26334077399224 ], [ 360051.038362886523828, 6862448.123321564868093 ], [ 360077.452505521301646, 6862448.436040422879159 ], [ 360077.099026099313051, 6862478.29601817112416 ], [ 360103.513233794714324, 6862478.608676025643945 ], [ 360103.159824237693101, 6862508.468650733120739 ], [ 360129.574096993426792, 6862508.781247587874532 ], [ 360129.220757300208788, 6862538.641219251789153 ], [ 360155.635095116624143, 6862538.95375510957092 ], [ 360155.28182528592879, 6862568.813723731786013 ], [ 360181.696228160813916, 6862569.126198588870466 ], [ 360179.930259228101932, 6862718.426015426404774 ], [ 360206.344994235027116, 6862718.738421552814543 ], [ 360204.579436413012445, 6862868.038201037794352 ], [ 360178.16436757898191, 6862867.725804576650262 ], [ 360177.811198523209896, 6862897.585759085603058 ], [ 360204.22633412090363, 6862897.898153612390161 ], [ 360203.873234919679817, 6862927.758105079643428 ], [ 360230.288435570895672, 6862928.070438612252474 ], [ 360229.935406222997699, 6862957.930387038737535 ], [ 360256.350671925698407, 6862958.242659579031169 ], [ 360255.291802706895396, 6863047.822492415085435 ], [ 360228.876336720481049, 6863047.510225674137473 ], [ 360228.52331973350374, 6863077.370169670321047 ], [ 360202.107785275671631, 6863077.057845802977681 ], [ 360201.754704619525, 6863106.917790625244379 ], [ 360175.339101692428812, 6863106.605409632436931 ], [ 360174.985957367985975, 6863136.465355281718075 ], [ 360122.154612863378134, 6863135.84041999001056 ], [ 360121.801338113495149, 6863165.700368396937847 ], [ 360095.385596535983495, 6863165.387814098037779 ], [ 360095.032258120772894, 6863195.247763335704803 ], [ 360068.616448073706124, 6863194.935151913203299 ], [ 360067.909647008811589, 6863254.655050935223699 ], [ 360094.325590570108034, 6863254.967658487148583 ], [ 360092.912292587512638, 6863374.40743550285697 ], [ 360119.328501458221581, 6863374.71997625939548 ], [ 360118.975251449504867, 6863404.579915810376406 ], [ 360145.391525363025721, 6863404.892395577393472 ], [ 360145.038345200300682, 6863434.752332086674869 ], [ 360171.454684154421557, 6863435.064750863239169 ], [ 360170.395362474780995, 6863524.64454794395715 ], [ 360196.811899974476546, 6863524.956901866011322 ], [ 360196.458865681779571, 6863554.816830078139901 ], [ 360222.875468222424388, 6863555.129123010672629 ], [ 360222.522503770771436, 6863584.989048183895648 ], [ 360248.939171349920798, 6863585.301280130632222 ], [ 360247.880496784695424, 6863674.8810432003811 ], [ 360221.463628958619665, 6863674.568817052990198 ], [ 360220.404781960183755, 6863764.1485759569332 ], [ 360193.987712180591188, 6863763.83629655931145 ], [ 360193.28169614210492, 6863823.556134158745408 ], [ 360166.864491160493344, 6863823.243799579329789 ], [ 360166.158353996812366, 6863882.963636618107557 ], [ 360192.57569246791536, 6863883.275967330671847 ], [ 360192.222695267177187, 6863913.135882255621254 ], [ 360218.640098771604244, 6863913.448151985183358 ], [ 360218.287171405274421, 6863943.308063868433237 ], [ 360244.704639940871857, 6863943.620272615924478 ], [ 360244.351782407611609, 6863973.48018145840615 ], [ 360270.769315976416692, 6863973.792329223826528 ], [ 360270.416528275003657, 6864003.652235025539994 ], [ 360376.086912416096311, 6864004.900227878242731 ], [ 360375.734394769184291, 6864034.76012484356761 ], [ 360560.657968424377032, 6864036.941825495101511 ], [ 360560.305921048624441, 6864066.801707841455936 ], [ 360586.723634338821284, 6864067.113141246140003 ], [ 360586.019682315120008, 6864126.832898755557835 ], [ 360612.437527377973311, 6864127.14426925778389 ], [ 360611.02992727002129, 6864246.583763273432851 ], [ 360637.448037577909417, 6864246.895067015662789 ], [ 360636.040753720328212, 6864366.334535595960915 ], [ 360609.622376470593736, 6864366.023239567875862 ], [ 360608.918619561998639, 6864425.74297107104212 ], [ 360582.500107138417661, 6864425.431619855575264 ], [ 360582.148166574013885, 6864455.291485875844955 ], [ 360555.729585710912943, 6864454.980077549815178 ], [ 360555.377581496722996, 6864484.83994438778609 ], [ 360528.95893219410209, 6864484.52847895026207 ], [ 360528.606864331173711, 6864514.388346614316106 ], [ 360555.025580365385395, 6864514.699810122139752 ], [ 360554.673582317074761, 6864544.559674747288227 ], [ 360581.092363375297282, 6864544.871077286079526 ], [ 360580.740435140614863, 6864574.73093887604773 ], [ 360607.159281222324353, 6864575.042280443944037 ], [ 360606.807422799989581, 6864604.902138996869326 ], [ 360633.226333905127831, 6864605.213419595733285 ], [ 360632.874545293918345, 6864635.073275110684335 ], [ 360659.293521422601771, 6864635.384494744241238 ], [ 360658.941802621528041, 6864665.244347224012017 ], [ 360685.360843771719374, 6864665.555505886673927 ], [ 360684.657548867107835, 6864725.275203667581081 ], [ 360711.076721767603885, 6864725.586299438029528 ], [ 360710.725145662494469, 6864755.446144741028547 ], [ 360737.144383584498428, 6864755.757179543375969 ], [ 360736.792877285217401, 6864785.617021810263395 ], [ 360763.212180228321813, 6864785.927995650097728 ], [ 360762.860743733588606, 6864815.787834880873561 ], [ 360789.280111697502434, 6864816.098747756332159 ], [ 360788.577381393115502, 6864875.818419043906033 ], [ 360814.996881101920735, 6864876.129269029013813 ], [ 360814.645587290171534, 6864905.989101083949208 ], [ 360841.06515201862203, 6864906.299890108406544 ], [ 360840.011489215423353, 6864995.879373851232231 ], [ 360813.591724319208879, 6864995.568590606562793 ], [ 360813.240442816691939, 6865025.428418233059347 ], [ 360786.820609494519886, 6865025.117577879689634 ], [ 360786.117922280274797, 6865084.83723366074264 ], [ 360759.697953812079504, 6865084.526338129304349 ], [ 360759.346548102097586, 6865114.38616628292948 ], [ 360706.506472610286437, 6865113.764201970770955 ], [ 360706.154936540289782, 6865143.624032873660326 ], [ 360679.734829516673926, 6865143.312964094802737 ], [ 360679.383229807717726, 6865173.172795818187296 ], [ 360652.963054359599482, 6865172.861669935286045 ], [ 360652.611391012906097, 6865202.721502481028438 ], [ 360626.191147139121313, 6865202.410319493152201 ], [ 360625.839420155389234, 6865232.270152859389782 ], [ 360599.419107857684139, 6865231.958912768401206 ], [ 360599.06731723860139, 6865261.818746956065297 ], [ 360546.226554087013938, 6865261.196093536913395 ], [ 360546.578478140407242, 6865231.336255487985909 ], [ 360520.158160720195156, 6865231.024838300421834 ], [ 360519.806169949588366, 6865260.884678279981017 ], [ 360493.3857841041754, 6865260.573203991167247 ], [ 360493.737841591704637, 6865230.713362080045044 ], [ 360467.31752075481927, 6865230.40182682685554 ], [ 360467.669648044509813, 6865200.541981878690422 ], [ 360414.829134679515846, 6865199.918730413541198 ], [ 360414.476873954117764, 6865229.778579225763679 ], [ 360388.056547989719547, 6865229.466866875067353 ], [ 360387.704223633219954, 6865259.326716509647667 ], [ 360361.283829241176136, 6865259.014947063289583 ], [ 360360.226674543810077, 6865348.594495125114918 ], [ 360386.647269084176514, 6865348.906258775852621 ], [ 360386.294957074685954, 6865378.76610398478806 ], [ 360412.715616619621869, 6865379.077806673012674 ], [ 360412.363374411128461, 6865408.93764884211123 ], [ 360438.784098960109986, 6865409.249290566891432 ], [ 360438.431926551507786, 6865439.109129697084427 ], [ 360412.011135288805235, 6865438.797489901073277 ], [ 360411.658899252710398, 6865468.657329858280718 ], [ 360438.07975722849369, 6865468.968967719003558 ], [ 360436.671110793016851, 6865588.408308735117316 ], [ 360463.092233907198533, 6865588.71987983956933 ], [ 360462.74014672258636, 6865618.579710396006703 ], [ 360489.161334837204777, 6865618.891220540739596 ], [ 360488.809317447186913, 6865648.751048057340086 ], [ 360515.230570562474895, 6865649.062497245147824 ], [ 360514.174737024586648, 6865738.641967356204987 ], [ 360540.596188556402922, 6865738.95335172303021 ], [ 360539.892448364524171, 6865798.672989067621529 ], [ 360566.314031601825263, 6865798.984310547821224 ], [ 360565.9622328368132, 6865828.844125627540052 ], [ 360592.38388107198989, 6865829.155386152677238 ], [ 360592.032152095111087, 6865859.015198197215796 ], [ 360618.453865327814128, 6865859.326397767290473 ], [ 360618.102206138020847, 6865889.186206773854792 ], [ 360644.523984368599486, 6865889.497345389798284 ], [ 360644.172394964494742, 6865919.357151360251009 ], [ 360670.59423819067888, 6865919.668229022994637 ], [ 360670.242718571214937, 6865949.52803195361048 ], [ 360696.66462679480901, 6865949.83904866501689 ], [ 360696.313176958588883, 6865979.698848563246429 ], [ 360722.735150178486947, 6865980.009804322384298 ], [ 360722.383770124695729, 6866009.869601181708276 ], [ 360748.80580834049033, 6866010.180495990440249 ], [ 360748.454498067498207, 6866040.040289814583957 ], [ 360774.876601279014722, 6866040.351123671978712 ], [ 360774.525360785890371, 6866070.210914462804794 ], [ 360800.947528992779553, 6866070.521687369793653 ], [ 360800.596358278300613, 6866100.38147512730211 ], [ 360827.018591480213217, 6866100.692187084816396 ], [ 360826.667490543273743, 6866130.55197180621326 ], [ 360905.934380018792581, 6866131.483747774735093 ], [ 360905.583482256392017, 6866161.343525608070195 ], [ 360932.005842038721312, 6866161.653997630812228 ], [ 360931.655014050193131, 6866191.513772430829704 ], [ 360958.077438827021979, 6866191.824183506891131 ], [ 360957.726680611318443, 6866221.683955273590982 ], [ 360984.149170383112505, 6866221.994305404834449 ], [ 360983.798481938720215, 6866251.854074140079319 ], [ 361115.911238738219254, 6866253.404929876327515 ], [ 361116.261593696195632, 6866223.54517076164484 ], [ 361195.529027261596639, 6866224.474981740117073 ], [ 361195.879185197001789, 6866194.615227283909917 ], [ 361275.146403362916317, 6866195.544512850232422 ], [ 361274.796445520478301, 6866225.404261539690197 ], [ 361301.218914872908499, 6866225.713903436437249 ], [ 361300.869026794622187, 6866255.573649099096656 ], [ 361327.291561145801097, 6866255.883230054751039 ], [ 361326.941742830327712, 6866285.742972688749433 ], [ 361353.364342178276274, 6866286.052492704242468 ], [ 361353.014593624509871, 6866315.912232312373817 ], [ 361379.437257969519123, 6866316.221691388636827 ], [ 361379.087579176179133, 6866346.081427969969809 ], [ 361405.510308517725207, 6866346.39082610886544 ], [ 361405.1606994838221, 6866376.250559660606086 ], [ 361431.583493820973672, 6866376.559896863996983 ], [ 361431.233954545285087, 6866406.419627389870584 ], [ 361457.656813879671972, 6866406.728903656825423 ], [ 361457.307344360975549, 6866436.588631154969335 ], [ 361483.730268690385856, 6866436.897846487350762 ], [ 361483.38086892751744, 6866466.757570958696306 ], [ 361509.803858252300415, 6866467.066725355572999 ], [ 361509.454528243979439, 6866496.92644680198282 ], [ 361562.30063518678071, 6866497.544574712403119 ], [ 361561.951441623328719, 6866527.404291215352714 ], [ 361588.374559241405223, 6866527.713264729827642 ], [ 361588.025435429590289, 6866557.572978208772838 ], [ 361614.44861804228276, 6866557.881890789605677 ], [ 361614.099563980824314, 6866587.741601242683828 ], [ 361640.522811587899923, 6866588.050452892668545 ], [ 361640.173827275575604, 6866617.910160322673619 ], [ 361666.597139876917936, 6866618.218951042741537 ], [ 361665.550405359477736, 6866707.798060934990644 ], [ 361691.973916330724023, 6866708.106786893680692 ], [ 361690.578579871507827, 6866827.54557690769434 ], [ 361717.002355893375352, 6866827.854236191138625 ], [ 361716.653596108197235, 6866857.71392900776118 ], [ 361690.229753401305061, 6866857.405271640047431 ], [ 361689.880929989099968, 6866887.264965264126658 ], [ 361663.457018903282005, 6866886.956250798888505 ], [ 361662.41036696487572, 6866976.535330772399902 ], [ 361635.986254133982584, 6866976.226563044823706 ], [ 361635.288368104200345, 6867035.945947987027466 ], [ 361608.864120214013383, 6867035.637125082314014 ], [ 361608.515115106827579, 6867065.496817806735635 ], [ 361582.090798839519266, 6867065.187937811017036 ], [ 361581.392664444399998, 6867124.907323772087693 ], [ 361554.968213120126165, 6867124.598388601094484 ], [ 361553.920834444114007, 6867214.177464983426034 ], [ 361527.496181387105025, 6867213.868476559408009 ], [ 361526.797810886695515, 6867273.587859109975398 ], [ 361500.373022777901497, 6867273.278815512545407 ], [ 361500.023775443492923, 6867303.138507045805454 ], [ 361447.174060779507272, 6867302.520246673375368 ], [ 361446.824683155806269, 6867332.379940936341882 ], [ 361393.974828346224967, 6867331.761448377743363 ], [ 361394.324339321523439, 6867301.901750274933875 ], [ 361315.04974439018406, 6867300.973563132807612 ], [ 361314.70003338722745, 6867330.833266995847225 ], [ 361288.275098333717324, 6867330.52375519182533 ], [ 361287.575552176102065, 6867390.243163437582552 ], [ 361261.150482073193416, 6867389.93359647039324 ], [ 361259.751159866515081, 6867509.372407360002398 ], [ 361233.32582136860583, 6867509.062789074145257 ], [ 361232.276161907182541, 6867598.641891377978027 ], [ 361258.70170041907113, 6867598.951503895223141 ], [ 361258.351886738324538, 6867628.811200526542962 ], [ 361284.777490218693856, 6867629.120752120390534 ], [ 361284.427746274683159, 6867658.980445721186697 ], [ 361310.853414725104813, 6867659.289936389774084 ], [ 361310.503740517015103, 6867689.149626961909235 ], [ 361363.355205653293524, 6867689.768427453935146 ], [ 361363.005667848105077, 6867719.628113076090813 ], [ 361336.579869461827911, 6867719.318744250573218 ], [ 361334.831893080321606, 6867868.617165355011821 ], [ 361361.258024799288251, 6867868.926524573937058 ], [ 361360.558989036013372, 6867928.645881420001388 ], [ 361386.985252383921761, 6867928.955177797935903 ], [ 361384.888618631171994, 6868108.113210230134428 ], [ 361411.315280251496006, 6868108.422436087392271 ], [ 361410.965918679023162, 6868138.282102362252772 ], [ 361463.819370142824482, 6868138.900373245589435 ], [ 361463.470144953287672, 6868168.760034572333097 ], [ 361489.896934795717243, 6868169.069079603068531 ], [ 361489.547779327782337, 6868198.928737903013825 ], [ 361515.974634130310733, 6868199.237722015939653 ], [ 361515.6255483829882, 6868229.09737728908658 ], [ 361542.052468145324383, 6868229.406300489790738 ], [ 361541.703452117217239, 6868259.265952738001943 ], [ 361568.130436839011963, 6868259.574815024621785 ], [ 361567.781490529072471, 6868289.4344642451033 ], [ 361488.500331298098899, 6868288.50770615786314 ], [ 361487.802047923498321, 6868348.227012789808214 ], [ 361514.229236010985915, 6868348.535987307317555 ], [ 361512.832972627773415, 6868467.974579601548612 ], [ 361539.26042563439114, 6868468.283487451262772 ], [ 361538.562445618677884, 6868528.002773115411401 ], [ 361512.134859307028819, 6868527.693869105540216 ], [ 361512.48391443642322, 6868497.834224906750023 ], [ 361353.918760796426795, 6868495.979550508782268 ], [ 361353.569305752404034, 6868525.839206228032708 ], [ 361300.714107632695232, 6868525.220513340085745 ], [ 361300.364522350020707, 6868555.080171794630587 ], [ 361273.936854085826781, 6868554.770738787017763 ], [ 361273.237559417902958, 6868614.490056221373379 ], [ 361246.809756150876638, 6868614.180568068288267 ], [ 361246.460046767373569, 6868644.040227046236396 ], [ 361220.032175147614907, 6868643.730681825429201 ], [ 361219.682402182021178, 6868673.590341621078551 ], [ 361193.254462209413759, 6868673.280739334411919 ], [ 361192.904625663009938, 6868703.140399944968522 ], [ 361166.47661733959103, 6868702.830740593373775 ], [ 361164.727147403697018, 6868852.129036663100123 ], [ 361138.298804139019921, 6868851.81932794302702 ], [ 361137.598904360202141, 6868911.538642469793558 ], [ 361111.170426102122292, 6868911.228878612630069 ], [ 361110.820414173300378, 6868941.088536139577627 ], [ 361137.248959075892344, 6868941.398298073559999 ], [ 361136.899016861920245, 6868971.257952568121254 ], [ 361163.327626706101, 6868971.567653589881957 ], [ 361162.627884774410632, 6869031.28695541061461 ], [ 361189.056626200093888, 6869031.59659359883517 ], [ 361188.706826480804011, 6869061.456240923143923 ], [ 361241.564437509572599, 6869062.075336492620409 ], [ 361241.214774142310489, 6869091.934978865087032 ], [ 361399.787966226227582, 6869093.790838409215212 ], [ 361399.438705771928653, 6869123.650468138046563 ], [ 361425.867631806817371, 6869123.959569697268307 ], [ 361425.518441056890879, 6869153.819196399301291 ], [ 361451.947432031272911, 6869154.1282370518893 ], [ 361451.598310984612908, 6869183.987860724329948 ], [ 361504.456421112816315, 6869184.605761240236461 ], [ 361504.107436407182831, 6869214.46537996456027 ], [ 361530.536555561004207, 6869214.774239828810096 ], [ 361530.18764055572683, 6869244.633855526335537 ], [ 361609.475187739182729, 6869245.560075463727117 ], [ 361609.126475708093494, 6869275.419684298336506 ], [ 361635.555721343727782, 6869275.728304393589497 ], [ 361635.20707900938578, 6869305.587910202331841 ], [ 361661.636389584105927, 6869305.896469399333 ], [ 361661.287816945288796, 6869335.756072180345654 ], [ 361687.717192459385842, 6869336.064570480026305 ], [ 361687.368689514871221, 6869365.924170235171914 ], [ 361713.79812996648252, 6869366.232607634738088 ], [ 361713.449696715106256, 6869396.09220436681062 ], [ 361739.879202105628792, 6869396.400580868124962 ], [ 361739.530838546110317, 6869426.260174576193094 ], [ 361765.960408874496352, 6869426.56849018111825 ], [ 361765.612115005787928, 6869456.42808086425066 ], [ 361792.041750271688215, 6869456.736335572786629 ], [ 361791.693526092509273, 6869486.595923230051994 ], [ 361818.123226296389475, 6869486.904117045924067 ], [ 361817.775071805575863, 6869516.763701681047678 ], [ 361844.204836945282295, 6869517.071834599599242 ], [ 361843.856752141728066, 6869546.931416211649776 ], [ 361870.28658221848309, 6869547.239488236606121 ], [ 361868.198537321295589, 6869726.396943152882159 ], [ 361894.628765483794268, 6869726.704944711178541 ], [ 361894.280835317622405, 6869756.564514739438891 ], [ 361920.71112841181457, 6869756.8724554060027 ], [ 361920.015410493710078, 6869816.591588308103383 ], [ 361893.584984145418275, 6869816.283651471138 ], [ 361893.237063139327802, 6869846.143218174576759 ], [ 361866.806568468571641, 6869845.835224278271198 ], [ 361866.110602365923114, 6869905.554358194582164 ], [ 361892.541230287402868, 6869905.862348262220621 ], [ 361891.845409649075009, 6869965.581473916769028 ], [ 361918.276169122371357, 6869965.88940117880702 ], [ 361917.928330006601755, 6869995.748960429802537 ], [ 361944.359154409612529, 6869996.056826804764569 ], [ 361944.01138496940257, 6870025.916383033618331 ], [ 361970.442274299683049, 6870026.224188522435725 ], [ 361969.746877819474321, 6870085.943293827585876 ], [ 361996.177898698311765, 6870086.251036515459418 ], [ 361994.09218221437186, 6870265.408314365893602 ], [ 362020.523601116612554, 6870265.71598660107702 ], [ 362019.828519931877963, 6870325.435066526755691 ], [ 361966.965413966274355, 6870324.819670746102929 ], [ 361966.61774471757235, 6870354.679212875664234 ], [ 361940.18612257699715, 6870354.371428445912898 ], [ 361939.838389764190651, 6870384.230971383862197 ], [ 361913.406699312501587, 6870383.923129899427295 ], [ 361912.711109614698216, 6870443.642216281965375 ], [ 361939.142933295923285, 6870443.950053934939206 ], [ 361938.099771486187819, 6870533.528669454157352 ], [ 361911.667747965082526, 6870533.220837545581162 ], [ 361910.972188796789851, 6870592.939912851899862 ], [ 361937.404345541785005, 6870593.247740929946303 ], [ 361936.708931806788314, 6870652.966807977296412 ], [ 361963.141220077115577, 6870653.274573259055614 ], [ 361962.445951770874672, 6870712.993632041849196 ], [ 361988.87837156461319, 6870713.301334531977773 ], [ 361988.530808597803116, 6870743.160860350355506 ], [ 362014.963293306704145, 6870743.46850195992738 ], [ 362014.615799999097362, 6870773.328024756163359 ], [ 361988.18324868218042, 6870773.020385057665408 ], [ 361987.488138004904613, 6870832.739431153051555 ], [ 361961.055451780383009, 6870832.431736323982477 ], [ 361960.012608832214028, 6870922.010302904993296 ], [ 361986.445494873623829, 6870922.317991992458701 ], [ 361985.750414709327742, 6870982.037027012556791 ], [ 362012.183432265592273, 6870982.344653308391571 ], [ 362011.835963363584597, 6871012.204167243093252 ], [ 362064.702126597985625, 6871012.819239129312336 ], [ 362064.35479395207949, 6871042.678748128004372 ], [ 362090.787939630798064, 6871042.986193717457354 ], [ 362089.74615979520604, 6871132.564708328805864 ], [ 362063.312814312172122, 6871132.257268479093909 ], [ 362062.965493864903692, 6871162.11677304841578 ], [ 362089.398905948095489, 6871162.424210983328521 ], [ 362089.05165515007684, 6871192.283712532371283 ], [ 362141.918607435014565, 6871192.898407703265548 ], [ 362141.571492884017061, 6871222.757904318161309 ], [ 362168.005033085704781, 6871223.06516155321151 ], [ 362167.657988180988468, 6871252.924655147828162 ], [ 362194.091593288292643, 6871253.231851514428854 ], [ 362193.744618028809782, 6871283.091342087835073 ], [ 362220.178288041322958, 6871283.398477585986257 ], [ 362219.831382425676566, 6871313.257965140976012 ], [ 362246.265117342525627, 6871313.565039770677686 ], [ 362245.918281369726174, 6871343.424524308182299 ], [ 362378.087263567722403, 6871344.959003559313715 ], [ 362377.740763620182406, 6871374.818477436900139 ], [ 362404.174621583078988, 6871375.125194511376321 ], [ 362404.521054935117718, 6871345.265722543001175 ], [ 362483.822418897878379, 6871346.185525760054588 ], [ 362484.168655502784532, 6871316.326058408245444 ], [ 362537.036089840286877, 6871316.938969590701163 ], [ 362536.689986428187694, 6871346.798433124087751 ], [ 362563.123767659591977, 6871347.104798373766243 ], [ 362563.469804475607816, 6871317.24533674493432 ], [ 362589.90351742337225, 6871317.551644946448505 ], [ 362590.249490681104362, 6871287.692184115760028 ], [ 362616.68313534441404, 6871287.99843526724726 ], [ 362617.029045042698272, 6871258.138975234702229 ], [ 362643.462621421320364, 6871258.445169335231185 ], [ 362643.116778320283629, 6871288.304627461358905 ], [ 362695.984059211390559, 6871288.916834981180727 ], [ 362695.638352340727579, 6871318.776288187131286 ], [ 362748.505759680178016, 6871319.388256072998047 ], [ 362748.160189037211239, 6871349.247704363428056 ], [ 362774.593956773285754, 6871349.553597967140377 ], [ 362774.248455760185607, 6871379.413043243810534 ], [ 362800.682288407522719, 6871379.718875989317894 ], [ 362800.336857023125049, 6871409.578318255022168 ], [ 362826.770754578814376, 6871409.884090143255889 ], [ 362826.425392821896821, 6871439.743529395200312 ], [ 362852.85935528750997, 6871440.049240425229073 ], [ 362852.514063157024793, 6871469.908676667138934 ], [ 362878.948090532212518, 6871470.214326839894056 ], [ 362878.60286802687915, 6871500.073760071769357 ], [ 362905.036960309604183, 6871500.379349388182163 ], [ 362904.691807428025641, 6871530.23877960909158 ], [ 362931.125964620383456, 6871530.544308070093393 ], [ 362930.780881361686625, 6871560.403735280036926 ], [ 362957.215103461407125, 6871560.709202885627747 ], [ 362956.870089824311435, 6871590.568627084605396 ], [ 363089.041508033988066, 6871592.095071326941252 ], [ 363089.38618871581275, 6871562.235656630247831 ], [ 363115.820400719414465, 6871562.540770520456135 ], [ 363115.475786628609058, 6871592.400183318182826 ], [ 363194.778612327587325, 6871593.315165579319 ], [ 363194.434201034193393, 6871623.174571570940316 ], [ 363220.868539495917503, 6871623.479445856064558 ], [ 363220.524197816790547, 6871653.338848842307925 ], [ 363246.958601187798195, 6871653.643662276677787 ], [ 363246.614329121890478, 6871683.503062255680561 ], [ 363431.65557182347402, 6871685.635092399083078 ], [ 363431.311768899788149, 6871715.494477993808687 ], [ 363484.180813458806369, 6871716.103095116093755 ], [ 363483.837146729580127, 6871745.962475813925266 ], [ 363536.706317756383214, 6871746.570853346958756 ], [ 363536.362787219579332, 6871776.430229146964848 ], [ 363589.232084713294171, 6871777.038367095403373 ], [ 363588.888690366409719, 6871806.897738000378013 ], [ 363615.323403186688665, 6871807.201716656796634 ], [ 363614.980078441498335, 6871837.061084561049938 ], [ 363641.414856170827989, 6871837.365002375096083 ], [ 363641.071601025876589, 6871867.224367278628051 ], [ 363667.506443666410632, 6871867.528224253095686 ], [ 363667.163258120825049, 6871897.387586154043674 ], [ 363693.598165669711307, 6871897.6913822889328 ], [ 363693.255049722327385, 6871927.550741189159453 ], [ 363719.690022181195673, 6871927.854476482607424 ], [ 363719.346975830500014, 6871957.713832384906709 ], [ 363745.782013199001085, 6871958.017506839707494 ], [ 363745.439036444120575, 6871987.876859741285443 ], [ 363771.874138719926123, 6871988.180473359301686 ], [ 363772.559962076309603, 6871928.461770230904222 ], [ 363798.994929513719399, 6871928.76532868295908 ], [ 363799.337779125780798, 6871898.905977346934378 ], [ 363852.207575811713468, 6871899.512921188957989 ], [ 363851.864859367196914, 6871929.372268745675683 ], [ 363878.299821785709355, 6871929.675650355406106 ], [ 363877.957174934505019, 6871959.534994915127754 ], [ 363904.39220226299949, 6871959.838315688073635 ], [ 363904.734782531217206, 6871929.978973017074168 ], [ 363931.169741604709998, 6871930.282236732542515 ], [ 363931.512258297996596, 6871900.422894841060042 ], [ 363957.94714911619667, 6871900.72610149718821 ], [ 363958.63205835869303, 6871841.007418161258101 ], [ 363985.066814335819799, 6871841.310569643974304 ], [ 363985.409206883283332, 6871811.451228202320635 ], [ 364011.843894605292007, 6871811.754322623834014 ], [ 364012.186223573924508, 6871781.89498195797205 ], [ 364038.620843038777821, 6871782.198019317351282 ], [ 364038.278580655984115, 6871812.057358097285032 ], [ 364091.147947747085709, 6871812.663252199068666 ], [ 364091.49007695808541, 6871782.803917190991342 ], [ 364117.924691413121764, 6871783.106777705252171 ], [ 364118.26675704238005, 6871753.247443474829197 ], [ 364250.439471353194676, 6871754.760871229693294 ], [ 364250.781207052117679, 6871724.901545313186944 ], [ 364435.822470947983675, 6871727.017881480976939 ], [ 364435.48120135627687, 6871756.877194220200181 ], [ 364488.350252078904305, 6871757.481327390298247 ], [ 364488.691388497420121, 6871727.622018411755562 ], [ 364541.560299387201667, 6871728.225919543765485 ], [ 364541.901305627485272, 6871698.366613213904202 ], [ 364515.466917601181194, 6871698.064690243452787 ], [ 364516.490154055412859, 6871608.486758957616985 ], [ 364542.924342316808179, 6871608.788687569089234 ], [ 364543.265360536111984, 6871578.92937680054456 ], [ 364569.699480542971287, 6871579.231248339638114 ], [ 364572.427201372513082, 6871340.356737264432013 ], [ 364598.860786979785189, 6871340.658564884215593 ], [ 364599.542613938800059, 6871280.939929771237075 ], [ 364625.976064693881199, 6871281.241702194325626 ], [ 364626.316916067909915, 6871251.382384849712253 ], [ 364652.75029856339097, 6871251.684100195765495 ], [ 364653.091086333908606, 6871221.824783620424569 ], [ 364705.957713147392496, 6871222.42804120015353 ], [ 364706.298370716394857, 6871192.56872726790607 ], [ 364732.731615032826085, 6871192.870269501581788 ], [ 364733.072208995581605, 6871163.010956337675452 ], [ 364812.371732188679744, 6871163.915234930813313 ], [ 364812.712129348015878, 6871134.055926282890141 ], [ 364892.011437804321758, 6871134.959679897874594 ], [ 364891.671240438707173, 6871164.818982920609415 ], [ 364944.53757097502239, 6871165.42118680011481 ], [ 364944.197509790887125, 6871195.280484963208437 ], [ 364970.630739168205764, 6871195.581496595405042 ], [ 364970.2907475666143, 6871225.44079177454114 ], [ 364996.724041882087477, 6871225.741742579266429 ], [ 364997.063966887071729, 6871195.882449272088706 ], [ 365023.497192947892472, 6871196.183342994190753 ], [ 365024.176918717217632, 6871136.464756794273853 ], [ 364997.743825851182919, 6871136.16385932918638 ], [ 364998.083759810309857, 6871106.304562688805163 ], [ 364945.217702300811652, 6871105.702587140724063 ], [ 364945.89784557040548, 6871045.983983041718602 ], [ 364972.330741955724079, 6871046.285004041157663 ], [ 364974.030819375591818, 6870896.988483722321689 ], [ 365079.761056313000154, 6870898.192015592008829 ], [ 365080.440575351472944, 6870838.473414668813348 ], [ 365106.872997237485833, 6870838.774153981357813 ], [ 365107.212694627116434, 6870808.914853725582361 ], [ 365133.64504825201584, 6870809.215535948984325 ], [ 365133.984682019217871, 6870779.356236453168094 ], [ 365160.416967383527663, 6870779.656861587427557 ], [ 365160.756537527311593, 6870749.797562848776579 ], [ 365213.620970078685787, 6870750.398639976978302 ], [ 365213.960409992083441, 6870720.539343871176243 ], [ 365266.824702712125145, 6870721.14018889144063 ], [ 365267.164012392982841, 6870691.280895411968231 ], [ 365293.596089665777981, 6870691.581231350079179 ], [ 365293.935335718619172, 6870661.721938626840711 ], [ 365320.367344729311299, 6870662.022217473015189 ], [ 365320.70652715297183, 6870632.162925506941974 ], [ 365347.138467903307173, 6870632.463147257454693 ], [ 365347.477586696681101, 6870602.603856048546731 ], [ 365400.34133002202725, 6870603.204126397147775 ], [ 365400.002344444626942, 6870633.063413871452212 ], [ 365426.434280236600898, 6870633.363458735868335 ], [ 365425.75645122298738, 6870693.082026616670191 ], [ 365505.052648326498456, 6870693.981796241365373 ], [ 365505.391361525806133, 6870664.122518453747034 ], [ 365531.823357316490728, 6870664.422325603663921 ], [ 365532.839314932527486, 6870574.844491175375879 ], [ 365559.271109250315931, 6870575.144244957715273 ], [ 365559.609701125824358, 6870545.284966455772519 ], [ 365586.041427183605265, 6870545.584663142450154 ], [ 365586.379955422075, 6870515.725385392084718 ], [ 365612.811613219499122, 6870516.025024979375303 ], [ 365613.488545391126536, 6870456.306469878181815 ], [ 365639.920068319304846, 6870456.606054227799177 ], [ 365641.612117681303062, 6870307.30965634342283 ], [ 365668.043305897328537, 6870307.609191045165062 ], [ 365668.381658067228273, 6870277.749909996986389 ], [ 365694.812778021616396, 6870278.049387596547604 ], [ 365695.489358041377272, 6870218.330825892277062 ], [ 365721.920343116624281, 6870218.630248248577118 ], [ 365722.258570964680985, 6870188.770967590622604 ], [ 365748.689487775380258, 6870189.07033284381032 ], [ 365748.351326542906463, 6870218.929611639119685 ], [ 365801.213288453582209, 6870219.528161522001028 ], [ 365801.551316454890184, 6870189.668886447325349 ], [ 365880.844047118793242, 6870190.566274599172175 ], [ 365881.181878238508943, 6870160.707003995776176 ], [ 365960.474394236225635, 6870161.603867020457983 ], [ 365960.136762964772061, 6870191.46313204523176 ], [ 365986.567664956382941, 6870191.761966592632234 ], [ 365987.242797229788266, 6870132.043439149856567 ], [ 366040.104329811816569, 6870132.640938775613904 ], [ 366039.766895426728297, 6870162.500199338421226 ], [ 366171.921031193516683, 6870163.992907186970115 ], [ 366172.258132496208418, 6870134.133655906654894 ], [ 366198.688888102886267, 6870134.432022431865335 ], [ 366199.025925747409929, 6870104.572771897539496 ], [ 366225.4566130953026, 6870104.871081309393048 ], [ 366225.793587080319412, 6870075.011831517331302 ], [ 366357.946666107571218, 6870076.502503325231373 ], [ 366357.610025209723972, 6870106.361743845045567 ], [ 366410.471378570073284, 6870106.957596085034311 ], [ 366410.134873860515654, 6870136.816831788048148 ], [ 366436.565614698221907, 6870137.114667603746057 ], [ 366436.229179558111355, 6870166.973900339566171 ], [ 366462.659985371690709, 6870167.271675336174667 ], [ 366462.323619800212327, 6870197.130905111320317 ], [ 366541.616227252990939, 6870198.023870741948485 ], [ 366541.952392978128046, 6870168.164646523073316 ], [ 366621.244785840972327, 6870169.057087006978691 ], [ 366621.580754668684676, 6870139.197867224924266 ], [ 366727.303655769501347, 6870140.386969731189311 ], [ 366727.639361080306116, 6870110.527756234630942 ], [ 366780.500668580585625, 6870111.12195737939328 ], [ 366780.836243603785988, 6870081.262746464461088 ], [ 366807.26682828401681, 6870081.559760432690382 ], [ 366807.602339635195676, 6870051.700550251640379 ], [ 366834.032856062287465, 6870051.99750710092485 ], [ 366834.368303740106057, 6870022.138297651894391 ], [ 366860.798751915921457, 6870022.435197379440069 ], [ 366861.469522866012994, 6869962.716778840869665 ], [ 366887.899836169090122, 6869963.01362329069525 ], [ 366888.23515943979146, 6869933.154414200223982 ], [ 366914.665404489380307, 6869933.451201524585485 ], [ 366915.335926618077792, 6869873.732783691957593 ], [ 366888.905814809782896, 6869873.435992675833404 ], [ 366889.241146909072995, 6869843.576780244708061 ], [ 366915.671192096022423, 6869843.873573106713593 ], [ 366918.018132826313376, 6869634.85906785633415 ], [ 366944.447710013191681, 6869635.155814662575722 ], [ 366944.782932403497398, 6869605.296597019769251 ], [ 366971.212441331415903, 6869605.593286698684096 ], [ 366971.547600036603399, 6869575.734069788828492 ], [ 366997.977040705271065, 6869576.030702337622643 ], [ 366998.647233684023377, 6869516.3122688671574 ], [ 367025.076539465400856, 6869516.608846129849553 ], [ 367025.411573737219442, 6869486.749629568308592 ], [ 367104.699281406996306, 6869487.639013038948178 ], [ 367104.364447020285297, 6869517.498224072158337 ], [ 367130.793746276583988, 6869517.794565438292921 ], [ 367131.128514035022818, 6869487.935356247238815 ], [ 367157.557745032419916, 6869488.231640477664769 ], [ 367157.223043902311474, 6869518.090847825631499 ], [ 367210.081634263391607, 6869518.683235684409738 ], [ 367209.747069325472694, 6869548.542438237927854 ], [ 367236.176428689388558, 6869548.838541864417493 ], [ 367235.84193331428105, 6869578.697741461917758 ], [ 367262.271357676421758, 6869578.993784273043275 ], [ 367261.936931863019709, 6869608.852980920113623 ], [ 367288.366421221406199, 6869609.14896291680634 ], [ 367287.697711649700068, 6869668.867349185980856 ], [ 367314.127332631614991, 6869669.163268531672657 ], [ 367313.793048871506471, 6869699.02245815563947 ], [ 367340.222734848910477, 6869699.31831669062376 ], [ 367339.888520646316465, 6869729.177503362298012 ], [ 367445.607514774310403, 6869730.360340420156717 ], [ 367445.941462481219787, 6869700.501161101274192 ], [ 367551.66016408521682, 6869701.683061962947249 ], [ 367551.326482873409986, 6869731.542233932763338 ], [ 367683.475156426022295, 6869733.018273965455592 ], [ 367683.141811257984955, 6869762.877435643225908 ], [ 367736.001402555615641, 6869763.467435185797513 ], [ 367736.334614477586001, 6869733.608277178369462 ], [ 367762.764341068395879, 6869733.903190326876938 ], [ 367763.097489290987141, 6869704.044033036567271 ], [ 367789.527147635410074, 6869704.338889049366117 ], [ 367789.860232157516293, 6869674.479732478968799 ], [ 367842.71941073081689, 6869675.069271251559258 ], [ 367843.052364926727023, 6869645.210117233917117 ], [ 367895.911403763224371, 6869645.799423782154918 ], [ 367896.244227630610112, 6869615.940272315405309 ], [ 367922.673677992483135, 6869616.234838961623609 ], [ 367923.006438154727221, 6869586.375688210129738 ], [ 367949.435820268699899, 6869586.670197715051472 ], [ 367949.768516724696383, 6869556.811047681607306 ], [ 367976.19783059268957, 6869557.105500046163797 ], [ 367976.530463341274299, 6869527.246350728906691 ], [ 368029.388952963519841, 6869527.835082194767892 ], [ 368029.72145537630422, 6869497.975935424678028 ], [ 368082.579805265821051, 6869498.564434656873345 ], [ 368082.912177340593189, 6869468.705290430225432 ], [ 368135.770387499826029, 6869469.293557422235608 ], [ 368136.102629234199412, 6869439.434415739029646 ], [ 368162.531665257178247, 6869439.728462602011859 ], [ 368163.528208063798957, 6869350.151036350056529 ], [ 368189.957042581692804, 6869350.445029720664024 ], [ 368190.621285764616914, 6869290.72674363758415 ], [ 368217.049985402496532, 6869291.02068168669939 ], [ 368220.038624267501291, 6869022.288355604745448 ], [ 368246.466722580371425, 6869022.582251116633415 ], [ 368246.798741495877039, 6868992.723100029863417 ], [ 368220.370709820184857, 6868992.429202690720558 ], [ 368221.034889665897936, 6868932.710893522948027 ], [ 368247.462788065779023, 6868933.004794513806701 ], [ 368247.794815720117185, 6868903.145640082657337 ], [ 368248.7909161602729, 6868813.568170106969774 ], [ 368222.363284319173545, 6868813.274261809885502 ], [ 368224.023843188420869, 6868663.97844710201025 ], [ 368250.451141817786265, 6868664.272364528849721 ], [ 368251.447312166390475, 6868574.694867808371782 ], [ 368225.020213471085299, 6868574.400944901630282 ], [ 368225.684474893321749, 6868514.682604532688856 ], [ 368172.830539236019831, 6868514.094574458897114 ], [ 368173.162807611282915, 6868484.235398950055242 ], [ 368146.735904005472548, 6868483.941293608397245 ], [ 368148.0652732460876, 6868364.504573117010295 ], [ 368121.638634616101626, 6868364.210401478223503 ], [ 368122.968317102000583, 6868244.773655848577619 ], [ 368096.541943459073082, 6868244.479417910799384 ], [ 368096.87443802220514, 6868214.620226891711354 ], [ 368123.300745012820698, 6868214.91446665674448 ], [ 368123.633175838971511, 6868185.055276349186897 ], [ 368150.059414559975266, 6868185.349458950571716 ], [ 368150.391781648388132, 6868155.490269356407225 ], [ 368176.817952097509988, 6868155.784394796006382 ], [ 368178.147182981716469, 6868036.347632582299411 ], [ 368151.72127915249439, 6868036.053499834612012 ], [ 368152.053660815989133, 6868006.19430466927588 ], [ 368019.924450689693913, 6868004.722746920771897 ], [ 368020.257168553827796, 6867974.863541501574218 ], [ 367940.979823032394052, 6867973.979893458075821 ], [ 367941.312743787886575, 6867944.120681436732411 ], [ 367835.609860383498017, 6867942.941650822758675 ], [ 367835.943050692498218, 6867913.082430367358029 ], [ 367809.517392449313775, 6867912.787523398175836 ], [ 367809.850652339577209, 6867882.928299995139241 ], [ 367783.425059134722687, 6867882.633332202211022 ], [ 367783.758388607297093, 6867852.774105853401124 ], [ 367757.332860441005323, 6867852.479077233932912 ], [ 367757.66625949688023, 6867822.619847940281034 ], [ 367731.240796368801966, 6867822.324758493341506 ], [ 367731.574265009723604, 6867792.465526252053678 ], [ 367705.148866921896115, 6867792.170375978574157 ], [ 367705.482405148621183, 6867762.311140792444348 ], [ 367652.631737428018823, 6867761.720659593120217 ], [ 367652.965411903976928, 6867731.861419622786343 ], [ 367600.114871017984115, 6867731.270698774605989 ], [ 367600.448681745794602, 6867701.41145402379334 ], [ 367626.873886337678414, 6867701.706845782697201 ], [ 367627.207633329206146, 6867671.847601751796901 ], [ 367653.632769634074066, 6867672.14293634518981 ], [ 367653.966452888213098, 6867642.283693035133183 ], [ 367680.39152090769494, 6867642.578970465809107 ], [ 367680.725140423281118, 6867612.71972787566483 ], [ 367707.150140155397821, 6867613.014948141761124 ], [ 367708.484380808193237, 6867493.577973970212042 ], [ 367734.909112253808416, 6867493.873142568394542 ], [ 367735.909623450192157, 6867404.295405738055706 ], [ 367762.334153271571267, 6867404.590520834550261 ], [ 367762.667596183076967, 6867374.731274829246104 ], [ 367736.243133030773606, 6867374.436157899908721 ], [ 367737.577200595289469, 6867254.999155405908823 ], [ 367552.607779896876309, 6867252.931633561849594 ], [ 367552.941770803707186, 6867223.072367319837213 ], [ 367526.517628026718739, 6867222.776769214309752 ], [ 367526.851688534603454, 6867192.917500021867454 ], [ 367500.4276108078775, 6867192.621841078624129 ], [ 367500.761740918271244, 6867162.762568938545883 ], [ 367474.337728240177967, 6867162.466849156655371 ], [ 367475.006130597903393, 6867102.748297864571214 ], [ 367448.582249643688556, 6867102.452515409328043 ], [ 367448.916521892824676, 6867072.59323625639081 ], [ 367422.49270599038573, 6867072.297392959706485 ], [ 367422.827047846105415, 6867042.438110857270658 ], [ 367343.555790413403884, 6867041.550221432000399 ], [ 367343.890335229691118, 6867011.690932705067098 ], [ 367317.466646176704671, 6867011.39484971575439 ], [ 367318.135877962980885, 6866951.676265245303512 ], [ 367212.441638908174355, 6866950.491328533738852 ], [ 367213.446308736805804, 6866860.913421413861215 ], [ 367239.869670903426595, 6866861.209749615751207 ], [ 367240.204500037711114, 6866831.350446852855384 ], [ 367293.051086131308693, 6866831.942929916083813 ], [ 367293.385784839221742, 6866802.083629717119038 ], [ 367346.232231065223459, 6866802.675880425609648 ], [ 367346.566799344378524, 6866772.816582787781954 ], [ 367372.989953337586485, 6866773.112621466629207 ], [ 367373.658965330512729, 6866713.3940265243873 ], [ 367400.08198433322832, 6866713.69000986777246 ], [ 367400.416428045078646, 6866683.830712562426925 ], [ 367373.993475725408643, 6866683.534727378748357 ], [ 367374.662505311716814, 6866623.816125752404332 ], [ 367348.239684733795002, 6866623.520077887922525 ], [ 367348.574270609999076, 6866593.660773567855358 ], [ 367322.151515090605244, 6866593.364664857275784 ], [ 367322.486170584976207, 6866563.505357582122087 ], [ 367296.063480126322247, 6866563.209188025444746 ], [ 367296.398205240082461, 6866533.349877799861133 ], [ 367269.975579840072896, 6866533.053647393360734 ], [ 367270.31037457450293, 6866503.194334216415882 ], [ 367243.887814235116821, 6866502.898042959161103 ], [ 367244.222678591089789, 6866473.038726832717657 ], [ 367217.800183312792797, 6866472.742374726571143 ], [ 367218.135117291705683, 6866442.883055646903813 ], [ 367191.712687073100824, 6866442.586642690934241 ], [ 367192.047690676117782, 6866412.727320656180382 ], [ 367165.625325519125909, 6866412.430846849456429 ], [ 367165.960398747411091, 6866382.571521864272654 ], [ 367113.11579692811938, 6866381.978393527679145 ], [ 367113.45100647257641, 6866352.119063749909401 ], [ 367087.028769811091479, 6866351.822409223765135 ], [ 367087.364048983785324, 6866321.963076490908861 ], [ 367060.941877382691018, 6866321.666361110284925 ], [ 367061.277226184902247, 6866291.807025423273444 ], [ 367034.855119646585081, 6866291.51024918910116 ], [ 367036.196811016299762, 6866172.072887937538326 ], [ 367009.774969618418254, 6866171.776045324280858 ], [ 367010.781469096196815, 6866082.198007170110941 ], [ 366984.359826152212918, 6866081.901100016199052 ], [ 366984.69539855432231, 6866052.041749893687665 ], [ 366905.430660030688159, 6866051.150668806396425 ], [ 366905.766435462515801, 6866021.291312043555081 ], [ 366852.923401687119622, 6866020.696959212422371 ], [ 366853.259313455375377, 6865990.837597653269768 ], [ 366826.837860818079207, 6865990.540330866351724 ], [ 366827.173842227610294, 6865960.680966350249946 ], [ 366800.752454656525515, 6865960.383638702332973 ], [ 366801.424559705483261, 6865900.66490263864398 ], [ 366775.003303899487946, 6865900.367512283846736 ], [ 366775.339427540777251, 6865870.508140737190843 ], [ 366748.918236801982857, 6865870.210689518600702 ], [ 366749.254430088796653, 6865840.351315015926957 ], [ 366617.148785404220689, 6865838.863164400681853 ], [ 366617.485315140220337, 6865809.003779553808272 ], [ 366591.064248002774548, 6865808.705970524810255 ], [ 366591.400847389188129, 6865778.846582720056176 ], [ 366564.979845320223831, 6865778.548712823539972 ], [ 366565.316514357924461, 6865748.689322057180107 ], [ 366538.895577355171554, 6865748.391391292214394 ], [ 366539.232316045614425, 6865718.531997565180063 ], [ 366512.811444111925084, 6865718.234005930833519 ], [ 366514.495515345828608, 6865568.937011358328164 ], [ 366540.916053758119233, 6865569.235012231394649 ], [ 366541.58956949779531, 6865509.516210303641856 ], [ 366568.009972864005249, 6865509.814155846834183 ], [ 366568.683366991288494, 6865450.095353160053492 ], [ 366542.263097040180583, 6865449.797403922304511 ], [ 366543.946967531985138, 6865300.500368488021195 ], [ 366517.527029495395254, 6865300.202350987121463 ], [ 366518.537587333528791, 6865210.624110824428499 ], [ 366492.117847797402646, 6865210.326028754934669 ], [ 366492.454773025528993, 6865180.466611292213202 ], [ 366466.035098566906527, 6865180.168468346819282 ], [ 366466.372093460522592, 6865150.309047924354672 ], [ 366439.952484081615694, 6865150.010844103060663 ], [ 366440.289548641885631, 6865120.151420716196299 ], [ 366413.870004340715241, 6865119.853156016208231 ], [ 366414.207138568803202, 6865089.993729668669403 ], [ 366387.787659347173758, 6865089.695404092781246 ], [ 366388.124863244302105, 6865059.835974781773984 ], [ 366361.705449102679268, 6865059.53758832719177 ], [ 366362.042722670012154, 6865029.678156053647399 ], [ 366335.623373606998939, 6865029.379708719439805 ], [ 366336.298063039721455, 6864969.660837134346366 ], [ 366309.878845774685033, 6864969.362327069975436 ], [ 366310.216261641704477, 6864939.502887756563723 ], [ 366283.797109457780607, 6864939.20431681163609 ], [ 366284.472083496977575, 6864879.485431146807969 ], [ 366258.053063113591634, 6864879.18679746799171 ], [ 366258.390621287398972, 6864849.327351114712656 ], [ 366231.971665986871812, 6864849.028656550683081 ], [ 366232.646924646804109, 6864789.309756804257631 ], [ 366259.065746505977586, 6864789.60845507029444 ], [ 366259.403313550690655, 6864759.749005377292633 ], [ 366285.822067051602062, 6864760.047646459192038 ], [ 366286.159570330986753, 6864730.18819750379771 ], [ 366312.578255472588353, 6864730.486781401559711 ], [ 366312.915694985713344, 6864700.627333184704185 ], [ 366339.334311767888721, 6864700.925859898328781 ], [ 366339.671687513473444, 6864671.066412418149412 ], [ 366366.090235936571844, 6864671.364881947636604 ], [ 366366.427547913510352, 6864641.505435201339424 ], [ 366392.846027975610923, 6864641.80384754575789 ], [ 366393.857781458704267, 6864552.225506174378097 ], [ 366367.439501571410801, 6864551.927088283933699 ], [ 366368.788814478379209, 6864432.489276805892587 ], [ 366342.370799861790147, 6864432.190792483277619 ], [ 366343.045607499720063, 6864372.47187636513263 ], [ 366316.627724705205765, 6864372.173329304903746 ], [ 366316.965199686295819, 6864342.313867726363242 ], [ 366290.547381985117681, 6864342.015259778127074 ], [ 366292.572694330418017, 6864162.858455828391016 ], [ 366318.990111641411204, 6864163.157074876129627 ], [ 366319.327607311774045, 6864133.297605503350496 ], [ 366345.744956252689008, 6864133.596167356707156 ], [ 366346.082388144510332, 6864103.736698721535504 ], [ 366372.499668715812732, 6864104.035203386098146 ], [ 366372.837036827579141, 6864074.175735484808683 ], [ 366425.671459592296742, 6864074.772571383044124 ], [ 366426.345937736099586, 6864015.05363963264972 ], [ 366399.928860642481595, 6864014.755247509106994 ], [ 366400.266170880873688, 6863984.895778114907444 ], [ 366373.849158889323007, 6863984.597325098700821 ], [ 366375.53608807962155, 6863835.299952190369368 ], [ 366322.702726571820676, 6863834.702850541099906 ], [ 366323.040254753315821, 6863804.843368918634951 ], [ 366296.623638286197092, 6863804.544727679342031 ], [ 366296.961236163915601, 6863774.685243096202612 ], [ 366270.544684801192489, 6863774.386540959589183 ], [ 366272.908419916813727, 6863565.370104753412306 ], [ 366140.827974561718293, 6863563.87564361654222 ], [ 366141.165996561176144, 6863534.016139023005962 ], [ 366114.749969323223922, 6863533.717067797668278 ], [ 366115.08806102827657, 6863503.857560240663588 ], [ 366088.672098898212425, 6863503.558428115211427 ], [ 366089.010260310315061, 6863473.698917591944337 ], [ 366062.594363288604654, 6863473.399724565446377 ], [ 366062.932594408805016, 6863443.540211076848209 ], [ 366036.516762495099101, 6863443.24095714930445 ], [ 366036.85506332461955, 6863413.381440691649914 ], [ 366010.439296520897187, 6863413.082125863060355 ], [ 366010.777667061018292, 6863383.222606440074742 ], [ 365984.361965365998913, 6863382.923230706714094 ], [ 365984.700405617710203, 6863353.063708318397403 ], [ 365879.037849434418604, 6863351.865607459098101 ], [ 365879.376559648779221, 6863322.006076539866626 ], [ 365852.960983251221478, 6863321.706401841714978 ], [ 365853.299763181596063, 6863291.846867954358459 ], [ 365774.053224391478579, 6863290.947483986616135 ], [ 365774.392207541503012, 6863261.087943417951465 ], [ 365747.976758078089915, 6863260.78802880179137 ], [ 365748.315810947620776, 6863230.928485265001655 ], [ 365721.9004265947151, 6863230.628509739413857 ], [ 365722.239549184916541, 6863200.768963230773807 ], [ 365695.824229940481018, 6863200.468926795758307 ], [ 365696.163422252517194, 6863170.609377318061888 ], [ 365669.748168119171169, 6863170.309279971756041 ], [ 365670.087430154380854, 6863140.449727524071932 ], [ 365643.672241130901966, 6863140.14956926740706 ], [ 365644.011572890391108, 6863110.290013847872615 ], [ 365617.596448976779357, 6863109.989794678986073 ], [ 365617.935850461712107, 6863080.130236287601292 ], [ 365591.520791660179384, 6863079.829956204630435 ], [ 365591.860262871778104, 6863049.970394844189286 ], [ 365565.445269180228934, 6863049.670053847134113 ], [ 365565.784810119715985, 6863019.810489514842629 ], [ 365460.12508593237726, 6863018.608527542091906 ], [ 365459.105670963414013, 6863108.187239522114396 ], [ 365432.690535534813534, 6863107.886606972664595 ], [ 365432.350669739709701, 6863137.746177269145846 ], [ 365405.935465910821222, 6863137.445487526245415 ], [ 365405.595536337001249, 6863167.305058567784727 ], [ 365379.180264108174015, 6863167.004311634227633 ], [ 365378.840270756627433, 6863196.863883427344263 ], [ 365352.424930125998799, 6863196.563079299405217 ], [ 365352.084872998122592, 6863226.422651843167841 ], [ 365299.254053289827425, 6863225.820870152674615 ], [ 365298.913865634298418, 6863255.680445306934416 ], [ 365246.082905829127412, 6863255.078431133180857 ], [ 365245.742587648099288, 6863284.938008902594447 ], [ 365192.911487744422629, 6863284.335762243717909 ], [ 365192.571039040223695, 6863314.195342629216611 ], [ 365139.739799036411569, 6863313.592863491736352 ], [ 365139.399219811079092, 6863343.45244649425149 ], [ 365112.983530583383981, 6863343.151120211929083 ], [ 365112.642887589696329, 6863373.010703966021538 ], [ 365086.227129961480387, 6863372.709320498630404 ], [ 365085.886423200310674, 6863402.568905006162822 ], [ 365006.638940160803031, 6863401.664405895397067 ], [ 365006.298036135092843, 6863431.523994890041649 ], [ 364979.882138403016143, 6863431.222378949634731 ], [ 364979.541170613374561, 6863461.081968702375889 ], [ 364953.125204479903914, 6863460.780295579694211 ], [ 364952.784172927611507, 6863490.63988608494401 ], [ 364873.536064369487576, 6863489.734518022276461 ], [ 364873.194835560279898, 6863519.594113021157682 ], [ 364714.69817330542719, 6863517.781793761998415 ], [ 364715.039802600396797, 6863487.922187542542815 ], [ 364582.959538939525373, 6863486.410288260318339 ], [ 364583.301504967210349, 6863456.550671570003033 ], [ 364530.469521402381361, 6863455.945494756102562 ], [ 364530.811623922316357, 6863426.085873207077384 ], [ 364504.39569640357513, 6863425.783194350078702 ], [ 364504.737868668278679, 6863395.92356981523335 ], [ 364451.906142154417466, 6863395.318031199276447 ], [ 364452.248450915503781, 6863365.458401803858578 ], [ 364425.832651921606157, 6863365.155542043969035 ], [ 364426.1750304303132, 6863335.295909661799669 ], [ 364399.759296528471168, 6863334.992988973855972 ], [ 364400.101744786312338, 6863305.13335360493511 ], [ 364373.68607597699156, 6863304.830371989868581 ], [ 364374.02859398489818, 6863274.970733632333577 ], [ 364347.612990268273279, 6863274.667691089212894 ], [ 364347.95557802770054, 6863244.80804974399507 ], [ 364321.54003940417897, 6863244.504946270026267 ], [ 364321.882696915999986, 6863214.645301938056946 ], [ 364295.467223385290708, 6863214.342137535102665 ], [ 364295.80995065101888, 6863184.482490212656558 ], [ 364269.394542215217371, 6863184.179264877922833 ], [ 364269.737339235725813, 6863154.319614570587873 ], [ 364243.321995893376879, 6863154.016328304074705 ], [ 364243.664862669887953, 6863124.156675006262958 ], [ 364138.003739709500223, 6863122.942931881174445 ], [ 364138.346876510884613, 6863093.083269959315658 ], [ 364111.931658372108359, 6863092.779684660024941 ], [ 364112.274864933977369, 6863062.920019747689366 ], [ 364059.444557181792334, 6863062.31266822386533 ], [ 364059.787900262512267, 6863032.45299844071269 ], [ 364006.957719372410793, 6863031.84540693461895 ], [ 364007.301198974077124, 6863001.9857322787866 ], [ 363954.471144944312982, 6863001.377900782972574 ], [ 363955.158380202774424, 6862941.658540614880621 ], [ 363981.573274532507639, 6862941.962489653378725 ], [ 363981.916829913971014, 6862912.10280978307128 ], [ 364008.331655819376465, 6862912.40670164488256 ], [ 364009.362139725126326, 6862822.827661008574069 ], [ 364035.776763684873004, 6862823.131499454379082 ], [ 364036.807074363227002, 6862733.552454456686974 ], [ 364063.221496372600086, 6862733.856239480897784 ], [ 364063.908251660584938, 6862674.136874351650476 ], [ 364090.322538478823844, 6862674.440604075789452 ], [ 364090.665853866317775, 6862644.5809217216447 ], [ 364117.080072258599102, 6862644.884594266302884 ], [ 364117.423323885712307, 6862615.024912678636611 ], [ 364064.595018970489036, 6862614.417504776269197 ], [ 364064.938407133391593, 6862584.557818320579827 ], [ 364038.524318948097061, 6862584.254023897461593 ], [ 364038.867776883125771, 6862554.394334450364113 ], [ 364012.453753801179118, 6862554.090479085221887 ], [ 364012.797281509381719, 6862524.230786647647619 ], [ 363986.383323531481437, 6862523.926870338618755 ], [ 363987.07052150380332, 6862464.207478367723525 ], [ 363960.656695397919975, 6862463.903499235399067 ], [ 363961.00036566372728, 6862434.043799703009427 ], [ 363934.586604664218612, 6862433.739759625867009 ], [ 363935.617833818600047, 6862344.160648714751005 ], [ 363909.204271464783233, 6862343.856543930247426 ], [ 363909.548087304283399, 6862313.996836189180613 ], [ 363883.134590057015885, 6862313.692670457065105 ], [ 363883.478475677315146, 6862283.832959724590182 ], [ 363857.065043538517784, 6862283.528733044862747 ], [ 363859.128821102611255, 6862104.370434008538723 ], [ 363832.71578794211382, 6862104.066136971116066 ], [ 363833.747917689208407, 6862014.48696680366993 ], [ 363807.335083194309846, 6862014.182605048641562 ], [ 363807.679199242324103, 6861984.322877555154264 ], [ 363834.091966959298588, 6861984.627241191454232 ], [ 363835.468194145476446, 6861865.188327629119158 ], [ 363861.880693081009667, 6861865.492639724165201 ], [ 363862.568691175081767, 6861805.77318003680557 ], [ 363836.156325801799539, 6861805.468864178285003 ], [ 363838.220793022424914, 6861626.310447152704 ], [ 363785.39685868419474, 6861625.701615634374321 ], [ 363785.741080662002787, 6861595.841871807351708 ], [ 363732.917273233120795, 6861595.232800224795938 ], [ 363733.605993369128555, 6861535.51330170687288 ], [ 363760.017764343007002, 6861535.817870803177357 ], [ 363760.362062142696232, 6861505.958121758885682 ], [ 363786.773764664889313, 6861506.262633662670851 ], [ 363787.806475772289559, 6861416.683385513722897 ], [ 363814.217976262792945, 6861416.987843988463283 ], [ 363814.562152532220352, 6861387.128094265237451 ], [ 363815.938887719472405, 6861267.689084256067872 ], [ 363842.350052592228167, 6861267.993493063375354 ], [ 363842.694177124009002, 6861238.133739663287997 ], [ 363869.105273540597409, 6861238.438091273419559 ], [ 363869.449334289587568, 6861208.578338643535972 ], [ 363843.038304666115437, 6861208.273985153064132 ], [ 363843.382435218605679, 6861178.414229528047144 ], [ 363816.971470725024119, 6861178.10981507692486 ], [ 363817.315671082120389, 6861148.250056461431086 ], [ 363790.904771718895063, 6861147.945581047795713 ], [ 363791.249041881819721, 6861118.085819439962506 ], [ 363764.838207647379022, 6861117.781283064745367 ], [ 363765.182547617179807, 6861087.921518460847437 ], [ 363738.77177851437591, 6861087.616921121254563 ], [ 363739.116188292275183, 6861057.757153524085879 ], [ 363712.705484319012612, 6861057.452495222911239 ], [ 363713.049963906290941, 6861027.592724630609155 ], [ 363686.639325064490549, 6861027.28800536505878 ], [ 363686.983874462428503, 6860997.428231777623296 ], [ 363660.573300752614159, 6860997.123451545834541 ], [ 363660.917919962201267, 6860967.263674963265657 ], [ 363634.50741138268495, 6860966.958833767101169 ], [ 363634.852100405201782, 6860937.099054190330207 ], [ 363608.441656958311796, 6860936.794152025133371 ], [ 363608.786415794922505, 6860906.934369452297688 ], [ 363582.37603748019319, 6860906.629406322725117 ], [ 363582.720866132120136, 6860876.769620752893388 ], [ 363556.310552949900739, 6860876.464596655219793 ], [ 363557.000352903327439, 6860816.745018411427736 ], [ 363530.590171655814629, 6860816.439931458793581 ], [ 363530.935142959002405, 6860786.580138784833252 ], [ 363504.525026843999512, 6860786.274990862235427 ], [ 363504.870067966810893, 6860756.415195192210376 ], [ 363505.215112107223831, 6860726.555398408323526 ], [ 363346.755182011402212, 6860724.723247461952269 ], [ 363346.409737053792924, 6860754.583055566065013 ], [ 363240.76948304992402, 6860753.360447453334928 ], [ 363241.11519521928858, 6860723.500631793402135 ], [ 363161.885187579784542, 6860722.583049645647407 ], [ 363162.231103183992673, 6860692.723227205686271 ], [ 362898.131637013691943, 6860689.660760573111475 ], [ 362897.785053370986134, 6860719.520601939409971 ], [ 362765.734923459182028, 6860717.987162375822663 ], [ 362766.081841122184414, 6860688.127311536110938 ], [ 362713.261911028821487, 6860687.513518316671252 ], [ 362713.608965335472021, 6860657.653662570752203 ], [ 362687.199064577289391, 6860657.346675437875092 ], [ 362687.546188724576496, 6860627.486816685646772 ], [ 362661.136353094421793, 6860627.179768566973507 ], [ 362661.483547083684243, 6860597.319906803779304 ], [ 362635.073776580218691, 6860597.012797701172531 ], [ 362636.810126112308353, 6860447.713462756946683 ], [ 362689.628997362509836, 6860448.327640851959586 ], [ 362689.976142761122901, 6860418.467774325050414 ], [ 362716.385509059997275, 6860418.774776634760201 ], [ 362716.732590684376191, 6860388.914910895749927 ], [ 362743.141888495883904, 6860389.221856012009084 ], [ 362743.488906344980933, 6860359.361991059035063 ], [ 362769.898135668889154, 6860359.668878981843591 ], [ 362770.245089741481934, 6860329.809014812111855 ], [ 362796.654250578081701, 6860330.115845539607108 ], [ 362797.348034201597329, 6860270.39611766114831 ], [ 362823.757059736701194, 6860270.702893090434372 ], [ 362825.144396130694076, 6860151.263431585393846 ], [ 362798.735637850419153, 6860150.956648575142026 ], [ 362799.082546346297022, 6860121.096778527833521 ], [ 362772.673853203828912, 6860120.789934530854225 ], [ 362773.020831549016293, 6860090.930061476305127 ], [ 362746.612203546508681, 6860090.62315649073571 ], [ 362747.653357236995362, 6860001.043524975888431 ], [ 362721.244928008876741, 6860000.736555210314691 ], [ 362722.286309467104729, 6859911.156908011995256 ], [ 362695.878079018206336, 6859910.849873458966613 ], [ 362696.225279061298352, 6859880.989986943081021 ], [ 362643.408946771873161, 6859880.37573676276952 ], [ 362643.756283491791692, 6859850.515845339745283 ], [ 362617.348181650973856, 6859850.20862970687449 ], [ 362617.695588229224086, 6859820.348735279403627 ], [ 362591.287551531509962, 6859820.041458651423454 ], [ 362591.635027968906797, 6859790.181561214849353 ], [ 362565.227056414820254, 6859789.874223593622446 ], [ 362565.574602712527849, 6859760.014323147013783 ], [ 362539.166696302127093, 6859759.706924528814852 ], [ 362539.514312461717054, 6859729.847021074965596 ], [ 362486.69862824951997, 6859729.232042751275003 ], [ 362487.394136981980409, 6859669.51222491171211 ], [ 362460.986426004674286, 6859669.204643305391073 ], [ 362461.682080549071543, 6859609.484817227348685 ], [ 362435.274501542386133, 6859609.177172720432281 ], [ 362435.622400201973505, 6859579.317256116308272 ], [ 362409.214886341127567, 6859579.009550610557199 ], [ 362409.910826438805088, 6859519.289710270240903 ], [ 362383.503444551024586, 6859518.981941864825785 ], [ 362384.547577998484485, 6859429.402167323045433 ], [ 362358.140394916699734, 6859429.094334116205573 ], [ 362359.184756238595583, 6859339.514543877914548 ], [ 362332.777771966124419, 6859339.206645864993334 ], [ 362333.474161726888269, 6859279.486776353791356 ], [ 362254.253599810996093, 6859278.562716287560761 ], [ 362254.601999755075667, 6859248.702774160541594 ], [ 362228.195209252880886, 6859248.394634029828012 ], [ 362228.543679075781256, 6859218.534688890911639 ], [ 362149.323497971694451, 6859217.609908161684871 ], [ 362151.415583914204035, 6859038.450179761275649 ], [ 362125.009254525473807, 6859038.141789888031781 ], [ 362125.706774564401712, 6858978.421867731027305 ], [ 362099.300577169109602, 6858978.113414942286909 ], [ 362099.998243079404347, 6858918.393484538421035 ], [ 362126.404306796728633, 6858918.701941131614149 ], [ 362128.14819072309183, 6858769.402105207554996 ], [ 362154.5539185529924, 6858769.710512211546302 ], [ 362155.600084958481602, 6858680.130603040568531 ], [ 362129.1945576586877, 6858679.82219032663852 ], [ 362129.543352733715437, 6858649.962216480635107 ], [ 362155.948813189112116, 6858650.270631097257137 ], [ 362156.646278793283273, 6858590.550683878362179 ], [ 362157.343756588175893, 6858530.830732217058539 ], [ 362183.748947975574993, 6858531.139095334336162 ], [ 362184.446304265817162, 6858471.419143036007881 ], [ 362210.851360276690684, 6858471.727450843900442 ], [ 362211.548595057392959, 6858412.007497908547521 ], [ 362237.953515688073821, 6858412.31575040705502 ], [ 362238.650628954579588, 6858352.595796832814813 ], [ 362265.055414202972315, 6858352.903994020074606 ], [ 362265.752405950799584, 6858293.184039807878435 ], [ 362239.347754404589068, 6858292.875838818028569 ], [ 362239.696321698313113, 6858263.015858142636716 ], [ 362213.291735321981832, 6858262.707596137188375 ], [ 362213.640372514200862, 6858232.847612451761961 ], [ 362187.235851308214478, 6858232.539289425127208 ], [ 362187.933268538792618, 6858172.819314917549491 ], [ 362082.315701722283848, 6858171.585416428744793 ], [ 362083.013665979087818, 6858111.86542225535959 ], [ 361950.992338129319251, 6858110.32169995456934 ], [ 361951.341659110505134, 6858080.461691681295633 ], [ 361924.937455342500471, 6858080.152767959982157 ], [ 361924.588067505392246, 6858110.012778140604496 ], [ 361898.183795196877327, 6858109.703797208145261 ], [ 361897.834343557420652, 6858139.563808184117079 ], [ 361871.430002707988024, 6858139.254770037718117 ], [ 361871.779521203017794, 6858109.394757157191634 ], [ 361845.375245523115154, 6858109.085657987743616 ], [ 361845.72483392781578, 6858079.225642088800669 ], [ 361740.107981767505407, 6858077.988646596670151 ], [ 361739.408273166802246, 6858137.708692544139922 ], [ 361713.003922197385691, 6858137.399299693293869 ], [ 361713.353841824922711, 6858107.539275364018977 ], [ 361686.949556023115292, 6858107.22982148360461 ], [ 361687.649538163212128, 6858047.509765680879354 ], [ 361714.053690252010711, 6858047.819223377853632 ], [ 361714.403619051910937, 6858017.95919572096318 ], [ 361687.999533820373472, 6858017.649736113846302 ], [ 361688.349532535474282, 6857987.789705437608063 ], [ 361582.733442157390527, 6857986.551268177106977 ], [ 361583.083711364713963, 6857956.691228751093149 ], [ 361451.063894674298353, 6857955.141842417418957 ], [ 361451.414501237974036, 6857925.281792324967682 ], [ 361398.606696446193382, 6857924.661620122380555 ], [ 361398.957439792982768, 6857894.80156509578228 ], [ 361372.553601721010637, 6857894.491388399153948 ], [ 361372.904414992779493, 6857864.631330350413918 ], [ 361346.500642088823952, 6857864.321092621423304 ], [ 361352.466073369607329, 6857356.69990345928818 ], [ 361299.660795924603008, 6857356.07918556779623 ], [ 361299.309729937114753, 6857385.939268223941326 ], [ 361193.698887254809961, 6857384.697130562737584 ], [ 361193.347556853783317, 6857414.557219767011702 ], [ 361114.139206451072823, 6857413.625001427717507 ], [ 361114.490737462590914, 6857383.764906475320458 ], [ 361088.08801747742109, 6857383.454046855680645 ], [ 361088.791222454572562, 6857323.733849789947271 ], [ 361062.388634515402373, 6857323.422927211038768 ], [ 361062.740308483014815, 6857293.562825096771121 ], [ 361036.337785721290857, 6857293.251841470599174 ], [ 361037.041276617790572, 6857233.531630079261959 ], [ 361010.638885906606447, 6857233.22058348916471 ], [ 361010.990702837181743, 6857203.360474210232496 ], [ 360931.783721149899065, 6857202.426973909139633 ], [ 360932.13574177690316, 6857172.56685776822269 ], [ 360852.928945443884004, 6857171.632819536142051 ], [ 360853.281169770925771, 6857141.77269652672112 ], [ 360774.074558785592671, 6857140.838120358064771 ], [ 360773.722133833100088, 6857170.698249126784503 ], [ 360720.917584267386701, 6857170.074906536377966 ], [ 360720.565028643701226, 6857199.935038039460778 ], [ 360694.162684437585995, 6857199.623279970139265 ], [ 360693.970211955427658, 6857215.922024418599904 ] ] ] } },
{ "type": "Feature", "properties": { "Layer": "0", "PaperSpace": null, "SubClasses": "AcDbEntity:AcDbPolyline", "Linetype": null, "EntityHand": "2E9", "Text": null }, "geometry": { "type": "MultiLineString", "coordinates": [ [ [ 373766.071127992414404, 6871949.65062247402966 ], [ 373813.012732737988699, 6871850.866486449725926 ], [ 373802.722497266193386, 6871786.300228440202773 ], [ 373772.708237859071232, 6871736.183906119316816 ], [ 373764.466411951405462, 6871680.116174271330237 ], [ 373756.449450294894632, 6871586.342977593652904 ], [ 373743.971236125216819, 6871520.955514433793724 ], [ 373683.614838230889291, 6871465.529503677040339 ], [ 373636.629788607475348, 6871387.96219908632338 ], [ 373604.394562224682886, 6871315.383105247281492 ], [ 373559.645116835716181, 6871257.330346257425845 ], [ 373512.868519532785285, 6871242.22704357560724 ], [ 373440.770978151995223, 6871254.078832894563675 ], [ 373343.489420504076406, 6871295.623695593327284 ], [ 373285.127125749713741, 6871316.408316298387945 ], [ 373244.873933514289092, 6871274.680024639703333 ], [ 373228.14742420008406, 6871231.696121282875538 ], [ 373184.43638509279117, 6871159.292225764133036 ], [ 373149.209844564204104, 6871096.153804820030928 ], [ 373124.507666131306905, 6871052.386302671395242 ], [ 373086.567104693327565, 6871033.009953984059393 ], [ 373000.532236256520264, 6870990.746319233439863 ], [ 372980.547707609774079, 6870940.690778978168964 ], [ 372973.266994757577777, 6870885.973306342028081 ], [ 372985.215351848804858, 6870854.753690673969686 ], [ 372976.451768754806835, 6870833.163035481236875 ], [ 372971.977000838785898, 6870786.642169466242194 ], [ 372952.462866783898789, 6870773.29124144744128 ], [ 372937.92546883149771, 6870721.166438465937972 ], [ 372939.004178373492323, 6870659.867846163921058 ], [ 372917.237205673824064, 6870576.694631480611861 ], [ 372922.288677381700836, 6870520.879290903918445 ], [ 372935.076327369723003, 6870468.991909553296864 ], [ 372922.360122270183638, 6870390.6804233873263 ], [ 372891.237701033474877, 6870294.586296699941158 ], [ 372878.284414419613313, 6870164.347429829649627 ], [ 372860.693600893719122, 6870007.453699764795601 ], [ 372800.602473691222258, 6869863.533827870152891 ], [ 372711.407225474016741, 6869767.569152872078121 ], [ 372661.549682686803862, 6869753.215782104060054 ], [ 372637.792372322292067, 6869741.536160792224109 ], [ 372629.205091937503312, 6869710.074009128846228 ], [ 372616.232538854295854, 6869666.852261596359313 ], [ 372589.658670749107841, 6869621.58945382758975 ], [ 372554.13647856679745, 6869611.323399177752435 ], [ 372510.520124159113038, 6869595.828651210293174 ], [ 372441.489378190308344, 6869603.296774736605585 ], [ 372412.122347017982975, 6869592.531409681774676 ], [ 372402.454391500388738, 6869564.946799892000854 ], [ 372401.479029152484145, 6869506.141270887106657 ], [ 372404.213123553490732, 6869463.542648713104427 ], [ 372409.377538496803027, 6869440.261965216137469 ], [ 372398.41376858681906, 6869420.08756404556334 ], [ 372398.018485933600459, 6869392.126300094649196 ], [ 372406.922227839415427, 6869373.16309162043035 ], [ 372416.846532667579595, 6869340.481680417433381 ], [ 372402.76820161100477, 6869321.736417311243713 ], [ 372379.857904754579067, 6869300.724172829650342 ], [ 372378.548488679574803, 6869266.58101621363312 ], [ 372377.838656086474657, 6869249.619652052409947 ], [ 372360.751240084588062, 6869243.46302371006459 ], [ 372345.723813495016657, 6869219.975928341969848 ], [ 372356.367605300503783, 6869174.226889858953655 ], [ 372365.229440049501136, 6869113.621370472945273 ], [ 372344.404164600477088, 6869083.921927014365792 ], [ 372317.459335121908225, 6869076.041213211603463 ], [ 372282.441210174700245, 6869084.694723209366202 ], [ 372273.819259269686881, 6869073.875504999421537 ], [ 372240.806261738180183, 6868996.618346533738077 ], [ 372225.471283651480917, 6868929.856936007738113 ], [ 372214.500296922808047, 6868905.881495137698948 ], [ 372194.007020559220109, 6868854.566534085199237 ], [ 372186.340950976416934, 6868821.529308132827282 ], [ 372151.624467488902155, 6868790.471786102280021 ], [ 372128.69655895838514, 6868796.673423429951072 ], [ 372111.007676393375732, 6868789.978019990026951 ], [ 372096.000610901799519, 6868766.524004683829844 ], [ 372033.499779509322252, 6868688.305060607381165 ], [ 372092.755013050395064, 6868631.113810931332409 ], [ 372177.204789916519076, 6868550.248368998989463 ], [ 372202.749571195396129, 6868523.242833390831947 ], [ 372252.122677563806064, 6868474.675974927842617 ], [ 372299.861519366619177, 6868427.565066809765995 ], [ 372331.522462445427664, 6868399.007397764362395 ], [ 372373.738798555976246, 6868358.319009483791888 ], [ 372426.374147626571357, 6868308.124497121199965 ], [ 372471.789002162986435, 6868266.328902946785092 ], [ 372548.35131102532614, 6868194.351609247736633 ], [ 372624.136305663385428, 6868120.70336923096329 ], [ 372686.868131545721553, 6868062.516244572587311 ], [ 372762.529550050210673, 6867988.345059091225266 ], [ 372816.241671281517483, 6867936.199202537536621 ], [ 372872.478555807494558, 6867883.592664018273354 ], [ 372939.159258234722074, 6867819.983826639130712 ], [ 373019.493023161892779, 6867742.359702206216753 ], [ 373076.823939351190347, 6867687.237562577240169 ], [ 373120.19656160537852, 6867647.068831508047879 ], [ 373195.32734283618629, 6867574.329922620207071 ], [ 373221.478690330812242, 6867547.960470708087087 ], [ 373250.701259857101832, 6867519.573881066404283 ], [ 373279.528687252779491, 6867493.277276946231723 ], [ 373319.486173201876227, 6867454.135087533853948 ], [ 373409.232179041428026, 6867367.943987755104899 ], [ 373459.953860024106689, 6867318.899347791448236 ], [ 373513.547447396907955, 6867266.261750512756407 ], [ 373570.122927895688917, 6867211.661218179389834 ], [ 373601.363886420382187, 6867182.353510161861777 ], [ 373682.722192305722274, 6867103.472956472076476 ], [ 373754.365183045971207, 6867034.394565191119909 ], [ 373794.30881740647601, 6866996.259106365963817 ], [ 373827.717598501883913, 6866964.015371914021671 ], [ 373867.127046531822998, 6866924.433485507033765 ], [ 373898.533205032115802, 6866896.046522175893188 ], [ 373939.331963768287096, 6866856.711909091100097 ], [ 374011.206068834813777, 6866785.905935078859329 ], [ 374042.483878734696191, 6866754.769207774661481 ], [ 374064.502448984771036, 6866733.096662634983659 ], [ 374122.605178222875111, 6866678.244000540114939 ], [ 374138.779524609388318, 6866663.013628102838993 ], [ 374200.643133558391128, 6866604.82094500027597 ], [ 374228.756051245494746, 6866577.993812675587833 ], [ 374272.589999853516929, 6866537.028263108804822 ], [ 374306.151021075376775, 6866504.053565146401525 ], [ 374332.737964812375139, 6866478.683750241994858 ], [ 374362.583119509799872, 6866451.187703022733331 ], [ 374421.165542748698499, 6866397.070111249573529 ], [ 374438.534191544225905, 6866380.101261641830206 ], [ 374450.566666224913206, 6866366.100853175856173 ], [ 374471.32765514717903, 6866346.375574906356633 ], [ 374491.941203404625412, 6866329.452145230025053 ], [ 374529.539894988178276, 6866299.334200002253056 ], [ 374570.693807161878794, 6866272.356444671750069 ], [ 374602.199366811371874, 6866249.996765433810651 ], [ 374623.839651516813319, 6866237.006604377180338 ], [ 374638.216248301207088, 6866228.460445521399379 ], [ 374699.940322461072356, 6866195.040546872653067 ], [ 374795.746319247002248, 6866155.144063371233642 ], [ 374939.461699110921472, 6866118.7006472395733 ], [ 375106.239955950004514, 6866072.725660926662385 ], [ 375368.84402896638494, 6866005.917640161700547 ], [ 375535.889729590795469, 6865964.00620926078409 ], [ 376372.147694249579217, 6865758.203792102634907 ], [ 376682.146689091983717, 6865685.236044071614742 ], [ 376828.246028396300972, 6865670.978667669929564 ], [ 376923.551853974291589, 6865673.277799943462014 ], [ 377165.140174937900156, 6865712.553741501644254 ], [ 377302.891075819672551, 6865741.252378731966019 ], [ 377526.359999430016614, 6865773.208067649044096 ], [ 377671.433303179626819, 6865756.66920958366245 ], [ 377809.812695299682673, 6865712.291300295852125 ], [ 377949.231329281989019, 6865621.22858318593353 ], [ 378070.595328126975801, 6865503.772505719214678 ], [ 378205.049087199789938, 6865283.111725716851652 ], [ 378420.621169879683293, 6864873.072803921066225 ], [ 378545.11413654719945, 6864641.602297729812562 ], [ 378600.042545742704533, 6864550.983388463035226 ], [ 378657.656056869716849, 6864473.766153952106833 ], [ 378705.64440880069742, 6864411.597225612029433 ], [ 378758.356719745788723, 6864354.285549882799387 ], [ 378881.004164692421909, 6864255.938125170767307 ], [ 379019.744051180605311, 6864165.488425862975419 ], [ 379253.825381926377304, 6864027.189674844034016 ], [ 379440.331030915607698, 6863910.640428256243467 ], [ 379922.775412540126126, 6863606.45509350579232 ], [ 380258.915230547194369, 6863402.667536997236311 ], [ 380450.711058151500765, 6863281.513960812240839 ], [ 380552.579469224787317, 6863225.068507928401232 ], [ 380656.067677175800782, 6863178.965683121234179 ], [ 380742.584037613880355, 6863154.563884254544973 ], [ 380849.521222694602329, 6863133.746874227188528 ], [ 381049.279213291127235, 6863117.431149151176214 ], [ 381132.898410951311234, 6862274.674221254885197 ], [ 380847.64767218590714, 6862295.669428339228034 ], [ 380825.371068140724674, 6862166.156353931874037 ], [ 380769.352323093509767, 6861841.051394392736256 ], [ 380576.343876250728499, 6861860.742793082259595 ], [ 380514.674533795216121, 6861762.842603763565421 ], [ 380432.981961403216701, 6861879.071972477249801 ], [ 380276.778124117176048, 6861846.298430616036057 ], [ 380218.771105989697389, 6861954.921291602775455 ], [ 380032.196327005920466, 6861864.80459313467145 ], [ 379798.762158024124801, 6861937.780800350941718 ], [ 379751.190526094171219, 6861884.408860474824905 ], [ 379816.609770089271478, 6861839.54399817623198 ], [ 379675.333176912216004, 6861757.860151927918196 ], [ 379441.139833658526186, 6861684.246511340141296 ], [ 379225.654871106205974, 6861807.656493340618908 ], [ 379218.763161653128918, 6862076.30348595790565 ], [ 378973.1015797284781, 6862238.74828499276191 ], [ 378974.807199532981031, 6862057.840382133610547 ], [ 378833.291456842503976, 6861868.772009617649019 ], [ 378558.371277627418749, 6861985.399813570082188 ], [ 378569.30302350159036, 6861875.403212066739798 ], [ 378325.625783154275268, 6861829.349443409591913 ], [ 378306.928293356497306, 6861592.051726290024817 ], [ 377971.051751021121163, 6861581.795138020068407 ], [ 377890.108583152003121, 6861378.4362418865785 ], [ 377568.887622324400581, 6861426.127685058861971 ], [ 377418.475615189294331, 6861321.816197695210576 ], [ 377336.215244052989874, 6860652.747692604549229 ], [ 377390.649215721176006, 6860573.187807459384203 ], [ 377455.411985085695051, 6860478.509889558888972 ], [ 377516.700772329873871, 6860388.914940256625414 ], [ 377371.211937478394248, 6860287.511975716799498 ], [ 377512.602948683605064, 6860011.106705358251929 ], [ 377585.881472702021711, 6859867.871915370225906 ], [ 377490.705926528084092, 6859765.92784452624619 ], [ 377408.694145122077316, 6859678.014908930286765 ], [ 377344.593257647822611, 6859609.335298831574619 ], [ 377448.935394840373192, 6859270.726168973371387 ], [ 375445.130761731183156, 6859527.962014651857316 ], [ 375533.115277639823034, 6859633.526545463129878 ], [ 375652.341199372778647, 6859612.69864584133029 ], [ 375702.947645870095585, 6859773.615882571786642 ], [ 375652.351922316476703, 6859845.241719423793256 ], [ 375774.23972791939741, 6860119.302024408243597 ], [ 375996.893638900015503, 6860359.38153244741261 ], [ 375962.065625865419861, 6860922.875126947648823 ], [ 376155.6997735495097, 6861211.523255988955498 ], [ 376023.440066947601736, 6861490.45865311473608 ], [ 376425.270129545184318, 6861370.186493006534874 ], [ 376616.045273804396857, 6861416.326245538890362 ], [ 376652.844126404786948, 6861621.383772705681622 ], [ 376519.661346627981402, 6861897.500076659023762 ], [ 376299.415880145097617, 6862071.370213817805052 ], [ 376281.377367715293076, 6862346.051624589599669 ], [ 376095.484385846299119, 6862509.784412467852235 ], [ 375877.703647055721376, 6863067.12443205434829 ], [ 375627.097198284172919, 6863263.435506860725582 ], [ 375409.596744819078594, 6864147.30020444188267 ], [ 374968.726683975022752, 6864332.994064255617559 ], [ 374848.864651390176732, 6864677.126784663647413 ], [ 374498.932366774010006, 6864785.601820692420006 ], [ 374334.62739940197207, 6865026.561258683912456 ], [ 373993.327254161587916, 6864594.678140266798437 ], [ 373717.853789676504675, 6864560.337302914820611 ], [ 373511.173096991784405, 6864357.454209494404495 ], [ 373100.033910968108103, 6864333.137940881773829 ], [ 372887.420636405819096, 6864497.511856129392982 ], [ 372636.021311199525371, 6864528.549008995294571 ], [ 372416.384844438289292, 6864440.515383333899081 ], [ 372188.263384405290708, 6864504.726648349314928 ], [ 372108.44901005201973, 6864384.267300366424024 ], [ 371953.466393712093122, 6864346.721484459005296 ], [ 371881.796600676723756, 6864172.484036048874259 ], [ 372030.697964021819644, 6864064.206235502846539 ], [ 371982.486157674284186, 6863948.132221096195281 ], [ 372273.296892936399672, 6863796.198769739829004 ], [ 372306.165140294702724, 6863664.745840903371572 ], [ 372238.226204839011189, 6863581.580777226015925 ], [ 372060.407670716405846, 6863682.234612675383687 ], [ 371711.384312670328654, 6863673.355985665693879 ], [ 371802.389820978976786, 6863452.468598451465368 ], [ 371772.468244480201975, 6863163.495706942863762 ], [ 371675.858172723499592, 6863111.497115618549287 ], [ 371629.588850611471571, 6862896.699526871554554 ], [ 371895.419725074782036, 6862707.959787879139185 ], [ 371881.958711143990513, 6862597.846207059919834 ], [ 371742.364953663607594, 6862456.002643718384206 ], [ 371662.426754137210082, 6862099.60104682482779 ], [ 371834.520195570017677, 6861755.054493411444128 ], [ 372423.252125140512362, 6861704.014899989590049 ], [ 372506.322279814688955, 6861609.304873327724636 ], [ 372488.889154306496494, 6861425.516086940653622 ], [ 372196.019797654822469, 6861354.646862030029297 ], [ 372271.371611503709573, 6861192.360670555382967 ], [ 372230.598123462812509, 6861078.273115777410567 ], [ 372523.88768545340281, 6861044.176245375536382 ], [ 372684.040131261514034, 6860870.003967305645347 ], [ 372996.582216814626008, 6861066.432005672715604 ], [ 373120.022712280682754, 6860920.63661943282932 ], [ 373050.79228249611333, 6860809.149706112220883 ], [ 373122.275825098797213, 6860665.255836615338922 ], [ 373370.788948732195422, 6860585.757471254095435 ], [ 373277.090794377611019, 6860464.756896224804223 ], [ 373459.207075936312322, 6860082.887565236538649 ], [ 373152.613615874084644, 6859953.086827497929335 ], [ 373193.673844704579096, 6859850.131322311237454 ], [ 373084.554481132596266, 6859722.236956395208836 ], [ 373068.880228326714132, 6859451.914225036278367 ], [ 372936.219459194689989, 6859389.430975682102144 ], [ 373115.013860451872461, 6858992.671293402090669 ], [ 372327.901413454092108, 6858941.887959662824869 ], [ 372241.224476290226448, 6858755.664298824965954 ], [ 372094.32719007920241, 6858670.63315100595355 ], [ 372123.274052261083852, 6858448.096099198795855 ], [ 372020.749143686727621, 6858243.891384622082114 ], [ 371853.779578184476122, 6858378.409609787166119 ], [ 371656.684514942287933, 6858329.106810014694929 ], [ 371594.518799573997967, 6858459.929532937705517 ], [ 371470.196462185995188, 6858488.229165855795145 ], [ 371468.729350490786601, 6858330.529595169238746 ], [ 371241.20905729662627, 6858422.438026702031493 ], [ 371006.370601563190576, 6858374.895406612195075 ], [ 370807.198757258884143, 6858127.990616820752621 ], [ 370610.245935835817363, 6858096.789098376408219 ], [ 370197.125843844201881, 6858336.557628681883216 ], [ 370266.493268096877728, 6858551.230374279431999 ], [ 370068.20890751958359, 6858533.602017680183053 ], [ 369757.716332166921347, 6858266.525974535383284 ], [ 369635.696978895401116, 6858343.267553921788931 ], [ 369586.3372424353729, 6858269.054676410742104 ], [ 369142.970375795615837, 6858265.609386344440281 ], [ 369089.771696942509152, 6858068.727344235405326 ], [ 368922.66233257582644, 6858031.977589957416058 ], [ 368941.029812110005878, 6858258.282148708589375 ], [ 368769.666439338296186, 6858392.388335787691176 ], [ 368814.665017843595706, 6858489.184149689972401 ], [ 368554.473898504977114, 6858423.026550674811006 ], [ 368333.300816346774809, 6858774.439477716572583 ], [ 368360.879062150896061, 6859012.283741475082934 ], [ 368143.494364264188334, 6859074.859897907823324 ], [ 368065.478263660217635, 6859255.675761773250997 ], [ 367899.670881602913141, 6859235.249452472664416 ], [ 367884.642290340212639, 6859039.619618391618133 ], [ 367694.566107632301282, 6859001.587569382973015 ], [ 367597.709257785521913, 6859252.233981258235872 ], [ 367331.39385915058665, 6859143.119057284668088 ], [ 367235.189888797991443, 6859323.592683359980583 ], [ 367061.29530216997955, 6859250.27252717781812 ], [ 366984.321036212088075, 6859429.221087407320738 ], [ 367019.039422120316885, 6859545.167531060054898 ], [ 366764.997565934085287, 6859674.314610634930432 ], [ 366721.492209251620807, 6859895.094319347292185 ], [ 366638.94640781742055, 6859948.726508488878608 ], [ 366578.25770794111304, 6859988.210559393279254 ], [ 366371.693094657792244, 6859905.28072059713304 ], [ 366166.841220896225423, 6859994.868964143097401 ], [ 366011.466022363805678, 6859900.711166658438742 ], [ 365875.647359611175489, 6860041.009929992258549 ], [ 365669.19165410217829, 6859978.081704626791179 ], [ 365646.723598404671066, 6860201.679666864685714 ], [ 365483.541303643316496, 6860284.50551394559443 ], [ 365443.676077753887512, 6860250.619045067578554 ], [ 364852.70175234368071, 6859748.39056340046227 ], [ 364642.573615656525362, 6859864.74260152131319 ], [ 364419.876500708283857, 6859783.111045128665864 ], [ 364573.260462608013768, 6859527.672660215757787 ], [ 364348.345324022171553, 6859534.775799389928579 ], [ 364309.099540065391921, 6859456.012686442583799 ], [ 364417.788903406180907, 6859348.730313617736101 ], [ 364324.303273177472875, 6859283.417537298053503 ], [ 364297.552187704888638, 6859096.488397014327347 ], [ 364168.267486304102931, 6859006.782489605247974 ], [ 364027.229779864894226, 6859063.856946112588048 ], [ 364215.24834343791008, 6858678.704129398800433 ], [ 364000.727852944110055, 6858670.36112492159009 ], [ 363792.723836246877909, 6858781.768752886913717 ], [ 363593.622680617670994, 6859085.76015470456332 ], [ 363605.828446401690599, 6859214.246227765455842 ], [ 363457.058269552013371, 6859236.129905141890049 ], [ 363366.344575046678074, 6859119.789115391671658 ], [ 363287.670956949295942, 6859230.712133202701807 ], [ 363134.946371926518623, 6859038.241925297304988 ], [ 362830.136667968588881, 6859008.562787412665784 ], [ 362702.531218741205521, 6858767.021408277563751 ], [ 362432.862537320528645, 6858648.024594461545348 ], [ 362602.762069462507498, 6858452.188112085685134 ], [ 362521.847051031712908, 6857938.44989974796772 ], [ 362369.639050131489057, 6857905.868974423035979 ], [ 361451.667775973328389, 6857951.198658102191985 ], [ 361358.035632798681036, 6857855.573270635679364 ], [ 361359.432227627024986, 6857353.983087785542011 ], [ 361126.468176153488457, 6857423.572392831556499 ], [ 361014.959620116220322, 6857222.425182239152491 ], [ 360786.042363630782347, 6857133.433563727885485 ], [ 360497.96766357391607, 6857391.522878891788423 ], [ 360331.605693349207286, 6857204.702159273438156 ], [ 360054.466437487571966, 6857272.583825922571123 ], [ 359857.59646976122167, 6857458.955838652327657 ], [ 359883.893522335623857, 6857700.083042875863612 ], [ 359793.076228745805565, 6857792.599636239930987 ], [ 359855.406851384672336, 6857932.037751950323582 ], [ 359740.578281772672199, 6857936.480159889906645 ], [ 359715.858547218726017, 6858069.74210150167346 ], [ 359607.413099847792182, 6858067.144759527407587 ], [ 359485.238425846211612, 6857928.821227540262043 ], [ 359152.627919438877143, 6858055.419813771732152 ], [ 359137.460578975791577, 6858042.140249123796821 ], [ 358797.123781644913834, 6857744.308488800190389 ], [ 358977.966689350607339, 6857659.513450887054205 ], [ 359002.850066476094071, 6857547.653249034658074 ], [ 359206.584226860606577, 6857543.62567747104913 ], [ 359004.794484782672953, 6857301.330879203975201 ], [ 358951.993731853493955, 6857019.956406190060079 ], [ 358821.455145194078796, 6856984.407222938723862 ], [ 358727.526802148087882, 6857185.844904193654656 ], [ 358579.597409147128928, 6857177.855569086968899 ], [ 358482.103566332021728, 6857478.385687782429159 ], [ 358276.087419598712586, 6857581.842715761624277 ], [ 358403.829350010200869, 6857845.990602854639292 ], [ 358426.069049563782755, 6858302.091806786134839 ], [ 357968.067035508574918, 6858544.552923984825611 ], [ 357270.860712762107141, 6859572.461696390993893 ], [ 356798.222312805301044, 6859851.960852251388133 ], [ 356091.234814085997641, 6858943.269743030890822 ], [ 355701.661192250612658, 6859353.1178372008726 ], [ 355540.914721217995975, 6859108.848060514777899 ], [ 355464.823099834786262, 6858722.490677288733423 ], [ 355184.10630403959658, 6858769.494460253044963 ], [ 355107.006242518196814, 6858391.421775027178228 ], [ 354721.248277412785683, 6858343.216382673941553 ], [ 354461.927335670683533, 6857928.694722129032016 ], [ 354087.688123788277153, 6858047.86903296969831 ], [ 353892.291945736971684, 6857789.525379158556461 ], [ 353463.751313437125646, 6857555.269072529859841 ], [ 353490.907005105225835, 6857388.568057175725698 ], [ 353280.201955716824159, 6857282.920479943975806 ], [ 353327.490523960383143, 6857147.410908005200326 ], [ 353272.923000725917518, 6857117.354012774303555 ], [ 353051.639421985775698, 6856757.881584915332496 ], [ 352691.756216957699507, 6856638.416576138697565 ], [ 352735.521529937512241, 6856515.520667053759098 ], [ 352548.307843123795465, 6856274.07588976342231 ], [ 352405.791070505219977, 6856205.53490580804646 ], [ 352120.767377421900164, 6856425.112036056816578 ], [ 352048.530374892987311, 6856951.965945593081415 ], [ 352149.153745268122293, 6857578.120829331688583 ], [ 352076.149970859289169, 6857685.997980069369078 ], [ 352184.8919945001835, 6857725.106134912930429 ], [ 352026.402249164588284, 6857968.63067545555532 ], [ 352223.812618329015095, 6858142.332660938613117 ], [ 352099.30549042619532, 6858362.313374542631209 ], [ 352236.845557204273064, 6858538.422599587589502 ], [ 352009.602565393608529, 6858795.747807585634291 ], [ 352111.384122286515776, 6858901.571064976043999 ], [ 352006.489260557107627, 6858980.756129655987024 ], [ 352062.835290002520196, 6859079.748675528913736 ], [ 351991.82649021060206, 6859095.780825399793684 ], [ 352088.913322230917402, 6859217.481151721440256 ], [ 352075.884896980773192, 6859491.541914906352758 ], [ 352225.092324983619619, 6859737.335897514596581 ], [ 352165.907708194921724, 6859917.142755298875272 ], [ 352259.405120353214443, 6860143.155098672956228 ], [ 352157.620900142879691, 6860322.307033816352487 ], [ 352231.01533294050023, 6860600.308070745319128 ], [ 351936.198070031707175, 6860835.953732977621257 ], [ 351985.804652980528772, 6861001.065188680775464 ], [ 351821.313212922774255, 6861461.742304686456919 ], [ 351842.736945337615907, 6861677.854576282203197 ], [ 351444.199503125215415, 6862259.187950164079666 ], [ 351553.701611704484094, 6862541.5916269402951 ], [ 351702.831069895299152, 6862766.488063786178827 ], [ 351502.867660612100735, 6863073.386534007266164 ], [ 351337.105598521127831, 6863114.755803897045553 ], [ 350983.234617478679866, 6863026.365889720618725 ], [ 350791.474170264613349, 6863131.985800340771675 ], [ 350498.815363334491849, 6863932.654691408388317 ], [ 349983.824161047814414, 6864310.624611161649227 ], [ 349300.735760375799146, 6864497.927782403305173 ], [ 348045.935715208412148, 6864681.619917908683419 ], [ 347786.668826763925608, 6865358.142662129364908 ], [ 347401.663555158127565, 6865942.842819090932608 ], [ 347359.053571992379148, 6866188.57182885799557 ], [ 347265.682411546818912, 6866279.249466598033905 ], [ 347181.523652454023249, 6866361.157488128170371 ], [ 347048.853406420093961, 6866230.259339410811663 ], [ 346815.664561734884046, 6866417.25876691378653 ], [ 346635.921572286984883, 6866296.496268128044903 ], [ 346614.085408747079782, 6866281.861917554400861 ], [ 346420.24584425491048, 6866269.840064161457121 ], [ 346272.376884669472929, 6865925.0816839216277 ], [ 345959.609159558778629, 6865804.718347554095089 ], [ 345865.138129230414052, 6865569.575776997953653 ], [ 345439.96590553392889, 6865564.917016930878162 ], [ 345199.901148161618039, 6865460.753251853398979 ], [ 345041.25309978792211, 6865566.00870784278959 ], [ 344832.724131915718317, 6865529.419959287159145 ], [ 344580.328046073613223, 6865181.160051270388067 ], [ 344446.98601671459619, 6865125.348315494135022 ], [ 344379.038126487575937, 6864889.265833930112422 ], [ 344067.005198957514949, 6864698.619431909173727 ], [ 343896.576052206975874, 6864698.588279613293707 ], [ 343568.375844130874611, 6865041.917988253757358 ], [ 343333.873551012191456, 6864894.98814744874835 ], [ 343174.489006532996427, 6864985.425557176582515 ], [ 343086.523966534412466, 6864903.147242054343224 ], [ 343113.130379851791076, 6865092.199938608333468 ], [ 343300.128653074323665, 6865391.342075735330582 ], [ 343466.938857951608952, 6866451.061514317058027 ], [ 343725.711771463917103, 6866780.489326380193233 ], [ 343984.896763696509879, 6867350.712306560017169 ], [ 344059.601961067994125, 6867445.308477815240622 ], [ 344019.044146384403575, 6867620.506401884369552 ], [ 343964.069973773206584, 6867729.25322462245822 ], [ 343852.822099914017599, 6867851.665092453360558 ], [ 343784.460874995274935, 6868009.218512528575957 ], [ 343750.974140017409809, 6868095.573470521718264 ], [ 343664.037575469585136, 6868150.22584312222898 ], [ 343502.425089421099983, 6868176.185510162264109 ], [ 343423.763740623719059, 6868195.315867881290615 ], [ 343343.972652475174982, 6868229.39192068669945 ], [ 343201.534221583919134, 6868322.006483668461442 ], [ 342960.920893917791545, 6868393.00454436801374 ], [ 342870.887296218483243, 6868431.474467908963561 ], [ 342666.659477876906749, 6868518.741680767387152 ], [ 342557.632115533575416, 6868568.427332311868668 ], [ 342493.024837154487614, 6868633.109722186811268 ], [ 342421.448686223127879, 6868743.070340315811336 ], [ 342341.75844390882412, 6868863.406552263535559 ], [ 342255.64009038801305, 6868939.648616231046617 ], [ 342156.864114680909552, 6868984.424868373200297 ], [ 342065.416532851580996, 6869006.257735177874565 ], [ 341983.867006725806277, 6869003.009472851641476 ], [ 341880.562630077300128, 6868956.98046235460788 ], [ 341840.990887439285871, 6868960.774481688626111 ], [ 341649.975426838325802, 6868455.203684263862669 ], [ 341319.661051031493116, 6868094.505809335038066 ], [ 341079.893033914908301, 6868199.755479102022946 ], [ 340685.397822650207672, 6868216.056302662938833 ], [ 340372.167437902186066, 6868387.973656386137009 ], [ 340257.640685919672251, 6868665.830709437839687 ], [ 340091.804415167483967, 6868742.512149348855019 ], [ 339962.309295964776538, 6868958.601501612924039 ], [ 339751.628181437321473, 6868399.965770768001676 ], [ 339504.22359724692069, 6868373.631467656232417 ], [ 339453.147766603913624, 6868666.161245292983949 ], [ 339021.601008920988534, 6869139.548832788132131 ], [ 338895.480938394379336, 6869570.320665038190782 ], [ 338737.018817639676854, 6869728.486017920076847 ], [ 338353.851983925094828, 6869800.27957202680409 ], [ 338442.76547578710597, 6870118.796978711150587 ], [ 338412.757085243007168, 6870364.853305228054523 ], [ 338028.839228909171652, 6870817.436245275661349 ], [ 337430.406927520525642, 6870849.188633721321821 ], [ 337088.667652889795136, 6871420.019728866405785 ], [ 337002.234118585474789, 6871448.877219188027084 ], [ 336877.404202291276306, 6871472.983611732721329 ], [ 336685.199807794997469, 6871648.71390164270997 ], [ 336516.034490187012125, 6871641.71775808930397 ], [ 336361.986726888688281, 6871521.097669612616301 ], [ 335860.034726153186057, 6871728.046926173381507 ], [ 335620.160418670391664, 6871906.104826590977609 ], [ 335498.890828490490094, 6871883.699121979996562 ], [ 336099.863020929216873, 6872713.321281763724983 ], [ 336618.166899559902959, 6872290.573274766094983 ], [ 336821.655290987808257, 6872296.820409866981208 ], [ 336961.520806058193557, 6872642.293386814184487 ], [ 337079.148307876079343, 6872694.811433576047421 ], [ 337416.159830646822229, 6872737.768425803631544 ], [ 337698.976386529917363, 6872376.978859351947904 ], [ 337775.586311934399419, 6872377.272960886359215 ], [ 337813.920302850019652, 6872549.732052635401487 ], [ 338055.080904544098303, 6872630.105119091458619 ], [ 338255.65208791801706, 6872213.676690170541406 ], [ 338313.012566460005473, 6872349.100412813015282 ], [ 338490.833122560521588, 6872374.008816827088594 ], [ 338506.737507281417493, 6872543.510992240160704 ], [ 338347.864456266222987, 6872815.174973493441939 ], [ 338436.75928506127093, 6873110.482662289403379 ], [ 339075.934051489515696, 6873367.425542799755931 ], [ 339505.210010736715049, 6873888.672014540061355 ], [ 339638.46364363777684, 6873827.081169097684324 ], [ 340251.795819512510207, 6873968.483491327613592 ], [ 340261.147461106418632, 6874511.215023177675903 ], [ 340331.737470091320574, 6874706.161782400682569 ], [ 340279.852329263987485, 6874854.178728183731437 ], [ 340394.854459135909565, 6875149.928991031832993 ], [ 341287.684648978291079, 6875777.937866765074432 ], [ 341462.225852554780431, 6875608.47032883670181 ], [ 341521.632003327016719, 6875402.644298579543829 ], [ 341620.322797138302121, 6875408.083234222605824 ], [ 341668.501305127283558, 6875538.477201581932604 ], [ 341531.059402726998087, 6875970.971356630325317 ], [ 341625.408904971089214, 6876127.204358330927789 ], [ 341781.942836534406524, 6876098.979782868176699 ], [ 341878.594320368603803, 6875907.778172405436635 ], [ 342215.445726295700297, 6875848.323039768263698 ], [ 342275.036938636796549, 6875941.806435412727296 ], [ 342189.574984674574807, 6876205.881371717900038 ], [ 342317.557956373027992, 6876506.646362563595176 ], [ 342592.654334886698052, 6876488.760749606415629 ], [ 342652.404441784485243, 6876366.140249421820045 ], [ 342776.863650432787836, 6876598.918711226433516 ], [ 342736.006269663688727, 6876714.309309638105333 ], [ 342557.498647876083851, 6876761.184138294309378 ], [ 342479.241424093197566, 6876883.946871210820973 ], [ 342496.201251869322732, 6877087.763470630161464 ], [ 342652.401888472028077, 6877379.82097667362541 ], [ 342412.54044281487586, 6877771.980119857937098 ], [ 342434.725674693123437, 6878031.221532193012536 ], [ 342272.884164952207357, 6878383.108746136538684 ], [ 342232.008537673100363, 6878971.287731816992164 ], [ 341936.372423291497398, 6879398.661162275820971 ], [ 341811.840505641303025, 6879750.374098262749612 ], [ 341256.135074746678583, 6879131.729993445798755 ], [ 339249.671225561178289, 6880522.673966127447784 ], [ 339578.604762360628229, 6880928.304285574704409 ], [ 339390.966039351187646, 6881716.865076795220375 ], [ 339853.843565229617525, 6882453.612374343909323 ], [ 339883.244095531001221, 6882685.317425467073917 ], [ 339888.407023711421061, 6882713.280970565974712 ], [ 339888.912292559514754, 6882739.253583878278732 ], [ 339885.126985187118407, 6882766.609220594167709 ], [ 339872.432216358720325, 6882791.927851094864309 ], [ 339847.123284171102569, 6882835.828125578351319 ], [ 339818.987720361794345, 6882868.63021120429039 ], [ 339836.151768794923555, 6882891.468894463032484 ], [ 339854.02219777519349, 6882909.252435741946101 ], [ 339864.291642654221505, 6882921.90240596793592 ], [ 339868.217623527219985, 6882930.843183410353959 ], [ 339866.154258311609738, 6882941.875576115213335 ], [ 339858.104669836699031, 6882954.035464270040393 ], [ 339845.1879641347914, 6882964.434321409091353 ], [ 339817.955283635121305, 6882976.812800814397633 ], [ 339791.309207920508925, 6882993.765017331577837 ], [ 339781.354471350612585, 6883005.178887913934886 ], [ 339778.58168856089469, 6883021.487984919920564 ], [ 339787.345840637513902, 6883035.07085008174181 ], [ 339801.303414066671394, 6883042.949671939015388 ], [ 339840.07573816308286, 6883042.994473758153617 ], [ 339859.668310859473422, 6883043.73441009875387 ], [ 339878.728748655004892, 6883052.645893328823149 ], [ 339896.415780939685646, 6883068.753457663580775 ], [ 339909.740994182473514, 6883091.540409307926893 ], [ 339925.383703596016858, 6883132.622094522230327 ], [ 339942.02282324898988, 6883163.14463572204113 ], [ 339943.217786823573988, 6883200.663148865103722 ], [ 339935.91224996780511, 6883237.114377057179809 ], [ 339936.885066043178085, 6883259.735310954973102 ], [ 339942.609877885784954, 6883278.075830863788724 ], [ 339955.178058085904922, 6883293.637968103401363 ], [ 339981.856231189216487, 6883306.497138285078108 ], [ 339995.762464710976928, 6883318.231647172942758 ], [ 340042.735765394871123, 6883374.639519771561027 ], [ 340111.05947604571702, 6883427.488166078925133 ], [ 340178.681104782677721, 6883469.754478328861296 ], [ 340221.939001161488704, 6883549.196066742762923 ], [ 340229.875621568528004, 6883593.066357274539769 ], [ 340249.804317558417097, 6883631.80010080896318 ], [ 340285.432562578120269, 6883660.648309662938118 ], [ 340329.529346183291636, 6883677.596716919913888 ], [ 340365.67972019262379, 6883682.890786438249052 ], [ 340400.221557493205182, 6883681.425189221277833 ], [ 340420.598270140704699, 6883671.358362911269069 ], [ 340442.341560347704217, 6883654.582876868546009 ], [ 340457.086615393694956, 6883651.411313709802926 ], [ 340471.325750191288535, 6883654.483348245732486 ], [ 340495.409991504682694, 6883669.722482490353286 ], [ 340526.177610535407439, 6883695.612395394593477 ], [ 340556.513149272592273, 6883721.507520561106503 ], [ 340578.248102901328821, 6883753.061343335546553 ], [ 340617.806478812592104, 6883854.571896741166711 ], [ 340662.409737530397251, 6883922.60379524063319 ], [ 340711.496145271812566, 6883971.23501709010452 ], [ 340750.870378903287929, 6884022.728429501876235 ], [ 340817.54053963010665, 6884072.669095524586737 ], [ 340852.987373670272063, 6884099.119247118011117 ], [ 340867.224728490808047, 6884117.816676622256637 ], [ 340883.009208687115461, 6884132.456485781818628 ], [ 340903.893004678713623, 6884132.247681177221239 ], [ 340921.481580425112043, 6884124.314878048375249 ], [ 340928.673151992901694, 6884112.386665932834148 ], [ 340935.509535413293634, 6884094.690956392325461 ], [ 340949.419032872712705, 6884074.673722257837653 ], [ 340967.623251312295906, 6884067.702144513837993 ], [ 340985.328162032703403, 6884066.497711771167815 ], [ 341004.864577518077567, 6884071.568057052791119 ], [ 341016.667486958380323, 6884081.344882379285991 ], [ 341020.504884865775239, 6884097.021994771435857 ], [ 341018.962079225224443, 6884116.960477904416621 ], [ 341013.116763734200504, 6884155.348857482895255 ], [ 341015.424235627404414, 6884190.00046925060451 ], [ 341021.67394661688013, 6884217.013612019829452 ], [ 341043.336171206086874, 6884237.981958088465035 ], [ 341066.387449382978957, 6884251.277731505222619 ], [ 341095.673375211423263, 6884260.323443171568215 ], [ 341116.419770284206606, 6884271.172461609356105 ], [ 341124.67102055659052, 6884290.997699206694961 ], [ 341124.382553614908829, 6884312.637397364713252 ], [ 341118.581229602277745, 6884332.275302087888122 ], [ 341105.123197593027726, 6884350.846977422945201 ], [ 341075.14542850968428, 6884361.994939246214926 ], [ 341028.15834497200558, 6884370.023511622101068 ], [ 340999.879485363489948, 6884381.182869219221175 ], [ 340984.412038816080894, 6884390.595873973332345 ], [ 340976.549984032404609, 6884404.920015620067716 ], [ 340979.700957863009535, 6884424.200772945769131 ], [ 340988.838549412612338, 6884441.633093626238406 ], [ 341011.209659080021083, 6884465.447972814552486 ], [ 341074.243261812778655, 6884493.739237857982516 ], [ 341126.448212528484873, 6884541.567805853672326 ], [ 341181.242529933981132, 6884587.491234563291073 ], [ 341233.778399571601767, 6884611.275327891111374 ], [ 341274.616186468396336, 6884616.628876814618707 ], [ 341300.889079865126405, 6884628.526345749385655 ], [ 341315.950162829714827, 6884649.638947959989309 ], [ 341329.500882159685716, 6884720.024986262433231 ], [ 341348.705657637910917, 6884750.102766847237945 ], [ 341370.6048252665787, 6884769.621798578649759 ], [ 341391.035255209601019, 6884771.821957740932703 ], [ 341413.276906361978035, 6884766.344062519259751 ], [ 341460.393095654726494, 6884748.696286920458078 ], [ 341485.29324158327654, 6884734.5984395602718 ], [ 341497.480722830281593, 6884715.532926732674241 ], [ 341514.262734774092678, 6884671.516020731069148 ], [ 341522.95949803100666, 6884658.643338807858527 ], [ 341534.145465382025577, 6884650.624490433372557 ], [ 341547.166952780622523, 6884649.345830542966723 ], [ 341559.705086060101166, 6884651.917328334413469 ], [ 341599.57073255587602, 6884666.876151005737484 ], [ 341663.456266296794638, 6884669.653237405233085 ], [ 341741.183847284992225, 6884658.17370779812336 ], [ 341821.018353334628046, 6884615.95756474789232 ], [ 341866.726202296093106, 6884605.160501052625477 ], [ 341913.182193497312255, 6884607.560954252257943 ], [ 341957.579842808190733, 6884611.119724353775382 ], [ 341999.491986487293616, 6884623.61084077693522 ], [ 342039.5062816652935, 6884659.249424713663757 ], [ 342072.565408255090006, 6884705.368077888153493 ], [ 342109.537547661573626, 6884745.288123976439238 ], [ 342155.27310607599793, 6884768.013782076537609 ], [ 342199.478136004123371, 6884777.265279264189303 ], [ 342222.801680732227396, 6884785.741545209661126 ], [ 342242.615637470793445, 6884801.87340047955513 ], [ 342260.622496410971507, 6884826.159920701757073 ], [ 342269.222532981017139, 6884853.20329827722162 ], [ 342270.386909714376088, 6884909.95921621657908 ], [ 342253.622055007028393, 6885017.455694803968072 ], [ 342257.108216816617642, 6885076.159534270875156 ], [ 342261.099920404492877, 6885096.658877239562571 ], [ 342270.243137928482611, 6885113.846325644291937 ], [ 342286.697568069328554, 6885126.331925355829298 ], [ 342303.219305415579583, 6885134.474197270348668 ], [ 342321.449435104324948, 6885141.929783997125924 ], [ 342338.888772903825156, 6885144.565242260694504 ], [ 342356.83934262272669, 6885140.480586295947433 ], [ 342374.837954700517002, 6885133.504105522297323 ], [ 342393.643044128722977, 6885129.419611698947847 ], [ 342412.384408372920007, 6885130.154968631453812 ], [ 342439.529519745497964, 6885140.133028157986701 ], [ 342464.886809989402536, 6885156.814243887551129 ], [ 342532.775265658274293, 6885198.803583930246532 ], [ 342559.674498919281177, 6885208.079933563247323 ], [ 342585.209842564014252, 6885211.298462913371623 ], [ 342611.704024527571164, 6885205.874468860216439 ], [ 342634.716153690184001, 6885194.120903024449944 ], [ 342747.250838407024276, 6885108.611264502629638 ], [ 342813.776966776873451, 6885072.93982118088752 ], [ 342861.885805226920638, 6885044.716258162632585 ], [ 342908.937212547578383, 6885031.871607831679285 ], [ 342940.646202792180702, 6885035.414549729786813 ], [ 342993.339063020597678, 6885047.656170576810837 ], [ 343042.487949382571969, 6885069.45906175673008 ], [ 343063.093956512224395, 6885074.783768364228308 ], [ 343083.35026999010006, 6885073.842458426021039 ], [ 343126.215294001973234, 6885055.168091570027173 ], [ 343137.523193970613647, 6885054.241922969929874 ], [ 343147.513441379589494, 6885056.412471940740943 ], [ 343152.309574014274403, 6885064.410342942923307 ], [ 343154.942994442593772, 6885074.784569641575217 ], [ 343157.878448819217738, 6885094.305484105832875 ], [ 343157.857336782617494, 6885112.335748598910868 ], [ 343142.704208455688786, 6885162.138727289624512 ], [ 343139.056012461311184, 6885180.365075740031898 ], [ 343143.109468138718512, 6885196.287943015806377 ], [ 343161.264202100574039, 6885209.51497992221266 ], [ 343182.909134918707423, 6885216.526521746069193 ], [ 343234.780199160624761, 6885226.351392568089068 ], [ 343307.864263024821412, 6885243.181663025170565 ], [ 343347.992924324178603, 6885238.411764822900295 ], [ 343367.620427767978981, 6885236.752443253993988 ], [ 343382.897346862475388, 6885241.762752586044371 ], [ 343388.322607267124113, 6885250.489111537113786 ], [ 343389.85459043039009, 6885263.973942804150283 ], [ 343388.230611147475429, 6885290.394414165988564 ], [ 343382.344227863708511, 6885316.769976477138698 ], [ 343366.268709119583946, 6885339.642736126668751 ], [ 343337.857505034888163, 6885360.901647621765733 ], [ 343303.566882381273899, 6885375.84402559325099 ], [ 343271.163725367398001, 6885408.597839943133295 ], [ 343242.25398602912901, 6885435.623746451921761 ], [ 343225.635549860075116, 6885467.631907898001373 ], [ 343223.353245671780314, 6885487.316900596022606 ], [ 343229.413825310824905, 6885496.28440601285547 ], [ 343239.491806643083692, 6885500.029661018401384 ], [ 343257.382648926693946, 6885500.497583827003837 ], [ 343290.966065451619215, 6885491.56358344014734 ], [ 343321.353682679007761, 6885481.39063508156687 ], [ 343350.767586087924428, 6885481.777107393369079 ], [ 343368.528853525989689, 6885492.106197286397219 ], [ 343381.094733026227914, 6885509.104910055175424 ], [ 343391.485388867091388, 6885529.432901406660676 ], [ 343395.854237423685845, 6885553.538350145332515 ], [ 343399.030576847610064, 6885636.285466151311994 ], [ 343406.911300888576079, 6885685.43814407940954 ], [ 343419.196144968678709, 6885723.112221256829798 ], [ 343438.559370232687797, 6885741.640769437886775 ], [ 343461.441531929478515, 6885752.513450264930725 ], [ 343505.578205976227764, 6885766.557451923377812 ], [ 343528.425351776299067, 6885779.357814420945942 ], [ 343545.197365412022918, 6885800.744586424902081 ], [ 343570.973248031921685, 6885850.131869355216622 ], [ 343595.91763588169124, 6885866.317457127384841 ], [ 343624.34831521770684, 6885875.8329874323681 ], [ 343679.662196331075393, 6885883.284986110404134 ], [ 343756.767504617222585, 6885918.926812160760164 ], [ 343913.870276165078394, 6885965.223526852205396 ], [ 344002.759017243108246, 6886012.543204071931541 ], [ 344081.135025468887761, 6886081.855519271455705 ], [ 344151.941903279977851, 6886208.772368519566953 ], [ 344223.117370539926924, 6886306.835968278348446 ], [ 344256.489956468110904, 6886363.04749459400773 ], [ 344270.451448787818663, 6886435.839041111990809 ], [ 344270.111406382115092, 6886494.990301892161369 ], [ 344280.115407129516825, 6886545.122872404754162 ], [ 344297.515012902498711, 6886583.339082094840705 ], [ 344323.57188423560001, 6886611.572549691423774 ], [ 344363.051418172719423, 6886689.983023139648139 ], [ 344373.91101375821745, 6886706.95824331510812 ], [ 344390.372970062191598, 6886719.19695098977536 ], [ 344426.765325238520745, 6886739.86299513746053 ], [ 344450.998634466493968, 6886744.512063458561897 ], [ 344464.509785829810426, 6886754.783918847329915 ], [ 344469.385228232480586, 6886772.645147463306785 ], [ 344474.019882588007022, 6886809.730470335111022 ], [ 344479.709730871312786, 6886831.436673766002059 ], [ 344483.446306481491774, 6886838.699754144996405 ], [ 344488.923272193118464, 6886843.580730861052871 ], [ 344500.221698142413516, 6886843.495287233963609 ], [ 344512.412336705485359, 6886840.529065571725368 ], [ 344555.621886719309259, 6886828.104095393791795 ], [ 344571.634152326383628, 6886826.628267807886004 ], [ 344587.135422155086417, 6886830.442945636808872 ], [ 344619.109024362114724, 6886846.485022123903036 ], [ 344667.323194144119043, 6886859.369563406333327 ], [ 344714.398356451420113, 6886878.256585537455976 ], [ 344738.344199676474091, 6886905.020907231606543 ], [ 344754.518993037112523, 6886939.37493381369859 ], [ 344781.698910155624617, 6887012.814130772836506 ], [ 344822.259602482372429, 6887106.629693133756518 ], [ 344859.752895787823945, 6887173.476035504601896 ], [ 344897.384039709111676, 6887229.751840044744313 ], [ 344939.591098058619536, 6887262.028059734031558 ], [ 344966.844017181778327, 6887297.489812342450023 ], [ 344994.998114841582719, 6887328.630158489570022 ], [ 345017.383682852319907, 6887344.79028965625912 ], [ 345040.216715543298051, 6887359.027928388677537 ], [ 345054.993474380404223, 6887370.279601844958961 ], [ 345065.748528086871374, 6887395.431197075173259 ], [ 345067.095526934717782, 6887423.341928523033857 ], [ 345066.351284765987657, 6887447.368990461342037 ], [ 345060.499159503378905, 6887471.340810137800872 ], [ 345064.834931400313508, 6887498.326218229718506 ], [ 345084.323823910322972, 6887540.890085317194462 ], [ 345100.477128025202546, 6887610.350794672966003 ], [ 345114.901308178319596, 6887648.03928461484611 ], [ 345120.732356177875772, 6887724.092693022452295 ], [ 345123.52507205522852, 6887739.034135456196964 ], [ 345133.197228502423968, 6887749.255297093652189 ], [ 345179.93167896050727, 6887761.409061420708895 ], [ 345203.210427566373255, 6887774.687977346591651 ], [ 345222.126243174192496, 6887795.6121975639835 ], [ 345267.726478792610578, 6887895.264826673083007 ], [ 345278.056632671796251, 6887919.923045353963971 ], [ 345283.907459413108882, 6887929.374199990183115 ], [ 345291.072624076914508, 6887935.961090162396431 ], [ 345306.844634496897925, 6887935.689012358896434 ], [ 345327.834200292825699, 6887927.782602454535663 ], [ 345396.682661915314384, 6887878.662011004053056 ], [ 345415.521692751673982, 6887872.179326808080077 ], [ 345434.649836467404384, 6887876.749025052413344 ], [ 345477.003679425572045, 6887897.976336110383272 ], [ 345516.604633674200159, 6887934.549540513195097 ], [ 345584.1763048308203, 6888016.69868934713304 ], [ 345637.319066428928636, 6888060.660958211869001 ], [ 345665.927602611423936, 6888090.364714303985238 ], [ 345683.216307875525672, 6888105.016889967024326 ], [ 345702.344908225990366, 6888109.586136385798454 ], [ 345728.414908847713377, 6888104.637074458412826 ], [ 345754.549665453319903, 6888093.915128249675035 ], [ 345804.533191544178408, 6888053.203378537669778 ], [ 345885.240600838616956, 6888010.006924600340426 ], [ 345966.655611255206168, 6887977.402286833152175 ], [ 346087.516447449917905, 6887927.984921044670045 ], [ 346162.658004550612532, 6887919.334681767970324 ], [ 346219.991373021388426, 6887902.763705018907785 ], [ 346294.302725526620634, 6887892.184791876003146 ], [ 346389.037867704581004, 6887884.749609269201756 ], [ 346450.779781155288219, 6887857.651121961884201 ], [ 346539.752354603027925, 6887833.794886955991387 ], [ 346598.223701185197569, 6887795.10632517375052 ], [ 346671.998080114426557, 6887760.470608776435256 ], [ 346744.173990470182616, 6887717.159011562354863 ], [ 346775.794834575499408, 6887677.659345298074186 ], [ 346799.660795408824924, 6887661.376244526356459 ], [ 346834.456047288374975, 6887657.733701010234654 ], [ 346871.872671957476996, 6887664.940569433383644 ], [ 346947.388630506990012, 6887710.391836773604155 ], [ 347002.551885041990317, 6887730.337264115922153 ], [ 347030.684145845414605, 6887730.69790924526751 ], [ 347056.326660260907374, 6887725.252946992404759 ], [ 347065.698119343491271, 6887726.093369738198817 ], [ 347073.708828050701413, 6887732.689978763461113 ], [ 347088.389313653984573, 6887751.62854606192559 ], [ 347110.886559290403966, 6887792.310040597803891 ], [ 347131.08863567217486, 6887812.771002605557442 ], [ 347158.181876676506363, 6887827.535474769771099 ], [ 347206.602863191801589, 6887841.619926867075264 ], [ 347279.430461002571974, 6887880.064066821709275 ], [ 347315.123963626625482, 6887889.175673576071858 ], [ 347352.602891325310338, 6887891.583349430933595 ], [ 347394.514720998704433, 6887881.536232283338904 ], [ 347425.434819750313181, 6887863.657678198069334 ], [ 347486.602016781514976, 6887814.427353513427079 ], [ 347563.212375519622583, 6887756.750213572755456 ], [ 347602.034259799227584, 6887721.662397262640297 ], [ 347644.876000519376248, 6887704.88858943618834 ], [ 347692.017273763078265, 6887685.299326707608998 ], [ 347739.841184938792139, 6887679.182973052375019 ], [ 347763.228972900891677, 6887683.326742983423173 ], [ 347789.278567681089044, 6887679.813656752929091 ], [ 347808.095073908392806, 6887675.72067026142031 ], [ 347843.3689724879805, 6887650.682378997094929 ], [ 347866.903776217077393, 6887643.291683538816869 ], [ 347890.387074994272552, 6887640.709781046956778 ], [ 347910.77413979411358, 6887646.732161962427199 ], [ 347925.121576444071252, 6887657.974631695076823 ], [ 348077.388960023585241, 6887417.079188387840986 ], [ 348070.302717120794114, 6887471.333998587913811 ], [ 348073.549526208487805, 6887518.01853559538722 ], [ 348078.685405272815842, 6887549.822130363434553 ], [ 348087.768484468688257, 6887572.533507007174194 ], [ 348101.406027971126605, 6887606.362460371106863 ], [ 348119.757050082203932, 6887638.821836080402136 ], [ 348142.741024051618297, 6887674.697910665534437 ], [ 348188.669952342985198, 6887717.115965257398784 ], [ 348223.815180098696146, 6887735.34924672357738 ], [ 348256.930388004286215, 6887746.353459577076137 ], [ 348334.341273927071597, 6887759.837762367911637 ], [ 348393.995825475081801, 6887762.03639748133719 ], [ 348440.140908579807729, 6887753.491175523027778 ], [ 348494.046725229884032, 6887738.783121310174465 ], [ 348529.239785635028966, 6887720.003040594980121 ], [ 348568.146435813978314, 6887677.211514151655138 ], [ 348639.471988031174988, 6887632.913982841186225 ], [ 348740.893763412314001, 6887568.80665719602257 ], [ 348827.303020892199129, 6887477.579722533933818 ], [ 348908.725125438591931, 6887376.670131471008062 ], [ 348950.269506291020662, 6887260.350339670665562 ], [ 349016.264203428523615, 6887165.007302547805011 ], [ 349130.197566433402244, 6887054.888827474787831 ], [ 349240.455532338528428, 6886964.924903426319361 ], [ 349345.592390499426983, 6886875.848401173949242 ], [ 349453.798276810615789, 6886812.785320581868291 ], [ 349489.987206376914401, 6886782.468050318770111 ], [ 349514.388086386374198, 6886740.45483485236764 ], [ 349535.986919514078181, 6886650.333768839947879 ], [ 349548.866435118892696, 6886575.473031914792955 ], [ 349590.316950519802049, 6886533.685805451124907 ], [ 349643.423975349403918, 6886513.200372477993369 ], [ 349716.732523315877188, 6886514.124230345711112 ], [ 349837.61907106457511, 6886527.182744670659304 ], [ 349942.995075378799811, 6886553.509160757064819 ], [ 350078.957568958576303, 6886587.92085815127939 ], [ 350228.225033367110882, 6886649.426496393978596 ], [ 350348.785271133296192, 6886689.404082459397614 ], [ 350564.346227185393218, 6886767.118176488205791 ], [ 350669.773753873072565, 6886789.593273094855249 ], [ 350756.114789914921857, 6886838.768124712631106 ], [ 350867.133513957378455, 6886959.406028668396175 ], [ 350934.101758427510504, 6887058.337608848698437 ], [ 350992.767938587872777, 6887104.748952488414943 ], [ 351097.486309168802109, 6887116.639324521645904 ], [ 351168.609381497604772, 6887155.991076483391225 ], [ 351199.221599060925655, 6887162.146433007903397 ], [ 351251.507515989884268, 6887139.715422803536057 ], [ 351283.462609207315836, 6887140.590294965542853 ], [ 351324.618013603612781, 6887156.007991967722774 ], [ 351391.742660724616144, 6887174.153744743205607 ], [ 351447.752144593221601, 6887195.053017375990748 ], [ 351505.616730709094554, 6887203.46397783793509 ], [ 351561.095118124794681, 6887198.380824981257319 ], [ 351581.74588766542729, 6887183.256476664915681 ], [ 351610.366693420801312, 6887144.184162460267544 ], [ 351636.943469256220851, 6887132.014645067974925 ], [ 351664.46291048877174, 6887137.254893127828836 ], [ 351684.200566606014036, 6887171.066418395377696 ], [ 351699.751825476298109, 6887223.188062661327422 ], [ 351744.906001775001641, 6887293.962166880257428 ], [ 351804.241494180518202, 6887321.616464493796229 ], [ 351870.417533450003248, 6887347.449345489032567 ], [ 351901.381988762877882, 6887352.98665761295706 ], [ 351934.469731326098554, 6887338.625563311390579 ], [ 351973.147547770873643, 6887313.141345105133951 ], [ 352016.727893865201622, 6887305.027232505381107 ], [ 352090.090457114391029, 6887301.127505909651518 ], [ 352153.927727425121702, 6887309.609309745952487 ], [ 352213.870934630278498, 6887322.375425890088081 ], [ 352290.246817201608792, 6887351.213467524386942 ], [ 352314.418245088891126, 6887361.120385937392712 ], [ 352337.637772006273735, 6887379.68124847766012 ], [ 352391.369696855021175, 6887446.702418140135705 ], [ 352417.048065616225358, 6887472.995201992802322 ], [ 352438.66603585932171, 6887482.870265245437622 ], [ 352462.102079403703101, 6887483.160066331736743 ], [ 352505.783544339879882, 6887466.878307211212814 ], [ 352538.177487425215077, 6887467.278686344623566 ], [ 352552.124176759796683, 6887477.069814528338611 ], [ 352564.698977377498522, 6887494.534563551656902 ], [ 352585.98447343648877, 6887531.333384135738015 ], [ 352600.282331030524801, 6887546.902268750593066 ], [ 352634.245071561890654, 6887557.904621358960867 ], [ 352676.358936339674983, 6887565.151138720102608 ], [ 352718.85951344971545, 6887575.294557592831552 ], [ 352764.46482738800114, 6887575.857362747192383 ], [ 352865.96964909741655, 6887572.300003986805677 ], [ 352900.822862220695242, 6887580.4202830940485 ], [ 352920.215012248198036, 6887597.968658836558461 ], [ 352929.336629961093422, 6887618.282697757706046 ], [ 352934.489335577294696, 6887650.560181256383657 ], [ 352944.468580466287676, 6887670.640979683957994 ], [ 353041.324415151728317, 6887767.035453319549561 ], [ 353061.766867929080036, 6887768.738858168944716 ], [ 353089.643991369812284, 6887754.653952452354133 ], [ 353110.080697059398517, 6887756.822628075256944 ], [ 353136.189644550613593, 6887782.631443484686315 ], [ 353142.646408697473817, 6887795.210843285545707 ], [ 353143.97377240320202, 6887808.691208405420184 ], [ 353138.132100433926098, 6887833.142693399451673 ], [ 353139.98544601368485, 6887855.77177363075316 ], [ 353160.031881781877019, 6887889.672979911789298 ], [ 353186.534037114295643, 6887917.891182649880648 ], [ 353204.673930828692392, 6887933.495448457077146 ], [ 353230.895761824504007, 6887950.174250598065555 ], [ 353268.683114286803175, 6887962.662326644174755 ], [ 353314.260266371478792, 6887965.627287320792675 ], [ 353332.08436196600087, 6887972.572816963307559 ], [ 353387.641991712502204, 6888029.992695302702487 ], [ 353436.180310562602244, 6888104.646448839455843 ], [ 353485.252536682004575, 6888135.058154048398137 ], [ 353509.634271529619582, 6888163.249527930282056 ], [ 353512.44092065282166, 6888212.330613777041435 ], [ 353495.728636602172628, 6888323.671679548919201 ], [ 353498.346421652997378, 6888388.142615933902562 ], [ 353528.278423942625523, 6888450.056477743200958 ], [ 353570.344323185621761, 6888496.738009106367826 ], [ 353635.227798783103935, 6888559.080249357968569 ], [ 353671.604913983494043, 6888582.6089240424335 ], [ 353707.188955658173654, 6888592.298091197386384 ], [ 353735.009890702494886, 6888548.401802942156792 ], [ 353750.005645431519952, 6888507.229512169025838 ], [ 353758.362554085324518, 6888494.710110059008002 ], [ 353769.028887698426843, 6888485.343967579305172 ], [ 353779.441823633795138, 6888479.819980224594474 ], [ 353791.293792798300274, 6888477.926167596131563 ], [ 353798.711246143502649, 6888481.141991650685668 ], [ 353805.564331601781305, 6888487.121264358982444 ], [ 353817.435256268887315, 6888501.3290213085711 ], [ 353850.027178934076801, 6888555.584001420997083 ], [ 353886.35958572832169, 6888581.992631025612354 ], [ 353901.588653051876463, 6888591.553940002806485 ], [ 353909.565598919114564, 6888593.214051580987871 ], [ 353916.929470428498462, 6888591.985476898960769 ], [ 353922.21275251370389, 6888587.362675187177956 ], [ 353925.813373501296155, 6888580.547315781004727 ], [ 353931.746135084773414, 6888566.202940887771547 ], [ 353936.515348676708527, 6888524.905309909954667 ], [ 353954.137218073592521, 6888408.754565518349409 ], [ 354084.729998574010096, 6888192.113608461804688 ], [ 354492.804433213023003, 6888285.381267687305808 ], [ 354772.017294820689131, 6888023.4040342643857 ], [ 354716.675918223510962, 6887939.64196499530226 ], [ 354508.946128549810965, 6888113.693966628052294 ], [ 354477.287682172493078, 6887852.240460693836212 ], [ 354225.25629612308694, 6887718.436619695276022 ], [ 354568.574663648672868, 6887359.553377470001578 ], [ 354658.708642256387975, 6887152.099004586227238 ], [ 354019.18296929821372, 6886873.537424483336508 ], [ 353944.287588211998809, 6886739.000200282782316 ], [ 354030.334318902925588, 6886543.445841938257217 ], [ 354379.160339063673746, 6886281.687898960895836 ], [ 354567.604690167179797, 6885831.797169523313642 ], [ 354727.770126904419158, 6885761.454029091633856 ], [ 354897.11607672192622, 6885549.965311764739454 ], [ 354873.423516361101065, 6885444.392074080184102 ], [ 355039.967212973977439, 6885318.216826618649065 ], [ 355001.121046806278173, 6885000.094630242325366 ], [ 355081.894648656016216, 6884892.600509706884623 ], [ 354995.147123424801975, 6884780.675621042028069 ], [ 355126.28666567261098, 6884654.323745287023485 ], [ 355094.025511705025565, 6884539.449066832661629 ], [ 355432.108528029115405, 6884874.158157983794808 ], [ 355468.232386846328154, 6885051.533416381105781 ], [ 355737.42326867452357, 6884940.400560875423253 ], [ 355713.897390987316612, 6884823.82740961201489 ], [ 355878.744129011407495, 6884697.620764061808586 ], [ 355864.673655620601494, 6884421.201977482996881 ], [ 355593.975252548523713, 6884314.125400543212891 ], [ 355601.528522747685201, 6884028.748035222291946 ], [ 355853.596045702521224, 6883886.090099357068539 ], [ 356164.736595337919425, 6883364.446697127074003 ], [ 356466.511003614694346, 6883213.722276667132974 ], [ 356784.271833509788848, 6883362.967692490667105 ], [ 356881.324685094004963, 6883292.670143011957407 ], [ 356890.010780643788166, 6883103.415759682655334 ], [ 357095.405699890572578, 6882955.208006862550974 ], [ 357328.524996353196912, 6883057.158529762178659 ], [ 357333.846098703506868, 6882902.304742339067161 ], [ 357726.274357288726605, 6882838.925745910964906 ], [ 357750.099229701096192, 6882995.78974175080657 ], [ 358575.90857344167307, 6882563.866444072686136 ], [ 359183.722162421210669, 6882562.901506897062063 ], [ 360521.083721822476946, 6882596.967004157602787 ], [ 360734.209839778603055, 6882686.226865734905005 ], [ 360963.147090271289926, 6882738.578566880896688 ], [ 361057.242884993320331, 6882621.916820557788014 ], [ 361510.246994171990082, 6882620.322610359638929 ], [ 361826.445994211826473, 6882274.395817058160901 ], [ 361981.449552013771608, 6881935.492199414409697 ], [ 362376.039342939679045, 6881610.595109646208584 ], [ 362788.403941429685801, 6881101.19059385638684 ], [ 362970.956105756398756, 6881083.602374252863228 ], [ 363235.654942546680104, 6881247.12322750966996 ], [ 363535.500828241871204, 6881226.451952529139817 ], [ 364054.484263585705776, 6881407.759186699986458 ], [ 364258.932408232882153, 6881358.321468885056674 ], [ 364493.99291884212289, 6881514.904055298306048 ], [ 364734.297257764206734, 6881471.462185221724212 ], [ 365091.339885359921027, 6881407.010817625559866 ], [ 365736.146236141212285, 6880795.87070809584111 ], [ 366056.523074093507603, 6880717.414845484308898 ], [ 366362.263729616999626, 6880806.263926511630416 ], [ 367187.338747655507177, 6880568.926800097338855 ], [ 368881.443900529004168, 6879849.694328488782048 ], [ 369676.283010706305504, 6880288.374436461366713 ], [ 370949.011885282990988, 6880377.949222867377102 ], [ 372068.260400740720797, 6880886.029145631939173 ], [ 372209.887090530188289, 6880408.642859746702015 ], [ 372376.069202749000397, 6880159.614747955463827 ], [ 372619.441286233079154, 6879983.97868297342211 ], [ 373045.951233276806306, 6879856.167600664310157 ], [ 373368.479033128183801, 6879759.480022575706244 ], [ 373544.093106033804361, 6879521.285619216971099 ], [ 373585.79669128957903, 6878890.973482213914394 ], [ 373736.439530488394666, 6878405.423624894581735 ], [ 373619.96265066950582, 6877749.794888939708471 ], [ 373695.723017363226973, 6876968.35937069542706 ], [ 373486.068601712700911, 6876642.650519919581711 ], [ 373496.518298795795999, 6876503.643558513373137 ], [ 373814.752014730824158, 6876652.793785739690065 ], [ 374686.748694278474431, 6876844.985176326707006 ], [ 374729.000079729303252, 6876848.466734050773084 ], [ 374763.351769905595575, 6876842.590395579114556 ], [ 374798.578208941384219, 6876828.202162891626358 ], [ 374827.457840178802144, 6876807.021030994132161 ], [ 374852.830025281291455, 6876777.813755625858903 ], [ 374885.268221673904918, 6876728.081921829842031 ], [ 374935.415167642990127, 6876651.765581454150379 ], [ 374982.486388828780036, 6876579.505447171628475 ], [ 375025.736725370807108, 6876512.180165272206068 ], [ 375065.789918127877172, 6876452.078942287713289 ], [ 375091.055094788898714, 6876416.121976546011865 ], [ 375120.643532279180363, 6876369.373542537912726 ], [ 375155.618597806605976, 6876318.958551693707705 ], [ 375194.98136560752755, 6876260.002070030197501 ], [ 375219.738399276509881, 6876220.028332654386759 ], [ 375255.878134146390948, 6876160.483789027668536 ], [ 375289.811328225187026, 6876109.18213552609086 ], [ 375352.525382956373505, 6876017.760267578996718 ], [ 375397.054521904618014, 6875950.690969431772828 ], [ 375460.875674509326927, 6875852.731550378724933 ], [ 375477.597576784726698, 6875825.537700531072915 ], [ 375499.656625430390704, 6875792.826213134452701 ], [ 375540.44943049189169, 6875729.119026647880673 ], [ 375556.895335611596238, 6875703.883456065319479 ], [ 375578.05109584517777, 6875661.810328800231218 ], [ 375618.65557651972631, 6875570.089114706963301 ], [ 375659.981467286823317, 6875478.763153643347323 ], [ 375687.743746808671858, 6875417.622777689248323 ], [ 375696.329986997297965, 6875372.603425326757133 ], [ 375693.938293447718024, 6875318.914933525025845 ], [ 375676.548682163527701, 6875242.21011836733669 ], [ 375660.175995002500713, 6875177.117323447950184 ], [ 375644.536738252383657, 6875117.904905254021287 ], [ 375634.08291470509721, 6875068.586358715780079 ], [ 375632.930588167277165, 6875030.578808096237481 ], [ 375642.047172829625197, 6874993.011212956160307 ], [ 375652.158730245020706, 6874965.371195196174085 ], [ 375663.692426064575557, 6874946.222743027843535 ], [ 375687.397720992914401, 6874902.281365030445158 ], [ 375712.475971277803183, 6874864.958370968699455 ], [ 375732.853674480516929, 6874831.420037725940347 ], [ 375756.945844891073648, 6874787.97013314627111 ], [ 375784.388752877013758, 6874738.416569011285901 ], [ 375811.361092579492833, 6874688.802624142728746 ], [ 375849.335919531818945, 6874623.846194432117045 ], [ 375872.934235609718598, 6874591.89260941836983 ], [ 375896.459188698790967, 6874565.06854544300586 ], [ 375921.375259716180153, 6874544.076304925605655 ], [ 375966.038353498792276, 6874513.162627293728292 ], [ 375971.668922668206505, 6874494.51735167298466 ], [ 375816.144902687519789, 6874545.690924604423344 ], [ 375628.776121039001737, 6874610.302237290889025 ], [ 375636.289854455273598, 6874547.753172573633492 ], [ 375643.433110517216846, 6874518.696991821750998 ], [ 375646.142933635273948, 6874447.332817277871072 ], [ 375622.741711980779655, 6874352.724958213046193 ], [ 375598.538622638094239, 6874233.553913000971079 ], [ 375577.438153944618534, 6874167.591319475322962 ], [ 375600.060963551979512, 6874092.956471505574882 ], [ 375591.897214313386939, 6873986.275088698603213 ], [ 375563.414229883113876, 6873917.032744245603681 ], [ 375525.332034601597115, 6873844.431941793300211 ], [ 375489.87325407989556, 6873698.559961328282952 ], [ 375458.365182155102957, 6873597.029742284677923 ], [ 375416.010893399303313, 6873549.304062585346401 ], [ 375399.287631752900779, 6873499.320928478613496 ], [ 375347.580009012075607, 6873414.609229483641684 ], [ 375301.976287890982348, 6873364.377960831858218 ], [ 375287.690941587090492, 6873324.282035662792623 ], [ 375282.262646252580453, 6873267.602755117230117 ], [ 375245.777290278405417, 6873167.604003152810037 ], [ 375226.964988219377119, 6873118.618002424947917 ], [ 375211.997921658388805, 6873056.641518476419151 ], [ 375199.784123545628972, 6872983.823811625130475 ], [ 375170.705123620980885, 6872968.913611250929534 ], [ 375117.883681529900059, 6872964.324465904384851 ], [ 375050.868606670526788, 6873002.368172056041658 ], [ 374982.341074629919603, 6873008.859940988011658 ], [ 374943.063288395875134, 6872990.761289337649941 ], [ 374894.172871548507828, 6872987.387130239978433 ], [ 374860.841856438084505, 6872952.419587192125618 ], [ 374809.154994013078976, 6872908.183202871121466 ], [ 374764.135129430389497, 6872906.212251264601946 ], [ 374704.735874485573731, 6872903.956335420720279 ], [ 374662.073999758984428, 6872878.441231687553227 ], [ 374601.564781677501742, 6872841.977999565191567 ], [ 374569.900476769602392, 6872877.766444535925984 ], [ 374551.269671488902532, 6872915.853347820229828 ], [ 374515.996902179496828, 6872916.178477862849832 ], [ 374474.844043053220958, 6872872.317898972891271 ], [ 374452.195131246873643, 6872828.375940941274166 ], [ 374423.09106691199122, 6872751.987755190581083 ], [ 374420.087297700694762, 6872690.047986559569836 ], [ 374381.353255420690402, 6872636.516985298134387 ], [ 374319.660980288521387, 6872603.574431408196688 ], [ 374260.520073748892173, 6872588.188290864229202 ], [ 374217.007107129495125, 6872541.35421353019774 ], [ 374183.398700696707238, 6872528.22177778929472 ], [ 374128.272375242726412, 6872538.573747582733631 ], [ 374079.06372446072055, 6872506.205546670593321 ], [ 374026.347852714010514, 6872482.642319386824965 ], [ 373939.233999705407768, 6872463.998921408317983 ], [ 373909.990859344892669, 6872463.865459044463933 ], [ 373867.193949529493693, 6872472.574322857894003 ], [ 373800.886120265873615, 6872460.566828774288297 ], [ 373750.502379829820711, 6872429.026842646300793 ], [ 373720.739722086116672, 6872364.341983661986887 ], [ 373690.811005250376184, 6872287.643719392828643 ], [ 373674.869368677784223, 6872215.79254692979157 ], [ 373634.642723411729094, 6872158.253873468376696 ], [ 373623.327656418317929, 6872121.799514792859554 ], [ 373638.449388347973581, 6872048.628110080957413 ], [ 373687.659509816090576, 6872013.317027254030108 ], [ 373739.13174048718065, 6871988.490068944171071 ], [ 373766.071127992414404, 6871949.65062247402966 ] ] ] } }
]
}
