{
"type": "FeatureCollection",
"name": "data",
"crs": { "type": "name", "properties": { "name": "urn:ogc:def:crs:OGC:1.3:CRS84" } },
"features": [
{ "type": "Feature", "properties": { "id": "431410005060002", "cn22_pop03_20a59_tot_2": 0.54216867469879515, "bas.v0001": 166, "dem.v01035": 9, "dem.v01036": 7, "dem.v01037": 22, "dem.v01038": 23, "dem.v01039": 29, "cn22_pop01_res_tot_0": 166, "cn22_pop03_20a59_tot_1": 90 }, "geometry": { "type": "Polygon", "coordinates": [ [ [ -52.387430799999947, -28.262068699999929 ], [ -52.387635599999953, -28.263132799999937 ], [ -52.38783669999998, -28.264152099999933 ], [ -52.388961, -28.263971699999956 ], [ -52.390113399999962, -28.263808199999971 ], [ -52.390062399999977, -28.263596699999937 ], [ -52.390009599999985, -28.263285799999949 ], [ -52.389718499999958, -28.261714299999937 ], [ -52.388584599999945, -28.261887199999933 ], [ -52.387430799999947, -28.262068699999929 ] ] ] } },
{ "type": "Feature", "properties": { "id": "431410005010029", "cn22_pop03_20a59_tot_2": 0.63505402160864344, "bas.v0001": 833, "dem.v01035": 64, "dem.v01036": 104, "dem.v01037": 159, "dem.v01038": 121, "dem.v01039": 81, "cn22_pop01_res_tot_0": 833, "cn22_pop03_20a59_tot_1": 529 }, "geometry": { "type": "Polygon", "coordinates": [ [ [ -52.399689, -28.254583499999967 ], [ -52.398785099999941, -28.255530699999952 ], [ -52.399950399999966, -28.256399 ], [ -52.400868599999967, -28.255445799999961 ], [ -52.40184759999994, -28.254442 ], [ -52.402887499999963, -28.25336539999995 ], [ -52.402121099999931, -28.25279409999996 ], [ -52.401706099999956, -28.252483299999938 ], [ -52.401282499999979, -28.252927799999952 ], [ -52.400688299999956, -28.253568199999961 ], [ -52.399689, -28.254583499999967 ] ] ] } },
{ "type": "Feature", "properties": { "id": "431410005010044", "cn22_pop03_20a59_tot_2": 0.63778580024067388, "bas.v0001": 831, "dem.v01035": 109, "dem.v01036": 116, "dem.v01037": 116, "dem.v01038": 100, "dem.v01039": 89, "cn22_pop01_res_tot_0": 831, "cn22_pop03_20a59_tot_1": 530 }, "geometry": { "type": "Polygon", "coordinates": [ [ [ -52.410794399999986, -28.262635599999953 ], [ -52.411888, -28.263183399999946 ], [ -52.413007199999981, -28.263729699999942 ], [ -52.41406139999998, -28.264228799999955 ], [ -52.414219699999933, -28.263971499999968 ], [ -52.414810599999953, -28.262929099999951 ], [ -52.413819899999964, -28.262429099999963 ], [ -52.412687299999959, -28.261885899999982 ], [ -52.411560599999973, -28.26138119999996 ], [ -52.410916, -28.262416099999939 ], [ -52.410794399999986, -28.262635599999953 ] ] ] } },
{ "type": "Feature", "properties": { "id": "431410005010045", "cn22_pop03_20a59_tot_2": 0.63731656184486374, "bas.v0001": 477, "dem.v01035": 94, "dem.v01036": 55, "dem.v01037": 76, "dem.v01038": 40, "dem.v01039": 39, "cn22_pop01_res_tot_0": 477, "cn22_pop03_20a59_tot_1": 304 }, "geometry": { "type": "Polygon", "coordinates": [ [ [ -52.403494099999932, -28.25908759999993 ], [ -52.404441499999962, -28.259541699999943 ], [ -52.405655499999966, -28.260142899999948 ], [ -52.405744, -28.259992699999941 ], [ -52.406395499999974, -28.258960899999977 ], [ -52.405152599999951, -28.258357799999942 ], [ -52.404228599999954, -28.257918599999982 ], [ -52.403558699999962, -28.258966599999951 ], [ -52.403494099999932, -28.25908759999993 ] ] ] } },
{ "type": "Feature", "properties": { "id": "431410005010046", "cn22_pop03_20a59_tot_2": 0.56628787878787878, "bas.v0001": 528, "dem.v01035": 75, "dem.v01036": 52, "dem.v01037": 75, "dem.v01038": 45, "dem.v01039": 52, "cn22_pop01_res_tot_0": 528, "cn22_pop03_20a59_tot_1": 299 }, "geometry": { "type": "Polygon", "coordinates": [ [ [ -52.402748699999961, -28.260296199999971 ], [ -52.403756699999974, -28.260778899999934 ], [ -52.404932799999983, -28.261317299999973 ], [ -52.405655499999966, -28.260142899999948 ], [ -52.404441499999962, -28.259541699999943 ], [ -52.403494099999932, -28.25908759999993 ], [ -52.403229, -28.259534599999938 ], [ -52.402748699999961, -28.260296199999971 ] ] ] } },
{ "type": "Feature", "properties": { "id": "431410005010047", "cn22_pop03_20a59_tot_2": 0.70491803278688525, "bas.v0001": 854, "dem.v01035": 143, "dem.v01036": 153, "dem.v01037": 138, "dem.v01038": 102, "dem.v01039": 66, "cn22_pop01_res_tot_0": 854, "cn22_pop03_20a59_tot_1": 602 }, "geometry": { "type": "Polygon", "coordinates": [ [ [ -52.402568699999961, -28.262839299999939 ], [ -52.403877399999942, -28.26344169999993 ], [ -52.404422199999942, -28.262326 ], [ -52.404932799999983, -28.261317299999973 ], [ -52.403756699999974, -28.260778899999934 ], [ -52.403206, -28.261735499999929 ], [ -52.402568699999961, -28.262839299999939 ] ] ] } },
{ "type": "Feature", "properties": { "id": "431410005010048", "cn22_pop03_20a59_tot_2": 0.734006734006734, "bas.v0001": 297, "dem.v01035": 54, "dem.v01036": 41, "dem.v01037": 54, "dem.v01038": 26, "dem.v01039": 43, "cn22_pop01_res_tot_0": 297, "cn22_pop03_20a59_tot_1": 218 }, "geometry": { "type": "Polygon", "coordinates": [ [ [ -52.401931799999943, -28.263920499999983 ], [ -52.403244299999983, -28.264495499999953 ], [ -52.403877399999942, -28.26344169999993 ], [ -52.402568699999961, -28.262839299999939 ], [ -52.401931799999943, -28.263920499999983 ] ] ] } },
{ "type": "Feature", "properties": { "id": "431410005010049", "cn22_pop03_20a59_tot_2": 0.59722222222222221, "bas.v0001": 576, "dem.v01035": 75, "dem.v01036": 63, "dem.v01037": 71, "dem.v01038": 64, "dem.v01039": 71, "cn22_pop01_res_tot_0": 576, "cn22_pop03_20a59_tot_1": 344 }, "geometry": { "type": "Polygon", "coordinates": [ [ [ -52.402256099999931, -28.258218 ], [ -52.402924, -28.258729199999948 ], [ -52.403494099999932, -28.25908759999993 ], [ -52.403558699999962, -28.258966599999951 ], [ -52.404228599999954, -28.257918599999982 ], [ -52.403204799999969, -28.257183399999974 ], [ -52.40236589999995, -28.258109899999965 ], [ -52.402256099999931, -28.258218 ] ] ] } },
{ "type": "Feature", "properties": { "id": "431410005010050", "cn22_pop03_20a59_tot_2": 0.67374517374517373, "bas.v0001": 518, "dem.v01035": 74, "dem.v01036": 68, "dem.v01037": 84, "dem.v01038": 67, "dem.v01039": 56, "cn22_pop01_res_tot_0": 518, "cn22_pop03_20a59_tot_1": 349 }, "geometry": { "type": "Polygon", "coordinates": [ [ [ -52.40127629999995, -28.259183499999949 ], [ -52.402748699999961, -28.260296199999971 ], [ -52.403229, -28.259534599999938 ], [ -52.403494099999932, -28.25908759999993 ], [ -52.402924, -28.258729199999948 ], [ -52.402256099999931, -28.258218 ], [ -52.40127629999995, -28.259183499999949 ] ] ] } },
{ "type": "Feature", "properties": { "id": "431410005010051", "cn22_pop03_20a59_tot_2": 0.73913043478260865, "bas.v0001": 345, "dem.v01035": 75, "dem.v01036": 61, "dem.v01037": 47, "dem.v01038": 44, "dem.v01039": 28, "cn22_pop01_res_tot_0": 345, "cn22_pop03_20a59_tot_1": 255 }, "geometry": { "type": "Polygon", "coordinates": [ [ [ -52.406395499999974, -28.258960899999977 ], [ -52.407668799999954, -28.259564699999942 ], [ -52.408374099999946, -28.258461199999942 ], [ -52.407089199999973, -28.257833199999936 ], [ -52.406395499999974, -28.258960899999977 ] ] ] } },
{ "type": "Feature", "properties": { "id": "431410005010052", "cn22_pop03_20a59_tot_2": 0.62529274004683844, "bas.v0001": 427, "dem.v01035": 36, "dem.v01036": 44, "dem.v01037": 64, "dem.v01038": 42, "dem.v01039": 81, "cn22_pop01_res_tot_0": 427, "cn22_pop03_20a59_tot_1": 267 }, "geometry": { "type": "Polygon", "coordinates": [ [ [ -52.407846, -28.256671299999937 ], [ -52.407089199999973, -28.257833199999936 ], [ -52.408374099999946, -28.258461199999942 ], [ -52.409067299999947, -28.258814399999949 ], [ -52.40958569999998, -28.259054499999934 ], [ -52.410257099999967, -28.257918699999948 ], [ -52.41077329999996, -28.25715189999994 ], [ -52.41122839999997, -28.256425 ], [ -52.409974899999952, -28.25584 ], [ -52.408714499999974, -28.255258599999934 ], [ -52.408315699999946, -28.255922699999928 ], [ -52.407846, -28.256671299999937 ] ] ] } },
{ "type": "Feature", "properties": { "id": "431410005070016", "cn22_pop03_20a59_tot_2": 0.55307262569832405, "bas.v0001": 358, "dem.v01035": 17, "dem.v01036": 29, "dem.v01037": 35, "dem.v01038": 61, "dem.v01039": 56, "cn22_pop01_res_tot_0": 358, "cn22_pop03_20a59_tot_1": 198 }, "geometry": { "type": "Polygon", "coordinates": [ [ [ -52.398359099999936, -28.275418199999933 ], [ -52.400453599999935, -28.275551099999973 ], [ -52.402465399999983, -28.275639099999978 ], [ -52.402296699999965, -28.274875299999962 ], [ -52.40196549999996, -28.274123799999984 ], [ -52.40179, -28.273455 ], [ -52.401705799999945, -28.273407499999962 ], [ -52.399825399999941, -28.273291399999948 ], [ -52.39772279999994, -28.273202499999968 ], [ -52.398422299999936, -28.273938099999953 ], [ -52.398359099999936, -28.275418199999933 ] ] ] } },
{ "type": "Feature", "properties": { "id": "431410005010053", "cn22_pop03_20a59_tot_2": 0.6634146341463415, "bas.v0001": 410, "dem.v01035": 43, "dem.v01036": 76, "dem.v01037": 66, "dem.v01038": 43, "dem.v01039": 44, "cn22_pop01_res_tot_0": 410, "cn22_pop03_20a59_tot_1": 272 }, "geometry": { "type": "Polygon", "coordinates": [ [ [ -52.403244299999983, -28.264495499999953 ], [ -52.404323099999942, -28.26501 ], [ -52.40468, -28.265102899999931 ], [ -52.40521549999994, -28.265172499999949 ], [ -52.405629899999951, -28.265191699999946 ], [ -52.405817499999955, -28.26519019999995 ], [ -52.405928299999971, -28.265028 ], [ -52.406233199999974, -28.264536299999975 ], [ -52.406063899999936, -28.264460099999951 ], [ -52.404994199999976, -28.263967699999966 ], [ -52.403877399999942, -28.26344169999993 ], [ -52.403244299999983, -28.264495499999953 ] ] ] } },
{ "type": "Feature", "properties": { "id": "431410005020009", "cn22_pop03_20a59_tot_2": 0.6271637816245007, "bas.v0001": 751, "dem.v01035": 68, "dem.v01036": 73, "dem.v01037": 163, "dem.v01038": 73, "dem.v01039": 94, "cn22_pop01_res_tot_0": 751, "cn22_pop03_20a59_tot_1": 471 }, "geometry": { "type": "Polygon", "coordinates": [ [ [ -52.415545299999962, -28.268922499999974 ], [ -52.416757699999948, -28.269489799999974 ], [ -52.417320899999936, -28.268485899999973 ], [ -52.419698499999981, -28.269626499999958 ], [ -52.420331899999951, -28.268528 ], [ -52.419335199999978, -28.268059899999969 ], [ -52.417929099999981, -28.267396199999951 ], [ -52.416793199999972, -28.266880899999933 ], [ -52.416179399999976, -28.267915599999981 ], [ -52.415545299999962, -28.268922499999974 ] ] ] } },
{ "type": "Feature", "properties": { "id": "431410005010030", "cn22_pop03_20a59_tot_2": 0.56830601092896171, "bas.v0001": 549, "dem.v01035": 50, "dem.v01036": 38, "dem.v01037": 84, "dem.v01038": 90, "dem.v01039": 50, "cn22_pop01_res_tot_0": 549, "cn22_pop03_20a59_tot_1": 312 }, "geometry": { "type": "Polygon", "coordinates": [ [ [ -52.395925399999953, -28.253370299999972 ], [ -52.398785099999941, -28.255530699999952 ], [ -52.399689, -28.254583499999967 ], [ -52.398428199999955, -28.253632099999948 ], [ -52.399391199999968, -28.252611299999955 ], [ -52.39866029999996, -28.252070299999957 ], [ -52.39780479999996, -28.251423299999942 ], [ -52.397270399999968, -28.25101479999995 ], [ -52.397195499999953, -28.251168899999982 ], [ -52.397036499999956, -28.251582699999972 ], [ -52.39699029999997, -28.251760599999955 ], [ -52.39698629999998, -28.251871299999948 ], [ -52.396959399999957, -28.251999199999943 ], [ -52.396821299999942, -28.25223989999995 ], [ -52.39670689999997, -28.252335499999958 ], [ -52.396601, -28.252420899999947 ], [ -52.396512, -28.252470399999936 ], [ -52.396472099999983, -28.252493 ], [ -52.396426, -28.252510499999971 ], [ -52.396384899999987, -28.252541699999938 ], [ -52.396343299999955, -28.252573699999971 ], [ -52.396311699999956, -28.252607299999966 ], [ -52.396279099999958, -28.252664399999958 ], [ -52.396258799999941, -28.252726299999949 ], [ -52.396239099999946, -28.25284849999997 ], [ -52.396196199999963, -28.252994299999955 ], [ -52.396155499999963, -28.253086699999983 ], [ -52.396049599999969, -28.253215 ], [ -52.395925399999953, -28.253370299999972 ] ] ] } },
{ "type": "Feature", "properties": { "id": "431410005010032", "cn22_pop03_20a59_tot_2": 0.63967611336032393, "bas.v0001": 494, "dem.v01035": 53, "dem.v01036": 58, "dem.v01037": 91, "dem.v01038": 58, "dem.v01039": 56, "cn22_pop01_res_tot_0": 494, "cn22_pop03_20a59_tot_1": 316 }, "geometry": { "type": "Polygon", "coordinates": [ [ [ -52.397786399999973, -28.258626 ], [ -52.398418799999945, -28.258807099999956 ], [ -52.398489899999959, -28.259288199999958 ], [ -52.398779399999967, -28.25938489999993 ], [ -52.399020599999972, -28.25951729999997 ], [ -52.399277899999959, -28.259668699999963 ], [ -52.399647099999981, -28.26002109999996 ], [ -52.399790899999971, -28.260195199999941 ], [ -52.399944399999981, -28.260382099999958 ], [ -52.400115299999982, -28.260714 ], [ -52.400143, -28.26080879999995 ], [ -52.400165899999934, -28.260902299999941 ], [ -52.400206799999978, -28.26112749999993 ], [ -52.400265799999943, -28.261484699999983 ], [ -52.400351799999953, -28.261994199999947 ], [ -52.400620299999957, -28.261981699999978 ], [ -52.401252, -28.261825399999964 ], [ -52.401675399999931, -28.261732099999961 ], [ -52.401980499999979, -28.26160619999996 ], [ -52.402191599999981, -28.261259499999937 ], [ -52.401351899999952, -28.260832599999958 ], [ -52.400996899999939, -28.260579 ], [ -52.400770899999941, -28.260319699999968 ], [ -52.40048969999998, -28.260000299999945 ], [ -52.399628399999983, -28.258784699999978 ], [ -52.400100799999962, -28.258289399999967 ], [ -52.398956299999952, -28.257416899999953 ], [ -52.397786399999973, -28.258626 ] ] ] } },
{ "type": "Feature", "properties": { "id": "431410005010033", "cn22_pop03_20a59_tot_2": 0.69626168224299068, "bas.v0001": 856, "dem.v01035": 135, "dem.v01036": 93, "dem.v01037": 175, "dem.v01038": 116, "dem.v01039": 77, "cn22_pop01_res_tot_0": 856, "cn22_pop03_20a59_tot_1": 596 }, "geometry": { "type": "Polygon", "coordinates": [ [ [ -52.396428399999934, -28.258225699999969 ], [ -52.397786399999973, -28.258626 ], [ -52.398956299999952, -28.257416899999953 ], [ -52.400100799999962, -28.258289399999967 ], [ -52.401104399999952, -28.257271599999967 ], [ -52.399950399999966, -28.256399 ], [ -52.398785099999941, -28.255530699999952 ], [ -52.397856699999977, -28.256578599999955 ], [ -52.396428399999934, -28.258225699999969 ] ] ] } },
{ "type": "Feature", "properties": { "id": "431410005010034", "cn22_pop03_20a59_tot_2": 0.59846547314578002, "bas.v0001": 782, "dem.v01035": 41, "dem.v01036": 69, "dem.v01037": 143, "dem.v01038": 96, "dem.v01039": 119, "cn22_pop01_res_tot_0": 782, "cn22_pop03_20a59_tot_1": 468 }, "geometry": { "type": "Polygon", "coordinates": [ [ [ -52.413333499999965, -28.267857699999979 ], [ -52.414473399999963, -28.268398399999967 ], [ -52.415545299999962, -28.268922499999974 ], [ -52.416179399999976, -28.267915599999981 ], [ -52.416793199999972, -28.266880899999933 ], [ -52.417445699999973, -28.265824699999939 ], [ -52.416308, -28.265288599999963 ], [ -52.415636799999959, -28.266338899999937 ], [ -52.414550099999985, -28.265830599999958 ], [ -52.413333499999965, -28.267857699999979 ] ] ] } },
{ "type": "Feature", "properties": { "id": "431410005010035", "cn22_pop03_20a59_tot_2": 0.63498622589531684, "bas.v0001": 726, "dem.v01035": 96, "dem.v01036": 76, "dem.v01037": 122, "dem.v01038": 91, "dem.v01039": 76, "cn22_pop01_res_tot_0": 726, "cn22_pop03_20a59_tot_1": 461 }, "geometry": { "type": "Polygon", "coordinates": [ [ [ -52.413405799999964, -28.26530809999997 ], [ -52.412784199999976, -28.266331199999968 ], [ -52.412202199999967, -28.267322699999966 ], [ -52.413333499999965, -28.267857699999979 ], [ -52.414550099999985, -28.265830599999958 ], [ -52.415636799999959, -28.266338899999937 ], [ -52.416308, -28.265288599999963 ], [ -52.415212899999972, -28.264772 ], [ -52.41406139999998, -28.264228799999955 ], [ -52.413405799999964, -28.26530809999997 ] ] ] } },
{ "type": "Feature", "properties": { "id": "431410005010036", "cn22_pop03_20a59_tot_2": 0.59183673469387754, "bas.v0001": 490, "dem.v01035": 26, "dem.v01036": 39, "dem.v01037": 90, "dem.v01038": 68, "dem.v01039": 67, "cn22_pop01_res_tot_0": 490, "cn22_pop03_20a59_tot_1": 290 }, "geometry": { "type": "Polygon", "coordinates": [ [ [ -52.415415099999962, -28.261924799999974 ], [ -52.414810599999953, -28.262929099999951 ], [ -52.416016699999943, -28.263477899999941 ], [ -52.417081899999971, -28.26401 ], [ -52.418187, -28.264547799999946 ], [ -52.41881159999997, -28.263541699999962 ], [ -52.417673599999944, -28.263006 ], [ -52.416642099999933, -28.262502299999937 ], [ -52.41723, -28.261541399999942 ], [ -52.415971599999978, -28.26098589999998 ], [ -52.415415099999962, -28.261924799999974 ] ] ] } },
{ "type": "Feature", "properties": { "id": "431410005010037", "cn22_pop03_20a59_tot_2": 0.43243243243243246, "bas.v0001": 37, "dem.v01035": null, "dem.v01036": 4, "dem.v01037": 4, "dem.v01038": 4, "dem.v01039": 4, "cn22_pop01_res_tot_0": 37, "cn22_pop03_20a59_tot_1": 16 }, "geometry": { "type": "Polygon", "coordinates": [ [ [ -52.41881159999997, -28.263541699999962 ], [ -52.419386799999984, -28.262526399999956 ], [ -52.418284699999958, -28.262012599999935 ], [ -52.417806699999971, -28.261799799999949 ], [ -52.41723, -28.261541399999942 ], [ -52.416642099999933, -28.262502299999937 ], [ -52.417673599999944, -28.263006 ], [ -52.41881159999997, -28.263541699999962 ] ] ] } },
{ "type": "Feature", "properties": { "id": "431410005010038", "cn22_pop03_20a59_tot_2": 0.6919642857142857, "bas.v0001": 672, "dem.v01035": 122, "dem.v01036": 94, "dem.v01037": 97, "dem.v01038": 72, "dem.v01039": 80, "cn22_pop01_res_tot_0": 672, "cn22_pop03_20a59_tot_1": 465 }, "geometry": { "type": "Polygon", "coordinates": [ [ [ -52.407668799999954, -28.259564699999942 ], [ -52.408892399999957, -28.260112299999946 ], [ -52.410046599999987, -28.260669899999982 ], [ -52.411048699999981, -28.261141399999929 ], [ -52.411765099999968, -28.260138799999936 ], [ -52.41067739999994, -28.259604599999932 ], [ -52.40958569999998, -28.259054499999934 ], [ -52.409067299999947, -28.258814399999949 ], [ -52.408374099999946, -28.258461199999942 ], [ -52.407668799999954, -28.259564699999942 ] ] ] } },
{ "type": "Feature", "properties": { "id": "431410005010039", "cn22_pop03_20a59_tot_2": 0.59630032644178455, "bas.v0001": 919, "dem.v01035": 82, "dem.v01036": 67, "dem.v01037": 164, "dem.v01038": 138, "dem.v01039": 97, "cn22_pop01_res_tot_0": 919, "cn22_pop03_20a59_tot_1": 548 }, "geometry": { "type": "Polygon", "coordinates": [ [ [ -52.399391199999968, -28.252611299999955 ], [ -52.398428199999955, -28.253632099999948 ], [ -52.399689, -28.254583499999967 ], [ -52.400688299999956, -28.253568199999961 ], [ -52.401282499999979, -28.252927799999952 ], [ -52.401706099999956, -28.252483299999938 ], [ -52.402595699999949, -28.251564 ], [ -52.401328399999954, -28.250617399999953 ], [ -52.400450299999932, -28.251507899999979 ], [ -52.400175499999932, -28.251790599999936 ], [ -52.399391199999968, -28.252611299999955 ] ] ] } },
{ "type": "Feature", "properties": { "id": "431410005010040", "cn22_pop03_20a59_tot_2": 0.58568075117370888, "bas.v0001": 852, "dem.v01035": 65, "dem.v01036": 75, "dem.v01037": 126, "dem.v01038": 127, "dem.v01039": 106, "cn22_pop01_res_tot_0": 852, "cn22_pop03_20a59_tot_1": 499 }, "geometry": { "type": "Polygon", "coordinates": [ [ [ -52.41406139999998, -28.264228799999955 ], [ -52.415212899999972, -28.264772 ], [ -52.416308, -28.265288599999963 ], [ -52.417445699999973, -28.265824699999939 ], [ -52.417633499999965, -28.265477399999952 ], [ -52.418187, -28.264547799999946 ], [ -52.417081899999971, -28.26401 ], [ -52.416016699999943, -28.263477899999941 ], [ -52.414810599999953, -28.262929099999951 ], [ -52.414219699999933, -28.263971499999968 ], [ -52.41406139999998, -28.264228799999955 ] ] ] } },
{ "type": "Feature", "properties": { "id": "431410005010041", "cn22_pop03_20a59_tot_2": 0.6462585034013606, "bas.v0001": 294, "dem.v01035": 43, "dem.v01036": 38, "dem.v01037": 45, "dem.v01038": 31, "dem.v01039": 33, "cn22_pop01_res_tot_0": 294, "cn22_pop03_20a59_tot_1": 190 }, "geometry": { "type": "Polygon", "coordinates": [ [ [ -52.410154399999954, -28.263747399999943 ], [ -52.411261799999977, -28.264267899999936 ], [ -52.412331699999982, -28.264802699999962 ], [ -52.413405799999964, -28.26530809999997 ], [ -52.41406139999998, -28.264228799999955 ], [ -52.413007199999981, -28.263729699999942 ], [ -52.411888, -28.263183399999946 ], [ -52.410794399999986, -28.262635599999953 ], [ -52.410154399999954, -28.263747399999943 ] ] ] } },
{ "type": "Feature", "properties": { "id": "431410005010042", "cn22_pop03_20a59_tot_2": 0.60150375939849621, "bas.v0001": 665, "dem.v01035": 65, "dem.v01036": 62, "dem.v01037": 97, "dem.v01038": 99, "dem.v01039": 77, "cn22_pop01_res_tot_0": 665, "cn22_pop03_20a59_tot_1": 400 }, "geometry": { "type": "Polygon", "coordinates": [ [ [ -52.409532799999965, -28.264768599999968 ], [ -52.410604, -28.265277899999944 ], [ -52.411695099999974, -28.265795899999944 ], [ -52.412784199999976, -28.266331199999968 ], [ -52.413405799999964, -28.26530809999997 ], [ -52.412331699999982, -28.264802699999962 ], [ -52.411261799999977, -28.264267899999936 ], [ -52.410154399999954, -28.263747399999943 ], [ -52.409532799999965, -28.264768599999968 ] ] ] } },
{ "type": "Feature", "properties": { "id": "431410005010005", "cn22_pop03_20a59_tot_2": 0.66161616161616166, "bas.v0001": 594, "dem.v01035": 44, "dem.v01036": 74, "dem.v01037": 121, "dem.v01038": 68, "dem.v01039": 86, "cn22_pop01_res_tot_0": 594, "cn22_pop03_20a59_tot_1": 393 }, "geometry": { "type": "Polygon", "coordinates": [ [ [ -52.404060899999934, -28.254271499999959 ], [ -52.404402, -28.254579 ], [ -52.405149299999948, -28.255132199999935 ], [ -52.405608, -28.255478799999935 ], [ -52.406549499999983, -28.25598709999997 ], [ -52.407846, -28.256671299999937 ], [ -52.408315699999946, -28.255922699999928 ], [ -52.408714499999974, -28.255258599999934 ], [ -52.407647499999939, -28.254238599999951 ], [ -52.407143799999972, -28.253996299999983 ], [ -52.406624799999975, -28.25364819999993 ], [ -52.406080899999949, -28.254205899999931 ], [ -52.404976699999963, -28.253368 ], [ -52.404060899999934, -28.254271499999959 ] ] ] } },
{ "type": "Feature", "properties": { "id": "431410005010006", "cn22_pop03_20a59_tot_2": 0.63414634146341464, "bas.v0001": 697, "dem.v01035": 65, "dem.v01036": 64, "dem.v01037": 145, "dem.v01038": 87, "dem.v01039": 81, "cn22_pop01_res_tot_0": 697, "cn22_pop03_20a59_tot_1": 442 }, "geometry": { "type": "Polygon", "coordinates": [ [ [ -52.407089199999973, -28.257833199999936 ], [ -52.407846, -28.256671299999937 ], [ -52.406549499999983, -28.25598709999997 ], [ -52.405608, -28.255478799999935 ], [ -52.405149299999948, -28.255132199999935 ], [ -52.404128299999968, -28.256183499999963 ], [ -52.404826499999956, -28.256708899999978 ], [ -52.405808699999966, -28.257230299999947 ], [ -52.407089199999973, -28.257833199999936 ] ] ] } },
{ "type": "Feature", "properties": { "id": "431410005010007", "cn22_pop03_20a59_tot_2": 0.63201094391244872, "bas.v0001": 731, "dem.v01035": 73, "dem.v01036": 93, "dem.v01037": 121, "dem.v01038": 83, "dem.v01039": 92, "cn22_pop01_res_tot_0": 731, "cn22_pop03_20a59_tot_1": 462 }, "geometry": { "type": "Polygon", "coordinates": [ [ [ -52.402064699999983, -28.256321 ], [ -52.403204799999969, -28.257183399999974 ], [ -52.404228599999954, -28.257918599999982 ], [ -52.405152599999951, -28.258357799999942 ], [ -52.406395499999974, -28.258960899999977 ], [ -52.407089199999973, -28.257833199999936 ], [ -52.405808699999966, -28.257230299999947 ], [ -52.404826499999956, -28.256708899999978 ], [ -52.404128299999968, -28.256183499999963 ], [ -52.405149299999948, -28.255132199999935 ], [ -52.404402, -28.254579 ], [ -52.404060899999934, -28.254271499999959 ], [ -52.403034599999955, -28.255313499999943 ], [ -52.402064699999983, -28.256321 ] ] ] } },
{ "type": "Feature", "properties": { "id": "431410005010008", "cn22_pop03_20a59_tot_2": 0.67876344086021501, "bas.v0001": 744, "dem.v01035": 97, "dem.v01036": 102, "dem.v01037": 130, "dem.v01038": 86, "dem.v01039": 90, "cn22_pop01_res_tot_0": 744, "cn22_pop03_20a59_tot_1": 505 }, "geometry": { "type": "Polygon", "coordinates": [ [ [ -52.401104399999952, -28.257271599999967 ], [ -52.400100799999962, -28.258289399999967 ], [ -52.399628399999983, -28.258784699999978 ], [ -52.40048969999998, -28.260000299999945 ], [ -52.40127629999995, -28.259183499999949 ], [ -52.402256099999931, -28.258218 ], [ -52.40236589999995, -28.258109899999965 ], [ -52.403204799999969, -28.257183399999974 ], [ -52.402064699999983, -28.256321 ], [ -52.401731299999938, -28.256664199999932 ], [ -52.401104399999952, -28.257271599999967 ] ] ] } },
{ "type": "Feature", "properties": { "id": "431410005010010", "cn22_pop03_20a59_tot_2": 0.5778210116731517, "bas.v0001": 514, "dem.v01035": 47, "dem.v01036": 56, "dem.v01037": 64, "dem.v01038": 65, "dem.v01039": 65, "cn22_pop01_res_tot_0": 514, "cn22_pop03_20a59_tot_1": 297 }, "geometry": { "type": "Polygon", "coordinates": [ [ [ -52.40048969999998, -28.260000299999945 ], [ -52.400770899999941, -28.260319699999968 ], [ -52.400996899999939, -28.260579 ], [ -52.401351899999952, -28.260832599999958 ], [ -52.402191599999981, -28.261259499999937 ], [ -52.402748699999961, -28.260296199999971 ], [ -52.40127629999995, -28.259183499999949 ], [ -52.40048969999998, -28.260000299999945 ] ] ] } },
{ "type": "Feature", "properties": { "id": "431410005010013", "cn22_pop03_20a59_tot_2": 0.78088235294117647, "bas.v0001": 680, "dem.v01035": 142, "dem.v01036": 138, "dem.v01037": 141, "dem.v01038": 67, "dem.v01039": 43, "cn22_pop01_res_tot_0": 680, "cn22_pop03_20a59_tot_1": 531 }, "geometry": { "type": "Polygon", "coordinates": [ [ [ -52.402191599999981, -28.261259499999937 ], [ -52.401980499999979, -28.26160619999996 ], [ -52.401675399999931, -28.261732099999961 ], [ -52.401252, -28.261825399999964 ], [ -52.400620299999957, -28.261981699999978 ], [ -52.400351799999953, -28.261994199999947 ], [ -52.400384899999949, -28.262242399999934 ], [ -52.400574199999937, -28.26334369999995 ], [ -52.400692699999979, -28.263243399999965 ], [ -52.400789499999973, -28.263139599999931 ], [ -52.400838299999975, -28.26329 ], [ -52.400873699999977, -28.263388499999962 ], [ -52.400942, -28.263478099999929 ], [ -52.401931799999943, -28.263920499999983 ], [ -52.402568699999961, -28.262839299999939 ], [ -52.403206, -28.261735499999929 ], [ -52.403756699999974, -28.260778899999934 ], [ -52.402748699999961, -28.260296199999971 ], [ -52.402191599999981, -28.261259499999937 ] ] ] } },
{ "type": "Feature", "properties": { "id": "431410005010015", "cn22_pop03_20a59_tot_2": 0.64088397790055252, "bas.v0001": 362, "dem.v01035": 29, "dem.v01036": 29, "dem.v01037": 62, "dem.v01038": 67, "dem.v01039": 45, "cn22_pop01_res_tot_0": 362, "cn22_pop03_20a59_tot_1": 232 }, "geometry": { "type": "Polygon", "coordinates": [ [ [ -52.401363099999969, -28.265265299999953 ], [ -52.401478199999985, -28.265537499999937 ], [ -52.402521599999943, -28.266029299999957 ], [ -52.400757299999952, -28.266512599999942 ], [ -52.40089329999995, -28.26691859999994 ], [ -52.401140799999951, -28.267619199999956 ], [ -52.401512699999955, -28.268746599999929 ], [ -52.402204799999936, -28.268540099999939 ], [ -52.403168099999959, -28.268236699999932 ], [ -52.403302199999985, -28.26818609999998 ], [ -52.404791699999976, -28.267705199999966 ], [ -52.405086499999982, -28.267650699999933 ], [ -52.405176799999936, -28.266169699999978 ], [ -52.406843699999968, -28.266338499999961 ], [ -52.406921599999976, -28.26594579999994 ], [ -52.405989899999952, -28.265902799999935 ], [ -52.405385499999966, -28.265832599999953 ], [ -52.404171899999938, -28.265713499999947 ], [ -52.403021899999942, -28.265579399999979 ], [ -52.402122499999962, -28.26541409999993 ], [ -52.401435, -28.265242799999953 ], [ -52.401363099999969, -28.265265299999953 ] ] ] } },
{ "type": "Feature", "properties": { "id": "431410005010016", "cn22_pop03_20a59_tot_2": 0.66666666666666663, "bas.v0001": 309, "dem.v01035": 24, "dem.v01036": 36, "dem.v01037": 51, "dem.v01038": 48, "dem.v01039": 47, "cn22_pop01_res_tot_0": 309, "cn22_pop03_20a59_tot_1": 206 }, "geometry": { "type": "Polygon", "coordinates": [ [ [ -52.408936199999971, -28.265809499999932 ], [ -52.409989399999972, -28.26628009999996 ], [ -52.411083899999937, -28.266785499999969 ], [ -52.412202199999967, -28.267322699999966 ], [ -52.412784199999976, -28.266331199999968 ], [ -52.411695099999974, -28.265795899999944 ], [ -52.410604, -28.265277899999944 ], [ -52.409532799999965, -28.264768599999968 ], [ -52.408936199999971, -28.265809499999932 ] ] ] } },
{ "type": "Feature", "properties": { "id": "431410005010019", "cn22_pop03_20a59_tot_2": 0.6919642857142857, "bas.v0001": 448, "dem.v01035": 110, "dem.v01036": 73, "dem.v01037": 63, "dem.v01038": 24, "dem.v01039": 40, "cn22_pop01_res_tot_0": 448, "cn22_pop03_20a59_tot_1": 310 }, "geometry": { "type": "Polygon", "coordinates": [ [ [ -52.408108899999945, -28.261343499999953 ], [ -52.409282899999937, -28.261896899999954 ], [ -52.410794399999986, -28.262635599999953 ], [ -52.410916, -28.262416099999939 ], [ -52.411560599999973, -28.26138119999996 ], [ -52.411048699999981, -28.261141399999929 ], [ -52.410046599999987, -28.260669899999982 ], [ -52.408892399999957, -28.260112299999946 ], [ -52.408222899999942, -28.261168899999973 ], [ -52.408108899999945, -28.261343499999953 ] ] ] } },
{ "type": "Feature", "properties": { "id": "431410005010020", "cn22_pop03_20a59_tot_2": 0.74, "bas.v0001": 100, "dem.v01035": 32, "dem.v01036": 14, "dem.v01037": 15, "dem.v01038": 4, "dem.v01039": 9, "cn22_pop01_res_tot_0": 100, "cn22_pop03_20a59_tot_1": 74 }, "geometry": { "type": "Polygon", "coordinates": [ [ [ -52.406252299999949, -28.26195359999997 ], [ -52.407435, -28.262520799999947 ], [ -52.408108899999945, -28.261343499999953 ], [ -52.407952, -28.261269499999969 ], [ -52.406957699999964, -28.260772399999951 ], [ -52.406252299999949, -28.26195359999997 ] ] ] } },
{ "type": "Feature", "properties": { "id": "431410005010021", "cn22_pop03_20a59_tot_2": 0.64646464646464652, "bas.v0001": 594, "dem.v01035": 84, "dem.v01036": 84, "dem.v01037": 93, "dem.v01038": 68, "dem.v01039": 55, "cn22_pop01_res_tot_0": 594, "cn22_pop03_20a59_tot_1": 384 }, "geometry": { "type": "Polygon", "coordinates": [ [ [ -52.403877399999942, -28.26344169999993 ], [ -52.404994199999976, -28.263967699999966 ], [ -52.406063899999936, -28.264460099999951 ], [ -52.406233199999974, -28.264536299999975 ], [ -52.40688849999998, -28.263491899999963 ], [ -52.407435, -28.262520799999947 ], [ -52.406252299999949, -28.26195359999997 ], [ -52.404932799999983, -28.261317299999973 ], [ -52.404422199999942, -28.262326 ], [ -52.403877399999942, -28.26344169999993 ] ] ] } },
{ "type": "Feature", "properties": { "id": "431410005010022", "cn22_pop03_20a59_tot_2": 0.6679946879150066, "bas.v0001": 753, "dem.v01035": 85, "dem.v01036": 111, "dem.v01037": 129, "dem.v01038": 114, "dem.v01039": 64, "cn22_pop01_res_tot_0": 753, "cn22_pop03_20a59_tot_1": 503 }, "geometry": { "type": "Polygon", "coordinates": [ [ [ -52.407986299999948, -28.264028099999962 ], [ -52.40736789999994, -28.265084099999967 ], [ -52.408158599999979, -28.265454799999929 ], [ -52.408936199999971, -28.265809499999932 ], [ -52.409532799999965, -28.264768599999968 ], [ -52.408837699999935, -28.264445499999965 ], [ -52.409548699999959, -28.263472 ], [ -52.408576399999959, -28.263043599999946 ], [ -52.407986299999948, -28.264028099999962 ] ] ] } },
{ "type": "Feature", "properties": { "id": "431410005010023", "cn22_pop03_20a59_tot_2": 0.67627494456762749, "bas.v0001": 451, "dem.v01035": 93, "dem.v01036": 60, "dem.v01037": 74, "dem.v01038": 36, "dem.v01039": 42, "cn22_pop01_res_tot_0": 451, "cn22_pop03_20a59_tot_1": 305 }, "geometry": { "type": "Polygon", "coordinates": [ [ [ -52.408576399999959, -28.263043599999946 ], [ -52.409548699999959, -28.263472 ], [ -52.408837699999935, -28.264445499999965 ], [ -52.409532799999965, -28.264768599999968 ], [ -52.410154399999954, -28.263747399999943 ], [ -52.410794399999986, -28.262635599999953 ], [ -52.409282899999937, -28.261896899999954 ], [ -52.408576399999959, -28.263043599999946 ] ] ] } },
{ "type": "Feature", "properties": { "id": "431410005010024", "cn22_pop03_20a59_tot_2": 0.54435925520262873, "bas.v0001": 913, "dem.v01035": 63, "dem.v01036": 69, "dem.v01037": 125, "dem.v01038": 138, "dem.v01039": 102, "cn22_pop01_res_tot_0": 913, "cn22_pop03_20a59_tot_1": 497 }, "geometry": { "type": "Polygon", "coordinates": [ [ [ -52.412176499999987, -28.260356599999966 ], [ -52.414403499999935, -28.261428 ], [ -52.415415099999962, -28.261924799999974 ], [ -52.415971599999978, -28.26098589999998 ], [ -52.416161499999987, -28.260635299999933 ], [ -52.416572299999984, -28.259977799999945 ], [ -52.417118699999946, -28.259090599999979 ], [ -52.417854199999965, -28.257908699999973 ], [ -52.418105299999979, -28.257436499999983 ], [ -52.418387, -28.256941599999948 ], [ -52.418608, -28.256406099999936 ], [ -52.418565699999931, -28.256423 ], [ -52.418357499999956, -28.25651019999998 ], [ -52.418088199999943, -28.256601299999943 ], [ -52.417790799999977, -28.256689499999936 ], [ -52.417696899999953, -28.256715 ], [ -52.417592499999955, -28.256739299999936 ], [ -52.417461099999969, -28.256756399999972 ], [ -52.417349399999978, -28.256763299999932 ], [ -52.417169799999954, -28.256768 ], [ -52.416951199999971, -28.256748899999934 ], [ -52.416880699999979, -28.256737399999963 ], [ -52.416837499999986, -28.25672979999996 ], [ -52.41674809999995, -28.256708199999935 ], [ -52.41664389999994, -28.256672699999967 ], [ -52.416593299999931, -28.25665349999997 ], [ -52.416511399999933, -28.256617199999937 ], [ -52.416463, -28.256593099999975 ], [ -52.416409599999952, -28.256565599999931 ], [ -52.41619929999996, -28.256448199999966 ], [ -52.41573029999995, -28.256231899999932 ], [ -52.415271899999937, -28.256038399999966 ], [ -52.415015899999958, -28.255933199999959 ], [ -52.414843399999938, -28.25587029999997 ], [ -52.414383399999963, -28.256641099999968 ], [ -52.413733299999933, -28.257668 ], [ -52.413260699999967, -28.258485299999961 ], [ -52.412176499999987, -28.260356599999966 ] ] ] } },
{ "type": "Feature", "properties": { "id": "431410005010043", "cn22_pop03_20a59_tot_2": 0.61963190184049077, "bas.v0001": 326, "dem.v01035": 33, "dem.v01036": 35, "dem.v01037": 58, "dem.v01038": 39, "dem.v01039": 37, "cn22_pop01_res_tot_0": 326, "cn22_pop03_20a59_tot_1": 202 }, "geometry": { "type": "Polygon", "coordinates": [ [ [ -52.411048699999981, -28.261141399999929 ], [ -52.411560599999973, -28.26138119999996 ], [ -52.412687299999959, -28.261885899999982 ], [ -52.413819899999964, -28.262429099999963 ], [ -52.414810599999953, -28.262929099999951 ], [ -52.415415099999962, -28.261924799999974 ], [ -52.414403499999935, -28.261428 ], [ -52.412176499999987, -28.260356599999966 ], [ -52.411765099999968, -28.260138799999936 ], [ -52.411048699999981, -28.261141399999929 ] ] ] } },
{ "type": "Feature", "properties": { "id": "431410005010025", "cn22_pop03_20a59_tot_2": 0.55498721227621484, "bas.v0001": 782, "dem.v01035": 43, "dem.v01036": 55, "dem.v01037": 113, "dem.v01038": 119, "dem.v01039": 104, "cn22_pop01_res_tot_0": 782, "cn22_pop03_20a59_tot_1": 434 }, "geometry": { "type": "Polygon", "coordinates": [ [ [ -52.41122839999997, -28.256425 ], [ -52.412249199999962, -28.256931 ], [ -52.412635299999977, -28.257118499999933 ], [ -52.412206599999934, -28.257628899999929 ], [ -52.412085299999944, -28.257870299999979 ], [ -52.411936599999933, -28.25814749999995 ], [ -52.411915799999974, -28.258741099999952 ], [ -52.411765099999968, -28.260138799999936 ], [ -52.412176499999987, -28.260356599999966 ], [ -52.413260699999967, -28.258485299999961 ], [ -52.413733299999933, -28.257668 ], [ -52.414383399999963, -28.256641099999968 ], [ -52.414843399999938, -28.25587029999997 ], [ -52.415015899999958, -28.255933199999959 ], [ -52.415271899999937, -28.256038399999966 ], [ -52.41573029999995, -28.256231899999932 ], [ -52.41619929999996, -28.256448199999966 ], [ -52.416409599999952, -28.256565599999931 ], [ -52.416463, -28.256593099999975 ], [ -52.416511399999933, -28.256617199999937 ], [ -52.416593299999931, -28.25665349999997 ], [ -52.41664389999994, -28.256672699999967 ], [ -52.41674809999995, -28.256708199999935 ], [ -52.416837499999986, -28.25672979999996 ], [ -52.416880699999979, -28.256737399999963 ], [ -52.416951199999971, -28.256748899999934 ], [ -52.417169799999954, -28.256768 ], [ -52.417349399999978, -28.256763299999932 ], [ -52.417461099999969, -28.256756399999972 ], [ -52.417592499999955, -28.256739299999936 ], [ -52.417696899999953, -28.256715 ], [ -52.417790799999977, -28.256689499999936 ], [ -52.418088199999943, -28.256601299999943 ], [ -52.418357499999956, -28.25651019999998 ], [ -52.418565699999931, -28.256423 ], [ -52.418608, -28.256406099999936 ], [ -52.418536599999982, -28.256332799999939 ], [ -52.418164199999978, -28.255764099999965 ], [ -52.41778039999997, -28.255250299999943 ], [ -52.417251399999941, -28.254941199999962 ], [ -52.416523499999983, -28.254521699999941 ], [ -52.416133199999933, -28.254266599999937 ], [ -52.415043, -28.253484399999934 ], [ -52.414842299999975, -28.25336 ], [ -52.413080199999968, -28.252727 ], [ -52.412509599999964, -28.254021099999932 ], [ -52.412289699999974, -28.254546599999969 ], [ -52.41199249999994, -28.25522529999995 ], [ -52.411680399999966, -28.255732 ], [ -52.41122839999997, -28.256425 ] ] ] } },
{ "type": "Feature", "properties": { "id": "431410005010026", "cn22_pop03_20a59_tot_2": 0.56521739130434778, "bas.v0001": 598, "dem.v01035": 18, "dem.v01036": 35, "dem.v01037": 92, "dem.v01038": 119, "dem.v01039": 74, "cn22_pop01_res_tot_0": 598, "cn22_pop03_20a59_tot_1": 338 }, "geometry": { "type": "Polygon", "coordinates": [ [ [ -52.406624799999975, -28.25364819999993 ], [ -52.407143799999972, -28.253996299999983 ], [ -52.407647499999939, -28.254238599999951 ], [ -52.408714499999974, -28.255258599999934 ], [ -52.409974899999952, -28.25584 ], [ -52.41122839999997, -28.256425 ], [ -52.411680399999966, -28.255732 ], [ -52.41199249999994, -28.25522529999995 ], [ -52.412289699999974, -28.254546599999969 ], [ -52.412509599999964, -28.254021099999932 ], [ -52.413080199999968, -28.252727 ], [ -52.411347099999944, -28.253209599999934 ], [ -52.41006, -28.252719799999966 ], [ -52.408794899999975, -28.252236499999981 ], [ -52.407536, -28.251747699999953 ], [ -52.407339499999978, -28.252157899999929 ], [ -52.407494, -28.252684 ], [ -52.407216399999982, -28.25304 ], [ -52.406624799999975, -28.25364819999993 ] ] ] } },
{ "type": "Feature", "properties": { "id": "431410005010027", "cn22_pop03_20a59_tot_2": 0.67259786476868333, "bas.v0001": 281, "dem.v01035": 20, "dem.v01036": 31, "dem.v01037": 73, "dem.v01038": 37, "dem.v01039": 28, "cn22_pop01_res_tot_0": 281, "cn22_pop03_20a59_tot_1": 189 }, "geometry": { "type": "Polygon", "coordinates": [ [ [ -52.401706099999956, -28.252483299999938 ], [ -52.402121099999931, -28.25279409999996 ], [ -52.402887499999963, -28.25336539999995 ], [ -52.404060899999934, -28.254271499999959 ], [ -52.404976699999963, -28.253368 ], [ -52.40377239999998, -28.252456399999971 ], [ -52.402595699999949, -28.251564 ], [ -52.401706099999956, -28.252483299999938 ] ] ] } },
{ "type": "Feature", "properties": { "id": "431410005010028", "cn22_pop03_20a59_tot_2": 0.61498708010335912, "bas.v0001": 774, "dem.v01035": 64, "dem.v01036": 65, "dem.v01037": 130, "dem.v01038": 124, "dem.v01039": 93, "cn22_pop01_res_tot_0": 774, "cn22_pop03_20a59_tot_1": 476 }, "geometry": { "type": "Polygon", "coordinates": [ [ [ -52.399950399999966, -28.256399 ], [ -52.401104399999952, -28.257271599999967 ], [ -52.401731299999938, -28.256664199999932 ], [ -52.402064699999983, -28.256321 ], [ -52.403034599999955, -28.255313499999943 ], [ -52.404060899999934, -28.254271499999959 ], [ -52.402887499999963, -28.25336539999995 ], [ -52.40184759999994, -28.254442 ], [ -52.400868599999967, -28.255445799999961 ], [ -52.399950399999966, -28.256399 ] ] ] } },
{ "type": "Feature", "properties": { "id": "431410005000179", "cn22_pop03_20a59_tot_2": 0.58333333333333337, "bas.v0001": 84, "dem.v01035": 14, "dem.v01036": 11, "dem.v01037": 7, "dem.v01038": 12, "dem.v01039": 5, "cn22_pop01_res_tot_0": 84, "cn22_pop03_20a59_tot_1": 49 }, "geometry": { "type": "Polygon", "coordinates": [ [ [ -52.322343, -28.238668099999984 ], [ -52.321712699999978, -28.237691199999972 ], [ -52.321308299999941, -28.237549399999978 ], [ -52.318461699999943, -28.238295199999982 ], [ -52.320173899999986, -28.239529399999981 ], [ -52.322343, -28.238668099999984 ] ] ] } },
{ "type": "Feature", "properties": { "id": "431410005000180", "cn22_pop03_20a59_tot_2": 0.57460317460317456, "bas.v0001": 315, "dem.v01035": 23, "dem.v01036": 16, "dem.v01037": 42, "dem.v01038": 41, "dem.v01039": 59, "cn22_pop01_res_tot_0": 315, "cn22_pop03_20a59_tot_1": 181 }, "geometry": { "type": "Polygon", "coordinates": [ [ [ -52.378028699999959, -28.185578499999963 ], [ -52.374399599999947, -28.186196699999982 ], [ -52.367902299999969, -28.191777699999932 ], [ -52.364648, -28.192518299999961 ], [ -52.361523599999941, -28.191747499999963 ], [ -52.35314649999998, -28.193972699999961 ], [ -52.33597089999995, -28.200633 ], [ -52.327825099999984, -28.196752899999979 ], [ -52.314850599999943, -28.196069699999953 ], [ -52.303393799999981, -28.191593499999954 ], [ -52.302003399999933, -28.195915499999956 ], [ -52.300337799999966, -28.198179 ], [ -52.297877799999981, -28.199787599999979 ], [ -52.293546899999967, -28.200982199999942 ], [ -52.290271799999971, -28.201885799999957 ], [ -52.288508599999943, -28.204052299999944 ], [ -52.288152, -28.209744699999931 ], [ -52.28666979999997, -28.214141099999949 ], [ -52.287927499999967, -28.220046799999977 ], [ -52.287240199999985, -28.227106299999946 ], [ -52.289411799999982, -28.230025599999976 ], [ -52.289320399999951, -28.231281099999933 ], [ -52.28606149999996, -28.229965599999957 ], [ -52.27715539999997, -28.228314399999931 ], [ -52.276724499999943, -28.228287 ], [ -52.276375099999939, -28.228343299999949 ], [ -52.276017699999954, -28.228476499999942 ], [ -52.275725699999953, -28.228670399999942 ], [ -52.275470299999938, -28.228936399999952 ], [ -52.275145099999975, -28.229388299999982 ], [ -52.274642299999982, -28.230081799999937 ], [ -52.274170399999946, -28.23073839999995 ], [ -52.27373689999996, -28.231350099999929 ], [ -52.273335199999963, -28.23189629999996 ], [ -52.273081599999955, -28.232223199999964 ], [ -52.272785099999965, -28.232647899999961 ], [ -52.272434099999941, -28.233106199999952 ], [ -52.27203929999996, -28.233642 ], [ -52.271791299999961, -28.234005099999933 ], [ -52.271429399999931, -28.234545899999944 ], [ -52.271089099999983, -28.235012099999949 ], [ -52.270459799999969, -28.235843099999954 ], [ -52.270013199999937, -28.23645259999995 ], [ -52.269373299999984, -28.237342699999942 ], [ -52.269205799999952, -28.237589699999944 ], [ -52.268984499999931, -28.237887 ], [ -52.268575599999963, -28.238465799999972 ], [ -52.268410699999947, -28.238695099999973 ], [ -52.268199599999946, -28.239076799999964 ], [ -52.267795599999943, -28.239908399999933 ], [ -52.267384199999981, -28.240736499999969 ], [ -52.267107799999962, -28.241290899999967 ], [ -52.267025099999955, -28.241698 ], [ -52.267055199999959, -28.242182299999968 ], [ -52.26724059999998, -28.242872899999952 ], [ -52.26741439999995, -28.243458799999928 ], [ -52.267580099999975, -28.243991699999981 ], [ -52.267691899999932, -28.244435799999962 ], [ -52.26770769999996, -28.244778699999983 ], [ -52.26761879999998, -28.245118599999955 ], [ -52.267518699999982, -28.245369 ], [ -52.267403199999933, -28.245542899999975 ], [ -52.267166299999985, -28.245941699999946 ], [ -52.266914699999973, -28.246280899999931 ], [ -52.266710599999954, -28.246585499999981 ], [ -52.266469699999959, -28.246979899999928 ], [ -52.266195299999936, -28.247429699999941 ], [ -52.265925699999968, -28.24788 ], [ -52.265545599999939, -28.248469799999953 ], [ -52.265308499999946, -28.248760399999981 ], [ -52.265071599999942, -28.249004699999944 ], [ -52.264819899999964, -28.249196499999982 ], [ -52.264368, -28.249479699999938 ], [ -52.264312599999982, -28.249648499999978 ], [ -52.265892199999939, -28.249172 ], [ -52.267794899999956, -28.248571199999958 ], [ -52.267725, -28.249136399999941 ], [ -52.267655299999944, -28.249399299999936 ], [ -52.267635299999938, -28.25004359999997 ], [ -52.267883899999958, -28.250895199999945 ], [ -52.268143299999963, -28.251968399999953 ], [ -52.268365399999936, -28.252561699999944 ], [ -52.268142799999964, -28.253237399999932 ], [ -52.268237399999975, -28.254199399999948 ], [ -52.268535099999951, -28.254821599999957 ], [ -52.268931, -28.255473199999983 ], [ -52.269308, -28.256786299999931 ], [ -52.26964, -28.257699599999967 ], [ -52.27007679999997, -28.258126299999958 ], [ -52.270252599999935, -28.25857579999996 ], [ -52.270788699999969, -28.259335399999941 ], [ -52.271258899999964, -28.259784399999944 ], [ -52.271408799999961, -28.260144899999943 ], [ -52.271470199999953, -28.260655899999961 ], [ -52.271852799999976, -28.261554899999965 ], [ -52.272049799999934, -28.261995199999944 ], [ -52.272209, -28.262553099999934 ], [ -52.272341299999937, -28.263209099999983 ], [ -52.27263929999998, -28.263340899999946 ], [ -52.273178199999961, -28.263377299999945 ], [ -52.273857199999952, -28.26302759999993 ], [ -52.274555, -28.262962499999958 ], [ -52.274957299999983, -28.263122099999975 ], [ -52.275456, -28.263147899999979 ], [ -52.275799499999948, -28.263460299999963 ], [ -52.276331099999936, -28.263854599999945 ], [ -52.276790199999937, -28.263868099999968 ], [ -52.277395899999931, -28.263882799999976 ], [ -52.277833499999986, -28.264109 ], [ -52.278454199999942, -28.264432299999953 ], [ -52.278773099999967, -28.26410629999998 ], [ -52.278958899999964, -28.263760799999943 ], [ -52.279318399999966, -28.263754499999948 ], [ -52.279742599999963, -28.264146399999959 ], [ -52.27997819999996, -28.264540799999963 ], [ -52.280283099999963, -28.265227399999958 ], [ -52.280320399999937, -28.265786099999957 ], [ -52.280721, -28.266265499999975 ], [ -52.281353399999944, -28.266556899999955 ], [ -52.281957899999952, -28.266690099999948 ], [ -52.282406499999979, -28.267108599999972 ], [ -52.282750499999963, -28.267223899999976 ], [ -52.28331129999998, -28.267125199999953 ], [ -52.283816399999978, -28.267412599999943 ], [ -52.284356299999956, -28.267620199999953 ], [ -52.285246299999983, -28.267780099999982 ], [ -52.285544399999935, -28.267778499999963 ], [ -52.285979699999984, -28.267695799999956 ], [ -52.286656899999969, -28.267797799999983 ], [ -52.287173899999971, -28.26807759999997 ], [ -52.28748429999996, -28.268658499999958 ], [ -52.287797699999942, -28.269347799999935 ], [ -52.287968, -28.269994699999984 ], [ -52.288384299999962, -28.270510099999967 ], [ -52.288503599999956, -28.270838 ], [ -52.288357399999938, -28.271499799999958 ], [ -52.287859599999933, -28.271823199999972 ], [ -52.287337599999944, -28.272052199999962 ], [ -52.287067199999967, -28.272405299999946 ], [ -52.287806899999964, -28.272685899999942 ], [ -52.288585299999966, -28.272904899999958 ], [ -52.290902799999969, -28.273113299999977 ], [ -52.295863, -28.273156799999981 ], [ -52.302076299999953, -28.274576399999944 ], [ -52.305459599999949, -28.275409599999932 ], [ -52.307051299999955, -28.275511399999971 ], [ -52.311273, -28.277026 ], [ -52.313183599999945, -28.277330099999972 ], [ -52.316314099999943, -28.277460699999949 ], [ -52.31776439999993, -28.277798899999937 ], [ -52.318903199999966, -28.27837489999996 ], [ -52.320431699999972, -28.279386899999963 ], [ -52.321924899999942, -28.280046699999957 ], [ -52.325124499999959, -28.280265399999962 ], [ -52.328195199999982, -28.280118099999981 ], [ -52.330361, -28.280340299999978 ], [ -52.332566099999951, -28.284388 ], [ -52.334257399999956, -28.300218299999983 ], [ -52.334568, -28.300009499999931 ], [ -52.335362099999941, -28.299333299999944 ], [ -52.336631, -28.298295 ], [ -52.337866, -28.297700499999962 ], [ -52.340323099999978, -28.297230799999966 ], [ -52.342077, -28.296683199999961 ], [ -52.342511, -28.296499599999947 ], [ -52.343580899999949, -28.295886199999984 ], [ -52.344380299999955, -28.295329899999956 ], [ -52.342797099999984, -28.293048099999965 ], [ -52.346416799999986, -28.290722899999935 ], [ -52.351249499999938, -28.289409599999942 ], [ -52.350923599999931, -28.289068399999962 ], [ -52.345778799999948, -28.285287599999947 ], [ -52.345751299999961, -28.285045899999943 ], [ -52.345759699999974, -28.284334599999966 ], [ -52.346093499999938, -28.283557 ], [ -52.346427099999971, -28.282676399999957 ], [ -52.346861199999978, -28.28217479999995 ], [ -52.347552, -28.281813299999953 ], [ -52.348177199999952, -28.281588699999929 ], [ -52.348986399999944, -28.281078899999955 ], [ -52.349301799999978, -28.280702099999928 ], [ -52.349563499999931, -28.280509099999961 ], [ -52.350280299999952, -28.280194299999948 ], [ -52.35093349999994, -28.279763599999967 ], [ -52.351549099999943, -28.279182599999956 ], [ -52.352217, -28.278626299999928 ], [ -52.352581499999985, -28.278422399999954 ], [ -52.353199599999982, -28.277715899999976 ], [ -52.353985099999932, -28.277033899999935 ], [ -52.354845899999987, -28.276569599999959 ], [ -52.355886599999963, -28.276234299999942 ], [ -52.357172799999944, -28.275958 ], [ -52.358368699999971, -28.275634699999955 ], [ -52.359446799999944, -28.275436299999967 ], [ -52.359978, -28.275440899999978 ], [ -52.361582199999987, -28.275718299999937 ], [ -52.362825499999985, -28.275843099999975 ], [ -52.363788399999976, -28.275756199999933 ], [ -52.363915399999939, -28.275031699999943 ], [ -52.364019299999939, -28.274565 ], [ -52.36418, -28.273888299999953 ], [ -52.364345599999979, -28.273370499999942 ], [ -52.364548399999933, -28.272779799999967 ], [ -52.364839599999982, -28.272235599999931 ], [ -52.365027299999952, -28.271722699999941 ], [ -52.365022, -28.271474 ], [ -52.364878199999964, -28.270676599999945 ], [ -52.36462419999998, -28.269564399999979 ], [ -52.364541199999962, -28.269273299999952 ], [ -52.36447, -28.268949899999939 ], [ -52.364286099999958, -28.268321499999956 ], [ -52.364148099999966, -28.267986599999972 ], [ -52.364031299999965, -28.26775779999997 ], [ -52.363977099999943, -28.267657199999974 ], [ -52.363925599999959, -28.267564799999946 ], [ -52.363873699999942, -28.267480599999942 ], [ -52.363800199999957, -28.267364799999939 ], [ -52.363751699999966, -28.267289299999959 ], [ -52.363681799999938, -28.267194 ], [ -52.363598099999933, -28.26708119999995 ], [ -52.363503099999946, -28.266961699999968 ], [ -52.363421099999982, -28.266862199999935 ], [ -52.36292439999994, -28.266333299999928 ], [ -52.36219, -28.265548399999943 ], [ -52.362005199999942, -28.265349 ], [ -52.360151899999948, -28.263414099999977 ], [ -52.361369799999977, -28.260322299999928 ], [ -52.361462499999959, -28.259534899999949 ], [ -52.362955499999941, -28.258614199999954 ], [ -52.363013699999954, -28.258445399999971 ], [ -52.363152899999932, -28.258369399999935 ], [ -52.363331899999935, -28.258237899999983 ], [ -52.363380099999972, -28.25781859999995 ], [ -52.36298979999998, -28.257451399999979 ], [ -52.362519199999952, -28.257258299999933 ], [ -52.36196179999996, -28.256974099999979 ], [ -52.361740499999939, -28.256610499999965 ], [ -52.361621699999944, -28.25619469999998 ], [ -52.355349799999942, -28.25298609999993 ], [ -52.35653659999997, -28.23854 ], [ -52.355876599999931, -28.238512299999968 ], [ -52.356245499999943, -28.235684399999968 ], [ -52.358513199999948, -28.222347099999979 ], [ -52.358813299999952, -28.222464599999967 ], [ -52.359013299999958, -28.222229499999969 ], [ -52.359513499999935, -28.221700699999928 ], [ -52.359780199999932, -28.221700699999928 ], [ -52.35991359999997, -28.221877 ], [ -52.35991359999997, -28.222112 ], [ -52.360047, -28.222405799999933 ], [ -52.360080299999936, -28.222699599999942 ], [ -52.360113699999943, -28.222846499999946 ], [ -52.360313699999949, -28.222875899999963 ], [ -52.360913899999957, -28.222964 ], [ -52.361514099999965, -28.223110899999938 ], [ -52.361680799999931, -28.223199 ], [ -52.362280899999973, -28.223434099999963 ], [ -52.363200599999971, -28.22397449999994 ], [ -52.363763, -28.224130099999968 ], [ -52.36431529999993, -28.223981799999933 ], [ -52.36450519999994, -28.223633199999938 ], [ -52.364834799999983, -28.223051299999952 ], [ -52.365224199999943, -28.222899699999971 ], [ -52.365803599999936, -28.222381599999949 ], [ -52.366251299999931, -28.222103499999946 ], [ -52.365910199999973, -28.221322599999951 ], [ -52.366527599999984, -28.220461299999954 ], [ -52.368467499999952, -28.21897789999997 ], [ -52.370019899999932, -28.218341399999929 ], [ -52.372725099999968, -28.217830299999946 ], [ -52.379409799999962, -28.225079299999948 ], [ -52.381685799999957, -28.226512 ], [ -52.382413799999938, -28.22550039999993 ], [ -52.383551499999953, -28.223905299999956 ], [ -52.384836299999961, -28.221700399999975 ], [ -52.38643449999995, -28.218807499999969 ], [ -52.387166899999954, -28.21732789999993 ], [ -52.387587799999949, -28.216506299999935 ], [ -52.387736699999948, -28.216157599999974 ], [ -52.387811899999974, -28.215921699999967 ], [ -52.387834699999985, -28.215733199999931 ], [ -52.387825599999985, -28.21561719999994 ], [ -52.387801, -28.21552319999995 ], [ -52.387762799999962, -28.21543029999998 ], [ -52.387674199999935, -28.215280599999971 ], [ -52.38758439999998, -28.215142399999934 ], [ -52.38722249999995, -28.214641499999971 ], [ -52.387410699999975, -28.214619299999981 ], [ -52.387712099999931, -28.214625 ], [ -52.388032399999986, -28.214697899999976 ], [ -52.388229699999954, -28.214768 ], [ -52.388530699999933, -28.21494649999994 ], [ -52.388750399999935, -28.215139499999964 ], [ -52.388909899999931, -28.215339599999936 ], [ -52.388991699999963, -28.215479399999936 ], [ -52.389048199999934, -28.215607 ], [ -52.389082499999972, -28.215729199999942 ], [ -52.389202899999987, -28.216569399999969 ], [ -52.389258699999971, -28.216813499999944 ], [ -52.389357599999983, -28.217041399999971 ], [ -52.389476799999954, -28.217251899999951 ], [ -52.389661699999976, -28.21747229999994 ], [ -52.389839399999971, -28.217640199999948 ], [ -52.390053499999965, -28.217801899999984 ], [ -52.390228899999954, -28.217900199999974 ], [ -52.390431, -28.217971599999942 ], [ -52.390648399999975, -28.218033399999968 ], [ -52.390923799999939, -28.218081199999972 ], [ -52.392287599999975, -28.21825 ], [ -52.392521299999942, -28.218298599999969 ], [ -52.392742299999952, -28.218378499999972 ], [ -52.392924099999959, -28.218443799999932 ], [ -52.393082499999934, -28.218530099999953 ], [ -52.393399299999942, -28.218748399999981 ], [ -52.393886299999963, -28.219248299999947 ], [ -52.395240099999967, -28.220426199999963 ], [ -52.395745899999952, -28.22053109999996 ], [ -52.39647169999995, -28.220590699999946 ], [ -52.397044899999969, -28.220580799999937 ], [ -52.397260099999983, -28.220601299999942 ], [ -52.397569199999964, -28.220681 ], [ -52.397854399999972, -28.220779399999969 ], [ -52.398050499999954, -28.220891 ], [ -52.398352699999975, -28.221111 ], [ -52.398602399999959, -28.22137 ], [ -52.398751299999958, -28.221597499999973 ], [ -52.398866399999974, -28.221831099999974 ], [ -52.398913499999935, -28.221985599999982 ], [ -52.399660499999982, -28.226390399999957 ], [ -52.399282299999982, -28.227029799999968 ], [ -52.398768099999984, -28.228283 ], [ -52.398485099999959, -28.229041499999937 ], [ -52.398542199999952, -28.22940129999995 ], [ -52.39853329999994, -28.229693199999929 ], [ -52.3984, -28.23025789999997 ], [ -52.398302199999932, -28.230499299999963 ], [ -52.398493799999983, -28.230529099999956 ], [ -52.39863779999996, -28.230553399999962 ], [ -52.398864299999957, -28.230597899999964 ], [ -52.399266, -28.230699499999957 ], [ -52.400313099999948, -28.230964899999947 ], [ -52.401559099999986, -28.231281799999977 ], [ -52.401944899999933, -28.231403599999965 ], [ -52.402244699999983, -28.231518 ], [ -52.402523599999938, -28.231632699999977 ], [ -52.402726299999983, -28.231718099999966 ], [ -52.403169899999966, -28.231985 ], [ -52.403873499999975, -28.232393 ], [ -52.405008699999939, -28.233036 ], [ -52.406138899999974, -28.233704499999931 ], [ -52.406616399999962, -28.233955399999957 ], [ -52.407077299999969, -28.234150599999964 ], [ -52.407348399999933, -28.234251499999971 ], [ -52.407650199999978, -28.234347299999968 ], [ -52.408193399999959, -28.234472199999971 ], [ -52.40954789999995, -28.234674299999938 ], [ -52.414870399999984, -28.235351899999955 ], [ -52.414873699999987, -28.235304399999961 ], [ -52.414887, -28.235263499999974 ], [ -52.414910199999952, -28.235221299999978 ], [ -52.415366899999981, -28.234588299999928 ], [ -52.415432199999941, -28.234443899999974 ], [ -52.415489, -28.234342699999956 ], [ -52.415530299999944, -28.234196099999963 ], [ -52.41553209999995, -28.23412819999993 ], [ -52.415515299999981, -28.234025699999961 ], [ -52.41550239999998, -28.233974499999931 ], [ -52.415476, -28.233928499999934 ], [ -52.415388899999982, -28.233835499999941 ], [ -52.415331599999945, -28.23379639999996 ], [ -52.415240599999947, -28.233752899999956 ], [ -52.414769399999955, -28.233632399999976 ], [ -52.413859599999967, -28.233721399999979 ], [ -52.413003899999978, -28.233810399999982 ], [ -52.412727599999982, -28.233803099999932 ], [ -52.412470499999984, -28.233713699999953 ], [ -52.412368599999979, -28.233574499999975 ], [ -52.412427299999933, -28.233430699999928 ], [ -52.412290199999973, -28.233256499999982 ], [ -52.411955199999966, -28.23315139999994 ], [ -52.411849099999984, -28.232854399999951 ], [ -52.412085299999944, -28.232516499999974 ], [ -52.412154099999952, -28.232004899999936 ], [ -52.412138599999935, -28.231833799999947 ], [ -52.411693699999944, -28.231341 ], [ -52.411512799999969, -28.231195699999944 ], [ -52.411275899999964, -28.230941099999939 ], [ -52.411219199999948, -28.230739 ], [ -52.412433699999951, -28.230709599999955 ], [ -52.412964399999964, -28.230696 ], [ -52.413921499999958, -28.230554299999937 ], [ -52.414464799999962, -28.230333899999948 ], [ -52.414488799999958, -28.229759599999966 ], [ -52.414474799999937, -28.229392399999938 ], [ -52.414564299999938, -28.229071099999942 ], [ -52.414708, -28.22883859999996 ], [ -52.415133399999945, -28.228954199999976 ], [ -52.415587799999969, -28.22910109999998 ], [ -52.416378899999984, -28.229430499999978 ], [ -52.416937099999984, -28.229955399999938 ], [ -52.417287499999986, -28.230172 ], [ -52.417805399999963, -28.230422099999942 ], [ -52.418091899999979, -28.230741299999977 ], [ -52.418625, -28.231438799999978 ], [ -52.41904059999996, -28.23173509999998 ], [ -52.419675299999938, -28.232030799999961 ], [ -52.420090799999969, -28.232315299999982 ], [ -52.420260199999973, -28.232796399999984 ], [ -52.42030079999995, -28.233243699999946 ], [ -52.420303899999965, -28.234092 ], [ -52.420564, -28.234573099999977 ], [ -52.421109099999967, -28.234868899999981 ], [ -52.421744699999977, -28.235152899999946 ], [ -52.422115199999951, -28.235274699999934 ], [ -52.422665599999959, -28.235598 ], [ -52.422723099999985, -28.235417199999972 ], [ -52.422771899999987, -28.235350299999936 ], [ -52.422900099999936, -28.235308799999927 ], [ -52.423009399999955, -28.235326499999928 ], [ -52.423193, -28.235427699999946 ], [ -52.423369399999956, -28.235651599999983 ], [ -52.423499, -28.23570159999997 ], [ -52.423713799999973, -28.235674899999935 ], [ -52.423789399999976, -28.235645799999929 ], [ -52.42386879999998, -28.235628299999973 ], [ -52.42396569999994, -28.235564799999963 ], [ -52.423992599999963, -28.235531 ], [ -52.423980599999936, -28.235434099999964 ], [ -52.423954499999979, -28.235384199999942 ], [ -52.423795599999949, -28.235215699999969 ], [ -52.423603899999932, -28.235111699999948 ], [ -52.423581199999944, -28.235076899999967 ], [ -52.423572299999933, -28.234973699999955 ], [ -52.423597799999982, -28.23486349999996 ], [ -52.423623599999985, -28.234824 ], [ -52.423646899999937, -28.234746899999948 ], [ -52.42363789999996, -28.234693199999981 ], [ -52.423617799999931, -28.234665099999972 ], [ -52.423515099999975, -28.234562899999958 ], [ -52.423466599999983, -28.234529099999975 ], [ -52.42335, -28.234466399999974 ], [ -52.423215899999946, -28.234407199999964 ], [ -52.423159899999973, -28.234357899999964 ], [ -52.423137199999985, -28.234300299999973 ], [ -52.423144099999945, -28.234268 ], [ -52.42317479999997, -28.234221299999945 ], [ -52.42321869999995, -28.234203299999933 ], [ -52.423297099999957, -28.234197699999982 ], [ -52.423450699999933, -28.23417459999996 ], [ -52.423526299999935, -28.234141 ], [ -52.423703399999965, -28.234046599999942 ], [ -52.423878799999954, -28.233947899999976 ], [ -52.424105499999939, -28.233805199999949 ], [ -52.424165, -28.233753599999943 ], [ -52.424366299999974, -28.23358769999993 ], [ -52.424570499999959, -28.233354099999929 ], [ -52.424702499999967, -28.233198499999958 ], [ -52.424807299999941, -28.23312 ], [ -52.42493879999995, -28.233101699999963 ], [ -52.424987099999953, -28.233130499999959 ], [ -52.425021699999945, -28.233197 ], [ -52.425060499999972, -28.233486399999947 ], [ -52.425081099999943, -28.23359929999998 ], [ -52.425128, -28.233749 ], [ -52.425216499999976, -28.233852599999977 ], [ -52.425257099999953, -28.233875399999931 ], [ -52.425315799999964, -28.233874299999968 ], [ -52.42542039999995, -28.233863699999972 ], [ -52.425619299999937, -28.23392 ], [ -52.426498199999969, -28.234678499999973 ], [ -52.42659569999995, -28.234738399999969 ], [ -52.426798299999973, -28.234791899999948 ], [ -52.426882899999953, -28.234802099999968 ], [ -52.427373099999954, -28.234694 ], [ -52.427476299999967, -28.234589599999936 ], [ -52.427472399999942, -28.234432699999957 ], [ -52.427436399999976, -28.234237499999949 ], [ -52.427910199999985, -28.233728799999938 ], [ -52.428433799999937, -28.233523 ], [ -52.428636499999982, -28.233540799999957 ], [ -52.428760899999986, -28.233455699999979 ], [ -52.428661199999965, -28.233345699999973 ], [ -52.428587299999947, -28.233106899999939 ], [ -52.428779599999984, -28.232936799999948 ], [ -52.429156699999965, -28.232953099999975 ], [ -52.42959929999995, -28.232663399999979 ], [ -52.429606299999932, -28.232472399999949 ], [ -52.429765599999939, -28.232057899999973 ], [ -52.430286399999943, -28.231404599999962 ], [ -52.430964199999949, -28.230795799999953 ], [ -52.431471099999953, -28.230078799999944 ], [ -52.431901499999981, -28.229707799999971 ], [ -52.432755899999961, -28.229364499999974 ], [ -52.432728, -28.229080299999964 ], [ -52.432991799999968, -28.228937799999983 ], [ -52.433222099999966, -28.228823299999931 ], [ -52.433718399999975, -28.228815499999939 ], [ -52.434044399999948, -28.228651 ], [ -52.434071, -28.228509899999949 ], [ -52.433703399999956, -28.227905499999963 ], [ -52.433554099999981, -28.22737879999994 ], [ -52.433255199999962, -28.226652799999954 ], [ -52.433133599999962, -28.226458199999968 ], [ -52.432810299999971, -28.225558 ], [ -52.432950299999959, -28.225053 ], [ -52.433066199999985, -28.224651 ], [ -52.43283109999993, -28.224066799999946 ], [ -52.432466499999975, -28.223472299999969 ], [ -52.432282899999962, -28.222841499999959 ], [ -52.43246309999995, -28.222451499999977 ], [ -52.432953699999985, -28.222184699999957 ], [ -52.432939499999975, -28.221726299999943 ], [ -52.432678599999974, -28.221268799999962 ], [ -52.432599899999957, -28.220868 ], [ -52.432968799999969, -28.220592899999929 ], [ -52.433651499999939, -28.220419899999968 ], [ -52.434193299999947, -28.219935 ], [ -52.434242599999948, -28.219823599999984 ], [ -52.43445719999994, -28.21932 ], [ -52.435025, -28.219085199999938 ], [ -52.435365799999943, -28.21914 ], [ -52.435448399999984, -28.219041199999936 ], [ -52.435543499999937, -28.218760499999973 ], [ -52.43536, -28.218369699999982 ], [ -52.44338259999995, -28.220357 ], [ -52.445300599999939, -28.22133139999994 ], [ -52.452183899999966, -28.218534 ], [ -52.456070699999941, -28.217305299999964 ], [ -52.461144199999978, -28.216364099999964 ], [ -52.46476389999998, -28.216677799999957 ], [ -52.465238599999964, -28.216782399999943 ], [ -52.466603499999962, -28.217566699999963 ], [ -52.475059299999941, -28.221671199999946 ], [ -52.481377899999984, -28.224539799999945 ], [ -52.481826499999954, -28.223593899999969 ], [ -52.482043299999987, -28.222901 ], [ -52.482227099999932, -28.221984099999929 ], [ -52.482197099999951, -28.220369 ], [ -52.482157799999982, -28.218725 ], [ -52.482051599999977, -28.21480239999994 ], [ -52.481928799999935, -28.210841799999969 ], [ -52.482693899999958, -28.209800599999937 ], [ -52.484751899999935, -28.208505099999968 ], [ -52.485816599999964, -28.208140899999933 ], [ -52.489209199999948, -28.204032599999948 ], [ -52.490600499999971, -28.202764599999966 ], [ -52.49193379999997, -28.201992399999938 ], [ -52.492768399999932, -28.201513699999964 ], [ -52.493309699999941, -28.200862699999959 ], [ -52.493393599999933, -28.199981099999945 ], [ -52.492969, -28.196443099999954 ], [ -52.493195, -28.195549799999981 ], [ -52.493984699999942, -28.194288899999947 ], [ -52.495685799999933, -28.192174899999941 ], [ -52.497971599999971, -28.188738299999955 ], [ -52.498992399999963, -28.187191599999949 ], [ -52.500703, -28.18627859999998 ], [ -52.502734399999952, -28.186008699999945 ], [ -52.504893399999958, -28.185460399999954 ], [ -52.506182299999978, -28.184597 ], [ -52.510854699999982, -28.180432899999971 ], [ -52.510016399999984, -28.180007 ], [ -52.509271, -28.179995299999973 ], [ -52.507317499999942, -28.181110699999977 ], [ -52.506617699999936, -28.181262799999956 ], [ -52.505216699999949, -28.180577199999959 ], [ -52.503566099999944, -28.179975499999955 ], [ -52.503043599999955, -28.179582399999958 ], [ -52.50266929999998, -28.178673599999968 ], [ -52.502508, -28.177137899999934 ], [ -52.502114899999981, -28.175929599999961 ], [ -52.502049099999965, -28.174583899999959 ], [ -52.501910499999951, -28.172827699999971 ], [ -52.501622199999986, -28.17150769999995 ], [ -52.5015, -28.170641399999965 ], [ -52.500948699999981, -28.170248299999969 ], [ -52.50082139999995, -28.170003299999962 ], [ -52.50098939999998, -28.168634699999927 ], [ -52.500032199999964, -28.166536599999972 ], [ -52.499282199999982, -28.165113899999938 ], [ -52.498415499999965, -28.164693599999964 ], [ -52.497704899999974, -28.163417099999947 ], [ -52.497162699999933, -28.16252819999994 ], [ -52.496103599999969, -28.162065 ], [ -52.495062299999972, -28.161535299999969 ], [ -52.494298299999969, -28.160516499999972 ], [ -52.494444399999963, -28.158985399999949 ], [ -52.494142499999953, -28.158337299999971 ], [ -52.492633799999965, -28.157702699999959 ], [ -52.492209199999934, -28.156891499999972 ], [ -52.491884299999981, -28.155444399999965 ], [ -52.491642099999979, -28.153301399999975 ], [ -52.491108399999973, -28.149924899999974 ], [ -52.490332699999954, -28.148987499999976 ], [ -52.49024819999994, -28.147526299999981 ], [ -52.488393099999939, -28.141632 ], [ -52.487935199999981, -28.137720599999966 ], [ -52.487118499999951, -28.137471199999936 ], [ -52.487266099999943, -28.136893599999951 ], [ -52.486414499999967, -28.138667799999951 ], [ -52.48289589999996, -28.141068399999938 ], [ -52.481033299999979, -28.145149 ], [ -52.479411399999947, -28.145801399999982 ], [ -52.477713499999936, -28.147728499999971 ], [ -52.477967799999931, -28.148678599999982 ], [ -52.476287799999966, -28.149835499999938 ], [ -52.476722699999982, -28.152702 ], [ -52.475913599999956, -28.153680899999983 ], [ -52.47681069999993, -28.154681399999959 ], [ -52.475491099999942, -28.155836 ], [ -52.475833799999975, -28.156869099999938 ], [ -52.472350099999971, -28.153885699999933 ], [ -52.471960399999944, -28.152289 ], [ -52.469233299999985, -28.153321299999959 ], [ -52.469487199999946, -28.154370699999959 ], [ -52.467824299999961, -28.155527599999971 ], [ -52.46800159999998, -28.158020499999964 ], [ -52.470771099999979, -28.158957199999975 ], [ -52.470729399999982, -28.161533299999974 ], [ -52.468180299999972, -28.162848199999928 ], [ -52.465076199999942, -28.167589499999963 ], [ -52.46202169999998, -28.16898249999997 ], [ -52.458767599999931, -28.167670199999975 ], [ -52.457787899999971, -28.168315099999973 ], [ -52.457722599999954, -28.170023899999933 ], [ -52.45564909999996, -28.171383599999956 ], [ -52.453262699999982, -28.17048879999993 ], [ -52.453227399999946, -28.171886799999982 ], [ -52.449238799999932, -28.172501099999977 ], [ -52.448977099999979, -28.171088099999963 ], [ -52.440619699999957, -28.175074599999959 ], [ -52.434429899999941, -28.175148299999933 ], [ -52.420806199999959, -28.174982899999975 ], [ -52.418625099999986, -28.174199899999962 ], [ -52.416287399999931, -28.173751599999946 ], [ -52.415343, -28.17481429999998 ], [ -52.410729799999956, -28.174876299999937 ], [ -52.407550499999957, -28.178031199999964 ], [ -52.406011899999953, -28.181105799999955 ], [ -52.402031399999942, -28.184079 ], [ -52.397891299999969, -28.188719 ], [ -52.396034, -28.18889669999993 ], [ -52.393318799999975, -28.187448499999959 ], [ -52.390267199999982, -28.187666099999944 ], [ -52.384960099999944, -28.186083499999938 ], [ -52.382883499999934, -28.186550699999941 ], [ -52.380471199999931, -28.185161799999946 ], [ -52.378028699999959, -28.185578499999963 ] ], [ [ -52.322343, -28.238668099999984 ], [ -52.320173899999986, -28.239529399999981 ], [ -52.318461699999943, -28.238295199999982 ], [ -52.321308299999941, -28.237549399999978 ], [ -52.321712699999978, -28.237691199999972 ], [ -52.322343, -28.238668099999984 ] ] ] } },
{ "type": "Feature", "properties": { "id": "431410005010001", "cn22_pop03_20a59_tot_2": 0.66666666666666663, "bas.v0001": 654, "dem.v01035": 92, "dem.v01036": 99, "dem.v01037": 107, "dem.v01038": 71, "dem.v01039": 67, "cn22_pop01_res_tot_0": 654, "cn22_pop03_20a59_tot_1": 436 }, "geometry": { "type": "Polygon", "coordinates": [ [ [ -52.405655499999966, -28.260142899999948 ], [ -52.404932799999983, -28.261317299999973 ], [ -52.406252299999949, -28.26195359999997 ], [ -52.406957699999964, -28.260772399999951 ], [ -52.407952, -28.261269499999969 ], [ -52.408108899999945, -28.261343499999953 ], [ -52.408222899999942, -28.261168899999973 ], [ -52.408892399999957, -28.260112299999946 ], [ -52.407668799999954, -28.259564699999942 ], [ -52.406395499999974, -28.258960899999977 ], [ -52.405744, -28.259992699999941 ], [ -52.405655499999966, -28.260142899999948 ] ] ] } },
{ "type": "Feature", "properties": { "id": "431410005010002", "cn22_pop03_20a59_tot_2": 0.60326086956521741, "bas.v0001": 368, "dem.v01035": 39, "dem.v01036": 57, "dem.v01037": 32, "dem.v01038": 46, "dem.v01039": 48, "cn22_pop01_res_tot_0": 368, "cn22_pop03_20a59_tot_1": 222 }, "geometry": { "type": "Polygon", "coordinates": [ [ [ -52.407435, -28.262520799999947 ], [ -52.40688849999998, -28.263491899999963 ], [ -52.407986299999948, -28.264028099999962 ], [ -52.408576399999959, -28.263043599999946 ], [ -52.409282899999937, -28.261896899999954 ], [ -52.408108899999945, -28.261343499999953 ], [ -52.407435, -28.262520799999947 ] ] ] } },
{ "type": "Feature", "properties": { "id": "431410005010003", "cn22_pop03_20a59_tot_2": 0.71290944123314071, "bas.v0001": 519, "dem.v01035": 78, "dem.v01036": 77, "dem.v01037": 92, "dem.v01038": 59, "dem.v01039": 64, "cn22_pop01_res_tot_0": 519, "cn22_pop03_20a59_tot_1": 370 }, "geometry": { "type": "Polygon", "coordinates": [ [ [ -52.40958569999998, -28.259054499999934 ], [ -52.41067739999994, -28.259604599999932 ], [ -52.411765099999968, -28.260138799999936 ], [ -52.411915799999974, -28.258741099999952 ], [ -52.411936599999933, -28.25814749999995 ], [ -52.412085299999944, -28.257870299999979 ], [ -52.412206599999934, -28.257628899999929 ], [ -52.412635299999977, -28.257118499999933 ], [ -52.412249199999962, -28.256931 ], [ -52.41122839999997, -28.256425 ], [ -52.41077329999996, -28.25715189999994 ], [ -52.410257099999967, -28.257918699999948 ], [ -52.40958569999998, -28.259054499999934 ] ] ] } },
{ "type": "Feature", "properties": { "id": "431410005010054", "cn22_pop03_20a59_tot_2": 0.59926470588235292, "bas.v0001": 544, "dem.v01035": 42, "dem.v01036": 59, "dem.v01037": 92, "dem.v01038": 54, "dem.v01039": 79, "cn22_pop01_res_tot_0": 544, "cn22_pop03_20a59_tot_1": 326 }, "geometry": { "type": "Polygon", "coordinates": [ [ [ -52.400574199999937, -28.26334369999995 ], [ -52.400713399999972, -28.26425439999997 ], [ -52.400755199999935, -28.264395699999966 ], [ -52.400835899999947, -28.264584199999945 ], [ -52.400901199999964, -28.264721899999984 ], [ -52.401198499999964, -28.265111399999967 ], [ -52.401435, -28.265242799999953 ], [ -52.402122499999962, -28.26541409999993 ], [ -52.403021899999942, -28.265579399999979 ], [ -52.404171899999938, -28.265713499999947 ], [ -52.405385499999966, -28.265832599999953 ], [ -52.405989899999952, -28.265902799999935 ], [ -52.406921599999976, -28.26594579999994 ], [ -52.406843699999968, -28.266338499999961 ], [ -52.406784799999969, -28.266817499999945 ], [ -52.407459099999983, -28.266945699999951 ], [ -52.408107599999937, -28.267242099999976 ], [ -52.408936199999971, -28.265809499999932 ], [ -52.408158599999979, -28.265454799999929 ], [ -52.40736789999994, -28.265084099999967 ], [ -52.407986299999948, -28.264028099999962 ], [ -52.40688849999998, -28.263491899999963 ], [ -52.406233199999974, -28.264536299999975 ], [ -52.405928299999971, -28.265028 ], [ -52.405817499999955, -28.26519019999995 ], [ -52.405629899999951, -28.265191699999946 ], [ -52.40521549999994, -28.265172499999949 ], [ -52.40468, -28.265102899999931 ], [ -52.404323099999942, -28.26501 ], [ -52.403244299999983, -28.264495499999953 ], [ -52.401931799999943, -28.263920499999983 ], [ -52.400942, -28.263478099999929 ], [ -52.400873699999977, -28.263388499999962 ], [ -52.400838299999975, -28.26329 ], [ -52.400789499999973, -28.263139599999931 ], [ -52.400692699999979, -28.263243399999965 ], [ -52.400574199999937, -28.26334369999995 ] ] ] } },
{ "type": "Feature", "properties": { "id": "431410005010055", "cn22_pop03_20a59_tot_2": 0.66491458607095921, "bas.v0001": 761, "dem.v01035": 84, "dem.v01036": 105, "dem.v01037": 178, "dem.v01038": 91, "dem.v01039": 48, "cn22_pop01_res_tot_0": 761, "cn22_pop03_20a59_tot_1": 506 }, "geometry": { "type": "Polygon", "coordinates": [ [ [ -52.394699399999979, -28.254202699999951 ], [ -52.394881399999974, -28.254373599999951 ], [ -52.394115, -28.255177599999968 ], [ -52.394930099999954, -28.25580169999995 ], [ -52.394167, -28.256579199999976 ], [ -52.395074499999964, -28.257253799999944 ], [ -52.395910699999945, -28.25788289999997 ], [ -52.396428399999934, -28.258225699999969 ], [ -52.397856699999977, -28.256578599999955 ], [ -52.398785099999941, -28.255530699999952 ], [ -52.395925399999953, -28.253370299999972 ], [ -52.395684599999981, -28.253671499999939 ], [ -52.395350899999983, -28.253913199999943 ], [ -52.394800399999951, -28.254143699999929 ], [ -52.394699399999979, -28.254202699999951 ] ] ] } },
{ "type": "Feature", "properties": { "id": "431410005010056", "cn22_pop03_20a59_tot_2": null, "bas.v0001": 0, "dem.v01035": null, "dem.v01036": null, "dem.v01037": null, "dem.v01038": null, "dem.v01039": null, "cn22_pop01_res_tot_0": 0, "cn22_pop03_20a59_tot_1": null }, "geometry": { "type": "Polygon", "coordinates": [ [ [ -52.394115, -28.255177599999968 ], [ -52.394881399999974, -28.254373599999951 ], [ -52.394699399999979, -28.254202699999951 ], [ -52.394290599999977, -28.25444159999995 ], [ -52.394087499999955, -28.254567899999984 ], [ -52.39399549999996, -28.254640299999949 ], [ -52.393849499999931, -28.25482169999998 ], [ -52.39378819999996, -28.254927399999929 ], [ -52.394115, -28.255177599999968 ] ] ] } },
{ "type": "Feature", "properties": { "id": "431410005020001", "cn22_pop03_20a59_tot_2": 0.55678233438485802, "bas.v0001": 634, "dem.v01035": 34, "dem.v01036": 25, "dem.v01037": 100, "dem.v01038": 89, "dem.v01039": 105, "cn22_pop01_res_tot_0": 634, "cn22_pop03_20a59_tot_1": 353 }, "geometry": { "type": "Polygon", "coordinates": [ [ [ -52.433646899999985, -28.256300299999964 ], [ -52.433884, -28.257718399999931 ], [ -52.433924899999965, -28.257968399999982 ], [ -52.434025099999985, -28.25852679999997 ], [ -52.434096099999977, -28.259082499999977 ], [ -52.434167499999944, -28.259643799999935 ], [ -52.43426889999995, -28.260282599999982 ], [ -52.434377, -28.260929799999928 ], [ -52.434475199999952, -28.261524299999962 ], [ -52.434521299999972, -28.261587799999973 ], [ -52.434846899999968, -28.261506499999939 ], [ -52.435637199999974, -28.260825599999976 ], [ -52.435882699999979, -28.260808299999951 ], [ -52.436239, -28.26081019999998 ], [ -52.436239299999954, -28.259804799999984 ], [ -52.436270699999966, -28.258801299999959 ], [ -52.436277099999984, -28.258236099999976 ], [ -52.436280299999964, -28.257662499999981 ], [ -52.43538129999996, -28.257783099999983 ], [ -52.435252099999957, -28.256982199999982 ], [ -52.435144, -28.256277699999941 ], [ -52.43496289999996, -28.255510299999969 ], [ -52.434869, -28.255526 ], [ -52.43455419999998, -28.255821199999957 ], [ -52.434242799999936, -28.255971699999975 ], [ -52.434041199999967, -28.256083699999976 ], [ -52.433898599999964, -28.256160499999964 ], [ -52.433762699999932, -28.256224499999973 ], [ -52.433646899999985, -28.256300299999964 ] ] ] } },
{ "type": "Feature", "properties": { "id": "431410005020002", "cn22_pop03_20a59_tot_2": 0.58626465661641536, "bas.v0001": 1791, "dem.v01035": 137, "dem.v01036": 109, "dem.v01037": 257, "dem.v01038": 329, "dem.v01039": 218, "cn22_pop01_res_tot_0": 1791, "cn22_pop03_20a59_tot_1": 1050 }, "geometry": { "type": "Polygon", "coordinates": [ [ [ -52.430474899999979, -28.259370699999977 ], [ -52.430479099999957, -28.259404399999937 ], [ -52.430328699999961, -28.259807299999977 ], [ -52.430099499999983, -28.259929599999964 ], [ -52.429888799999958, -28.260255299999983 ], [ -52.429405399999951, -28.260815599999944 ], [ -52.428884899999957, -28.261547399999984 ], [ -52.428634399999964, -28.261656399999936 ], [ -52.42862329999997, -28.261910499999942 ], [ -52.428461899999945, -28.26216919999996 ], [ -52.428234399999951, -28.262493399999983 ], [ -52.428120699999965, -28.26271509999998 ], [ -52.428101, -28.263107399999967 ], [ -52.428598699999952, -28.263330599999961 ], [ -52.432051699999931, -28.263833599999941 ], [ -52.433428399999968, -28.264054199999975 ], [ -52.433755, -28.264064399999938 ], [ -52.434252699999945, -28.264019299999973 ], [ -52.434893799999941, -28.263961199999983 ], [ -52.434814, -28.263409399999944 ], [ -52.434612299999969, -28.262093899999968 ], [ -52.434882499999958, -28.261979099999962 ], [ -52.435920099999976, -28.261063199999967 ], [ -52.435882699999979, -28.260808299999951 ], [ -52.435637199999974, -28.260825599999976 ], [ -52.434846899999968, -28.261506499999939 ], [ -52.434521299999972, -28.261587799999973 ], [ -52.434475199999952, -28.261524299999962 ], [ -52.434377, -28.260929799999928 ], [ -52.43426889999995, -28.260282599999982 ], [ -52.434167499999944, -28.259643799999935 ], [ -52.434096099999977, -28.259082499999977 ], [ -52.434025099999985, -28.25852679999997 ], [ -52.433924899999965, -28.257968399999982 ], [ -52.433884, -28.257718399999931 ], [ -52.433646899999985, -28.256300299999964 ], [ -52.433481699999959, -28.256367099999977 ], [ -52.43304089999998, -28.25659509999997 ], [ -52.432801199999972, -28.256701899999939 ], [ -52.432650499999966, -28.256695399999955 ], [ -52.432487799999933, -28.256973 ], [ -52.432411599999966, -28.257380299999966 ], [ -52.432177299999978, -28.257664899999952 ], [ -52.43183659999994, -28.257922 ], [ -52.431456599999933, -28.257908499999928 ], [ -52.431045199999971, -28.258051799999976 ], [ -52.430735399999946, -28.258088699999973 ], [ -52.430594299999939, -28.258144899999934 ], [ -52.430415799999935, -28.25829989999994 ], [ -52.430366599999957, -28.258718299999941 ], [ -52.430415899999957, -28.259012899999959 ], [ -52.430436899999961, -28.259165499999938 ], [ -52.430456399999969, -28.25930969999996 ], [ -52.430474899999979, -28.259370699999977 ] ] ] } },
{ "type": "Feature", "properties": { "id": "431410005020003", "cn22_pop03_20a59_tot_2": 0.55474452554744524, "bas.v0001": 411, "dem.v01035": 24, "dem.v01036": 30, "dem.v01037": 68, "dem.v01038": 44, "dem.v01039": 62, "cn22_pop01_res_tot_0": 411, "cn22_pop03_20a59_tot_1": 228 }, "geometry": { "type": "Polygon", "coordinates": [ [ [ -52.427474899999936, -28.259883299999956 ], [ -52.42646979999995, -28.260657299999934 ], [ -52.425843099999952, -28.261619799999949 ], [ -52.428120699999965, -28.26271509999998 ], [ -52.428234399999951, -28.262493399999983 ], [ -52.428461899999945, -28.26216919999996 ], [ -52.42862329999997, -28.261910499999942 ], [ -52.428634399999964, -28.261656399999936 ], [ -52.428884899999957, -28.261547399999984 ], [ -52.429405399999951, -28.260815599999944 ], [ -52.429888799999958, -28.260255299999983 ], [ -52.430099499999983, -28.259929599999964 ], [ -52.430328699999961, -28.259807299999977 ], [ -52.430479099999957, -28.259404399999937 ], [ -52.430364699999984, -28.259539699999948 ], [ -52.43012269999997, -28.259651599999984 ], [ -52.429809899999952, -28.259740099999931 ], [ -52.429581799999937, -28.259723399999928 ], [ -52.429373099999964, -28.259674799999971 ], [ -52.428896599999973, -28.259678 ], [ -52.428778099999931, -28.259685 ], [ -52.428587399999969, -28.259733899999958 ], [ -52.428237099999933, -28.259864099999959 ], [ -52.428059099999984, -28.259979399999963 ], [ -52.427870699999971, -28.259999199999982 ], [ -52.42772279999997, -28.259997399999975 ], [ -52.427474899999936, -28.259883299999956 ] ] ] } },
{ "type": "Feature", "properties": { "id": "431410005020004", "cn22_pop03_20a59_tot_2": 0.55555555555555558, "bas.v0001": 567, "dem.v01035": 44, "dem.v01036": 30, "dem.v01037": 82, "dem.v01038": 79, "dem.v01039": 80, "cn22_pop01_res_tot_0": 567, "cn22_pop03_20a59_tot_1": 315 }, "geometry": { "type": "Polygon", "coordinates": [ [ [ -52.421218399999987, -28.258592799999974 ], [ -52.420609899999931, -28.259329 ], [ -52.421481099999937, -28.259754499999929 ], [ -52.422385599999984, -28.26015289999998 ], [ -52.422612899999933, -28.260223199999928 ], [ -52.423150899999939, -28.260379299999954 ], [ -52.423565, -28.260526599999935 ], [ -52.424880899999948, -28.261157899999944 ], [ -52.425843099999952, -28.261619799999949 ], [ -52.42646979999995, -28.260657299999934 ], [ -52.427474899999936, -28.259883299999956 ], [ -52.427347199999986, -28.259818399999972 ], [ -52.42716, -28.259788399999934 ], [ -52.426983399999983, -28.259785499999964 ], [ -52.426787599999955, -28.259819299999947 ], [ -52.426586099999952, -28.259824699999967 ], [ -52.426483299999973, -28.259869199999969 ], [ -52.426398799999959, -28.259925 ], [ -52.426219899999978, -28.260052499999972 ], [ -52.426004599999942, -28.260117599999944 ], [ -52.425863, -28.260207499999979 ], [ -52.425660199999982, -28.260236499999962 ], [ -52.425494799999967, -28.260284599999977 ], [ -52.425352499999974, -28.260285199999942 ], [ -52.425272, -28.260253499999976 ], [ -52.425101, -28.26020079999995 ], [ -52.424702699999955, -28.260214799999972 ], [ -52.424639899999931, -28.260265699999934 ], [ -52.424364499999967, -28.260252199999968 ], [ -52.424177199999974, -28.260127799999964 ], [ -52.42418779999997, -28.260092099999952 ], [ -52.424750399999937, -28.259201399999938 ], [ -52.423423299999968, -28.258556499999941 ], [ -52.422759699999972, -28.258177699999976 ], [ -52.421988599999963, -28.257700799999952 ], [ -52.421218399999987, -28.258592799999974 ] ] ] } },
{ "type": "Feature", "properties": { "id": "431410005020005", "cn22_pop03_20a59_tot_2": 0.5, "bas.v0001": 136, "dem.v01035": 8, "dem.v01036": 4, "dem.v01037": 18, "dem.v01038": 18, "dem.v01039": 20, "cn22_pop01_res_tot_0": 136, "cn22_pop03_20a59_tot_1": 68 }, "geometry": { "type": "Polygon", "coordinates": [ [ [ -52.417854199999965, -28.257908699999973 ], [ -52.419105399999978, -28.25857869999993 ], [ -52.419878099999949, -28.258966499999929 ], [ -52.420066599999984, -28.259059299999933 ], [ -52.420609899999931, -28.259329 ], [ -52.421218399999987, -28.258592799999974 ], [ -52.420362899999986, -28.258107399999972 ], [ -52.419654299999934, -28.257669899999939 ], [ -52.418387, -28.256941599999948 ], [ -52.418105299999979, -28.257436499999983 ], [ -52.417854199999965, -28.257908699999973 ] ] ] } },
{ "type": "Feature", "properties": { "id": "431410005020006", "cn22_pop03_20a59_tot_2": 0.53371868978805392, "bas.v0001": 519, "dem.v01035": 35, "dem.v01036": 34, "dem.v01037": 83, "dem.v01038": 62, "dem.v01039": 63, "cn22_pop01_res_tot_0": 519, "cn22_pop03_20a59_tot_1": 277 }, "geometry": { "type": "Polygon", "coordinates": [ [ [ -52.415971599999978, -28.26098589999998 ], [ -52.41723, -28.261541399999942 ], [ -52.417806699999971, -28.261799799999949 ], [ -52.418284699999958, -28.262012599999935 ], [ -52.419386799999984, -28.262526399999956 ], [ -52.42000239999993, -28.261521399999936 ], [ -52.420519599999977, -28.260687899999937 ], [ -52.419981699999937, -28.260431599999947 ], [ -52.421481099999937, -28.259754499999929 ], [ -52.420609899999931, -28.259329 ], [ -52.420066599999984, -28.259059299999933 ], [ -52.419878099999949, -28.258966499999929 ], [ -52.419105399999978, -28.25857869999993 ], [ -52.417854199999965, -28.257908699999973 ], [ -52.417118699999946, -28.259090599999979 ], [ -52.416572299999984, -28.259977799999945 ], [ -52.416161499999987, -28.260635299999933 ], [ -52.415971599999978, -28.26098589999998 ] ] ] } },
{ "type": "Feature", "properties": { "id": "431410005020007", "cn22_pop03_20a59_tot_2": 0.55483028720626637, "bas.v0001": 766, "dem.v01035": 52, "dem.v01036": 55, "dem.v01037": 110, "dem.v01038": 92, "dem.v01039": 116, "cn22_pop01_res_tot_0": 766, "cn22_pop03_20a59_tot_1": 425 }, "geometry": { "type": "Polygon", "coordinates": [ [ [ -52.419386799999984, -28.262526399999956 ], [ -52.421859199999972, -28.263760799999943 ], [ -52.422071399999936, -28.263417199999935 ], [ -52.422158699999954, -28.263004499999965 ], [ -52.422448, -28.261528799999951 ], [ -52.423000199999933, -28.26157429999995 ], [ -52.424223199999972, -28.262171 ], [ -52.424880899999948, -28.261157899999944 ], [ -52.423565, -28.260526599999935 ], [ -52.423150899999939, -28.260379299999954 ], [ -52.422612899999933, -28.260223199999928 ], [ -52.422385599999984, -28.26015289999998 ], [ -52.421481099999937, -28.259754499999929 ], [ -52.419981699999937, -28.260431599999947 ], [ -52.420519599999977, -28.260687899999937 ], [ -52.42000239999993, -28.261521399999936 ], [ -52.419386799999984, -28.262526399999956 ] ] ] } },
{ "type": "Feature", "properties": { "id": "431410005020008", "cn22_pop03_20a59_tot_2": 0.60606060606060608, "bas.v0001": 693, "dem.v01035": 49, "dem.v01036": 50, "dem.v01037": 128, "dem.v01038": 90, "dem.v01039": 103, "cn22_pop01_res_tot_0": 693, "cn22_pop03_20a59_tot_1": 420 }, "geometry": { "type": "Polygon", "coordinates": [ [ [ -52.41881159999997, -28.263541699999962 ], [ -52.418187, -28.264547799999946 ], [ -52.417633499999965, -28.265477399999952 ], [ -52.417445699999973, -28.265824699999939 ], [ -52.418556599999931, -28.266334699999959 ], [ -52.419920899999966, -28.266917799999931 ], [ -52.420105699999965, -28.266586099999984 ], [ -52.420591499999944, -28.265715899999975 ], [ -52.421689299999969, -28.266250199999945 ], [ -52.422293799999977, -28.265253299999983 ], [ -52.422913499999936, -28.264253 ], [ -52.421664499999963, -28.26409039999993 ], [ -52.421859199999972, -28.263760799999943 ], [ -52.419386799999984, -28.262526399999956 ], [ -52.41881159999997, -28.263541699999962 ] ] ] } },
{ "type": "Feature", "properties": { "id": "431410005020010", "cn22_pop03_20a59_tot_2": 0.55275590551181097, "bas.v0001": 635, "dem.v01035": 38, "dem.v01036": 38, "dem.v01037": 68, "dem.v01038": 97, "dem.v01039": 110, "cn22_pop01_res_tot_0": 635, "cn22_pop03_20a59_tot_1": 351 }, "geometry": { "type": "Polygon", "coordinates": [ [ [ -52.420331899999951, -28.268528 ], [ -52.419698499999981, -28.269626499999958 ], [ -52.417320899999936, -28.268485899999973 ], [ -52.416757699999948, -28.269489799999974 ], [ -52.417526599999974, -28.269853 ], [ -52.418171499999971, -28.270157499999982 ], [ -52.419131099999959, -28.270598 ], [ -52.418867499999976, -28.271049499999947 ], [ -52.420400399999949, -28.271762 ], [ -52.420793199999935, -28.27194389999994 ], [ -52.421203499999933, -28.272146699999951 ], [ -52.421980599999983, -28.272500299999933 ], [ -52.422559599999943, -28.272770699999967 ], [ -52.422893599999952, -28.272055 ], [ -52.423499799999945, -28.270755899999983 ], [ -52.423797799999932, -28.270143099999927 ], [ -52.424427399999956, -28.26885649999997 ], [ -52.423244599999975, -28.268321299999968 ], [ -52.422084599999948, -28.267840199999966 ], [ -52.421032, -28.267393199999958 ], [ -52.420331899999951, -28.268528 ] ] ] } },
{ "type": "Feature", "properties": { "id": "431410005020011", "cn22_pop03_20a59_tot_2": 0.57012195121951215, "bas.v0001": 984, "dem.v01035": 56, "dem.v01036": 52, "dem.v01037": 133, "dem.v01038": 174, "dem.v01039": 146, "cn22_pop01_res_tot_0": 984, "cn22_pop03_20a59_tot_1": 561 }, "geometry": { "type": "Polygon", "coordinates": [ [ [ -52.418867499999976, -28.271049499999947 ], [ -52.418054099999949, -28.272388899999953 ], [ -52.417945599999939, -28.27257469999995 ], [ -52.418069099999968, -28.273120499999948 ], [ -52.418076299999939, -28.273267399999952 ], [ -52.418094199999985, -28.273421 ], [ -52.418073599999957, -28.273572099999967 ], [ -52.417975599999977, -28.273639199999934 ], [ -52.417874599999948, -28.273689299999944 ], [ -52.417755799999952, -28.273725799999966 ], [ -52.417625599999951, -28.273768899999936 ], [ -52.417719199999965, -28.274117499999932 ], [ -52.417664799999955, -28.274563599999965 ], [ -52.418020299999966, -28.275771099999929 ], [ -52.418655199999932, -28.277415099999928 ], [ -52.41867179999997, -28.277882199999965 ], [ -52.419643199999939, -28.277918199999931 ], [ -52.421508599999981, -28.278473099999928 ], [ -52.422054099999968, -28.278317299999969 ], [ -52.423803699999951, -28.277885199999957 ], [ -52.424366299999974, -28.277541799999938 ], [ -52.424864499999956, -28.277171899999928 ], [ -52.425123699999972, -28.277040499999941 ], [ -52.425437699999975, -28.276978499999927 ], [ -52.425252899999975, -28.274018 ], [ -52.425182799999959, -28.273135699999955 ], [ -52.425086399999941, -28.272705 ], [ -52.42480489999997, -28.272222399999976 ], [ -52.424338499999976, -28.271692099999939 ], [ -52.424058899999977, -28.271370699999977 ], [ -52.423609699999986, -28.270813 ], [ -52.423499799999945, -28.270755899999983 ], [ -52.422893599999952, -28.272055 ], [ -52.422559599999943, -28.272770699999967 ], [ -52.421980599999983, -28.272500299999933 ], [ -52.421203499999933, -28.272146699999951 ], [ -52.420793199999935, -28.27194389999994 ], [ -52.420400399999949, -28.271762 ], [ -52.418867499999976, -28.271049499999947 ] ] ] } },
{ "type": "Feature", "properties": { "id": "431410005020012", "cn22_pop03_20a59_tot_2": 0.59590043923865299, "bas.v0001": 683, "dem.v01035": 52, "dem.v01036": 41, "dem.v01037": 97, "dem.v01038": 103, "dem.v01039": 114, "cn22_pop01_res_tot_0": 683, "cn22_pop03_20a59_tot_1": 407 }, "geometry": { "type": "Polygon", "coordinates": [ [ [ -52.41867179999997, -28.277882199999965 ], [ -52.418650699999944, -28.279161099999953 ], [ -52.418654699999934, -28.279409 ], [ -52.419509, -28.279618299999981 ], [ -52.419857599999943, -28.279744499999936 ], [ -52.420289899999943, -28.279884699999968 ], [ -52.420799899999963, -28.280138699999952 ], [ -52.421752799999979, -28.280538799999931 ], [ -52.422296199999948, -28.280740099999946 ], [ -52.422937299999944, -28.280949299999975 ], [ -52.423513599999978, -28.281051499999933 ], [ -52.424069299999985, -28.281134499999951 ], [ -52.424741799999936, -28.279154699999935 ], [ -52.425865599999952, -28.277756799999963 ], [ -52.42574, -28.277614099999937 ], [ -52.425555799999984, -28.277261799999962 ], [ -52.425437699999975, -28.276978499999927 ], [ -52.425123699999972, -28.277040499999941 ], [ -52.424864499999956, -28.277171899999928 ], [ -52.424366299999974, -28.277541799999938 ], [ -52.423803699999951, -28.277885199999957 ], [ -52.422054099999968, -28.278317299999969 ], [ -52.421508599999981, -28.278473099999928 ], [ -52.419643199999939, -28.277918199999931 ], [ -52.41867179999997, -28.277882199999965 ] ] ] } },
{ "type": "Feature", "properties": { "id": "431410005020013", "cn22_pop03_20a59_tot_2": 0.56461961503208069, "bas.v0001": 1091, "dem.v01035": 67, "dem.v01036": 71, "dem.v01037": 142, "dem.v01038": 193, "dem.v01039": 143, "cn22_pop01_res_tot_0": 1091, "cn22_pop03_20a59_tot_1": 616 }, "geometry": { "type": "Polygon", "coordinates": [ [ [ -52.423499799999945, -28.270755899999983 ], [ -52.423609699999986, -28.270813 ], [ -52.424058899999977, -28.271370699999977 ], [ -52.424338499999976, -28.271692099999939 ], [ -52.42480489999997, -28.272222399999976 ], [ -52.425086399999941, -28.272705 ], [ -52.425182799999959, -28.273135699999955 ], [ -52.425252899999975, -28.274018 ], [ -52.425437699999975, -28.276978499999927 ], [ -52.425555799999984, -28.277261799999962 ], [ -52.42574, -28.277614099999937 ], [ -52.425865599999952, -28.277756799999963 ], [ -52.426406099999951, -28.278155599999934 ], [ -52.427099799999951, -28.278666099999953 ], [ -52.427378199999964, -28.278864299999952 ], [ -52.427450399999941, -28.278931 ], [ -52.427771599999971, -28.279226699999981 ], [ -52.428251699999976, -28.279677199999981 ], [ -52.428742899999975, -28.280143199999941 ], [ -52.428840499999978, -28.280165799999963 ], [ -52.4289, -28.280183299999976 ], [ -52.42895459999994, -28.28022 ], [ -52.428980599999932, -28.280254499999955 ], [ -52.429813299999978, -28.279749199999969 ], [ -52.431461599999977, -28.278613199999938 ], [ -52.432219, -28.278162099999975 ], [ -52.433143299999983, -28.277606399999968 ], [ -52.433720799999946, -28.277238399999931 ], [ -52.43426489999996, -28.276912299999935 ], [ -52.435106499999961, -28.276392 ], [ -52.434498099999985, -28.276291299999968 ], [ -52.43408809999994, -28.27613109999993 ], [ -52.433248, -28.275562799999932 ], [ -52.432937, -28.275178799999935 ], [ -52.432667899999956, -28.274688899999944 ], [ -52.432507799999939, -28.274293099999966 ], [ -52.432373799999937, -28.274077599999941 ], [ -52.432200199999954, -28.273569399999928 ], [ -52.431450599999948, -28.272641199999953 ], [ -52.431046799999933, -28.272129499999949 ], [ -52.430955299999937, -28.272097499999973 ], [ -52.430829699999947, -28.272088699999983 ], [ -52.430702199999985, -28.272020399999974 ], [ -52.430361, -28.271770299999957 ], [ -52.429979799999956, -28.271667299999933 ], [ -52.42978869999996, -28.271278 ], [ -52.429741099999944, -28.271170599999948 ], [ -52.429326199999934, -28.270289699999978 ], [ -52.428844699999956, -28.269332099999929 ], [ -52.427763399999947, -28.269487199999958 ], [ -52.426959699999941, -28.269508299999984 ], [ -52.426501299999984, -28.269522199999983 ], [ -52.426233899999943, -28.269489599999929 ], [ -52.426012899999932, -28.269441699999959 ], [ -52.425781399999948, -28.269367 ], [ -52.425140099999965, -28.269127 ], [ -52.424427399999956, -28.26885649999997 ], [ -52.423797799999932, -28.270143099999927 ], [ -52.423499799999945, -28.270755899999983 ] ] ] } },
{ "type": "Feature", "properties": { "id": "431410005020014", "cn22_pop03_20a59_tot_2": 0.50854139290407363, "bas.v0001": 761, "dem.v01035": 33, "dem.v01036": 53, "dem.v01037": 95, "dem.v01038": 109, "dem.v01039": 97, "cn22_pop01_res_tot_0": 761, "cn22_pop03_20a59_tot_1": 387 }, "geometry": { "type": "Polygon", "coordinates": [ [ [ -52.432373799999937, -28.274077599999941 ], [ -52.432507799999939, -28.274293099999966 ], [ -52.432667899999956, -28.274688899999944 ], [ -52.432937, -28.275178799999935 ], [ -52.433248, -28.275562799999932 ], [ -52.43408809999994, -28.27613109999993 ], [ -52.434498099999985, -28.276291299999968 ], [ -52.435106499999961, -28.276392 ], [ -52.435706, -28.276003799999955 ], [ -52.436187799999971, -28.275638099999981 ], [ -52.436751699999945, -28.275227399999949 ], [ -52.437022899999931, -28.274981799999978 ], [ -52.437323399999968, -28.274695899999983 ], [ -52.437702799999954, -28.274306299999978 ], [ -52.438324699999953, -28.273558 ], [ -52.439352299999939, -28.272286399999928 ], [ -52.440119, -28.27131849999995 ], [ -52.440616699999964, -28.270749099999932 ], [ -52.440204199999982, -28.270224699999972 ], [ -52.439632299999971, -28.269528799999932 ], [ -52.439246399999945, -28.269069499999944 ], [ -52.439029, -28.268823 ], [ -52.438865899999939, -28.268783 ], [ -52.438822799999969, -28.268774699999938 ], [ -52.438791299999934, -28.26877079999997 ], [ -52.438732899999934, -28.26876939999994 ], [ -52.438692799999956, -28.268772499999955 ], [ -52.438647599999967, -28.268779499999937 ], [ -52.438613399999952, -28.26879189999994 ], [ -52.438575899999933, -28.268807599999946 ], [ -52.438534199999935, -28.268831199999966 ], [ -52.438357099999962, -28.268952 ], [ -52.437859099999969, -28.269270699999936 ], [ -52.437419499999976, -28.269570499999929 ], [ -52.436955099999977, -28.269877399999928 ], [ -52.436494099999948, -28.270195599999965 ], [ -52.436069799999984, -28.270482699999945 ], [ -52.435425099999975, -28.270905699999958 ], [ -52.435435499999983, -28.271701699999937 ], [ -52.434605299999987, -28.271724099999972 ], [ -52.433985599999971, -28.272467199999937 ], [ -52.433127199999944, -28.273401199999967 ], [ -52.432373799999937, -28.274077599999941 ] ] ] } },
{ "type": "Feature", "properties": { "id": "431410005020015", "cn22_pop03_20a59_tot_2": 0.56765005086469988, "bas.v0001": 983, "dem.v01035": 50, "dem.v01036": 52, "dem.v01037": 154, "dem.v01038": 173, "dem.v01039": 129, "cn22_pop01_res_tot_0": 983, "cn22_pop03_20a59_tot_1": 558 }, "geometry": { "type": "Polygon", "coordinates": [ [ [ -52.431455799999981, -28.268303699999933 ], [ -52.430152099999987, -28.268825699999979 ], [ -52.429182199999957, -28.269214499999975 ], [ -52.428844699999956, -28.269332099999929 ], [ -52.429326199999934, -28.270289699999978 ], [ -52.429741099999944, -28.271170599999948 ], [ -52.42978869999996, -28.271278 ], [ -52.429979799999956, -28.271667299999933 ], [ -52.430361, -28.271770299999957 ], [ -52.430702199999985, -28.272020399999974 ], [ -52.430829699999947, -28.272088699999983 ], [ -52.430955299999937, -28.272097499999973 ], [ -52.431046799999933, -28.272129499999949 ], [ -52.431450599999948, -28.272641199999953 ], [ -52.432200199999954, -28.273569399999928 ], [ -52.432373799999937, -28.274077599999941 ], [ -52.433127199999944, -28.273401199999967 ], [ -52.433985599999971, -28.272467199999937 ], [ -52.434605299999987, -28.271724099999972 ], [ -52.435435499999983, -28.271701699999937 ], [ -52.435425099999975, -28.270905699999958 ], [ -52.436069799999984, -28.270482699999945 ], [ -52.436494099999948, -28.270195599999965 ], [ -52.436955099999977, -28.269877399999928 ], [ -52.437419499999976, -28.269570499999929 ], [ -52.437859099999969, -28.269270699999936 ], [ -52.438357099999962, -28.268952 ], [ -52.438534199999935, -28.268831199999966 ], [ -52.438575899999933, -28.268807599999946 ], [ -52.438613399999952, -28.26879189999994 ], [ -52.438647599999967, -28.268779499999937 ], [ -52.438692799999956, -28.268772499999955 ], [ -52.438732899999934, -28.26876939999994 ], [ -52.438791299999934, -28.26877079999997 ], [ -52.438822799999969, -28.268774699999938 ], [ -52.438865899999939, -28.268783 ], [ -52.439029, -28.268823 ], [ -52.438367399999947, -28.268109799999934 ], [ -52.438310199999933, -28.268048499999963 ], [ -52.438270299999942, -28.26801039999998 ], [ -52.438227299999937, -28.267972499999928 ], [ -52.438168699999949, -28.267921799999954 ], [ -52.43808329999996, -28.267853799999955 ], [ -52.437997199999984, -28.267793899999958 ], [ -52.437922199999946, -28.267745299999945 ], [ -52.437849099999937, -28.267704299999934 ], [ -52.437772199999984, -28.267666799999972 ], [ -52.437687899999958, -28.267634699999974 ], [ -52.437621, -28.267614699999967 ], [ -52.437521899999979, -28.267587299999946 ], [ -52.437405199999944, -28.267559699999936 ], [ -52.437251899999978, -28.267527899999948 ], [ -52.437089799999967, -28.267500499999983 ], [ -52.436931399999935, -28.267474299999947 ], [ -52.43657479999996, -28.267431199999976 ], [ -52.435153199999945, -28.267284599999982 ], [ -52.434556399999963, -28.267211499999974 ], [ -52.434401699999967, -28.267200299999956 ], [ -52.43424639999995, -28.267193899999938 ], [ -52.434048899999937, -28.267187799999931 ], [ -52.433991099999957, -28.267188199999964 ], [ -52.433943899999974, -28.267188799999929 ], [ -52.433904299999938, -28.267191 ], [ -52.433865599999933, -28.26719739999993 ], [ -52.433835699999975, -28.267204299999946 ], [ -52.433771499999978, -28.267226899999969 ], [ -52.432714199999964, -28.267725599999949 ], [ -52.431636, -28.268226299999981 ], [ -52.431455799999981, -28.268303699999933 ] ] ] } },
{ "type": "Feature", "properties": { "id": "431410005020016", "cn22_pop03_20a59_tot_2": 0.60887656033287096, "bas.v0001": 721, "dem.v01035": 37, "dem.v01036": 58, "dem.v01037": 164, "dem.v01038": 80, "dem.v01039": 100, "cn22_pop01_res_tot_0": 721, "cn22_pop03_20a59_tot_1": 439 }, "geometry": { "type": "Polygon", "coordinates": [ [ [ -52.435096699999974, -28.265075199999956 ], [ -52.434873899999957, -28.265136899999959 ], [ -52.43435889999995, -28.265239 ], [ -52.43357009999994, -28.26542029999996 ], [ -52.432678199999941, -28.265829199999928 ], [ -52.431901899999957, -28.266214599999955 ], [ -52.431497199999967, -28.265400199999931 ], [ -52.429859, -28.26518939999994 ], [ -52.430171499999972, -28.265852799999948 ], [ -52.430676699999935, -28.266826 ], [ -52.43139519999994, -28.268176 ], [ -52.431455799999981, -28.268303699999933 ], [ -52.431636, -28.268226299999981 ], [ -52.432714199999964, -28.267725599999949 ], [ -52.433771499999978, -28.267226899999969 ], [ -52.433835699999975, -28.267204299999946 ], [ -52.433865599999933, -28.26719739999993 ], [ -52.433904299999938, -28.267191 ], [ -52.433943899999974, -28.267188799999929 ], [ -52.433991099999957, -28.267188199999964 ], [ -52.434048899999937, -28.267187799999931 ], [ -52.43424639999995, -28.267193899999938 ], [ -52.434401699999967, -28.267200299999956 ], [ -52.434556399999963, -28.267211499999974 ], [ -52.435153199999945, -28.267284599999982 ], [ -52.43657479999996, -28.267431199999976 ], [ -52.436931399999935, -28.267474299999947 ], [ -52.437089799999967, -28.267500499999983 ], [ -52.437251899999978, -28.267527899999948 ], [ -52.437405199999944, -28.267559699999936 ], [ -52.437521899999979, -28.267587299999946 ], [ -52.437621, -28.267614699999967 ], [ -52.437687899999958, -28.267634699999974 ], [ -52.437772199999984, -28.267666799999972 ], [ -52.437849099999937, -28.267704299999934 ], [ -52.437922199999946, -28.267745299999945 ], [ -52.437997199999984, -28.267793899999958 ], [ -52.43808329999996, -28.267853799999955 ], [ -52.438168699999949, -28.267921799999954 ], [ -52.438227299999937, -28.267972499999928 ], [ -52.438270299999942, -28.26801039999998 ], [ -52.438310199999933, -28.268048499999963 ], [ -52.438367399999947, -28.268109799999934 ], [ -52.439029, -28.268823 ], [ -52.439246399999945, -28.269069499999944 ], [ -52.439632299999971, -28.269528799999932 ], [ -52.440204199999982, -28.270224699999972 ], [ -52.440616699999964, -28.270749099999932 ], [ -52.441392399999984, -28.269873899999936 ], [ -52.442015899999944, -28.269083799999976 ], [ -52.442891299999985, -28.267877599999963 ], [ -52.443051199999957, -28.267408 ], [ -52.442983499999968, -28.267288599999972 ], [ -52.442922899999985, -28.267179499999941 ], [ -52.442844499999978, -28.267132599999968 ], [ -52.442746799999952, -28.267102399999942 ], [ -52.442658, -28.267082499999958 ], [ -52.442387199999985, -28.267161399999964 ], [ -52.441994799999975, -28.267341 ], [ -52.441808799999933, -28.267414599999938 ], [ -52.441544299999975, -28.267493499999944 ], [ -52.441247699999963, -28.267542099999957 ], [ -52.44099639999996, -28.267553699999951 ], [ -52.44085739999997, -28.267473799999948 ], [ -52.440322299999934, -28.267466699999943 ], [ -52.440187799999933, -28.266874199999961 ], [ -52.440109699999937, -28.266512 ], [ -52.440053199999966, -28.266257699999983 ], [ -52.439965899999947, -28.265845699999943 ], [ -52.439911599999959, -28.265624199999934 ], [ -52.439783599999942, -28.265017899999975 ], [ -52.438827199999935, -28.265016 ], [ -52.438026499999978, -28.26500939999994 ], [ -52.436589699999956, -28.265005599999938 ], [ -52.436382199999969, -28.265003799999931 ], [ -52.435545299999944, -28.265010899999936 ], [ -52.435096699999974, -28.265075199999956 ] ] ] } },
{ "type": "Feature", "properties": { "id": "431410005020017", "cn22_pop03_20a59_tot_2": 0.56097560975609762, "bas.v0001": 41, "dem.v01035": null, "dem.v01036": 7, "dem.v01037": null, "dem.v01038": 8, "dem.v01039": 8, "cn22_pop01_res_tot_0": 41, "cn22_pop03_20a59_tot_1": 23 }, "geometry": { "type": "Polygon", "coordinates": [ [ [ -52.440109699999937, -28.266512 ], [ -52.440187799999933, -28.266874199999961 ], [ -52.440322299999934, -28.267466699999943 ], [ -52.44085739999997, -28.267473799999948 ], [ -52.44099639999996, -28.267553699999951 ], [ -52.441247699999963, -28.267542099999957 ], [ -52.441544299999975, -28.267493499999944 ], [ -52.441808799999933, -28.267414599999938 ], [ -52.441994799999975, -28.267341 ], [ -52.442387199999985, -28.267161399999964 ], [ -52.442532799999981, -28.266758299999935 ], [ -52.441822599999966, -28.266610699999944 ], [ -52.441294299999981, -28.266522399999928 ], [ -52.440986399999986, -28.266507699999977 ], [ -52.440109699999937, -28.266512 ] ] ] } },
{ "type": "Feature", "properties": { "id": "431410005020018", "cn22_pop03_20a59_tot_2": 0.55195911413969334, "bas.v0001": 587, "dem.v01035": 37, "dem.v01036": 38, "dem.v01037": 61, "dem.v01038": 97, "dem.v01039": 91, "cn22_pop01_res_tot_0": 587, "cn22_pop03_20a59_tot_1": 324 }, "geometry": { "type": "Polygon", "coordinates": [ [ [ -52.438026499999978, -28.26500939999994 ], [ -52.438827199999935, -28.265016 ], [ -52.439783599999942, -28.265017899999975 ], [ -52.43963309999998, -28.264305299999933 ], [ -52.439345099999969, -28.262970499999938 ], [ -52.43919109999996, -28.262253199999975 ], [ -52.439042499999971, -28.261543599999982 ], [ -52.43896129999996, -28.261475 ], [ -52.438679099999945, -28.261388799999963 ], [ -52.435962699999948, -28.261358199999961 ], [ -52.436079699999937, -28.262118099999952 ], [ -52.436179899999956, -28.262231499999928 ], [ -52.436350499999946, -28.262370099999941 ], [ -52.437403399999937, -28.263296799999978 ], [ -52.437406, -28.26396219999998 ], [ -52.437409499999944, -28.26413789999998 ], [ -52.437688799999933, -28.264411299999949 ], [ -52.438025899999957, -28.264719399999933 ], [ -52.438026499999978, -28.26500939999994 ] ] ] } },
{ "type": "Feature", "properties": { "id": "431410005020019", "cn22_pop03_20a59_tot_2": 0.57478991596638651, "bas.v0001": 595, "dem.v01035": 37, "dem.v01036": 45, "dem.v01037": 88, "dem.v01038": 77, "dem.v01039": 95, "cn22_pop01_res_tot_0": 595, "cn22_pop03_20a59_tot_1": 342 }, "geometry": { "type": "Polygon", "coordinates": [ [ [ -52.426979, -28.264749399999971 ], [ -52.427517199999954, -28.264831499999957 ], [ -52.428221899999983, -28.264932099999953 ], [ -52.42905849999994, -28.265066599999955 ], [ -52.429859, -28.26518939999994 ], [ -52.431497199999967, -28.265400199999931 ], [ -52.431901899999957, -28.266214599999955 ], [ -52.432678199999941, -28.265829199999928 ], [ -52.43357009999994, -28.26542029999996 ], [ -52.433486899999934, -28.264736599999935 ], [ -52.433428399999968, -28.264054199999975 ], [ -52.432051699999931, -28.263833599999941 ], [ -52.428598699999952, -28.263330599999961 ], [ -52.428101, -28.263107399999967 ], [ -52.428073299999937, -28.263229699999954 ], [ -52.427985399999955, -28.263380699999971 ], [ -52.427828599999941, -28.263467899999966 ], [ -52.427627, -28.263509599999963 ], [ -52.427298399999984, -28.263834699999961 ], [ -52.427065299999981, -28.264273399999979 ], [ -52.427041599999939, -28.264532199999962 ], [ -52.426979, -28.264749399999971 ] ] ] } },
{ "type": "Feature", "properties": { "id": "431410005020020", "cn22_pop03_20a59_tot_2": 0.55977653631284918, "bas.v0001": 895, "dem.v01035": 65, "dem.v01036": 57, "dem.v01037": 134, "dem.v01038": 109, "dem.v01039": 136, "cn22_pop01_res_tot_0": 895, "cn22_pop03_20a59_tot_1": 501 }, "geometry": { "type": "Polygon", "coordinates": [ [ [ -52.421859199999972, -28.263760799999943 ], [ -52.421664499999963, -28.26409039999993 ], [ -52.422913499999936, -28.264253 ], [ -52.424132499999985, -28.264404699999943 ], [ -52.425364299999956, -28.264560399999937 ], [ -52.426979, -28.264749399999971 ], [ -52.427041599999939, -28.264532199999962 ], [ -52.427065299999981, -28.264273399999979 ], [ -52.427298399999984, -28.263834699999961 ], [ -52.427627, -28.263509599999963 ], [ -52.427828599999941, -28.263467899999966 ], [ -52.427985399999955, -28.263380699999971 ], [ -52.428073299999937, -28.263229699999954 ], [ -52.428101, -28.263107399999967 ], [ -52.428120699999965, -28.26271509999998 ], [ -52.425843099999952, -28.261619799999949 ], [ -52.424880899999948, -28.261157899999944 ], [ -52.424223199999972, -28.262171 ], [ -52.423000199999933, -28.26157429999995 ], [ -52.422448, -28.261528799999951 ], [ -52.422158699999954, -28.263004499999965 ], [ -52.422071399999936, -28.263417199999935 ], [ -52.421859199999972, -28.263760799999943 ] ] ] } },
{ "type": "Feature", "properties": { "id": "431410005020021", "cn22_pop03_20a59_tot_2": 0.56837098692033294, "bas.v0001": 841, "dem.v01035": 65, "dem.v01036": 59, "dem.v01037": 104, "dem.v01038": 131, "dem.v01039": 119, "cn22_pop01_res_tot_0": 841, "cn22_pop03_20a59_tot_1": 478 }, "geometry": { "type": "Polygon", "coordinates": [ [ [ -52.419920899999966, -28.266917799999931 ], [ -52.421032, -28.267393199999958 ], [ -52.422084599999948, -28.267840199999966 ], [ -52.423244599999975, -28.268321299999968 ], [ -52.423843799999986, -28.267274899999961 ], [ -52.425364299999956, -28.264560399999937 ], [ -52.424132499999985, -28.264404699999943 ], [ -52.422913499999936, -28.264253 ], [ -52.422293799999977, -28.265253299999983 ], [ -52.421689299999969, -28.266250199999945 ], [ -52.420591499999944, -28.265715899999975 ], [ -52.420105699999965, -28.266586099999984 ], [ -52.419920899999966, -28.266917799999931 ] ] ] } },
{ "type": "Feature", "properties": { "id": "431410005020022", "cn22_pop03_20a59_tot_2": 0.5736607142857143, "bas.v0001": 896, "dem.v01035": 68, "dem.v01036": 62, "dem.v01037": 109, "dem.v01038": 146, "dem.v01039": 129, "cn22_pop01_res_tot_0": 896, "cn22_pop03_20a59_tot_1": 514 }, "geometry": { "type": "Polygon", "coordinates": [ [ [ -52.423244599999975, -28.268321299999968 ], [ -52.424427399999956, -28.26885649999997 ], [ -52.425140099999965, -28.269127 ], [ -52.426252299999931, -28.268658399999936 ], [ -52.428115, -28.267915499999958 ], [ -52.427598, -28.266927899999928 ], [ -52.428904, -28.266375699999969 ], [ -52.42826169999995, -28.265171599999974 ], [ -52.428224199999931, -28.265070499999979 ], [ -52.428221899999983, -28.264932099999953 ], [ -52.427517199999954, -28.264831499999957 ], [ -52.426979, -28.264749399999971 ], [ -52.425364299999956, -28.264560399999937 ], [ -52.423843799999986, -28.267274899999961 ], [ -52.423244599999975, -28.268321299999968 ] ] ] } },
{ "type": "Feature", "properties": { "id": "431410005020023", "cn22_pop03_20a59_tot_2": 0.51256281407035176, "bas.v0001": 398, "dem.v01035": 24, "dem.v01036": 24, "dem.v01037": 47, "dem.v01038": 56, "dem.v01039": 53, "cn22_pop01_res_tot_0": 398, "cn22_pop03_20a59_tot_1": 204 }, "geometry": { "type": "Polygon", "coordinates": [ [ [ -52.425140099999965, -28.269127 ], [ -52.425781399999948, -28.269367 ], [ -52.426012899999932, -28.269441699999959 ], [ -52.426233899999943, -28.269489599999929 ], [ -52.426501299999984, -28.269522199999983 ], [ -52.426959699999941, -28.269508299999984 ], [ -52.427763399999947, -28.269487199999958 ], [ -52.428844699999956, -28.269332099999929 ], [ -52.429182199999957, -28.269214499999975 ], [ -52.430152099999987, -28.268825699999979 ], [ -52.431455799999981, -28.268303699999933 ], [ -52.43139519999994, -28.268176 ], [ -52.430676699999935, -28.266826 ], [ -52.430171499999972, -28.265852799999948 ], [ -52.429859, -28.26518939999994 ], [ -52.42905849999994, -28.265066599999955 ], [ -52.428221899999983, -28.264932099999953 ], [ -52.428224199999931, -28.265070499999979 ], [ -52.42826169999995, -28.265171599999974 ], [ -52.428904, -28.266375699999969 ], [ -52.427598, -28.266927899999928 ], [ -52.428115, -28.267915499999958 ], [ -52.426252299999931, -28.268658399999936 ], [ -52.425140099999965, -28.269127 ] ] ] } },
{ "type": "Feature", "properties": { "id": "431410005020024", "cn22_pop03_20a59_tot_2": 0.5436241610738255, "bas.v0001": 298, "dem.v01035": 18, "dem.v01036": 13, "dem.v01037": 59, "dem.v01038": 32, "dem.v01039": 40, "cn22_pop01_res_tot_0": 298, "cn22_pop03_20a59_tot_1": 162 }, "geometry": { "type": "Polygon", "coordinates": [ [ [ -52.436280299999964, -28.257662499999981 ], [ -52.436277099999984, -28.258236099999976 ], [ -52.436270699999966, -28.258801299999959 ], [ -52.436239299999954, -28.259804799999984 ], [ -52.436239, -28.26081019999998 ], [ -52.435882699999979, -28.260808299999951 ], [ -52.435920099999976, -28.261063199999967 ], [ -52.435962699999948, -28.261358199999961 ], [ -52.438679099999945, -28.261388799999963 ], [ -52.43896129999996, -28.261475 ], [ -52.438920699999983, -28.260909499999968 ], [ -52.438774099999932, -28.260849399999984 ], [ -52.436912799999959, -28.260811199999978 ], [ -52.436921799999936, -28.260187599999938 ], [ -52.436957899999982, -28.257133299999964 ], [ -52.436272899999949, -28.257259599999941 ], [ -52.436280299999964, -28.257662499999981 ] ] ] } },
{ "type": "Feature", "properties": { "id": "431410005020025", "cn22_pop03_20a59_tot_2": 0.59477124183006536, "bas.v0001": 459, "dem.v01035": 29, "dem.v01036": 39, "dem.v01037": 68, "dem.v01038": 73, "dem.v01039": 64, "cn22_pop01_res_tot_0": 459, "cn22_pop03_20a59_tot_1": 273 }, "geometry": { "type": "Polygon", "coordinates": [ [ [ -52.424069299999985, -28.281134499999951 ], [ -52.424771899999939, -28.281093099999964 ], [ -52.425612599999965, -28.281024 ], [ -52.426621899999986, -28.280834599999935 ], [ -52.427137799999969, -28.280736699999977 ], [ -52.427615099999969, -28.280641399999979 ], [ -52.428479899999957, -28.280449 ], [ -52.428980599999932, -28.280254499999955 ], [ -52.42895459999994, -28.28022 ], [ -52.4289, -28.280183299999976 ], [ -52.428840499999978, -28.280165799999963 ], [ -52.428742899999975, -28.280143199999941 ], [ -52.428251699999976, -28.279677199999981 ], [ -52.427771599999971, -28.279226699999981 ], [ -52.427450399999941, -28.278931 ], [ -52.427378199999964, -28.278864299999952 ], [ -52.427099799999951, -28.278666099999953 ], [ -52.426406099999951, -28.278155599999934 ], [ -52.425865599999952, -28.277756799999963 ], [ -52.424741799999936, -28.279154699999935 ], [ -52.424069299999985, -28.281134499999951 ] ] ] } },
{ "type": "Feature", "properties": { "id": "431410005020026", "cn22_pop03_20a59_tot_2": 0.62167300380228141, "bas.v0001": 526, "dem.v01035": 36, "dem.v01036": 52, "dem.v01037": 86, "dem.v01038": 86, "dem.v01039": 67, "cn22_pop01_res_tot_0": 526, "cn22_pop03_20a59_tot_1": 327 }, "geometry": { "type": "Polygon", "coordinates": [ [ [ -52.416793199999972, -28.266880899999933 ], [ -52.417929099999981, -28.267396199999951 ], [ -52.419335199999978, -28.268059899999969 ], [ -52.420331899999951, -28.268528 ], [ -52.421032, -28.267393199999958 ], [ -52.419920899999966, -28.266917799999931 ], [ -52.418556599999931, -28.266334699999959 ], [ -52.417445699999973, -28.265824699999939 ], [ -52.416793199999972, -28.266880899999933 ] ] ] } },
{ "type": "Feature", "properties": { "id": "431410005020027", "cn22_pop03_20a59_tot_2": 0.52654867256637172, "bas.v0001": 452, "dem.v01035": 27, "dem.v01036": 26, "dem.v01037": 63, "dem.v01038": 58, "dem.v01039": 64, "cn22_pop01_res_tot_0": 452, "cn22_pop03_20a59_tot_1": 238 }, "geometry": { "type": "Polygon", "coordinates": [ [ [ -52.434893799999941, -28.263961199999983 ], [ -52.434969199999955, -28.264407099999971 ], [ -52.435096699999974, -28.265075199999956 ], [ -52.435545299999944, -28.265010899999936 ], [ -52.436382199999969, -28.265003799999931 ], [ -52.436589699999956, -28.265005599999938 ], [ -52.438026499999978, -28.26500939999994 ], [ -52.438025899999957, -28.264719399999933 ], [ -52.437688799999933, -28.264411299999949 ], [ -52.437409499999944, -28.26413789999998 ], [ -52.437406, -28.26396219999998 ], [ -52.437403399999937, -28.263296799999978 ], [ -52.436350499999946, -28.262370099999941 ], [ -52.436179899999956, -28.262231499999928 ], [ -52.436079699999937, -28.262118099999952 ], [ -52.435962699999948, -28.261358199999961 ], [ -52.435920099999976, -28.261063199999967 ], [ -52.434882499999958, -28.261979099999962 ], [ -52.434612299999969, -28.262093899999968 ], [ -52.434814, -28.263409399999944 ], [ -52.434893799999941, -28.263961199999983 ] ] ] } },
{ "type": "Feature", "properties": { "id": "431410005020028", "cn22_pop03_20a59_tot_2": 0.66666666666666663, "bas.v0001": 546, "dem.v01035": 56, "dem.v01036": 53, "dem.v01037": 91, "dem.v01038": 101, "dem.v01039": 63, "cn22_pop01_res_tot_0": 546, "cn22_pop03_20a59_tot_1": 364 }, "geometry": { "type": "Polygon", "coordinates": [ [ [ -52.433428399999968, -28.264054199999975 ], [ -52.433486899999934, -28.264736599999935 ], [ -52.43357009999994, -28.26542029999996 ], [ -52.43435889999995, -28.265239 ], [ -52.434873899999957, -28.265136899999959 ], [ -52.435096699999974, -28.265075199999956 ], [ -52.434969199999955, -28.264407099999971 ], [ -52.434893799999941, -28.263961199999983 ], [ -52.434252699999945, -28.264019299999973 ], [ -52.433755, -28.264064399999938 ], [ -52.433428399999968, -28.264054199999975 ] ] ] } },
{ "type": "Feature", "properties": { "id": "431410005040020", "cn22_pop03_20a59_tot_2": 0.59034267912772587, "bas.v0001": 642, "dem.v01035": 48, "dem.v01036": 40, "dem.v01037": 91, "dem.v01038": 104, "dem.v01039": 96, "cn22_pop01_res_tot_0": 642, "cn22_pop03_20a59_tot_1": 379 }, "geometry": { "type": "Polygon", "coordinates": [ [ [ -52.379679399999986, -28.24618479999998 ], [ -52.380712799999969, -28.246965299999943 ], [ -52.381783699999971, -28.24774229999997 ], [ -52.382825399999945, -28.248532199999943 ], [ -52.383877499999983, -28.249308599999949 ], [ -52.384756299999935, -28.248392499999966 ], [ -52.385629, -28.247465099999943 ], [ -52.386626299999932, -28.246409 ], [ -52.385596199999952, -28.245618 ], [ -52.384565699999939, -28.244847 ], [ -52.38349809999994, -28.244053199999939 ], [ -52.38246879999997, -28.243276799999933 ], [ -52.382147799999984, -28.243599699999947 ], [ -52.381469699999968, -28.244326399999977 ], [ -52.380586599999958, -28.245239899999945 ], [ -52.379679399999986, -28.24618479999998 ] ] ] } },
{ "type": "Feature", "properties": { "id": "431410005030001", "cn22_pop03_20a59_tot_2": 0.57886435331230279, "bas.v0001": 1268, "dem.v01035": 116, "dem.v01036": 110, "dem.v01037": 230, "dem.v01038": 178, "dem.v01039": 100, "cn22_pop01_res_tot_0": 1268, "cn22_pop03_20a59_tot_1": 734 }, "geometry": { "type": "Polygon", "coordinates": [ [ [ -52.434887799999956, -28.240155299999969 ], [ -52.434766599999932, -28.240317699999935 ], [ -52.434522199999947, -28.240820799999938 ], [ -52.43435809999994, -28.241183099999944 ], [ -52.434173899999962, -28.24155769999993 ], [ -52.433997599999941, -28.241820699999948 ], [ -52.43429, -28.241897699999981 ], [ -52.436761799999942, -28.242494 ], [ -52.436242299999947, -28.242669699999965 ], [ -52.43658929999998, -28.243573899999944 ], [ -52.438510099999974, -28.242950899999983 ], [ -52.440202099999965, -28.242398399999956 ], [ -52.440738299999964, -28.24222119999996 ], [ -52.440907, -28.242195099999947 ], [ -52.441116, -28.242188099999964 ], [ -52.441757099999961, -28.242368699999929 ], [ -52.441794, -28.241567699999962 ], [ -52.440677899999969, -28.241293499999983 ], [ -52.439562799999976, -28.241048599999942 ], [ -52.438045799999941, -28.240695099999982 ], [ -52.437972799999955, -28.240675499999952 ], [ -52.438238799999965, -28.239752099999976 ], [ -52.438366499999972, -28.239315399999953 ], [ -52.438528399999939, -28.23871319999995 ], [ -52.438593199999957, -28.23841079999994 ], [ -52.438104599999974, -28.238403499999947 ], [ -52.437690299999986, -28.238427499999943 ], [ -52.43734139999998, -28.238481 ], [ -52.437051899999972, -28.238568899999962 ], [ -52.436697799999934, -28.238731199999961 ], [ -52.436400299999946, -28.238922499999944 ], [ -52.435930199999973, -28.23924 ], [ -52.435716199999945, -28.239394799999957 ], [ -52.435465599999986, -28.239588099999935 ], [ -52.435247499999946, -28.239771 ], [ -52.43512069999997, -28.239881199999957 ], [ -52.434887799999956, -28.240155299999969 ] ] ] } },
{ "type": "Feature", "properties": { "id": "431410005030002", "cn22_pop03_20a59_tot_2": 0.53564899451553927, "bas.v0001": 547, "dem.v01035": 46, "dem.v01036": 32, "dem.v01037": 71, "dem.v01038": 83, "dem.v01039": 61, "cn22_pop01_res_tot_0": 547, "cn22_pop03_20a59_tot_1": 293 }, "geometry": { "type": "Polygon", "coordinates": [ [ [ -52.432053799999949, -28.242254499999945 ], [ -52.431696399999964, -28.242190299999947 ], [ -52.431361099999947, -28.242133899999942 ], [ -52.431195299999956, -28.242117199999939 ], [ -52.431025799999986, -28.242122499999937 ], [ -52.430863899999963, -28.242147199999977 ], [ -52.430686899999955, -28.242207 ], [ -52.430553699999962, -28.242252699999938 ], [ -52.430259599999943, -28.242401399999949 ], [ -52.430103199999962, -28.242504 ], [ -52.429912, -28.242655 ], [ -52.429786, -28.242789199999947 ], [ -52.429450499999973, -28.243142 ], [ -52.429049199999952, -28.243574399999943 ], [ -52.428007899999955, -28.244883499999958 ], [ -52.427254699999935, -28.245793799999944 ], [ -52.426712599999973, -28.246397099999967 ], [ -52.426865799999973, -28.246532699999932 ], [ -52.427042, -28.246394099999975 ], [ -52.427173299999936, -28.246274199999959 ], [ -52.427381799999978, -28.246042399999965 ], [ -52.427657399999987, -28.245735199999956 ], [ -52.428498099999956, -28.244761799999935 ], [ -52.429277499999955, -28.243880199999978 ], [ -52.431284699999935, -28.243260799999973 ], [ -52.432852399999945, -28.242744799999969 ], [ -52.433291099999963, -28.242647199999965 ], [ -52.433444, -28.242586099999983 ], [ -52.433919199999934, -28.242293599999982 ], [ -52.43429, -28.241897699999981 ], [ -52.433997599999941, -28.241820699999948 ], [ -52.43359479999998, -28.242171499999984 ], [ -52.433190699999955, -28.242297099999973 ], [ -52.432881699999939, -28.24235989999994 ], [ -52.432606599999986, -28.24233959999998 ], [ -52.432453899999985, -28.242328499999928 ], [ -52.432053799999949, -28.242254499999945 ] ] ] } },
{ "type": "Feature", "properties": { "id": "431410005030003", "cn22_pop03_20a59_tot_2": 0.56941176470588239, "bas.v0001": 850, "dem.v01035": 57, "dem.v01036": 63, "dem.v01037": 126, "dem.v01038": 120, "dem.v01039": 118, "cn22_pop01_res_tot_0": 850, "cn22_pop03_20a59_tot_1": 484 }, "geometry": { "type": "Polygon", "coordinates": [ [ [ -52.428498099999956, -28.244761799999935 ], [ -52.428921699999933, -28.245041799999967 ], [ -52.429849199999978, -28.245731399999954 ], [ -52.429878299999984, -28.245753 ], [ -52.431621199999938, -28.245189499999981 ], [ -52.432040799999982, -28.245053799999937 ], [ -52.432594699999981, -28.244876599999941 ], [ -52.434149399999967, -28.244369099999972 ], [ -52.43658929999998, -28.243573899999944 ], [ -52.436242299999947, -28.242669699999965 ], [ -52.436761799999942, -28.242494 ], [ -52.43429, -28.241897699999981 ], [ -52.433919199999934, -28.242293599999982 ], [ -52.433444, -28.242586099999983 ], [ -52.433291099999963, -28.242647199999965 ], [ -52.432852399999945, -28.242744799999969 ], [ -52.431284699999935, -28.243260799999973 ], [ -52.429277499999955, -28.243880199999978 ], [ -52.428498099999956, -28.244761799999935 ] ] ] } },
{ "type": "Feature", "properties": { "id": "431410005030004", "cn22_pop03_20a59_tot_2": 0.60079840319361277, "bas.v0001": 1002, "dem.v01035": 94, "dem.v01036": 72, "dem.v01037": 141, "dem.v01038": 169, "dem.v01039": 126, "cn22_pop01_res_tot_0": 1002, "cn22_pop03_20a59_tot_1": 602 }, "geometry": { "type": "Polygon", "coordinates": [ [ [ -52.429878299999984, -28.245753 ], [ -52.430799299999933, -28.246423 ], [ -52.430836299999953, -28.246447399999965 ], [ -52.431323599999985, -28.246783599999958 ], [ -52.431824799999958, -28.247147199999972 ], [ -52.432759199999964, -28.247833699999944 ], [ -52.433244699999932, -28.248062499999946 ], [ -52.435293799999954, -28.248590599999943 ], [ -52.43616819999994, -28.248591499999975 ], [ -52.436828199999979, -28.248591599999941 ], [ -52.43770909999995, -28.248606699999982 ], [ -52.438010099999985, -28.247427199999947 ], [ -52.437835899999982, -28.246658699999955 ], [ -52.437483199999974, -28.24571839999993 ], [ -52.437108399999943, -28.244829099999947 ], [ -52.43658929999998, -28.243573899999944 ], [ -52.434149399999967, -28.244369099999972 ], [ -52.432594699999981, -28.244876599999941 ], [ -52.432040799999982, -28.245053799999937 ], [ -52.431621199999938, -28.245189499999981 ], [ -52.429878299999984, -28.245753 ] ] ] } },
{ "type": "Feature", "properties": { "id": "431410005030005", "cn22_pop03_20a59_tot_2": 0.58578431372549022, "bas.v0001": 1224, "dem.v01035": 96, "dem.v01036": 79, "dem.v01037": 189, "dem.v01038": 189, "dem.v01039": 164, "cn22_pop01_res_tot_0": 1224, "cn22_pop03_20a59_tot_1": 717 }, "geometry": { "type": "Polygon", "coordinates": [ [ [ -52.43658929999998, -28.243573899999944 ], [ -52.437108399999943, -28.244829099999947 ], [ -52.437483199999974, -28.24571839999993 ], [ -52.437835899999982, -28.246658699999955 ], [ -52.438010099999985, -28.247427199999947 ], [ -52.43770909999995, -28.248606699999982 ], [ -52.438982299999964, -28.248936 ], [ -52.440214499999968, -28.249237099999959 ], [ -52.44046579999997, -28.248081099999979 ], [ -52.440716299999963, -28.247225899999933 ], [ -52.440721099999962, -28.24720949999994 ], [ -52.441045699999961, -28.246162599999934 ], [ -52.441323, -28.245523099999957 ], [ -52.441939599999955, -28.244290099999944 ], [ -52.442294599999968, -28.243724899999961 ], [ -52.442944599999976, -28.242803399999957 ], [ -52.441757099999961, -28.242368699999929 ], [ -52.441116, -28.242188099999964 ], [ -52.440907, -28.242195099999947 ], [ -52.440738299999964, -28.24222119999996 ], [ -52.440202099999965, -28.242398399999956 ], [ -52.438510099999974, -28.242950899999983 ], [ -52.43658929999998, -28.243573899999944 ] ] ] } },
{ "type": "Feature", "properties": { "id": "431410005030006", "cn22_pop03_20a59_tot_2": 0.59068627450980393, "bas.v0001": 1632, "dem.v01035": 142, "dem.v01036": 146, "dem.v01037": 272, "dem.v01038": 228, "dem.v01039": 176, "cn22_pop01_res_tot_0": 1632, "cn22_pop03_20a59_tot_1": 964 }, "geometry": { "type": "Polygon", "coordinates": [ [ [ -52.431267899999966, -28.25116079999998 ], [ -52.431883899999946, -28.251608399999952 ], [ -52.432211299999949, -28.251845499999945 ], [ -52.433155399999976, -28.252544399999977 ], [ -52.434607799999981, -28.253592399999945 ], [ -52.435129899999936, -28.253965899999969 ], [ -52.435642299999984, -28.25431709999998 ], [ -52.436218, -28.254713 ], [ -52.436371, -28.254847 ], [ -52.436565099999939, -28.254653699999949 ], [ -52.436878799999931, -28.254172399999959 ], [ -52.437321499999939, -28.25392549999998 ], [ -52.437800399999958, -28.253948299999934 ], [ -52.438634099999945, -28.253912499999956 ], [ -52.438470799999948, -28.253432 ], [ -52.43854239999996, -28.253212 ], [ -52.438139799999931, -28.253133199999979 ], [ -52.437759099999937, -28.253164499999968 ], [ -52.437658799999951, -28.253120499999966 ], [ -52.437685899999963, -28.253024099999948 ], [ -52.437852799999973, -28.252409599999964 ], [ -52.438066599999956, -28.251774499999954 ], [ -52.438303399999938, -28.251058199999932 ], [ -52.438547799999981, -28.250355499999955 ], [ -52.438791899999956, -28.249650599999939 ], [ -52.438982299999964, -28.248936 ], [ -52.43770909999995, -28.248606699999982 ], [ -52.436828199999979, -28.248591599999941 ], [ -52.43616819999994, -28.248591499999975 ], [ -52.435293799999954, -28.248590599999943 ], [ -52.433244699999932, -28.248062499999946 ], [ -52.432759199999964, -28.247833699999944 ], [ -52.431869199999937, -28.248803499999951 ], [ -52.431506299999967, -28.249212399999976 ], [ -52.432440699999972, -28.249886699999934 ], [ -52.432049799999959, -28.250324 ], [ -52.431267899999966, -28.25116079999998 ] ] ] } },
{ "type": "Feature", "properties": { "id": "431410005030007", "cn22_pop03_20a59_tot_2": 0.54844290657439443, "bas.v0001": 578, "dem.v01035": 43, "dem.v01036": 40, "dem.v01037": 80, "dem.v01038": 70, "dem.v01039": 84, "cn22_pop01_res_tot_0": 578, "cn22_pop03_20a59_tot_1": 317 }, "geometry": { "type": "Polygon", "coordinates": [ [ [ -52.426865799999973, -28.246532699999932 ], [ -52.427350299999944, -28.246896699999979 ], [ -52.426499599999943, -28.24754889999997 ], [ -52.426419199999941, -28.247628799999973 ], [ -52.427447399999949, -28.248386399999958 ], [ -52.428199, -28.248927099999946 ], [ -52.428379699999937, -28.249057099999959 ], [ -52.42913249999998, -28.248211 ], [ -52.429909399999985, -28.24737319999997 ], [ -52.430799299999933, -28.246423 ], [ -52.429878299999984, -28.245753 ], [ -52.429849199999978, -28.245731399999954 ], [ -52.428921699999933, -28.245041799999967 ], [ -52.428498099999956, -28.244761799999935 ], [ -52.427657399999987, -28.245735199999956 ], [ -52.427381799999978, -28.246042399999965 ], [ -52.427173299999936, -28.246274199999959 ], [ -52.427042, -28.246394099999975 ], [ -52.426865799999973, -28.246532699999932 ] ] ] } },
{ "type": "Feature", "properties": { "id": "431410005030008", "cn22_pop03_20a59_tot_2": 0.58333333333333337, "bas.v0001": 672, "dem.v01035": 36, "dem.v01036": 36, "dem.v01037": 129, "dem.v01038": 118, "dem.v01039": 73, "cn22_pop01_res_tot_0": 672, "cn22_pop03_20a59_tot_1": 392 }, "geometry": { "type": "Polygon", "coordinates": [ [ [ -52.426249399999961, -28.236558899999977 ], [ -52.426528699999949, -28.237296299999969 ], [ -52.426920799999948, -28.238416399999949 ], [ -52.427071399999932, -28.238828699999942 ], [ -52.427092799999969, -28.238902199999984 ], [ -52.427106599999945, -28.238981799999976 ], [ -52.427151199999969, -28.239510899999971 ], [ -52.427183399999933, -28.239912899999979 ], [ -52.427282299999945, -28.240967699999942 ], [ -52.427377, -28.242037 ], [ -52.427455499999951, -28.242690799999934 ], [ -52.427561, -28.243729099999939 ], [ -52.427103899999963, -28.244314599999939 ], [ -52.428007899999955, -28.244883499999958 ], [ -52.429049199999952, -28.243574399999943 ], [ -52.429450499999973, -28.243142 ], [ -52.429786, -28.242789199999947 ], [ -52.429912, -28.242655 ], [ -52.430103199999962, -28.242504 ], [ -52.430259599999943, -28.242401399999949 ], [ -52.430553699999962, -28.242252699999938 ], [ -52.430686899999955, -28.242207 ], [ -52.430863899999963, -28.242147199999977 ], [ -52.431025799999986, -28.242122499999937 ], [ -52.431195299999956, -28.242117199999939 ], [ -52.431361099999947, -28.242133899999942 ], [ -52.431696399999964, -28.242190299999947 ], [ -52.432053799999949, -28.242254499999945 ], [ -52.431773499999963, -28.239625 ], [ -52.431761699999981, -28.239513899999963 ], [ -52.431139099999939, -28.237787399999945 ], [ -52.429995299999973, -28.235418399999958 ], [ -52.42879419999997, -28.235855599999979 ], [ -52.427373899999964, -28.236355699999933 ], [ -52.426935599999979, -28.236463 ], [ -52.426249399999961, -28.236558899999977 ] ] ] } },
{ "type": "Feature", "properties": { "id": "431410005030009", "cn22_pop03_20a59_tot_2": 0.53707414829659317, "bas.v0001": 499, "dem.v01035": 22, "dem.v01036": 30, "dem.v01037": 77, "dem.v01038": 78, "dem.v01039": 61, "cn22_pop01_res_tot_0": 499, "cn22_pop03_20a59_tot_1": 268 }, "geometry": { "type": "Polygon", "coordinates": [ [ [ -52.423218299999974, -28.242352699999969 ], [ -52.423575399999947, -28.24232319999993 ], [ -52.424721199999965, -28.242231699999934 ], [ -52.425418699999966, -28.242179599999929 ], [ -52.426181099999951, -28.242128199999968 ], [ -52.426314299999945, -28.243366499999979 ], [ -52.427455499999951, -28.242690799999934 ], [ -52.427377, -28.242037 ], [ -52.427282299999945, -28.240967699999942 ], [ -52.427183399999933, -28.239912899999979 ], [ -52.427151199999969, -28.239510899999971 ], [ -52.427106599999945, -28.238981799999976 ], [ -52.427092799999969, -28.238902199999984 ], [ -52.427071399999932, -28.238828699999942 ], [ -52.426920799999948, -28.238416399999949 ], [ -52.426528699999949, -28.237296299999969 ], [ -52.426249399999961, -28.236558899999977 ], [ -52.425743399999931, -28.236598499999957 ], [ -52.425262399999951, -28.236603899999977 ], [ -52.424510399999974, -28.236560199999928 ], [ -52.423884899999962, -28.236491899999976 ], [ -52.423613899999964, -28.236463499999957 ], [ -52.423579199999949, -28.236548899999946 ], [ -52.423543699999982, -28.23661489999995 ], [ -52.423527899999954, -28.236657 ], [ -52.423526799999934, -28.236697299999946 ], [ -52.423534299999972, -28.236740099999963 ], [ -52.423527, -28.236770399999955 ], [ -52.423296299999947, -28.23701449999993 ], [ -52.423283699999956, -28.237058499999932 ], [ -52.423298099999954, -28.237096299999962 ], [ -52.423449299999959, -28.237384099999929 ], [ -52.423503, -28.23750339999998 ], [ -52.423544699999979, -28.237641799999949 ], [ -52.423572399999955, -28.237793 ], [ -52.423598399999946, -28.238113099999964 ], [ -52.423598899999945, -28.238233 ], [ -52.42358779999995, -28.238348499999972 ], [ -52.423577299999977, -28.238403199999937 ], [ -52.42356129999996, -28.238453899999968 ], [ -52.423527699999966, -28.23852549999998 ], [ -52.423489399999937, -28.238584299999957 ], [ -52.423419799999976, -28.238754 ], [ -52.423405599999967, -28.238816799999938 ], [ -52.423397, -28.238905399999965 ], [ -52.423396699999955, -28.239086099999952 ], [ -52.423418699999957, -28.239192199999934 ], [ -52.423459399999956, -28.239336 ], [ -52.423479, -28.239523599999984 ], [ -52.423485899999946, -28.239666799999952 ], [ -52.42348469999996, -28.239812899999947 ], [ -52.423461599999939, -28.240213399999959 ], [ -52.423415599999942, -28.240530899999953 ], [ -52.423414599999944, -28.24086959999994 ], [ -52.423454899999967, -28.241107799999952 ], [ -52.423454599999957, -28.241280199999949 ], [ -52.423463499999968, -28.241383699999972 ], [ -52.423376, -28.241573599999981 ], [ -52.423345599999948, -28.241714299999956 ], [ -52.423218299999974, -28.242352699999969 ] ] ] } },
{ "type": "Feature", "properties": { "id": "431410005030010", "cn22_pop03_20a59_tot_2": 0.58951533135509393, "bas.v0001": 1011, "dem.v01035": 93, "dem.v01036": 82, "dem.v01037": 159, "dem.v01038": 150, "dem.v01039": 112, "cn22_pop01_res_tot_0": 1011, "cn22_pop03_20a59_tot_1": 596 }, "geometry": { "type": "Polygon", "coordinates": [ [ [ -52.420881699999939, -28.248052599999937 ], [ -52.421149199999945, -28.24812849999995 ], [ -52.421494199999984, -28.248212399999943 ], [ -52.421812199999977, -28.248269099999959 ], [ -52.42203319999993, -28.248297199999968 ], [ -52.422325199999932, -28.248312399999975 ], [ -52.42241729999995, -28.248318099999949 ], [ -52.422999, -28.248302 ], [ -52.423317199999985, -28.248260099999982 ], [ -52.423611899999969, -28.248209 ], [ -52.424238099999968, -28.248051099999941 ], [ -52.424908799999969, -28.247808 ], [ -52.425165399999969, -28.247683199999983 ], [ -52.425538599999982, -28.247454499999947 ], [ -52.425721299999964, -28.24735 ], [ -52.425899, -28.247228899999982 ], [ -52.426315799999941, -28.246851099999958 ], [ -52.426712599999973, -28.246397099999967 ], [ -52.427254699999935, -28.245793799999944 ], [ -52.428007899999955, -28.244883499999958 ], [ -52.427103899999963, -28.244314599999939 ], [ -52.426353, -28.245231599999954 ], [ -52.425915399999951, -28.245961699999953 ], [ -52.425339799999961, -28.245202599999971 ], [ -52.424966599999948, -28.244717499999979 ], [ -52.424908899999934, -28.244226 ], [ -52.423799, -28.24487229999994 ], [ -52.422570899999982, -28.245644899999945 ], [ -52.422688199999982, -28.246270199999969 ], [ -52.420884399999977, -28.246238199999937 ], [ -52.420876099999987, -28.247295299999962 ], [ -52.420886699999983, -28.247818199999983 ], [ -52.420881699999939, -28.248052599999937 ] ] ] } },
{ "type": "Feature", "properties": { "id": "431410005030011", "cn22_pop03_20a59_tot_2": 0.54498714652956293, "bas.v0001": 389, "dem.v01035": 30, "dem.v01036": 18, "dem.v01037": 66, "dem.v01038": 42, "dem.v01039": 56, "cn22_pop01_res_tot_0": 389, "cn22_pop03_20a59_tot_1": 212 }, "geometry": { "type": "Polygon", "coordinates": [ [ [ -52.422325199999932, -28.248312399999975 ], [ -52.421556, -28.248777399999938 ], [ -52.422204399999941, -28.249668799999938 ], [ -52.422878199999957, -28.250596799999983 ], [ -52.421749399999953, -28.25130919999998 ], [ -52.421762099999967, -28.251352399999973 ], [ -52.421746299999938, -28.25190989999993 ], [ -52.421717199999932, -28.25346559999997 ], [ -52.422283399999969, -28.253438699999947 ], [ -52.422432, -28.253426099999956 ], [ -52.422589699999946, -28.253403 ], [ -52.422726799999964, -28.253372499999955 ], [ -52.422827699999971, -28.253340799999933 ], [ -52.422874499999978, -28.253322099999934 ], [ -52.423001499999941, -28.253248 ], [ -52.42318709999995, -28.253115599999944 ], [ -52.423540199999934, -28.252681499999937 ], [ -52.423716499999955, -28.252154599999983 ], [ -52.423672, -28.251693399999965 ], [ -52.42356529999995, -28.251052699999946 ], [ -52.423543199999983, -28.250895699999944 ], [ -52.423534299999972, -28.250723499999935 ], [ -52.423543299999949, -28.250605299999961 ], [ -52.423596299999986, -28.250374499999964 ], [ -52.423630899999978, -28.250273199999981 ], [ -52.424077899999986, -28.249591099999975 ], [ -52.424163699999951, -28.249638499999946 ], [ -52.425158599999975, -28.24838509999995 ], [ -52.424238099999968, -28.248051099999941 ], [ -52.423611899999969, -28.248209 ], [ -52.423317199999985, -28.248260099999982 ], [ -52.422999, -28.248302 ], [ -52.42241729999995, -28.248318099999949 ], [ -52.422325199999932, -28.248312399999975 ] ] ] } },
{ "type": "Feature", "properties": { "id": "431410005030012", "cn22_pop03_20a59_tot_2": 0.52631578947368418, "bas.v0001": 741, "dem.v01035": 40, "dem.v01036": 41, "dem.v01037": 85, "dem.v01038": 122, "dem.v01039": 102, "cn22_pop01_res_tot_0": 741, "cn22_pop03_20a59_tot_1": 390 }, "geometry": { "type": "Polygon", "coordinates": [ [ [ -52.416881299999943, -28.250516499999947 ], [ -52.416633799999943, -28.250514599999974 ], [ -52.416280699999959, -28.250455299999942 ], [ -52.415775599999961, -28.250288099999977 ], [ -52.415299299999958, -28.251266599999951 ], [ -52.414833699999974, -28.252269399999932 ], [ -52.413080199999968, -28.252727 ], [ -52.414842299999975, -28.25336 ], [ -52.415043, -28.253484399999934 ], [ -52.416133199999933, -28.254266599999937 ], [ -52.416523499999983, -28.254521699999941 ], [ -52.417251399999941, -28.254941199999962 ], [ -52.417962299999942, -28.253926199999967 ], [ -52.418222499999956, -28.253531899999928 ], [ -52.41834689999996, -28.253372699999943 ], [ -52.418505499999981, -28.253239599999972 ], [ -52.418621199999961, -28.25316289999995 ], [ -52.419023799999934, -28.252927299999953 ], [ -52.420065099999931, -28.254297099999974 ], [ -52.420262899999955, -28.254112799999973 ], [ -52.420441199999971, -28.25396319999993 ], [ -52.42062059999995, -28.253831199999979 ], [ -52.420882399999982, -28.253659099999936 ], [ -52.421218, -28.253549199999952 ], [ -52.421380299999953, -28.253507199999945 ], [ -52.42148009999994, -28.253489299999956 ], [ -52.421717199999932, -28.25346559999997 ], [ -52.421746299999938, -28.25190989999993 ], [ -52.421762099999967, -28.251352399999973 ], [ -52.421749399999953, -28.25130919999998 ], [ -52.422878199999957, -28.250596799999983 ], [ -52.422204399999941, -28.249668799999938 ], [ -52.421556, -28.248777399999938 ], [ -52.420341199999939, -28.249483099999964 ], [ -52.419433099999935, -28.250044199999934 ], [ -52.418546399999968, -28.250540199999932 ], [ -52.416881299999943, -28.250516499999947 ] ] ] } },
{ "type": "Feature", "properties": { "id": "431410005030013", "cn22_pop03_20a59_tot_2": 0.59279778393351801, "bas.v0001": 361, "dem.v01035": 17, "dem.v01036": 22, "dem.v01037": 78, "dem.v01038": 43, "dem.v01039": 54, "cn22_pop01_res_tot_0": 361, "cn22_pop03_20a59_tot_1": 214 }, "geometry": { "type": "Polygon", "coordinates": [ [ [ -52.417251399999941, -28.254941199999962 ], [ -52.41778039999997, -28.255250299999943 ], [ -52.418164199999978, -28.255764099999965 ], [ -52.418536599999982, -28.256332799999939 ], [ -52.418608, -28.256406099999936 ], [ -52.418947199999934, -28.256132799999932 ], [ -52.419096799999977, -28.256000299999982 ], [ -52.419237799999962, -28.255807199999936 ], [ -52.419327299999964, -28.255662 ], [ -52.41945149999998, -28.255420899999933 ], [ -52.419773, -28.254796599999963 ], [ -52.420065099999931, -28.254297099999974 ], [ -52.419023799999934, -28.252927299999953 ], [ -52.418621199999961, -28.25316289999995 ], [ -52.418505499999981, -28.253239599999972 ], [ -52.41834689999996, -28.253372699999943 ], [ -52.418222499999956, -28.253531899999928 ], [ -52.417962299999942, -28.253926199999967 ], [ -52.417251399999941, -28.254941199999962 ] ] ] } },
{ "type": "Feature", "properties": { "id": "431410005030014", "cn22_pop03_20a59_tot_2": 0.51939291736930859, "bas.v0001": 593, "dem.v01035": 39, "dem.v01036": 34, "dem.v01037": 86, "dem.v01038": 67, "dem.v01039": 82, "cn22_pop01_res_tot_0": 593, "cn22_pop03_20a59_tot_1": 308 }, "geometry": { "type": "Polygon", "coordinates": [ [ [ -52.42511449999995, -28.255526699999962 ], [ -52.427043099999935, -28.255623399999934 ], [ -52.428503299999932, -28.254167799999948 ], [ -52.428981299999975, -28.25358319999998 ], [ -52.42797349999995, -28.252961499999969 ], [ -52.427059699999973, -28.252437 ], [ -52.425834399999985, -28.251664399999981 ], [ -52.425136699999939, -28.252381799999966 ], [ -52.424792199999956, -28.252777 ], [ -52.424977599999977, -28.254389 ], [ -52.42511449999995, -28.255526699999962 ] ] ] } },
{ "type": "Feature", "properties": { "id": "431410005030015", "cn22_pop03_20a59_tot_2": 0.54371859296482417, "bas.v0001": 995, "dem.v01035": 80, "dem.v01036": 53, "dem.v01037": 131, "dem.v01038": 155, "dem.v01039": 122, "cn22_pop01_res_tot_0": 995, "cn22_pop03_20a59_tot_1": 541 }, "geometry": { "type": "Polygon", "coordinates": [ [ [ -52.424238099999968, -28.248051099999941 ], [ -52.425158599999975, -28.24838509999995 ], [ -52.424163699999951, -28.249638499999946 ], [ -52.424772399999938, -28.249958099999958 ], [ -52.425581299999976, -28.250340899999969 ], [ -52.425694899999939, -28.25049619999993 ], [ -52.425834399999985, -28.251664399999981 ], [ -52.427059699999973, -28.252437 ], [ -52.42797349999995, -28.252961499999969 ], [ -52.428981299999975, -28.25358319999998 ], [ -52.429710399999976, -28.252840099999958 ], [ -52.430518099999972, -28.252006899999969 ], [ -52.431267899999966, -28.25116079999998 ], [ -52.43034259999996, -28.250482199999965 ], [ -52.42937139999998, -28.249771 ], [ -52.42893689999994, -28.249462799999947 ], [ -52.428379699999937, -28.249057099999959 ], [ -52.428199, -28.248927099999946 ], [ -52.427447399999949, -28.248386399999958 ], [ -52.426419199999941, -28.247628799999973 ], [ -52.426499599999943, -28.24754889999997 ], [ -52.427350299999944, -28.246896699999979 ], [ -52.426865799999973, -28.246532699999932 ], [ -52.426712599999973, -28.246397099999967 ], [ -52.426315799999941, -28.246851099999958 ], [ -52.425899, -28.247228899999982 ], [ -52.425721299999964, -28.24735 ], [ -52.425538599999982, -28.247454499999947 ], [ -52.425165399999969, -28.247683199999983 ], [ -52.424908799999969, -28.247808 ], [ -52.424238099999968, -28.248051099999941 ] ] ] } },
{ "type": "Feature", "properties": { "id": "431410005030016", "cn22_pop03_20a59_tot_2": 0.56953055801594332, "bas.v0001": 1129, "dem.v01035": 67, "dem.v01036": 82, "dem.v01037": 161, "dem.v01038": 166, "dem.v01039": 167, "cn22_pop01_res_tot_0": 1129, "cn22_pop03_20a59_tot_1": 643 }, "geometry": { "type": "Polygon", "coordinates": [ [ [ -52.428981299999975, -28.25358319999998 ], [ -52.428503299999932, -28.254167799999948 ], [ -52.429595899999981, -28.254512699999964 ], [ -52.430857199999934, -28.25493419999998 ], [ -52.431921399999965, -28.255573 ], [ -52.432511399999953, -28.25488 ], [ -52.433514899999977, -28.255584399999975 ], [ -52.43404529999998, -28.255981399999939 ], [ -52.434841, -28.255180499999938 ], [ -52.43496289999996, -28.255510299999969 ], [ -52.435194899999942, -28.255447799999956 ], [ -52.435592699999972, -28.255372699999953 ], [ -52.436054499999955, -28.255165 ], [ -52.436371, -28.254847 ], [ -52.436218, -28.254713 ], [ -52.435642299999984, -28.25431709999998 ], [ -52.435129899999936, -28.253965899999969 ], [ -52.434607799999981, -28.253592399999945 ], [ -52.433155399999976, -28.252544399999977 ], [ -52.432211299999949, -28.251845499999945 ], [ -52.431883899999946, -28.251608399999952 ], [ -52.431267899999966, -28.25116079999998 ], [ -52.430518099999972, -28.252006899999969 ], [ -52.429710399999976, -28.252840099999958 ], [ -52.428981299999975, -28.25358319999998 ] ] ] } },
{ "type": "Feature", "properties": { "id": "431410005030017", "cn22_pop03_20a59_tot_2": 0.58894230769230771, "bas.v0001": 1248, "dem.v01035": 109, "dem.v01036": 99, "dem.v01037": 188, "dem.v01038": 176, "dem.v01039": 163, "cn22_pop01_res_tot_0": 1248, "cn22_pop03_20a59_tot_1": 735 }, "geometry": { "type": "Polygon", "coordinates": [ [ [ -52.427043099999935, -28.255623399999934 ], [ -52.429005399999937, -28.256294599999933 ], [ -52.427928899999984, -28.258890299999962 ], [ -52.430047599999966, -28.259299599999963 ], [ -52.430474899999979, -28.259370699999977 ], [ -52.430456399999969, -28.25930969999996 ], [ -52.430436899999961, -28.259165499999938 ], [ -52.430415899999957, -28.259012899999959 ], [ -52.430366599999957, -28.258718299999941 ], [ -52.430415799999935, -28.25829989999994 ], [ -52.430594299999939, -28.258144899999934 ], [ -52.430735399999946, -28.258088699999973 ], [ -52.431045199999971, -28.258051799999976 ], [ -52.431456599999933, -28.257908499999928 ], [ -52.43183659999994, -28.257922 ], [ -52.432177299999978, -28.257664899999952 ], [ -52.432411599999966, -28.257380299999966 ], [ -52.432487799999933, -28.256973 ], [ -52.432650499999966, -28.256695399999955 ], [ -52.432801199999972, -28.256701899999939 ], [ -52.43304089999998, -28.25659509999997 ], [ -52.433481699999959, -28.256367099999977 ], [ -52.433646899999985, -28.256300299999964 ], [ -52.433762699999932, -28.256224499999973 ], [ -52.433898599999964, -28.256160499999964 ], [ -52.434041199999967, -28.256083699999976 ], [ -52.434242799999936, -28.255971699999975 ], [ -52.43455419999998, -28.255821199999957 ], [ -52.434869, -28.255526 ], [ -52.43496289999996, -28.255510299999969 ], [ -52.434841, -28.255180499999938 ], [ -52.43404529999998, -28.255981399999939 ], [ -52.433514899999977, -28.255584399999975 ], [ -52.432511399999953, -28.25488 ], [ -52.431921399999965, -28.255573 ], [ -52.430857199999934, -28.25493419999998 ], [ -52.429595899999981, -28.254512699999964 ], [ -52.428503299999932, -28.254167799999948 ], [ -52.427043099999935, -28.255623399999934 ] ] ] } },
{ "type": "Feature", "properties": { "id": "431410005030018", "cn22_pop03_20a59_tot_2": 0.54953764861294585, "bas.v0001": 757, "dem.v01035": 47, "dem.v01036": 57, "dem.v01037": 117, "dem.v01038": 85, "dem.v01039": 110, "cn22_pop01_res_tot_0": 757, "cn22_pop03_20a59_tot_1": 416 }, "geometry": { "type": "Polygon", "coordinates": [ [ [ -52.423083599999984, -28.255475499999932 ], [ -52.422867699999983, -28.256595299999958 ], [ -52.424000799999931, -28.256917399999963 ], [ -52.424127299999952, -28.256544199999951 ], [ -52.424803699999984, -28.257228199999929 ], [ -52.425582299999974, -28.257415699999967 ], [ -52.426183199999969, -28.257642799999928 ], [ -52.426718799999946, -28.258955299999968 ], [ -52.427756499999987, -28.259305499999982 ], [ -52.427928899999984, -28.258890299999962 ], [ -52.429005399999937, -28.256294599999933 ], [ -52.427043099999935, -28.255623399999934 ], [ -52.42511449999995, -28.255526699999962 ], [ -52.424397699999986, -28.255507499999965 ], [ -52.423804699999948, -28.255476299999941 ], [ -52.423370799999987, -28.255469599999969 ], [ -52.423083599999984, -28.255475499999932 ] ] ] } },
{ "type": "Feature", "properties": { "id": "431410005030019", "cn22_pop03_20a59_tot_2": 0.56032171581769441, "bas.v0001": 746, "dem.v01035": 45, "dem.v01036": 54, "dem.v01037": 138, "dem.v01038": 86, "dem.v01039": 95, "cn22_pop01_res_tot_0": 746, "cn22_pop03_20a59_tot_1": 418 }, "geometry": { "type": "Polygon", "coordinates": [ [ [ -52.419773, -28.254796599999963 ], [ -52.41945149999998, -28.255420899999933 ], [ -52.419327299999964, -28.255662 ], [ -52.419237799999962, -28.255807199999936 ], [ -52.419096799999977, -28.256000299999982 ], [ -52.418947199999934, -28.256132799999932 ], [ -52.418608, -28.256406099999936 ], [ -52.418387, -28.256941599999948 ], [ -52.419654299999934, -28.257669899999939 ], [ -52.420362899999986, -28.258107399999972 ], [ -52.421218399999987, -28.258592799999974 ], [ -52.421988599999963, -28.257700799999952 ], [ -52.422749, -28.256834499999968 ], [ -52.422867699999983, -28.256595299999958 ], [ -52.423083599999984, -28.255475499999932 ], [ -52.421630799999946, -28.254320399999983 ], [ -52.42032329999995, -28.254434599999968 ], [ -52.420068599999979, -28.25468 ], [ -52.419773, -28.254796599999963 ] ] ] } },
{ "type": "Feature", "properties": { "id": "431410005030020", "cn22_pop03_20a59_tot_2": 0.55263157894736847, "bas.v0001": 418, "dem.v01035": 28, "dem.v01036": 24, "dem.v01037": 63, "dem.v01038": 56, "dem.v01039": 60, "cn22_pop01_res_tot_0": 418, "cn22_pop03_20a59_tot_1": 231 }, "geometry": { "type": "Polygon", "coordinates": [ [ [ -52.422867699999983, -28.256595299999958 ], [ -52.422749, -28.256834499999968 ], [ -52.421988599999963, -28.257700799999952 ], [ -52.422759699999972, -28.258177699999976 ], [ -52.423423299999968, -28.258556499999941 ], [ -52.424750399999937, -28.259201399999938 ], [ -52.42418779999997, -28.260092099999952 ], [ -52.424177199999974, -28.260127799999964 ], [ -52.424364499999967, -28.260252199999968 ], [ -52.424639899999931, -28.260265699999934 ], [ -52.424702699999955, -28.260214799999972 ], [ -52.425101, -28.26020079999995 ], [ -52.425272, -28.260253499999976 ], [ -52.425352499999974, -28.260285199999942 ], [ -52.425494799999967, -28.260284599999977 ], [ -52.425660199999982, -28.260236499999962 ], [ -52.425863, -28.260207499999979 ], [ -52.426004599999942, -28.260117599999944 ], [ -52.426219899999978, -28.260052499999972 ], [ -52.426398799999959, -28.259925 ], [ -52.426483299999973, -28.259869199999969 ], [ -52.426586099999952, -28.259824699999967 ], [ -52.426787599999955, -28.259819299999947 ], [ -52.426983399999983, -28.259785499999964 ], [ -52.42716, -28.259788399999934 ], [ -52.427347199999986, -28.259818399999972 ], [ -52.427474899999936, -28.259883299999956 ], [ -52.427592199999935, -28.259657299999958 ], [ -52.427756499999987, -28.259305499999982 ], [ -52.426718799999946, -28.258955299999968 ], [ -52.426183199999969, -28.257642799999928 ], [ -52.425582299999974, -28.257415699999967 ], [ -52.424803699999984, -28.257228199999929 ], [ -52.424127299999952, -28.256544199999951 ], [ -52.424000799999931, -28.256917399999963 ], [ -52.422867699999983, -28.256595299999958 ] ] ] } },
{ "type": "Feature", "properties": { "id": "431410005030021", "cn22_pop03_20a59_tot_2": 0.59, "bas.v0001": 100, "dem.v01035": 10, "dem.v01036": 10, "dem.v01037": 7, "dem.v01038": 13, "dem.v01039": 19, "cn22_pop01_res_tot_0": 100, "cn22_pop03_20a59_tot_1": 59 }, "geometry": { "type": "Polygon", "coordinates": [ [ [ -52.427756499999987, -28.259305499999982 ], [ -52.427592199999935, -28.259657299999958 ], [ -52.427474899999936, -28.259883299999956 ], [ -52.42772279999997, -28.259997399999975 ], [ -52.427870699999971, -28.259999199999982 ], [ -52.428059099999984, -28.259979399999963 ], [ -52.428237099999933, -28.259864099999959 ], [ -52.428587399999969, -28.259733899999958 ], [ -52.428778099999931, -28.259685 ], [ -52.428896599999973, -28.259678 ], [ -52.429373099999964, -28.259674799999971 ], [ -52.429581799999937, -28.259723399999928 ], [ -52.429809899999952, -28.259740099999931 ], [ -52.43012269999997, -28.259651599999984 ], [ -52.430364699999984, -28.259539699999948 ], [ -52.430479099999957, -28.259404399999937 ], [ -52.430474899999979, -28.259370699999977 ], [ -52.430047599999966, -28.259299599999963 ], [ -52.427928899999984, -28.258890299999962 ], [ -52.427756499999987, -28.259305499999982 ] ] ] } },
{ "type": "Feature", "properties": { "id": "431410005030023", "cn22_pop03_20a59_tot_2": 0.61049284578696339, "bas.v0001": 629, "dem.v01035": 61, "dem.v01036": 38, "dem.v01037": 117, "dem.v01038": 97, "dem.v01039": 71, "cn22_pop01_res_tot_0": 629, "cn22_pop03_20a59_tot_1": 384 }, "geometry": { "type": "Polygon", "coordinates": [ [ [ -52.428379699999937, -28.249057099999959 ], [ -52.42893689999994, -28.249462799999947 ], [ -52.42937139999998, -28.249771 ], [ -52.43034259999996, -28.250482199999965 ], [ -52.431267899999966, -28.25116079999998 ], [ -52.432049799999959, -28.250324 ], [ -52.432440699999972, -28.249886699999934 ], [ -52.431506299999967, -28.249212399999976 ], [ -52.431869199999937, -28.248803499999951 ], [ -52.432759199999964, -28.247833699999944 ], [ -52.431824799999958, -28.247147199999972 ], [ -52.431323599999985, -28.246783599999958 ], [ -52.430836299999953, -28.246447399999965 ], [ -52.430799299999933, -28.246423 ], [ -52.429909399999985, -28.24737319999997 ], [ -52.42913249999998, -28.248211 ], [ -52.428379699999937, -28.249057099999959 ] ] ] } },
{ "type": "Feature", "properties": { "id": "431410005030024", "cn22_pop03_20a59_tot_2": 0.55970149253731338, "bas.v0001": 804, "dem.v01035": 60, "dem.v01036": 62, "dem.v01037": 124, "dem.v01038": 116, "dem.v01039": 88, "cn22_pop01_res_tot_0": 804, "cn22_pop03_20a59_tot_1": 450 }, "geometry": { "type": "Polygon", "coordinates": [ [ [ -52.423218299999974, -28.242352699999969 ], [ -52.423201699999936, -28.242436599999962 ], [ -52.422973199999944, -28.243155299999955 ], [ -52.422817, -28.24341069999997 ], [ -52.422428099999934, -28.243873399999984 ], [ -52.422308699999974, -28.24424769999996 ], [ -52.42217919999996, -28.244423499999982 ], [ -52.422074699999939, -28.244515299999932 ], [ -52.421738199999936, -28.244937199999981 ], [ -52.421098099999938, -28.245419599999934 ], [ -52.420518399999935, -28.24564259999994 ], [ -52.420162299999959, -28.245921599999974 ], [ -52.420018499999969, -28.246072099999935 ], [ -52.419905799999981, -28.246436099999983 ], [ -52.420029599999964, -28.246728599999983 ], [ -52.419818299999974, -28.247131399999944 ], [ -52.419646799999953, -28.247419899999954 ], [ -52.419972399999949, -28.24762839999994 ], [ -52.420334799999978, -28.247853199999952 ], [ -52.420499899999982, -28.247923199999946 ], [ -52.420881699999939, -28.248052599999937 ], [ -52.420886699999983, -28.247818199999983 ], [ -52.420876099999987, -28.247295299999962 ], [ -52.420884399999977, -28.246238199999937 ], [ -52.422688199999982, -28.246270199999969 ], [ -52.422570899999982, -28.245644899999945 ], [ -52.423799, -28.24487229999994 ], [ -52.424908899999934, -28.244226 ], [ -52.424966599999948, -28.244717499999979 ], [ -52.425339799999961, -28.245202599999971 ], [ -52.425915399999951, -28.245961699999953 ], [ -52.426353, -28.245231599999954 ], [ -52.427103899999963, -28.244314599999939 ], [ -52.427561, -28.243729099999939 ], [ -52.427455499999951, -28.242690799999934 ], [ -52.426314299999945, -28.243366499999979 ], [ -52.426181099999951, -28.242128199999968 ], [ -52.425418699999966, -28.242179599999929 ], [ -52.424721199999965, -28.242231699999934 ], [ -52.423575399999947, -28.24232319999993 ], [ -52.423218299999974, -28.242352699999969 ] ] ] } },
{ "type": "Feature", "properties": { "id": "431410005030025", "cn22_pop03_20a59_tot_2": 0.63451776649746194, "bas.v0001": 788, "dem.v01035": 92, "dem.v01036": 66, "dem.v01037": 118, "dem.v01038": 117, "dem.v01039": 107, "cn22_pop01_res_tot_0": 788, "cn22_pop03_20a59_tot_1": 500 }, "geometry": { "type": "Polygon", "coordinates": [ [ [ -52.421717199999932, -28.25346559999997 ], [ -52.42148009999994, -28.253489299999956 ], [ -52.421380299999953, -28.253507199999945 ], [ -52.421218, -28.253549199999952 ], [ -52.420882399999982, -28.253659099999936 ], [ -52.42062059999995, -28.253831199999979 ], [ -52.420441199999971, -28.25396319999993 ], [ -52.420262899999955, -28.254112799999973 ], [ -52.420065099999931, -28.254297099999974 ], [ -52.419773, -28.254796599999963 ], [ -52.420068599999979, -28.25468 ], [ -52.42032329999995, -28.254434599999968 ], [ -52.421630799999946, -28.254320399999983 ], [ -52.423083599999984, -28.255475499999932 ], [ -52.423370799999987, -28.255469599999969 ], [ -52.423804699999948, -28.255476299999941 ], [ -52.424397699999986, -28.255507499999965 ], [ -52.42511449999995, -28.255526699999962 ], [ -52.424977599999977, -28.254389 ], [ -52.424792199999956, -28.252777 ], [ -52.425136699999939, -28.252381799999966 ], [ -52.425834399999985, -28.251664399999981 ], [ -52.425694899999939, -28.25049619999993 ], [ -52.425581299999976, -28.250340899999969 ], [ -52.424772399999938, -28.249958099999958 ], [ -52.424163699999951, -28.249638499999946 ], [ -52.424077899999986, -28.249591099999975 ], [ -52.423630899999978, -28.250273199999981 ], [ -52.423596299999986, -28.250374499999964 ], [ -52.423543299999949, -28.250605299999961 ], [ -52.423534299999972, -28.250723499999935 ], [ -52.423543199999983, -28.250895699999944 ], [ -52.42356529999995, -28.251052699999946 ], [ -52.423672, -28.251693399999965 ], [ -52.423716499999955, -28.252154599999983 ], [ -52.423540199999934, -28.252681499999937 ], [ -52.42318709999995, -28.253115599999944 ], [ -52.423001499999941, -28.253248 ], [ -52.422874499999978, -28.253322099999934 ], [ -52.422827699999971, -28.253340799999933 ], [ -52.422726799999964, -28.253372499999955 ], [ -52.422589699999946, -28.253403 ], [ -52.422432, -28.253426099999956 ], [ -52.422283399999969, -28.253438699999947 ], [ -52.421717199999932, -28.25346559999997 ] ] ] } },
{ "type": "Feature", "properties": { "id": "431410005030026", "cn22_pop03_20a59_tot_2": 0.59072580645161288, "bas.v0001": 496, "dem.v01035": 42, "dem.v01036": 56, "dem.v01037": 105, "dem.v01038": 52, "dem.v01039": 38, "cn22_pop01_res_tot_0": 496, "cn22_pop03_20a59_tot_1": 293 }, "geometry": { "type": "Polygon", "coordinates": [ [ [ -52.441698799999983, -28.25288379999995 ], [ -52.441700199999957, -28.252584199999944 ], [ -52.44150209999998, -28.251997099999983 ], [ -52.441809, -28.251092299999982 ], [ -52.442087299999969, -28.250915299999974 ], [ -52.442228199999931, -28.25032159999995 ], [ -52.442792399999973, -28.249873 ], [ -52.442857, -28.249761199999966 ], [ -52.442809799999964, -28.249322799999959 ], [ -52.442927199999986, -28.248815599999944 ], [ -52.443087599999956, -28.248238299999969 ], [ -52.444073599999967, -28.247337499999958 ], [ -52.444685899999968, -28.24684 ], [ -52.444906, -28.246596499999953 ], [ -52.445010399999944, -28.246362799999929 ], [ -52.445158, -28.246169499999951 ], [ -52.444960599999945, -28.246034399999928 ], [ -52.443829, -28.24506139999994 ], [ -52.443578899999977, -28.244841099999974 ], [ -52.442294599999968, -28.243724899999961 ], [ -52.441939599999955, -28.244290099999944 ], [ -52.441323, -28.245523099999957 ], [ -52.441045699999961, -28.246162599999934 ], [ -52.440721099999962, -28.24720949999994 ], [ -52.440716299999963, -28.247225899999933 ], [ -52.441226799999981, -28.247311 ], [ -52.441313699999967, -28.247368499999936 ], [ -52.441351299999951, -28.247460499999931 ], [ -52.441313899999955, -28.247771899999975 ], [ -52.441936799999951, -28.247884 ], [ -52.44173829999994, -28.248857799999939 ], [ -52.441728499999954, -28.249644899999964 ], [ -52.440797, -28.252492899999936 ], [ -52.441407399999946, -28.252686 ], [ -52.441698799999983, -28.25288379999995 ] ] ] } },
{ "type": "Feature", "properties": { "id": "431410005030027", "cn22_pop03_20a59_tot_2": 0.59777102330293819, "bas.v0001": 987, "dem.v01035": 75, "dem.v01036": 62, "dem.v01037": 188, "dem.v01038": 149, "dem.v01039": 116, "cn22_pop01_res_tot_0": 987, "cn22_pop03_20a59_tot_1": 590 }, "geometry": { "type": "Polygon", "coordinates": [ [ [ -52.440716299999963, -28.247225899999933 ], [ -52.44046579999997, -28.248081099999979 ], [ -52.440214499999968, -28.249237099999959 ], [ -52.438982299999964, -28.248936 ], [ -52.438791899999956, -28.249650599999939 ], [ -52.438547799999981, -28.250355499999955 ], [ -52.438303399999938, -28.251058199999932 ], [ -52.438066599999956, -28.251774499999954 ], [ -52.437852799999973, -28.252409599999964 ], [ -52.437685899999963, -28.253024099999948 ], [ -52.437658799999951, -28.253120499999966 ], [ -52.437759099999937, -28.253164499999968 ], [ -52.438139799999931, -28.253133199999979 ], [ -52.43854239999996, -28.253212 ], [ -52.438659599999937, -28.253280099999984 ], [ -52.439056799999946, -28.253485799999964 ], [ -52.439449499999967, -28.25368659999998 ], [ -52.439615199999935, -28.253795699999955 ], [ -52.439942799999983, -28.253753499999959 ], [ -52.440033699999958, -28.253652599999953 ], [ -52.440149899999938, -28.253528199999948 ], [ -52.440400199999942, -28.253520599999945 ], [ -52.440815599999951, -28.253470099999959 ], [ -52.441060799999946, -28.253458399999943 ], [ -52.441534199999978, -28.253412099999935 ], [ -52.441698299999985, -28.252997 ], [ -52.441698799999983, -28.25288379999995 ], [ -52.441407399999946, -28.252686 ], [ -52.440797, -28.252492899999936 ], [ -52.441728499999954, -28.249644899999964 ], [ -52.44173829999994, -28.248857799999939 ], [ -52.441936799999951, -28.247884 ], [ -52.441313899999955, -28.247771899999975 ], [ -52.441351299999951, -28.247460499999931 ], [ -52.441313699999967, -28.247368499999936 ], [ -52.441226799999981, -28.247311 ], [ -52.440716299999963, -28.247225899999933 ] ] ] } },
{ "type": "Feature", "properties": { "id": "431410005040012", "cn22_pop03_20a59_tot_2": 0.64483906770255273, "bas.v0001": 901, "dem.v01035": 83, "dem.v01036": 83, "dem.v01037": 124, "dem.v01038": 151, "dem.v01039": 140, "cn22_pop01_res_tot_0": 901, "cn22_pop03_20a59_tot_1": 581 }, "geometry": { "type": "Polygon", "coordinates": [ [ [ -52.386864699999933, -28.23417029999996 ], [ -52.386387199999945, -28.236686599999928 ], [ -52.386322, -28.237004699999943 ], [ -52.386182299999973, -28.237572399999976 ], [ -52.386061899999959, -28.238135299999954 ], [ -52.385737499999948, -28.23966809999996 ], [ -52.386478499999953, -28.239776 ], [ -52.387222599999973, -28.239888399999984 ], [ -52.387982199999954, -28.240019 ], [ -52.388719399999957, -28.240123899999958 ], [ -52.388841599999978, -28.23945249999997 ], [ -52.390054499999962, -28.239629299999933 ], [ -52.390260499999954, -28.239702799999975 ], [ -52.390978, -28.240065199999947 ], [ -52.391535899999951, -28.240377799999976 ], [ -52.391995299999962, -28.23982419999993 ], [ -52.392826199999945, -28.238809699999933 ], [ -52.392900899999972, -28.238698499999941 ], [ -52.393097899999987, -28.237812399999939 ], [ -52.393485899999973, -28.236038 ], [ -52.39363069999996, -28.235339499999952 ], [ -52.393498499999964, -28.235140899999976 ], [ -52.393373199999985, -28.234980399999984 ], [ -52.392056, -28.233399599999927 ], [ -52.391559799999982, -28.232765099999938 ], [ -52.391388199999938, -28.232499599999983 ], [ -52.390124599999979, -28.23314229999994 ], [ -52.389822299999935, -28.233286 ], [ -52.389577799999984, -28.233395099999939 ], [ -52.389379399999939, -28.233474 ], [ -52.38902939999997, -28.233613799999944 ], [ -52.388745899999947, -28.233709099999942 ], [ -52.388470299999938, -28.23378729999996 ], [ -52.388188399999933, -28.233863699999972 ], [ -52.386864699999933, -28.23417029999996 ] ] ] } },
{ "type": "Feature", "properties": { "id": "431410005040021", "cn22_pop03_20a59_tot_2": 0.53444180522565321, "bas.v0001": 421, "dem.v01035": 32, "dem.v01036": 31, "dem.v01037": 57, "dem.v01038": 57, "dem.v01039": 48, "cn22_pop01_res_tot_0": 421, "cn22_pop03_20a59_tot_1": 225 }, "geometry": { "type": "Polygon", "coordinates": [ [ [ -52.38492789999998, -28.250071099999957 ], [ -52.385329599999977, -28.249681899999928 ], [ -52.386264, -28.250544699999978 ], [ -52.386681199999941, -28.250931399999956 ], [ -52.386763299999984, -28.251060799999948 ], [ -52.386870599999952, -28.251391199999944 ], [ -52.386954199999934, -28.251872599999956 ], [ -52.387028699999973, -28.25162679999994 ], [ -52.387681, -28.25213309999998 ], [ -52.388093699999956, -28.252419799999927 ], [ -52.388957699999935, -28.251499899999942 ], [ -52.386866299999951, -28.249947299999974 ], [ -52.385824599999978, -28.249161199999946 ], [ -52.386712099999954, -28.248230899999953 ], [ -52.387691899999936, -28.24719349999998 ], [ -52.386626299999932, -28.246409 ], [ -52.385629, -28.247465099999943 ], [ -52.384756299999935, -28.248392499999966 ], [ -52.383877499999983, -28.249308599999949 ], [ -52.384747699999934, -28.249940299999935 ], [ -52.38492789999998, -28.250071099999957 ] ] ] } },
{ "type": "Feature", "properties": { "id": "431410005040001", "cn22_pop03_20a59_tot_2": 0.54608585858585856, "bas.v0001": 1584, "dem.v01035": 127, "dem.v01036": 125, "dem.v01037": 273, "dem.v01038": 193, "dem.v01039": 147, "cn22_pop01_res_tot_0": 1584, "cn22_pop03_20a59_tot_1": 865 }, "geometry": { "type": "Polygon", "coordinates": [ [ [ -52.391388199999938, -28.232499599999983 ], [ -52.391559799999982, -28.232765099999938 ], [ -52.392056, -28.233399599999927 ], [ -52.393373199999985, -28.234980399999984 ], [ -52.393498499999964, -28.235140899999976 ], [ -52.39363069999996, -28.235339499999952 ], [ -52.393485899999973, -28.236038 ], [ -52.393097899999987, -28.237812399999939 ], [ -52.392900899999972, -28.238698499999941 ], [ -52.392826199999945, -28.238809699999933 ], [ -52.395116099999939, -28.240315299999963 ], [ -52.395236799999964, -28.240390099999956 ], [ -52.396540399999935, -28.241197499999942 ], [ -52.394671, -28.244141499999955 ], [ -52.393176399999959, -28.244939699999975 ], [ -52.39310329999995, -28.245005399999968 ], [ -52.393062399999963, -28.245271599999967 ], [ -52.392536899999982, -28.245863099999951 ], [ -52.391656399999931, -28.246808299999941 ], [ -52.390725, -28.24780979999997 ], [ -52.389852, -28.24869549999994 ], [ -52.389787199999944, -28.248759 ], [ -52.390791699999966, -28.249526499999945 ], [ -52.393119799999965, -28.25128449999994 ], [ -52.395925399999953, -28.253370299999972 ], [ -52.396049599999969, -28.253215 ], [ -52.396155499999963, -28.253086699999983 ], [ -52.396196199999963, -28.252994299999955 ], [ -52.396239099999946, -28.25284849999997 ], [ -52.396258799999941, -28.252726299999949 ], [ -52.396279099999958, -28.252664399999958 ], [ -52.396311699999956, -28.252607299999966 ], [ -52.396343299999955, -28.252573699999971 ], [ -52.396384899999987, -28.252541699999938 ], [ -52.396426, -28.252510499999971 ], [ -52.396472099999983, -28.252493 ], [ -52.396512, -28.252470399999936 ], [ -52.396601, -28.252420899999947 ], [ -52.39670689999997, -28.252335499999958 ], [ -52.396821299999942, -28.25223989999995 ], [ -52.396959399999957, -28.251999199999943 ], [ -52.39698629999998, -28.251871299999948 ], [ -52.39699029999997, -28.251760599999955 ], [ -52.397036499999956, -28.251582699999972 ], [ -52.397195499999953, -28.251168899999982 ], [ -52.397270399999968, -28.25101479999995 ], [ -52.397527899999943, -28.250489199999947 ], [ -52.397736499999951, -28.250117599999953 ], [ -52.398049, -28.249522599999978 ], [ -52.398162, -28.249249899999938 ], [ -52.398635599999977, -28.24808059999998 ], [ -52.398898199999962, -28.247806499999967 ], [ -52.399163099999953, -28.247466499999973 ], [ -52.399513, -28.247391899999968 ], [ -52.400656399999946, -28.247355899999945 ], [ -52.401310199999955, -28.247178 ], [ -52.401446099999987, -28.246986299999946 ], [ -52.401494299999968, -28.246867699999939 ], [ -52.401524699999982, -28.246706199999949 ], [ -52.401572699999974, -28.246502799999973 ], [ -52.401670399999944, -28.24619649999994 ], [ -52.401816799999949, -28.245807099999979 ], [ -52.402104299999962, -28.245156 ], [ -52.402524299999982, -28.244821599999966 ], [ -52.402775199999951, -28.244661 ], [ -52.404378099999974, -28.244304 ], [ -52.404411799999934, -28.244280499999945 ], [ -52.404617499999972, -28.244177699999966 ], [ -52.405006199999946, -28.24396859999996 ], [ -52.405196199999978, -28.243687899999941 ], [ -52.405312199999969, -28.243444499999953 ], [ -52.405451199999959, -28.243196199999943 ], [ -52.405422299999941, -28.24307129999994 ], [ -52.405389, -28.24281689999998 ], [ -52.405317099999934, -28.24261329999996 ], [ -52.405303299999957, -28.242492499999969 ], [ -52.40530339999998, -28.242368299999953 ], [ -52.405337799999984, -28.242184 ], [ -52.405373199999985, -28.242083799999932 ], [ -52.40550159999998, -28.241887799999972 ], [ -52.405624, -28.241528699999947 ], [ -52.405565499999966, -28.241254499999968 ], [ -52.405506, -28.241101899999933 ], [ -52.405433699999946, -28.241001199999971 ], [ -52.405057199999931, -28.240556499999968 ], [ -52.404767399999969, -28.239854499999979 ], [ -52.404488199999946, -28.239155899999957 ], [ -52.404388899999958, -28.238789899999972 ], [ -52.404266499999949, -28.23834869999996 ], [ -52.404217, -28.237764 ], [ -52.40418109999996, -28.237033799999949 ], [ -52.403507799999943, -28.236316699999975 ], [ -52.402989299999945, -28.235685299999943 ], [ -52.402458399999944, -28.235026 ], [ -52.402010099999984, -28.23451259999996 ], [ -52.401374199999964, -28.234064099999955 ], [ -52.400602299999946, -28.233495199999936 ], [ -52.400009199999943, -28.233019399999932 ], [ -52.400059, -28.23251149999993 ], [ -52.40016849999995, -28.231941 ], [ -52.400274, -28.231458099999941 ], [ -52.400301899999931, -28.231175299999961 ], [ -52.400313099999948, -28.230964899999947 ], [ -52.399266, -28.230699499999957 ], [ -52.398864299999957, -28.230597899999964 ], [ -52.39863779999996, -28.230553399999962 ], [ -52.398493799999983, -28.230529099999956 ], [ -52.398302199999932, -28.230499299999963 ], [ -52.397591299999931, -28.230433299999959 ], [ -52.397269, -28.230434199999934 ], [ -52.396645899999953, -28.230464799999936 ], [ -52.396005899999977, -28.230550499999936 ], [ -52.395474499999978, -28.230685499999936 ], [ -52.394875799999966, -28.230867399999966 ], [ -52.393558699999971, -28.231466199999943 ], [ -52.392106799999965, -28.232146599999965 ], [ -52.391388199999938, -28.232499599999983 ] ] ] } },
{ "type": "Feature", "properties": { "id": "431410005040002", "cn22_pop03_20a59_tot_2": 0.63174273858921159, "bas.v0001": 964, "dem.v01035": 102, "dem.v01036": 91, "dem.v01037": 171, "dem.v01038": 134, "dem.v01039": 111, "cn22_pop01_res_tot_0": 964, "cn22_pop03_20a59_tot_1": 609 }, "geometry": { "type": "Polygon", "coordinates": [ [ [ -52.37725729999994, -28.236394 ], [ -52.376893299999949, -28.236931 ], [ -52.376672299999939, -28.237652 ], [ -52.376377099999956, -28.238549899999953 ], [ -52.376329, -28.238836299999946 ], [ -52.375846899999942, -28.240199899999936 ], [ -52.37563149999994, -28.240632 ], [ -52.375894899999935, -28.240759199999957 ], [ -52.377068299999962, -28.241354799999954 ], [ -52.378321199999959, -28.241946699999971 ], [ -52.379295499999955, -28.240875299999971 ], [ -52.382484799999986, -28.240754599999946 ], [ -52.382686, -28.239725699999951 ], [ -52.382808899999986, -28.23920819999995 ], [ -52.382979099999943, -28.23826239999994 ], [ -52.383707299999969, -28.238353399999937 ], [ -52.384446499999967, -28.238462499999969 ], [ -52.384252599999968, -28.239425499999982 ], [ -52.385737499999948, -28.23966809999996 ], [ -52.386061899999959, -28.238135299999954 ], [ -52.386182299999973, -28.237572399999976 ], [ -52.386322, -28.237004699999943 ], [ -52.386387199999945, -28.236686599999928 ], [ -52.386864699999933, -28.23417029999996 ], [ -52.384939299999985, -28.234570899999937 ], [ -52.383374599999968, -28.234959299999957 ], [ -52.38069969999998, -28.235584399999937 ], [ -52.379756199999974, -28.23579669999998 ], [ -52.378804199999934, -28.236061699999937 ], [ -52.378487299999961, -28.236172 ], [ -52.377337699999941, -28.236401099999966 ], [ -52.37725729999994, -28.236394 ] ] ] } },
{ "type": "Feature", "properties": { "id": "431410005040003", "cn22_pop03_20a59_tot_2": 0.62524654832347137, "bas.v0001": 507, "dem.v01035": 67, "dem.v01036": 51, "dem.v01037": 79, "dem.v01038": 68, "dem.v01039": 52, "cn22_pop01_res_tot_0": 507, "cn22_pop03_20a59_tot_1": 317 }, "geometry": { "type": "Polygon", "coordinates": [ [ [ -52.377046899999982, -28.236446199999932 ], [ -52.37676179999994, -28.236521799999935 ], [ -52.376622, -28.236436799999979 ], [ -52.376114499999971, -28.236537399999975 ], [ -52.37482, -28.236752599999932 ], [ -52.374125799999945, -28.236922399999969 ], [ -52.373427899999967, -28.237161299999968 ], [ -52.373266499999943, -28.237276799999961 ], [ -52.372461899999962, -28.23746749999998 ], [ -52.371909199999948, -28.237592599999971 ], [ -52.371349799999962, -28.237711699999977 ], [ -52.370677199999932, -28.237879299999975 ], [ -52.370884699999976, -28.238073499999928 ], [ -52.371251499999971, -28.238272199999983 ], [ -52.372171699999967, -28.238790799999947 ], [ -52.372148099999947, -28.239810899999952 ], [ -52.37229, -28.239990499999976 ], [ -52.372411, -28.240375799999981 ], [ -52.372435799999948, -28.240476 ], [ -52.372411199999931, -28.240549899999962 ], [ -52.372398099999941, -28.240788399999929 ], [ -52.372453299999961, -28.241002799999933 ], [ -52.372460699999976, -28.241214 ], [ -52.372451099999978, -28.241323299999976 ], [ -52.372388699999931, -28.241575 ], [ -52.372508699999969, -28.241766599999949 ], [ -52.372783799999979, -28.242016899999953 ], [ -52.372899599999982, -28.242180899999937 ], [ -52.372944099999984, -28.242294499999957 ], [ -52.373063199999933, -28.242287199999964 ], [ -52.373179599999958, -28.242273199999943 ], [ -52.37398, -28.242049899999984 ], [ -52.373577099999977, -28.240598899999952 ], [ -52.373435699999959, -28.239955499999951 ], [ -52.373511, -28.239544899999942 ], [ -52.374789099999987, -28.240220099999931 ], [ -52.37563149999994, -28.240632 ], [ -52.375846899999942, -28.240199899999936 ], [ -52.376329, -28.238836299999946 ], [ -52.376377099999956, -28.238549899999953 ], [ -52.376672299999939, -28.237652 ], [ -52.376893299999949, -28.236931 ], [ -52.37725729999994, -28.236394 ], [ -52.377046899999982, -28.236446199999932 ] ] ] } },
{ "type": "Feature", "properties": { "id": "431410005040004", "cn22_pop03_20a59_tot_2": 0.54669464847848903, "bas.v0001": 953, "dem.v01035": 58, "dem.v01036": 73, "dem.v01037": 127, "dem.v01038": 127, "dem.v01039": 136, "cn22_pop01_res_tot_0": 953, "cn22_pop03_20a59_tot_1": 521 }, "geometry": { "type": "Polygon", "coordinates": [ [ [ -52.382484799999986, -28.240754599999946 ], [ -52.383236199999942, -28.240744599999971 ], [ -52.383501299999978, -28.240742599999976 ], [ -52.383669199999986, -28.240758799999981 ], [ -52.383995599999935, -28.24081689999997 ], [ -52.384723799999961, -28.240959699999962 ], [ -52.385466, -28.24109459999994 ], [ -52.386197599999946, -28.241222599999958 ], [ -52.386932799999954, -28.241343599999936 ], [ -52.387697499999945, -28.241475 ], [ -52.388386199999957, -28.241609799999935 ], [ -52.388757799999951, -28.241674299999943 ], [ -52.389278599999955, -28.241768699999966 ], [ -52.390180899999962, -28.242021499999964 ], [ -52.39051349999994, -28.242357499999969 ], [ -52.391272599999979, -28.243124399999942 ], [ -52.391820399999972, -28.24268369999993 ], [ -52.392396199999951, -28.242233299999953 ], [ -52.392834899999968, -28.241883399999949 ], [ -52.392790299999945, -28.241760799999952 ], [ -52.392642499999965, -28.241478399999949 ], [ -52.39161729999995, -28.240448799999967 ], [ -52.391535899999951, -28.240377799999976 ], [ -52.390978, -28.240065199999947 ], [ -52.390260499999954, -28.239702799999975 ], [ -52.390054499999962, -28.239629299999933 ], [ -52.388841599999978, -28.23945249999997 ], [ -52.388719399999957, -28.240123899999958 ], [ -52.387982199999954, -28.240019 ], [ -52.387222599999973, -28.239888399999984 ], [ -52.386478499999953, -28.239776 ], [ -52.385737499999948, -28.23966809999996 ], [ -52.384252599999968, -28.239425499999982 ], [ -52.384446499999967, -28.238462499999969 ], [ -52.383707299999969, -28.238353399999937 ], [ -52.382979099999943, -28.23826239999994 ], [ -52.382808899999986, -28.23920819999995 ], [ -52.382686, -28.239725699999951 ], [ -52.382484799999986, -28.240754599999946 ] ] ] } },
{ "type": "Feature", "properties": { "id": "431410005040005", "cn22_pop03_20a59_tot_2": 0.5956989247311828, "bas.v0001": 930, "dem.v01035": 65, "dem.v01036": 73, "dem.v01037": 135, "dem.v01038": 135, "dem.v01039": 146, "cn22_pop01_res_tot_0": 930, "cn22_pop03_20a59_tot_1": 554 }, "geometry": { "type": "Polygon", "coordinates": [ [ [ -52.382484799999986, -28.240754599999946 ], [ -52.379295499999955, -28.240875299999971 ], [ -52.380390299999931, -28.241712199999938 ], [ -52.381423299999938, -28.24248549999993 ], [ -52.38246879999997, -28.243276799999933 ], [ -52.38349809999994, -28.244053199999939 ], [ -52.384565699999939, -28.244847 ], [ -52.385596199999952, -28.245618 ], [ -52.386626299999932, -28.246409 ], [ -52.387571599999944, -28.245478799999944 ], [ -52.388544699999954, -28.244459199999937 ], [ -52.389425299999971, -28.243534699999941 ], [ -52.389838399999974, -28.243083499999955 ], [ -52.390344899999945, -28.242543399999931 ], [ -52.39051349999994, -28.242357499999969 ], [ -52.390180899999962, -28.242021499999964 ], [ -52.389278599999955, -28.241768699999966 ], [ -52.388757799999951, -28.241674299999943 ], [ -52.388386199999957, -28.241609799999935 ], [ -52.387697499999945, -28.241475 ], [ -52.386932799999954, -28.241343599999936 ], [ -52.386197599999946, -28.241222599999958 ], [ -52.385466, -28.24109459999994 ], [ -52.384723799999961, -28.240959699999962 ], [ -52.383995599999935, -28.24081689999997 ], [ -52.383669199999986, -28.240758799999981 ], [ -52.383501299999978, -28.240742599999976 ], [ -52.383236199999942, -28.240744599999971 ], [ -52.382484799999986, -28.240754599999946 ] ] ] } },
{ "type": "Feature", "properties": { "id": "431410005040010", "cn22_pop03_20a59_tot_2": 0.57453416149068326, "bas.v0001": 644, "dem.v01035": 46, "dem.v01036": 44, "dem.v01037": 94, "dem.v01038": 100, "dem.v01039": 86, "cn22_pop01_res_tot_0": 644, "cn22_pop03_20a59_tot_1": 370 }, "geometry": { "type": "Polygon", "coordinates": [ [ [ -52.388093699999956, -28.252419799999927 ], [ -52.387526, -28.253011799999967 ], [ -52.387208499999986, -28.253350299999966 ], [ -52.386994399999935, -28.253570099999934 ], [ -52.386281799999949, -28.254289 ], [ -52.386416899999972, -28.25441 ], [ -52.386651699999959, -28.254574499999933 ], [ -52.386772699999938, -28.254755699999976 ], [ -52.38691149999994, -28.254803899999956 ], [ -52.387024499999939, -28.254859299999964 ], [ -52.38726829999996, -28.255042199999934 ], [ -52.387385599999959, -28.255147099999931 ], [ -52.387491599999976, -28.255469199999936 ], [ -52.387606, -28.255621699999949 ], [ -52.387760799999967, -28.255801799999972 ], [ -52.387914899999942, -28.255934899999943 ], [ -52.388028899999938, -28.25600309999993 ], [ -52.388150899999971, -28.25610359999996 ], [ -52.388400599999954, -28.256355099999951 ], [ -52.388734799999952, -28.256697799999984 ], [ -52.38911539999998, -28.257075799999939 ], [ -52.389446099999986, -28.257293 ], [ -52.390534, -28.256174 ], [ -52.392342399999961, -28.254387 ], [ -52.392646, -28.254060299999935 ], [ -52.392666399999939, -28.253923499999928 ], [ -52.393026, -28.251791399999945 ], [ -52.393119799999965, -28.25128449999994 ], [ -52.390791699999966, -28.249526499999945 ], [ -52.389787199999944, -28.248759 ], [ -52.387691899999936, -28.24719349999998 ], [ -52.386712099999954, -28.248230899999953 ], [ -52.385824599999978, -28.249161199999946 ], [ -52.386866299999951, -28.249947299999974 ], [ -52.388957699999935, -28.251499899999942 ], [ -52.388093699999956, -28.252419799999927 ] ] ] } },
{ "type": "Feature", "properties": { "id": "431410005040011", "cn22_pop03_20a59_tot_2": 0.55238095238095242, "bas.v0001": 105, "dem.v01035": 11, "dem.v01036": 13, "dem.v01037": 14, "dem.v01038": 11, "dem.v01039": 9, "cn22_pop01_res_tot_0": 105, "cn22_pop03_20a59_tot_1": 58 }, "geometry": { "type": "Polygon", "coordinates": [ [ [ -52.389446099999986, -28.257293 ], [ -52.389615099999958, -28.257390899999962 ], [ -52.39006859999995, -28.257664599999941 ], [ -52.390225799999939, -28.257659799999942 ], [ -52.390696599999956, -28.257483599999944 ], [ -52.390948499999979, -28.257230599999957 ], [ -52.391131199999961, -28.257099699999969 ], [ -52.39172149999996, -28.256837499999961 ], [ -52.392098099999941, -28.256523299999969 ], [ -52.392279099999939, -28.256444 ], [ -52.392855299999951, -28.256233 ], [ -52.39353559999995, -28.255736099999979 ], [ -52.393619699999931, -28.255643 ], [ -52.393681499999957, -28.255524699999967 ], [ -52.393717399999957, -28.255387299999938 ], [ -52.393751299999963, -28.25506809999996 ], [ -52.39378819999996, -28.254927399999929 ], [ -52.393849499999931, -28.25482169999998 ], [ -52.39399549999996, -28.254640299999949 ], [ -52.394087499999955, -28.254567899999984 ], [ -52.394290599999977, -28.25444159999995 ], [ -52.394699399999979, -28.254202699999951 ], [ -52.394800399999951, -28.254143699999929 ], [ -52.395350899999983, -28.253913199999943 ], [ -52.395684599999981, -28.253671499999939 ], [ -52.395925399999953, -28.253370299999972 ], [ -52.393119799999965, -28.25128449999994 ], [ -52.393026, -28.251791399999945 ], [ -52.392666399999939, -28.253923499999928 ], [ -52.392646, -28.254060299999935 ], [ -52.392342399999961, -28.254387 ], [ -52.390534, -28.256174 ], [ -52.389446099999986, -28.257293 ] ] ] } },
{ "type": "Feature", "properties": { "id": "431410005040014", "cn22_pop03_20a59_tot_2": null, "bas.v0001": 0, "dem.v01035": null, "dem.v01036": null, "dem.v01037": null, "dem.v01038": null, "dem.v01039": null, "cn22_pop01_res_tot_0": 0, "cn22_pop03_20a59_tot_1": null }, "geometry": { "type": "Polygon", "coordinates": [ [ [ -52.405389, -28.24281689999998 ], [ -52.405616499999951, -28.242809099999931 ], [ -52.405857199999957, -28.242818099999965 ], [ -52.406424099999981, -28.24288649999994 ], [ -52.407048199999963, -28.242877599999929 ], [ -52.407373599999971, -28.242817 ], [ -52.407597799999962, -28.242713899999956 ], [ -52.407987299999945, -28.242584699999952 ], [ -52.408729899999969, -28.242368799999952 ], [ -52.408960799999932, -28.242304299999944 ], [ -52.409563899999966, -28.242077299999949 ], [ -52.409789399999966, -28.241987699999981 ], [ -52.409992199999976, -28.241881599999942 ], [ -52.410419599999955, -28.241611499999976 ], [ -52.410618099999965, -28.241500099999939 ], [ -52.411095399999965, -28.241328299999964 ], [ -52.411287, -28.241264399999977 ], [ -52.411407, -28.241214799999966 ], [ -52.411562, -28.241163399999948 ], [ -52.411595899999952, -28.241142 ], [ -52.411619799999983, -28.24111419999997 ], [ -52.41163279999995, -28.241084099999966 ], [ -52.411632099999963, -28.24104989999995 ], [ -52.411586499999942, -28.240776699999969 ], [ -52.411581599999977, -28.240567699999929 ], [ -52.411613599999953, -28.240432299999952 ], [ -52.411643499999968, -28.240367899999967 ], [ -52.411829799999964, -28.240149699999961 ], [ -52.412031199999944, -28.239990499999976 ], [ -52.412134599999945, -28.23993269999994 ], [ -52.41235, -28.239799799999957 ], [ -52.412526599999978, -28.239732799999956 ], [ -52.412692499999935, -28.239645899999971 ], [ -52.412960299999952, -28.239448899999957 ], [ -52.413016199999959, -28.239390399999934 ], [ -52.413091899999984, -28.239261499999941 ], [ -52.413207, -28.238999 ], [ -52.413514699999951, -28.238512499999956 ], [ -52.413547899999969, -28.238446499999952 ], [ -52.413583699999947, -28.23839739999994 ], [ -52.413744699999938, -28.23820939999996 ], [ -52.413847299999986, -28.238066899999978 ], [ -52.413871899999947, -28.238010499999973 ], [ -52.413932699999975, -28.23782609999995 ], [ -52.413982699999963, -28.23772809999997 ], [ -52.414029599999935, -28.237664299999949 ], [ -52.414153599999963, -28.237548599999968 ], [ -52.414246699999978, -28.23749719999995 ], [ -52.414491, -28.237384099999929 ], [ -52.414734199999941, -28.237232099999972 ], [ -52.414819199999954, -28.237155499999972 ], [ -52.415038399999958, -28.236893299999963 ], [ -52.415147199999979, -28.23675419999995 ], [ -52.415180699999951, -28.236667099999977 ], [ -52.41519969999996, -28.236583 ], [ -52.415195199999971, -28.236494299999947 ], [ -52.415148299999942, -28.236298899999952 ], [ -52.415094599999975, -28.236105099999975 ], [ -52.415080299999943, -28.236019899999974 ], [ -52.41505159999997, -28.235915399999953 ], [ -52.415009899999973, -28.235798699999975 ], [ -52.414964599999962, -28.235707 ], [ -52.414929099999938, -28.235616499999935 ], [ -52.414891399999931, -28.235488 ], [ -52.414878699999974, -28.235424199999954 ], [ -52.414869799999963, -28.235364299999958 ], [ -52.414870399999984, -28.235351899999955 ], [ -52.40954789999995, -28.234674299999938 ], [ -52.408193399999959, -28.234472199999971 ], [ -52.407650199999978, -28.234347299999968 ], [ -52.407348399999933, -28.234251499999971 ], [ -52.407077299999969, -28.234150599999964 ], [ -52.406616399999962, -28.233955399999957 ], [ -52.406138899999974, -28.233704499999931 ], [ -52.405008699999939, -28.233036 ], [ -52.403873499999975, -28.232393 ], [ -52.403169899999966, -28.231985 ], [ -52.402726299999983, -28.231718099999966 ], [ -52.402523599999938, -28.231632699999977 ], [ -52.402244699999983, -28.231518 ], [ -52.401944899999933, -28.231403599999965 ], [ -52.401559099999986, -28.231281799999977 ], [ -52.400313099999948, -28.230964899999947 ], [ -52.400301899999931, -28.231175299999961 ], [ -52.400274, -28.231458099999941 ], [ -52.40016849999995, -28.231941 ], [ -52.400059, -28.23251149999993 ], [ -52.400009199999943, -28.233019399999932 ], [ -52.400602299999946, -28.233495199999936 ], [ -52.401374199999964, -28.234064099999955 ], [ -52.402010099999984, -28.23451259999996 ], [ -52.402458399999944, -28.235026 ], [ -52.402989299999945, -28.235685299999943 ], [ -52.403507799999943, -28.236316699999975 ], [ -52.40418109999996, -28.237033799999949 ], [ -52.404217, -28.237764 ], [ -52.404266499999949, -28.23834869999996 ], [ -52.404388899999958, -28.238789899999972 ], [ -52.404488199999946, -28.239155899999957 ], [ -52.404767399999969, -28.239854499999979 ], [ -52.405057199999931, -28.240556499999968 ], [ -52.405433699999946, -28.241001199999971 ], [ -52.405506, -28.241101899999933 ], [ -52.405565499999966, -28.241254499999968 ], [ -52.405624, -28.241528699999947 ], [ -52.40550159999998, -28.241887799999972 ], [ -52.405373199999985, -28.242083799999932 ], [ -52.405337799999984, -28.242184 ], [ -52.40530339999998, -28.242368299999953 ], [ -52.405303299999957, -28.242492499999969 ], [ -52.405317099999934, -28.24261329999996 ], [ -52.405389, -28.24281689999998 ] ] ] } },
{ "type": "Feature", "properties": { "id": "431410005040015", "cn22_pop03_20a59_tot_2": 0.5768772348033373, "bas.v0001": 839, "dem.v01035": 54, "dem.v01036": 74, "dem.v01037": 132, "dem.v01038": 122, "dem.v01039": 102, "cn22_pop01_res_tot_0": 839, "cn22_pop03_20a59_tot_1": 484 }, "geometry": { "type": "Polygon", "coordinates": [ [ [ -52.386626299999932, -28.246409 ], [ -52.387691899999936, -28.24719349999998 ], [ -52.389787199999944, -28.248759 ], [ -52.389852, -28.24869549999994 ], [ -52.390725, -28.24780979999997 ], [ -52.391656399999931, -28.246808299999941 ], [ -52.392536899999982, -28.245863099999951 ], [ -52.393062399999963, -28.245271599999967 ], [ -52.39310329999995, -28.245005399999968 ], [ -52.393035099999963, -28.244910799999957 ], [ -52.392326399999945, -28.244187 ], [ -52.391795, -28.243636199999969 ], [ -52.391272599999979, -28.243124399999942 ], [ -52.39051349999994, -28.242357499999969 ], [ -52.390344899999945, -28.242543399999931 ], [ -52.389838399999974, -28.243083499999955 ], [ -52.389425299999971, -28.243534699999941 ], [ -52.388544699999954, -28.244459199999937 ], [ -52.387571599999944, -28.245478799999944 ], [ -52.386626299999932, -28.246409 ] ] ] } },
{ "type": "Feature", "properties": { "id": "431410005040016", "cn22_pop03_20a59_tot_2": 0.56448202959830862, "bas.v0001": 473, "dem.v01035": 29, "dem.v01036": 42, "dem.v01037": 69, "dem.v01038": 73, "dem.v01039": 54, "cn22_pop01_res_tot_0": 473, "cn22_pop03_20a59_tot_1": 267 }, "geometry": { "type": "Polygon", "coordinates": [ [ [ -52.391535899999951, -28.240377799999976 ], [ -52.39161729999995, -28.240448799999967 ], [ -52.392642499999965, -28.241478399999949 ], [ -52.392790299999945, -28.241760799999952 ], [ -52.392834899999968, -28.241883399999949 ], [ -52.392396199999951, -28.242233299999953 ], [ -52.391820399999972, -28.24268369999993 ], [ -52.391272599999979, -28.243124399999942 ], [ -52.391795, -28.243636199999969 ], [ -52.392326399999945, -28.244187 ], [ -52.393035099999963, -28.244910799999957 ], [ -52.39310329999995, -28.245005399999968 ], [ -52.393176399999959, -28.244939699999975 ], [ -52.394671, -28.244141499999955 ], [ -52.396540399999935, -28.241197499999942 ], [ -52.395236799999964, -28.240390099999956 ], [ -52.395116099999939, -28.240315299999963 ], [ -52.392826199999945, -28.238809699999933 ], [ -52.391995299999962, -28.23982419999993 ], [ -52.391535899999951, -28.240377799999976 ] ] ] } },
{ "type": "Feature", "properties": { "id": "431410005040017", "cn22_pop03_20a59_tot_2": 0.59325396825396826, "bas.v0001": 1008, "dem.v01035": 71, "dem.v01036": 94, "dem.v01037": 187, "dem.v01038": 157, "dem.v01039": 89, "cn22_pop01_res_tot_0": 1008, "cn22_pop03_20a59_tot_1": 598 }, "geometry": { "type": "Polygon", "coordinates": [ [ [ -52.374157, -28.242595199999982 ], [ -52.374612399999933, -28.244028699999944 ], [ -52.374730899999975, -28.24447379999998 ], [ -52.375134899999978, -28.245319399999971 ], [ -52.375723199999982, -28.244718499999976 ], [ -52.376743299999987, -28.24552019999993 ], [ -52.37777959999994, -28.246307 ], [ -52.379870899999958, -28.247855699999946 ], [ -52.380938499999957, -28.248662899999943 ], [ -52.381962399999964, -28.249443699999972 ], [ -52.382994499999938, -28.250225199999932 ], [ -52.383434399999942, -28.249797399999977 ], [ -52.383877499999983, -28.249308599999949 ], [ -52.382825399999945, -28.248532199999943 ], [ -52.381783699999971, -28.24774229999997 ], [ -52.380712799999969, -28.246965299999943 ], [ -52.379679399999986, -28.24618479999998 ], [ -52.378642099999979, -28.245394399999952 ], [ -52.377597699999967, -28.244590799999969 ], [ -52.376544099999933, -28.243830599999967 ], [ -52.375517, -28.243052499999976 ], [ -52.374485899999968, -28.242232199999933 ], [ -52.374157, -28.242595199999982 ] ] ] } },
{ "type": "Feature", "properties": { "id": "431410005040018", "cn22_pop03_20a59_tot_2": 0.59541420118343191, "bas.v0001": 1352, "dem.v01035": 114, "dem.v01036": 124, "dem.v01037": 233, "dem.v01038": 190, "dem.v01039": 144, "cn22_pop01_res_tot_0": 1352, "cn22_pop03_20a59_tot_1": 805 }, "geometry": { "type": "Polygon", "coordinates": [ [ [ -52.372944099999984, -28.242294499999957 ], [ -52.372988499999963, -28.242463899999962 ], [ -52.373015599999974, -28.242647699999964 ], [ -52.373065499999939, -28.242968399999938 ], [ -52.373106099999973, -28.243205199999977 ], [ -52.373099, -28.243545599999948 ], [ -52.373057699999947, -28.243670099999974 ], [ -52.372985399999948, -28.243809399999975 ], [ -52.372921199999951, -28.243931399999951 ], [ -52.372864299999947, -28.244115099999931 ], [ -52.372873199999958, -28.244265899999959 ], [ -52.37288929999994, -28.244379099999946 ], [ -52.372951299999954, -28.244483399999979 ], [ -52.373061599999971, -28.244626599999947 ], [ -52.373138299999937, -28.244728799999962 ], [ -52.373232899999948, -28.244875599999943 ], [ -52.373270899999966, -28.244910499999946 ], [ -52.373425299999951, -28.245093399999973 ], [ -52.37350159999994, -28.24526039999995 ], [ -52.373540899999966, -28.245445699999948 ], [ -52.37353939999997, -28.24563779999994 ], [ -52.373554199999944, -28.245793699999979 ], [ -52.373607899999968, -28.246108799999945 ], [ -52.373627899999974, -28.246325499999955 ], [ -52.373570899999947, -28.246510599999965 ], [ -52.373726099999942, -28.246483199999943 ], [ -52.373904699999969, -28.246484399999929 ], [ -52.374063399999955, -28.246498199999962 ], [ -52.374199299999987, -28.246544599999936 ], [ -52.374270499999966, -28.24659319999995 ], [ -52.374316699999952, -28.246660799999972 ], [ -52.374342, -28.246731299999965 ], [ -52.374385599999982, -28.246971299999927 ], [ -52.374396799999943, -28.24715029999993 ], [ -52.374399699999969, -28.247406799999965 ], [ -52.37443369999994, -28.247554 ], [ -52.374502299999961, -28.247761 ], [ -52.37470019999995, -28.248131899999976 ], [ -52.374864699999932, -28.248491799999954 ], [ -52.375019599999973, -28.248693299999957 ], [ -52.375114499999938, -28.248753499999964 ], [ -52.375389299999938, -28.248870199999942 ], [ -52.375420099999985, -28.248892399999932 ], [ -52.375439799999981, -28.248913199999947 ], [ -52.375462099999936, -28.248947399999963 ], [ -52.375474099999963, -28.248987099999965 ], [ -52.375465499999962, -28.249013699999978 ], [ -52.375453099999959, -28.249027399999932 ], [ -52.375340199999982, -28.249079299999948 ], [ -52.375279599999942, -28.249085499999978 ], [ -52.375171099999932, -28.249113399999942 ], [ -52.375129799999968, -28.249141 ], [ -52.375105299999973, -28.249195799999939 ], [ -52.375090199999931, -28.249291899999946 ], [ -52.375116499999933, -28.249320599999976 ], [ -52.375155899999982, -28.249324499999943 ], [ -52.375204899999972, -28.249250199999949 ], [ -52.375284799999974, -28.249203699999953 ], [ -52.375355499999955, -28.249211799999955 ], [ -52.375395899999944, -28.249242399999957 ], [ -52.375452, -28.249309799999935 ], [ -52.375490199999945, -28.249382899999944 ], [ -52.375490799999966, -28.249433799999963 ], [ -52.375475799999947, -28.249473199999954 ], [ -52.375399499999958, -28.249549799999954 ], [ -52.375346599999943, -28.249641399999973 ], [ -52.375348199999962, -28.249686299999951 ], [ -52.375430799999947, -28.249741599999936 ], [ -52.375503299999934, -28.249743599999931 ], [ -52.37556109999997, -28.249733099999958 ], [ -52.375621399999943, -28.249710799999946 ], [ -52.375677699999983, -28.249677399999939 ], [ -52.375859599999956, -28.249483599999962 ], [ -52.375949499999933, -28.249424899999951 ], [ -52.376595, -28.249269899999945 ], [ -52.376719299999934, -28.249229599999978 ], [ -52.376853799999935, -28.249262 ], [ -52.377126, -28.249430299999972 ], [ -52.377310199999954, -28.249522399999933 ], [ -52.377421199999958, -28.249569199999939 ], [ -52.377454099999966, -28.249598699999979 ], [ -52.377474899999982, -28.24963159999993 ], [ -52.377483599999948, -28.249682699999937 ], [ -52.377478899999971, -28.249741899999947 ], [ -52.377462899999955, -28.249774099999968 ], [ -52.377386, -28.249853099999939 ], [ -52.377299899999969, -28.249917099999948 ], [ -52.377218399999947, -28.249953099999971 ], [ -52.377046699999937, -28.250018599999976 ], [ -52.376932399999987, -28.250048299999946 ], [ -52.376735399999973, -28.25013649999994 ], [ -52.376720599999942, -28.250146299999983 ], [ -52.376707499999952, -28.250167699999963 ], [ -52.376710799999955, -28.250190199999963 ], [ -52.376723399999946, -28.25023 ], [ -52.376760699999977, -28.250297599999953 ], [ -52.376971599999933, -28.250544299999945 ], [ -52.377165799999943, -28.250746699999979 ], [ -52.377257699999973, -28.250816199999974 ], [ -52.377464, -28.250925799999948 ], [ -52.37756319999994, -28.25096469999994 ], [ -52.377787699999942, -28.25102279999993 ], [ -52.377880299999958, -28.251031799999964 ], [ -52.378384599999947, -28.250956499999972 ], [ -52.378512599999965, -28.250883399999964 ], [ -52.378663099999983, -28.250815699999976 ], [ -52.37870879999997, -28.250801699999954 ], [ -52.378785599999958, -28.25079809999994 ], [ -52.378836799999931, -28.250814699999978 ], [ -52.378938399999981, -28.250859299999945 ], [ -52.379124499999932, -28.250976399999956 ], [ -52.379157699999951, -28.250991399999975 ], [ -52.37937949999997, -28.251094 ], [ -52.379586199999949, -28.251158199999963 ], [ -52.379822199999978, -28.251189099999976 ], [ -52.380099, -28.251284399999975 ], [ -52.380192799999975, -28.251336199999969 ], [ -52.380277499999977, -28.251429799999983 ], [ -52.380303899999944, -28.251503399999933 ], [ -52.380367399999955, -28.25180869999997 ], [ -52.380423099999973, -28.251903399999946 ], [ -52.38050069999997, -28.251967099999945 ], [ -52.380518299999949, -28.25202539999998 ], [ -52.380513, -28.252066899999932 ], [ -52.380480699999964, -28.252112199999942 ], [ -52.380411099999947, -28.252126799999928 ], [ -52.38003029999993, -28.25208 ], [ -52.379839699999934, -28.252075799999943 ], [ -52.379780599999947, -28.252093199999933 ], [ -52.379763299999979, -28.252125099999944 ], [ -52.379779199999973, -28.252265299999976 ], [ -52.37977079999996, -28.25231169999995 ], [ -52.379395199999976, -28.252973499999939 ], [ -52.379337699999951, -28.253078 ], [ -52.378907899999945, -28.253555 ], [ -52.378781199999935, -28.253582499999936 ], [ -52.378671399999973, -28.253569499999969 ], [ -52.378554299999962, -28.253521399999954 ], [ -52.378470399999969, -28.253522499999974 ], [ -52.378430899999955, -28.253535799999952 ], [ -52.378362599999946, -28.253593 ], [ -52.37833059999997, -28.253790199999969 ], [ -52.378362299999935, -28.25397659999993 ], [ -52.37836509999994, -28.254116 ], [ -52.378327099999979, -28.25505759999993 ], [ -52.378086499999938, -28.255470899999978 ], [ -52.378004099999941, -28.255699799999945 ], [ -52.378053399999942, -28.255767299999945 ], [ -52.379245899999944, -28.25428549999998 ], [ -52.379453199999944, -28.253863299999978 ], [ -52.379847599999948, -28.253261299999963 ], [ -52.380262399999935, -28.252618599999948 ], [ -52.380991599999959, -28.25305149999997 ], [ -52.381200699999965, -28.252631 ], [ -52.381290499999977, -28.252454799999953 ], [ -52.38162, -28.251823599999966 ], [ -52.381743599999936, -28.251602499999933 ], [ -52.381795899999986, -28.251510199999927 ], [ -52.381917399999963, -28.251332799999943 ], [ -52.382337899999982, -28.250907199999972 ], [ -52.382421299999976, -28.250817299999937 ], [ -52.382729599999948, -28.250490399999933 ], [ -52.382994499999938, -28.250225199999932 ], [ -52.381962399999964, -28.249443699999972 ], [ -52.380938499999957, -28.248662899999943 ], [ -52.379870899999958, -28.247855699999946 ], [ -52.37777959999994, -28.246307 ], [ -52.376743299999987, -28.24552019999993 ], [ -52.375723199999982, -28.244718499999976 ], [ -52.375134899999978, -28.245319399999971 ], [ -52.374730899999975, -28.24447379999998 ], [ -52.374612399999933, -28.244028699999944 ], [ -52.374157, -28.242595199999982 ], [ -52.37398, -28.242049899999984 ], [ -52.373179599999958, -28.242273199999943 ], [ -52.373063199999933, -28.242287199999964 ], [ -52.372944099999984, -28.242294499999957 ] ] ] } },
{ "type": "Feature", "properties": { "id": "431410005040019", "cn22_pop03_20a59_tot_2": 0.65466816647919013, "bas.v0001": 889, "dem.v01035": 75, "dem.v01036": 106, "dem.v01037": 186, "dem.v01038": 123, "dem.v01039": 92, "cn22_pop01_res_tot_0": 889, "cn22_pop03_20a59_tot_1": 582 }, "geometry": { "type": "Polygon", "coordinates": [ [ [ -52.37398, -28.242049899999984 ], [ -52.374157, -28.242595199999982 ], [ -52.374485899999968, -28.242232199999933 ], [ -52.375517, -28.243052499999976 ], [ -52.376544099999933, -28.243830599999967 ], [ -52.377597699999967, -28.244590799999969 ], [ -52.378642099999979, -28.245394399999952 ], [ -52.379679399999986, -28.24618479999998 ], [ -52.380586599999958, -28.245239899999945 ], [ -52.381469699999968, -28.244326399999977 ], [ -52.382147799999984, -28.243599699999947 ], [ -52.38246879999997, -28.243276799999933 ], [ -52.381423299999938, -28.24248549999993 ], [ -52.380390299999931, -28.241712199999938 ], [ -52.379295499999955, -28.240875299999971 ], [ -52.378321199999959, -28.241946699999971 ], [ -52.377068299999962, -28.241354799999954 ], [ -52.375894899999935, -28.240759199999957 ], [ -52.37563149999994, -28.240632 ], [ -52.374789099999987, -28.240220099999931 ], [ -52.373511, -28.239544899999942 ], [ -52.373435699999959, -28.239955499999951 ], [ -52.373577099999977, -28.240598899999952 ], [ -52.37398, -28.242049899999984 ] ] ] } },
{ "type": "Feature", "properties": { "id": "431410005040022", "cn22_pop03_20a59_tot_2": 0.55709342560553632, "bas.v0001": 289, "dem.v01035": 33, "dem.v01036": 26, "dem.v01037": 35, "dem.v01038": 37, "dem.v01039": 30, "cn22_pop01_res_tot_0": 289, "cn22_pop03_20a59_tot_1": 161 }, "geometry": { "type": "Polygon", "coordinates": [ [ [ -52.386954199999934, -28.251872599999956 ], [ -52.386870599999952, -28.251391199999944 ], [ -52.386763299999984, -28.251060799999948 ], [ -52.386681199999941, -28.250931399999956 ], [ -52.386264, -28.250544699999978 ], [ -52.385329599999977, -28.249681899999928 ], [ -52.38492789999998, -28.250071099999957 ], [ -52.384879099999978, -28.250116599999956 ], [ -52.384855499999958, -28.250161799999944 ], [ -52.38482659999994, -28.25027069999993 ], [ -52.384828699999957, -28.250350199999957 ], [ -52.384838699999932, -28.250429899999972 ], [ -52.384859499999948, -28.250518399999976 ], [ -52.385158299999944, -28.251296599999932 ], [ -52.385234899999944, -28.251499199999955 ], [ -52.385259499999961, -28.251551899999981 ], [ -52.38528279999997, -28.251584299999934 ], [ -52.385306799999967, -28.251610199999959 ], [ -52.385344399999951, -28.251637499999958 ], [ -52.385381, -28.251657099999932 ], [ -52.385456399999953, -28.251679199999955 ], [ -52.385932299999979, -28.251749099999984 ], [ -52.38604609999993, -28.251767 ], [ -52.386096599999973, -28.251783599999953 ], [ -52.386164699999938, -28.251822799999957 ], [ -52.38634159999998, -28.251925399999948 ], [ -52.386403899999948, -28.251980899999978 ], [ -52.386540899999943, -28.252125499999977 ], [ -52.386595699999987, -28.252205 ], [ -52.38663, -28.252274099999966 ], [ -52.386954199999934, -28.251872599999956 ] ] ] } },
{ "type": "Feature", "properties": { "id": "431410005040023", "cn22_pop03_20a59_tot_2": 0.57339449541284404, "bas.v0001": 654, "dem.v01035": 52, "dem.v01036": 49, "dem.v01037": 105, "dem.v01038": 103, "dem.v01039": 66, "cn22_pop01_res_tot_0": 654, "cn22_pop03_20a59_tot_1": 375 }, "geometry": { "type": "Polygon", "coordinates": [ [ [ -52.382799299999931, -28.252657799999952 ], [ -52.382771699999978, -28.252618699999971 ], [ -52.382593799999938, -28.252341899999976 ], [ -52.382505399999957, -28.251988399999959 ], [ -52.382560199999944, -28.251693699999976 ], [ -52.38280009999994, -28.251331799999946 ], [ -52.383091499999978, -28.251148699999931 ], [ -52.383434599999987, -28.251052899999934 ], [ -52.383648199999982, -28.250782499999957 ], [ -52.383980699999938, -28.250607799999955 ], [ -52.384281599999952, -28.250488899999937 ], [ -52.384747699999934, -28.249940299999935 ], [ -52.383877499999983, -28.249308599999949 ], [ -52.383434399999942, -28.249797399999977 ], [ -52.382994499999938, -28.250225199999932 ], [ -52.382729599999948, -28.250490399999933 ], [ -52.382421299999976, -28.250817299999937 ], [ -52.382337899999982, -28.250907199999972 ], [ -52.381917399999963, -28.251332799999943 ], [ -52.381795899999986, -28.251510199999927 ], [ -52.381743599999936, -28.251602499999933 ], [ -52.38162, -28.251823599999966 ], [ -52.381290499999977, -28.252454799999953 ], [ -52.381200699999965, -28.252631 ], [ -52.380991599999959, -28.25305149999997 ], [ -52.380262399999935, -28.252618599999948 ], [ -52.379847599999948, -28.253261299999963 ], [ -52.379453199999944, -28.253863299999978 ], [ -52.379245899999944, -28.25428549999998 ], [ -52.378053399999942, -28.255767299999945 ], [ -52.378198399999974, -28.255945799999949 ], [ -52.378280399999937, -28.256012899999973 ], [ -52.37843179999993, -28.256130699999972 ], [ -52.378760499999942, -28.256490499999984 ], [ -52.378798099999983, -28.256520399999943 ], [ -52.378869, -28.256553099999962 ], [ -52.378931399999942, -28.256565899999941 ], [ -52.378977299999974, -28.256560499999978 ], [ -52.379002599999978, -28.256532099999959 ], [ -52.379005, -28.256502799999964 ], [ -52.37900019999995, -28.256400199999973 ], [ -52.379011799999944, -28.256363799999974 ], [ -52.379020499999967, -28.256351 ], [ -52.379106, -28.256216 ], [ -52.379161, -28.256196199999977 ], [ -52.379520399999933, -28.256192799999951 ], [ -52.379584499999964, -28.25620349999997 ], [ -52.379721, -28.256249399999945 ], [ -52.379839499999946, -28.256278699999939 ], [ -52.379915599999947, -28.256286399999965 ], [ -52.380458499999975, -28.256051 ], [ -52.380684499999973, -28.255971199999976 ], [ -52.380879499999935, -28.255862 ], [ -52.381025899999941, -28.255723 ], [ -52.381258399999979, -28.255340799999942 ], [ -52.381347199999936, -28.255295199999978 ], [ -52.381476499999962, -28.255245699999932 ], [ -52.381563299999982, -28.255235699999957 ], [ -52.381688599999961, -28.255250699999976 ], [ -52.381763099999944, -28.255309899999929 ], [ -52.381807, -28.255384 ], [ -52.38181069999996, -28.255437899999947 ], [ -52.381788699999959, -28.255527899999947 ], [ -52.381815699999947, -28.255625799999962 ], [ -52.381999399999984, -28.255802199999948 ], [ -52.382085599999982, -28.255925799999943 ], [ -52.38209889999996, -28.256041899999957 ], [ -52.382086199999947, -28.256198499999982 ], [ -52.382094199999983, -28.256274599999983 ], [ -52.382063699999946, -28.256323899999984 ], [ -52.382061299999975, -28.256372299999953 ], [ -52.382279, -28.256518699999958 ], [ -52.382400299999972, -28.256545099999983 ], [ -52.38244549999996, -28.25648039999993 ], [ -52.382448199999942, -28.256444899999963 ], [ -52.382453099999964, -28.256392499999947 ], [ -52.382474899999977, -28.256366699999944 ], [ -52.382698699999935, -28.25621469999993 ], [ -52.383028299999978, -28.255948899999964 ], [ -52.383397099999968, -28.255616099999941 ], [ -52.383708, -28.255471299999954 ], [ -52.383928199999957, -28.255401899999981 ], [ -52.384051699999986, -28.255412599999943 ], [ -52.384169699999973, -28.255351799999971 ], [ -52.384195699999964, -28.255279199999961 ], [ -52.384171599999945, -28.255171299999972 ], [ -52.384051599999964, -28.255010199999958 ], [ -52.383822299999963, -28.254927499999951 ], [ -52.383299699999952, -28.254811899999936 ], [ -52.383129, -28.254773899999975 ], [ -52.382974699999977, -28.254708899999969 ], [ -52.382821, -28.254642099999955 ], [ -52.382661799999937, -28.254495199999951 ], [ -52.382541799999956, -28.254300899999976 ], [ -52.382575399999951, -28.254136099999982 ], [ -52.382674499999951, -28.253925299999935 ], [ -52.38273369999996, -28.253789599999948 ], [ -52.382758899999942, -28.25370769999995 ], [ -52.38277039999997, -28.253645 ], [ -52.382763, -28.253582499999936 ], [ -52.382705299999941, -28.253389299999981 ], [ -52.382657699999982, -28.253158099999951 ], [ -52.382656899999972, -28.252917699999955 ], [ -52.382686099999944, -28.252792499999941 ], [ -52.382719, -28.25273459999994 ], [ -52.38274789999997, -28.252690199999961 ], [ -52.382799299999931, -28.252657799999952 ] ] ] } },
{ "type": "Feature", "properties": { "id": "431410005040024", "cn22_pop03_20a59_tot_2": 0.56818181818181823, "bas.v0001": 616, "dem.v01035": 51, "dem.v01036": 55, "dem.v01037": 98, "dem.v01038": 86, "dem.v01039": 60, "cn22_pop01_res_tot_0": 616, "cn22_pop03_20a59_tot_1": 350 }, "geometry": { "type": "Polygon", "coordinates": [ [ [ -52.384747699999934, -28.249940299999935 ], [ -52.384281599999952, -28.250488899999937 ], [ -52.383980699999938, -28.250607799999955 ], [ -52.383648199999982, -28.250782499999957 ], [ -52.383434599999987, -28.251052899999934 ], [ -52.383091499999978, -28.251148699999931 ], [ -52.38280009999994, -28.251331799999946 ], [ -52.382560199999944, -28.251693699999976 ], [ -52.382505399999957, -28.251988399999959 ], [ -52.382593799999938, -28.252341899999976 ], [ -52.382771699999978, -28.252618699999971 ], [ -52.382799299999931, -28.252657799999952 ], [ -52.383024499999976, -28.252590399999974 ], [ -52.383246199999974, -28.252544 ], [ -52.383450399999958, -28.252514299999973 ], [ -52.383503599999983, -28.252514399999939 ], [ -52.383578, -28.252530299999933 ], [ -52.384496699999943, -28.252825199999961 ], [ -52.384539699999948, -28.252859699999931 ], [ -52.384608699999944, -28.252965099999983 ], [ -52.384683799999948, -28.253201 ], [ -52.384726899999976, -28.253298299999983 ], [ -52.384770799999956, -28.253382899999963 ], [ -52.384814399999982, -28.253426599999955 ], [ -52.384936299999936, -28.253499799999929 ], [ -52.385109299999954, -28.253637 ], [ -52.385312099999965, -28.253709499999957 ], [ -52.385589899999957, -28.253873099999964 ], [ -52.385741, -28.253930099999934 ], [ -52.38589079999997, -28.254037499999981 ], [ -52.385996199999965, -28.254088799999977 ], [ -52.386077799999953, -28.254120099999966 ], [ -52.386124799999948, -28.254153499999973 ], [ -52.386281799999949, -28.254289 ], [ -52.386994399999935, -28.253570099999934 ], [ -52.387208499999986, -28.253350299999966 ], [ -52.387526, -28.253011799999967 ], [ -52.388093699999956, -28.252419799999927 ], [ -52.387681, -28.25213309999998 ], [ -52.387028699999973, -28.25162679999994 ], [ -52.386954199999934, -28.251872599999956 ], [ -52.38663, -28.252274099999966 ], [ -52.386595699999987, -28.252205 ], [ -52.386540899999943, -28.252125499999977 ], [ -52.386403899999948, -28.251980899999978 ], [ -52.38634159999998, -28.251925399999948 ], [ -52.386164699999938, -28.251822799999957 ], [ -52.386096599999973, -28.251783599999953 ], [ -52.38604609999993, -28.251767 ], [ -52.385932299999979, -28.251749099999984 ], [ -52.385456399999953, -28.251679199999955 ], [ -52.385381, -28.251657099999932 ], [ -52.385344399999951, -28.251637499999958 ], [ -52.385306799999967, -28.251610199999959 ], [ -52.38528279999997, -28.251584299999934 ], [ -52.385259499999961, -28.251551899999981 ], [ -52.385234899999944, -28.251499199999955 ], [ -52.385158299999944, -28.251296599999932 ], [ -52.384859499999948, -28.250518399999976 ], [ -52.384838699999932, -28.250429899999972 ], [ -52.384828699999957, -28.250350199999957 ], [ -52.38482659999994, -28.25027069999993 ], [ -52.384855499999958, -28.250161799999944 ], [ -52.384879099999978, -28.250116599999956 ], [ -52.38492789999998, -28.250071099999957 ], [ -52.384747699999934, -28.249940299999935 ] ] ] } },
{ "type": "Feature", "properties": { "id": "431410005050001", "cn22_pop03_20a59_tot_2": 0.5812379110251451, "bas.v0001": 1034, "dem.v01035": 88, "dem.v01036": 86, "dem.v01037": 181, "dem.v01038": 135, "dem.v01039": 111, "cn22_pop01_res_tot_0": 1034, "cn22_pop03_20a59_tot_1": 601 }, "geometry": { "type": "Polygon", "coordinates": [ [ [ -52.368853799999954, -28.238225299999954 ], [ -52.368866099999934, -28.238431799999944 ], [ -52.368904099999952, -28.238909899999953 ], [ -52.368994099999952, -28.240105899999946 ], [ -52.369108, -28.24132069999996 ], [ -52.36988139999994, -28.241269299999942 ], [ -52.370184399999971, -28.244923299999982 ], [ -52.370959299999981, -28.24487929999998 ], [ -52.371731099999977, -28.244826599999953 ], [ -52.372472599999981, -28.24478419999997 ], [ -52.373138299999937, -28.244728799999962 ], [ -52.373061599999971, -28.244626599999947 ], [ -52.372951299999954, -28.244483399999979 ], [ -52.37288929999994, -28.244379099999946 ], [ -52.372873199999958, -28.244265899999959 ], [ -52.372864299999947, -28.244115099999931 ], [ -52.372921199999951, -28.243931399999951 ], [ -52.372985399999948, -28.243809399999975 ], [ -52.373057699999947, -28.243670099999974 ], [ -52.373099, -28.243545599999948 ], [ -52.373106099999973, -28.243205199999977 ], [ -52.373065499999939, -28.242968399999938 ], [ -52.373015599999974, -28.242647699999964 ], [ -52.372988499999963, -28.242463899999962 ], [ -52.372944099999984, -28.242294499999957 ], [ -52.372899599999982, -28.242180899999937 ], [ -52.372783799999979, -28.242016899999953 ], [ -52.372508699999969, -28.241766599999949 ], [ -52.372388699999931, -28.241575 ], [ -52.372451099999978, -28.241323299999976 ], [ -52.372460699999976, -28.241214 ], [ -52.372453299999961, -28.241002799999933 ], [ -52.372398099999941, -28.240788399999929 ], [ -52.372411199999931, -28.240549899999962 ], [ -52.372435799999948, -28.240476 ], [ -52.372411, -28.240375799999981 ], [ -52.37229, -28.239990499999976 ], [ -52.372148099999947, -28.239810899999952 ], [ -52.372171699999967, -28.238790799999947 ], [ -52.371251499999971, -28.238272199999983 ], [ -52.370884699999976, -28.238073499999928 ], [ -52.370677199999932, -28.237879299999975 ], [ -52.369600899999966, -28.238062299999967 ], [ -52.369195799999943, -28.238142399999958 ], [ -52.368853799999954, -28.238225299999954 ] ] ] } },
{ "type": "Feature", "properties": { "id": "431410005050002", "cn22_pop03_20a59_tot_2": 0.58443465491923641, "bas.v0001": 1362, "dem.v01035": 107, "dem.v01036": 114, "dem.v01037": 242, "dem.v01038": 175, "dem.v01039": 158, "cn22_pop01_res_tot_0": 1362, "cn22_pop03_20a59_tot_1": 796 }, "geometry": { "type": "Polygon", "coordinates": [ [ [ -52.365941599999985, -28.238936099999933 ], [ -52.365791, -28.23896069999995 ], [ -52.365615199999979, -28.23899259999996 ], [ -52.36534359999996, -28.239028399999938 ], [ -52.365067099999976, -28.23906089999997 ], [ -52.364747499999964, -28.239082499999938 ], [ -52.364591899999937, -28.239089599999943 ], [ -52.364380899999958, -28.239089599999943 ], [ -52.364107099999956, -28.239084 ], [ -52.363212, -28.239004299999976 ], [ -52.361755599999981, -28.238862599999948 ], [ -52.360400599999934, -28.238742199999933 ], [ -52.358811799999955, -28.238757499999963 ], [ -52.35653659999997, -28.23854 ], [ -52.355349799999942, -28.25298609999993 ], [ -52.361621699999944, -28.25619469999998 ], [ -52.361743, -28.256007099999977 ], [ -52.36182059999993, -28.255817699999966 ], [ -52.362118299999963, -28.255551899999944 ], [ -52.362537499999974, -28.255408199999977 ], [ -52.363183, -28.255340099999955 ], [ -52.363848099999984, -28.255275299999937 ], [ -52.365132899999935, -28.255072599999949 ], [ -52.36595669999997, -28.254705 ], [ -52.366550599999982, -28.254158299999972 ], [ -52.367021, -28.253516099999956 ], [ -52.367501799999957, -28.252787199999943 ], [ -52.367927799999961, -28.252227299999959 ], [ -52.368089599999962, -28.251337799999931 ], [ -52.368447499999945, -28.251254199999948 ], [ -52.368872299999964, -28.250918599999977 ], [ -52.369393399999979, -28.250484899999947 ], [ -52.369497399999943, -28.250145299999929 ], [ -52.369475, -28.249884599999973 ], [ -52.369366299999967, -28.24948459999996 ], [ -52.369497699999954, -28.249346899999978 ], [ -52.369685799999957, -28.249121599999967 ], [ -52.370123599999943, -28.248851499999944 ], [ -52.370178, -28.248639599999933 ], [ -52.369949299999973, -28.248469 ], [ -52.369986599999947, -28.248288199999934 ], [ -52.370146299999931, -28.248082899999929 ], [ -52.370530199999962, -28.247995 ], [ -52.370946, -28.247991 ], [ -52.371222499999931, -28.248012699999947 ], [ -52.371791499999972, -28.248053699999957 ], [ -52.372006499999941, -28.248034 ], [ -52.37216559999996, -28.247970599999974 ], [ -52.372288599999933, -28.247886299999948 ], [ -52.372399299999984, -28.247750399999973 ], [ -52.372511899999949, -28.247535 ], [ -52.372680099999968, -28.24738629999996 ], [ -52.372817, -28.247187799999949 ], [ -52.372885599999961, -28.246948699999962 ], [ -52.372946799999966, -28.246857299999931 ], [ -52.373008, -28.246800499999949 ], [ -52.373051499999974, -28.246771299999978 ], [ -52.373330299999964, -28.246653299999934 ], [ -52.373364099999947, -28.24664139999993 ], [ -52.373570899999947, -28.246510599999965 ], [ -52.373627899999974, -28.246325499999955 ], [ -52.373607899999968, -28.246108799999945 ], [ -52.373554199999944, -28.245793699999979 ], [ -52.37353939999997, -28.24563779999994 ], [ -52.373540899999966, -28.245445699999948 ], [ -52.37350159999994, -28.24526039999995 ], [ -52.373425299999951, -28.245093399999973 ], [ -52.373270899999966, -28.244910499999946 ], [ -52.373232899999948, -28.244875599999943 ], [ -52.373138299999937, -28.244728799999962 ], [ -52.372472599999981, -28.24478419999997 ], [ -52.371731099999977, -28.244826599999953 ], [ -52.370959299999981, -28.24487929999998 ], [ -52.370184399999971, -28.244923299999982 ], [ -52.36988139999994, -28.241269299999942 ], [ -52.369108, -28.24132069999996 ], [ -52.368994099999952, -28.240105899999946 ], [ -52.368904099999952, -28.238909899999953 ], [ -52.368866099999934, -28.238431799999944 ], [ -52.368853799999954, -28.238225299999954 ], [ -52.367627, -28.238533399999938 ], [ -52.366290799999945, -28.238863399999957 ], [ -52.365941599999985, -28.238936099999933 ] ] ] } },
{ "type": "Feature", "properties": { "id": "431410005050022", "cn22_pop03_20a59_tot_2": 0.54537205081669693, "bas.v0001": 1102, "dem.v01035": 88, "dem.v01036": 86, "dem.v01037": 185, "dem.v01038": 139, "dem.v01039": 103, "cn22_pop01_res_tot_0": 1102, "cn22_pop03_20a59_tot_1": 601 }, "geometry": { "type": "Polygon", "coordinates": [ [ [ -52.377835799999957, -28.256565199999955 ], [ -52.377400499999965, -28.256160199999954 ], [ -52.377180899999985, -28.255205699999976 ], [ -52.377104699999961, -28.254924099999982 ], [ -52.376776099999972, -28.254447599999935 ], [ -52.376168799999959, -28.253652899999963 ], [ -52.376160199999958, -28.253609799999936 ], [ -52.376156799999933, -28.253613299999984 ], [ -52.375347499999975, -28.254025699999943 ], [ -52.374802399999965, -28.254291 ], [ -52.374152699999968, -28.254629899999941 ], [ -52.373649599999965, -28.25383949999997 ], [ -52.373104299999966, -28.252976099999955 ], [ -52.372923399999934, -28.252682 ], [ -52.37239139999997, -28.252955099999951 ], [ -52.372325599999954, -28.252970699999935 ], [ -52.371596499999953, -28.252809299999967 ], [ -52.370809399999985, -28.252634599999965 ], [ -52.370331, -28.254382899999939 ], [ -52.371112899999957, -28.25454689999998 ], [ -52.372585099999981, -28.254871399999956 ], [ -52.373301899999944, -28.255040099999974 ], [ -52.374100399999975, -28.255208 ], [ -52.374552299999948, -28.255295899999965 ], [ -52.374686499999939, -28.255517599999962 ], [ -52.374765199999956, -28.255659299999934 ], [ -52.375253699999973, -28.256406699999957 ], [ -52.375324, -28.256515199999967 ], [ -52.375758099999985, -28.257217299999979 ], [ -52.376268399999958, -28.257975099999953 ], [ -52.377157499999953, -28.257265199999949 ], [ -52.377835799999957, -28.256565199999955 ] ] ] } },
{ "type": "Feature", "properties": { "id": "431410005050004", "cn22_pop03_20a59_tot_2": 0.57252888318356865, "bas.v0001": 1558, "dem.v01035": 106, "dem.v01036": 137, "dem.v01037": 291, "dem.v01038": 196, "dem.v01039": 162, "cn22_pop01_res_tot_0": 1558, "cn22_pop03_20a59_tot_1": 892 }, "geometry": { "type": "Polygon", "coordinates": [ [ [ -52.361743, -28.256007099999977 ], [ -52.361897499999941, -28.256118599999979 ], [ -52.362437699999987, -28.256485599999962 ], [ -52.363207699999975, -28.257061799999974 ], [ -52.364379099999951, -28.257919399999935 ], [ -52.36536179999996, -28.258577899999977 ], [ -52.366493699999978, -28.259349699999973 ], [ -52.367263799999932, -28.259864199999981 ], [ -52.367730299999948, -28.260179799999946 ], [ -52.36925489999993, -28.261208799999963 ], [ -52.369892899999968, -28.261630699999955 ], [ -52.370235899999955, -28.261877599999934 ], [ -52.370580699999948, -28.262124599999936 ], [ -52.370781299999976, -28.261373399999968 ], [ -52.371181799999931, -28.259759199999962 ], [ -52.371204599999942, -28.259674399999938 ], [ -52.371646199999986, -28.258109199999979 ], [ -52.370933699999966, -28.257930399999964 ], [ -52.371394899999984, -28.256336099999942 ], [ -52.372128399999951, -28.256496299999981 ], [ -52.372547499999939, -28.255002199999979 ], [ -52.372585099999981, -28.254871399999956 ], [ -52.371112899999957, -28.25454689999998 ], [ -52.370331, -28.254382899999939 ], [ -52.370809399999985, -28.252634599999965 ], [ -52.370968799999957, -28.252109 ], [ -52.371146199999941, -28.251519599999938 ], [ -52.371344499999964, -28.250788599999964 ], [ -52.371386299999983, -28.250599899999941 ], [ -52.37142289999997, -28.250292499999944 ], [ -52.371351799999957, -28.249623399999962 ], [ -52.371280199999944, -28.248764799999947 ], [ -52.371222499999931, -28.248012699999947 ], [ -52.370946, -28.247991 ], [ -52.370530199999962, -28.247995 ], [ -52.370146299999931, -28.248082899999929 ], [ -52.369986599999947, -28.248288199999934 ], [ -52.369949299999973, -28.248469 ], [ -52.370178, -28.248639599999933 ], [ -52.370123599999943, -28.248851499999944 ], [ -52.369685799999957, -28.249121599999967 ], [ -52.369497699999954, -28.249346899999978 ], [ -52.369366299999967, -28.24948459999996 ], [ -52.369475, -28.249884599999973 ], [ -52.369497399999943, -28.250145299999929 ], [ -52.369393399999979, -28.250484899999947 ], [ -52.368872299999964, -28.250918599999977 ], [ -52.368447499999945, -28.251254199999948 ], [ -52.368089599999962, -28.251337799999931 ], [ -52.367927799999961, -28.252227299999959 ], [ -52.367501799999957, -28.252787199999943 ], [ -52.367021, -28.253516099999956 ], [ -52.366550599999982, -28.254158299999972 ], [ -52.36595669999997, -28.254705 ], [ -52.365132899999935, -28.255072599999949 ], [ -52.363848099999984, -28.255275299999937 ], [ -52.363183, -28.255340099999955 ], [ -52.362537499999974, -28.255408199999977 ], [ -52.362118299999963, -28.255551899999944 ], [ -52.36182059999993, -28.255817699999966 ], [ -52.361743, -28.256007099999977 ] ] ] } },
{ "type": "Feature", "properties": { "id": "431410005050005", "cn22_pop03_20a59_tot_2": 0.57365145228215764, "bas.v0001": 964, "dem.v01035": 69, "dem.v01036": 76, "dem.v01037": 135, "dem.v01038": 150, "dem.v01039": 123, "cn22_pop01_res_tot_0": 964, "cn22_pop03_20a59_tot_1": 553 }, "geometry": { "type": "Polygon", "coordinates": [ [ [ -52.375758099999985, -28.257217299999979 ], [ -52.375658, -28.257263799999976 ], [ -52.375446499999953, -28.257548799999938 ], [ -52.375331299999971, -28.257779299999982 ], [ -52.374974399999985, -28.258832199999972 ], [ -52.373922499999935, -28.258587599999942 ], [ -52.373473199999978, -28.260194099999978 ], [ -52.374157499999967, -28.260314499999936 ], [ -52.374217299999941, -28.260382199999981 ], [ -52.374651399999948, -28.260907699999962 ], [ -52.375089399999979, -28.261440799999946 ], [ -52.375157599999966, -28.261529699999983 ], [ -52.375841499999979, -28.261227899999938 ], [ -52.376391599999977, -28.260923299999945 ], [ -52.376995099999931, -28.260657399999957 ], [ -52.377767399999982, -28.260546699999963 ], [ -52.378763899999967, -28.260114899999962 ], [ -52.378521199999966, -28.259949 ], [ -52.379586199999949, -28.258937699999933 ], [ -52.380100599999935, -28.258425399999965 ], [ -52.379065199999957, -28.257577 ], [ -52.377835799999957, -28.256565199999955 ], [ -52.377157499999953, -28.257265199999949 ], [ -52.376268399999958, -28.257975099999953 ], [ -52.375758099999985, -28.257217299999979 ] ] ] } },
{ "type": "Feature", "properties": { "id": "431410005050009", "cn22_pop03_20a59_tot_2": 0.57379767827529027, "bas.v0001": 603, "dem.v01035": 45, "dem.v01036": 49, "dem.v01037": 88, "dem.v01038": 93, "dem.v01039": 71, "cn22_pop01_res_tot_0": 603, "cn22_pop03_20a59_tot_1": 346 }, "geometry": { "type": "Polygon", "coordinates": [ [ [ -52.372128399999951, -28.256496299999981 ], [ -52.371646199999986, -28.258109199999979 ], [ -52.372405799999967, -28.258281499999953 ], [ -52.373192599999982, -28.258441399999981 ], [ -52.373922499999935, -28.258587599999942 ], [ -52.374974399999985, -28.258832199999972 ], [ -52.375331299999971, -28.257779299999982 ], [ -52.375446499999953, -28.257548799999938 ], [ -52.375658, -28.257263799999976 ], [ -52.375758099999985, -28.257217299999979 ], [ -52.375324, -28.256515199999967 ], [ -52.375253699999973, -28.256406699999957 ], [ -52.374765199999956, -28.255659299999934 ], [ -52.374686499999939, -28.255517599999962 ], [ -52.374552299999948, -28.255295899999965 ], [ -52.374100399999975, -28.255208 ], [ -52.373301899999944, -28.255040099999974 ], [ -52.372585099999981, -28.254871399999956 ], [ -52.372547499999939, -28.255002199999979 ], [ -52.372128399999951, -28.256496299999981 ] ] ] } },
{ "type": "Feature", "properties": { "id": "431410005050010", "cn22_pop03_20a59_tot_2": null, "bas.v0001": 434, "dem.v01035": null, "dem.v01036": null, "dem.v01037": null, "dem.v01038": null, "dem.v01039": null, "cn22_pop01_res_tot_0": 434, "cn22_pop03_20a59_tot_1": null }, "geometry": { "type": "Polygon", "coordinates": [ [ [ -52.371646199999986, -28.258109199999979 ], [ -52.372128399999951, -28.256496299999981 ], [ -52.371394899999984, -28.256336099999942 ], [ -52.370933699999966, -28.257930399999964 ], [ -52.371646199999986, -28.258109199999979 ] ] ] } },
{ "type": "Feature", "properties": { "id": "431410005050011", "cn22_pop03_20a59_tot_2": 0.5690045248868778, "bas.v0001": 884, "dem.v01035": 48, "dem.v01036": 61, "dem.v01037": 143, "dem.v01038": 150, "dem.v01039": 101, "cn22_pop01_res_tot_0": 884, "cn22_pop03_20a59_tot_1": 503 }, "geometry": { "type": "Polygon", "coordinates": [ [ [ -52.378280399999937, -28.256012899999973 ], [ -52.377835799999957, -28.256565199999955 ], [ -52.379065199999957, -28.257577 ], [ -52.380100599999935, -28.258425399999965 ], [ -52.379586199999949, -28.258937699999933 ], [ -52.378521199999966, -28.259949 ], [ -52.378763899999967, -28.260114899999962 ], [ -52.379081199999973, -28.259991499999956 ], [ -52.379253799999958, -28.25993509999995 ], [ -52.379581299999984, -28.259852199999955 ], [ -52.380174799999963, -28.259794899999974 ], [ -52.380531299999973, -28.259744699999942 ], [ -52.38139659999996, -28.259532199999967 ], [ -52.382263499999965, -28.259274499999947 ], [ -52.382308, -28.259253599999965 ], [ -52.383139799999981, -28.258859599999937 ], [ -52.384056, -28.258531499999947 ], [ -52.384745099999975, -28.258293299999934 ], [ -52.38492169999995, -28.258183599999938 ], [ -52.383940199999984, -28.257091299999956 ], [ -52.383867799999962, -28.256952499999954 ], [ -52.383825199999933, -28.256718799999931 ], [ -52.383845, -28.256531699999982 ], [ -52.383881199999962, -28.256394899999975 ], [ -52.384627799999976, -28.255644899999936 ], [ -52.384742099999983, -28.255446699999936 ], [ -52.384761399999945, -28.255344099999945 ], [ -52.384739399999944, -28.254971499999954 ], [ -52.38516089999996, -28.254803399999957 ], [ -52.38617789999995, -28.254397899999958 ], [ -52.386281799999949, -28.254289 ], [ -52.386124799999948, -28.254153499999973 ], [ -52.386077799999953, -28.254120099999966 ], [ -52.385996199999965, -28.254088799999977 ], [ -52.38589079999997, -28.254037499999981 ], [ -52.385741, -28.253930099999934 ], [ -52.385589899999957, -28.253873099999964 ], [ -52.385312099999965, -28.253709499999957 ], [ -52.385109299999954, -28.253637 ], [ -52.384936299999936, -28.253499799999929 ], [ -52.384814399999982, -28.253426599999955 ], [ -52.384770799999956, -28.253382899999963 ], [ -52.384726899999976, -28.253298299999983 ], [ -52.384683799999948, -28.253201 ], [ -52.384608699999944, -28.252965099999983 ], [ -52.384539699999948, -28.252859699999931 ], [ -52.384496699999943, -28.252825199999961 ], [ -52.383578, -28.252530299999933 ], [ -52.383503599999983, -28.252514399999939 ], [ -52.383450399999958, -28.252514299999973 ], [ -52.383246199999974, -28.252544 ], [ -52.383024499999976, -28.252590399999974 ], [ -52.382799299999931, -28.252657799999952 ], [ -52.38274789999997, -28.252690199999961 ], [ -52.382719, -28.25273459999994 ], [ -52.382686099999944, -28.252792499999941 ], [ -52.382656899999972, -28.252917699999955 ], [ -52.382657699999982, -28.253158099999951 ], [ -52.382705299999941, -28.253389299999981 ], [ -52.382763, -28.253582499999936 ], [ -52.38277039999997, -28.253645 ], [ -52.382758899999942, -28.25370769999995 ], [ -52.38273369999996, -28.253789599999948 ], [ -52.382674499999951, -28.253925299999935 ], [ -52.382575399999951, -28.254136099999982 ], [ -52.382541799999956, -28.254300899999976 ], [ -52.382661799999937, -28.254495199999951 ], [ -52.382821, -28.254642099999955 ], [ -52.382974699999977, -28.254708899999969 ], [ -52.383129, -28.254773899999975 ], [ -52.383299699999952, -28.254811899999936 ], [ -52.383822299999963, -28.254927499999951 ], [ -52.384051599999964, -28.255010199999958 ], [ -52.384171599999945, -28.255171299999972 ], [ -52.384195699999964, -28.255279199999961 ], [ -52.384169699999973, -28.255351799999971 ], [ -52.384051699999986, -28.255412599999943 ], [ -52.383928199999957, -28.255401899999981 ], [ -52.383708, -28.255471299999954 ], [ -52.383397099999968, -28.255616099999941 ], [ -52.383028299999978, -28.255948899999964 ], [ -52.382698699999935, -28.25621469999993 ], [ -52.382474899999977, -28.256366699999944 ], [ -52.382453099999964, -28.256392499999947 ], [ -52.382448199999942, -28.256444899999963 ], [ -52.38244549999996, -28.25648039999993 ], [ -52.382400299999972, -28.256545099999983 ], [ -52.382279, -28.256518699999958 ], [ -52.382061299999975, -28.256372299999953 ], [ -52.382063699999946, -28.256323899999984 ], [ -52.382094199999983, -28.256274599999983 ], [ -52.382086199999947, -28.256198499999982 ], [ -52.38209889999996, -28.256041899999957 ], [ -52.382085599999982, -28.255925799999943 ], [ -52.381999399999984, -28.255802199999948 ], [ -52.381815699999947, -28.255625799999962 ], [ -52.381788699999959, -28.255527899999947 ], [ -52.38181069999996, -28.255437899999947 ], [ -52.381807, -28.255384 ], [ -52.381763099999944, -28.255309899999929 ], [ -52.381688599999961, -28.255250699999976 ], [ -52.381563299999982, -28.255235699999957 ], [ -52.381476499999962, -28.255245699999932 ], [ -52.381347199999936, -28.255295199999978 ], [ -52.381258399999979, -28.255340799999942 ], [ -52.381025899999941, -28.255723 ], [ -52.380879499999935, -28.255862 ], [ -52.380684499999973, -28.255971199999976 ], [ -52.380458499999975, -28.256051 ], [ -52.379915599999947, -28.256286399999965 ], [ -52.379839499999946, -28.256278699999939 ], [ -52.379721, -28.256249399999945 ], [ -52.379584499999964, -28.25620349999997 ], [ -52.379520399999933, -28.256192799999951 ], [ -52.379161, -28.256196199999977 ], [ -52.379106, -28.256216 ], [ -52.379020499999967, -28.256351 ], [ -52.379011799999944, -28.256363799999974 ], [ -52.37900019999995, -28.256400199999973 ], [ -52.379005, -28.256502799999964 ], [ -52.379002599999978, -28.256532099999959 ], [ -52.378977299999974, -28.256560499999978 ], [ -52.378931399999942, -28.256565899999941 ], [ -52.378869, -28.256553099999962 ], [ -52.378798099999983, -28.256520399999943 ], [ -52.378760499999942, -28.256490499999984 ], [ -52.37843179999993, -28.256130699999972 ], [ -52.378280399999937, -28.256012899999973 ] ] ] } },
{ "type": "Feature", "properties": { "id": "431410005050012", "cn22_pop03_20a59_tot_2": 0.63022508038585212, "bas.v0001": 622, "dem.v01035": 41, "dem.v01036": 53, "dem.v01037": 111, "dem.v01038": 105, "dem.v01039": 82, "cn22_pop01_res_tot_0": 622, "cn22_pop03_20a59_tot_1": 392 }, "geometry": { "type": "Polygon", "coordinates": [ [ [ -52.382263499999965, -28.259274499999947 ], [ -52.382326499999976, -28.259483099999954 ], [ -52.382628199999942, -28.259387499999946 ], [ -52.383667399999979, -28.259036399999957 ], [ -52.385194699999943, -28.258546699999954 ], [ -52.385363199999972, -28.258476199999961 ], [ -52.385659, -28.258381499999928 ], [ -52.386421299999938, -28.258137399999953 ], [ -52.386669099999949, -28.258040499999936 ], [ -52.386716799999931, -28.258022599999947 ], [ -52.387258899999949, -28.257780299999979 ], [ -52.387373499999967, -28.257722199999932 ], [ -52.387873699999943, -28.257425 ], [ -52.388422499999933, -28.257005899999967 ], [ -52.388627, -28.256818299999964 ], [ -52.388734799999952, -28.256697799999984 ], [ -52.388400599999954, -28.256355099999951 ], [ -52.388150899999971, -28.25610359999996 ], [ -52.388028899999938, -28.25600309999993 ], [ -52.387914899999942, -28.255934899999943 ], [ -52.387760799999967, -28.255801799999972 ], [ -52.387606, -28.255621699999949 ], [ -52.387491599999976, -28.255469199999936 ], [ -52.387385599999959, -28.255147099999931 ], [ -52.38726829999996, -28.255042199999934 ], [ -52.387024499999939, -28.254859299999964 ], [ -52.38691149999994, -28.254803899999956 ], [ -52.386772699999938, -28.254755699999976 ], [ -52.386651699999959, -28.254574499999933 ], [ -52.386416899999972, -28.25441 ], [ -52.386281799999949, -28.254289 ], [ -52.38617789999995, -28.254397899999958 ], [ -52.38516089999996, -28.254803399999957 ], [ -52.384739399999944, -28.254971499999954 ], [ -52.384761399999945, -28.255344099999945 ], [ -52.384742099999983, -28.255446699999936 ], [ -52.384627799999976, -28.255644899999936 ], [ -52.383881199999962, -28.256394899999975 ], [ -52.383845, -28.256531699999982 ], [ -52.383825199999933, -28.256718799999931 ], [ -52.383867799999962, -28.256952499999954 ], [ -52.383940199999984, -28.257091299999956 ], [ -52.38492169999995, -28.258183599999938 ], [ -52.384745099999975, -28.258293299999934 ], [ -52.384056, -28.258531499999947 ], [ -52.383139799999981, -28.258859599999937 ], [ -52.382308, -28.259253599999965 ], [ -52.382263499999965, -28.259274499999947 ] ] ] } },
{ "type": "Feature", "properties": { "id": "431410005050023", "cn22_pop03_20a59_tot_2": 0.53460207612456745, "bas.v0001": 578, "dem.v01035": 60, "dem.v01036": 64, "dem.v01037": 91, "dem.v01038": 62, "dem.v01039": 32, "cn22_pop01_res_tot_0": 578, "cn22_pop03_20a59_tot_1": 309 }, "geometry": { "type": "Polygon", "coordinates": [ [ [ -52.376160199999958, -28.253609799999936 ], [ -52.376168799999959, -28.253652899999963 ], [ -52.376776099999972, -28.254447599999935 ], [ -52.377104699999961, -28.254924099999982 ], [ -52.377180899999985, -28.255205699999976 ], [ -52.377400499999965, -28.256160199999954 ], [ -52.377835799999957, -28.256565199999955 ], [ -52.378280399999937, -28.256012899999973 ], [ -52.378198399999974, -28.255945799999949 ], [ -52.378053399999942, -28.255767299999945 ], [ -52.378004099999941, -28.255699799999945 ], [ -52.378086499999938, -28.255470899999978 ], [ -52.378327099999979, -28.25505759999993 ], [ -52.37836509999994, -28.254116 ], [ -52.378362299999935, -28.25397659999993 ], [ -52.37833059999997, -28.253790199999969 ], [ -52.378362599999946, -28.253593 ], [ -52.378430899999955, -28.253535799999952 ], [ -52.378470399999969, -28.253522499999974 ], [ -52.378554299999962, -28.253521399999954 ], [ -52.378671399999973, -28.253569499999969 ], [ -52.378781199999935, -28.253582499999936 ], [ -52.378907899999945, -28.253555 ], [ -52.379337699999951, -28.253078 ], [ -52.379395199999976, -28.252973499999939 ], [ -52.37977079999996, -28.25231169999995 ], [ -52.379779199999973, -28.252265299999976 ], [ -52.379763299999979, -28.252125099999944 ], [ -52.379780599999947, -28.252093199999933 ], [ -52.379839699999934, -28.252075799999943 ], [ -52.38003029999993, -28.25208 ], [ -52.380411099999947, -28.252126799999928 ], [ -52.380480699999964, -28.252112199999942 ], [ -52.380513, -28.252066899999932 ], [ -52.380518299999949, -28.25202539999998 ], [ -52.38050069999997, -28.251967099999945 ], [ -52.380423099999973, -28.251903399999946 ], [ -52.380367399999955, -28.25180869999997 ], [ -52.380303899999944, -28.251503399999933 ], [ -52.380277499999977, -28.251429799999983 ], [ -52.380192799999975, -28.251336199999969 ], [ -52.380099, -28.251284399999975 ], [ -52.379822199999978, -28.251189099999976 ], [ -52.379586199999949, -28.251158199999963 ], [ -52.37937949999997, -28.251094 ], [ -52.379157699999951, -28.250991399999975 ], [ -52.379124499999932, -28.250976399999956 ], [ -52.378938399999981, -28.250859299999945 ], [ -52.378836799999931, -28.250814699999978 ], [ -52.377901899999983, -28.251798699999938 ], [ -52.377342599999963, -28.25238719999993 ], [ -52.376703299999974, -28.25306 ], [ -52.376160199999958, -28.253609799999936 ] ] ] } },
{ "type": "Feature", "properties": { "id": "431410005050013", "cn22_pop03_20a59_tot_2": 0.60081348053457295, "bas.v0001": 1721, "dem.v01035": 147, "dem.v01036": 191, "dem.v01037": 325, "dem.v01038": 216, "dem.v01039": 155, "cn22_pop01_res_tot_0": 1721, "cn22_pop03_20a59_tot_1": 1034 }, "geometry": { "type": "Polygon", "coordinates": [ [ [ -52.370580699999948, -28.262124599999936 ], [ -52.370635499999935, -28.262207899999964 ], [ -52.370679, -28.26225 ], [ -52.371803799999952, -28.262997899999959 ], [ -52.371452899999952, -28.26316079999998 ], [ -52.371202199999971, -28.263210899999933 ], [ -52.371501599999931, -28.263800199999935 ], [ -52.36987929999998, -28.264474799999959 ], [ -52.370492, -28.265696399999968 ], [ -52.370674599999973, -28.265905 ], [ -52.371095499999967, -28.266234599999962 ], [ -52.369698599999936, -28.267287 ], [ -52.369449, -28.267398799999967 ], [ -52.369232299999965, -28.267447199999935 ], [ -52.369023, -28.26741009999995 ], [ -52.368257299999982, -28.267284399999937 ], [ -52.36776889999993, -28.267205099999956 ], [ -52.367567599999973, -28.267291899999975 ], [ -52.366986299999951, -28.267566699999975 ], [ -52.366592599999933, -28.267927499999928 ], [ -52.36607129999993, -28.26823509999997 ], [ -52.365183499999944, -28.268611899999939 ], [ -52.365174699999955, -28.268736299999944 ], [ -52.365028199999983, -28.268857099999934 ], [ -52.364804899999967, -28.269007099999953 ], [ -52.364541199999962, -28.269273299999952 ], [ -52.36462419999998, -28.269564399999979 ], [ -52.364878199999964, -28.270676599999945 ], [ -52.365642899999955, -28.270358199999976 ], [ -52.366634299999987, -28.269910699999969 ], [ -52.367136099999982, -28.269656699999928 ], [ -52.367721899999935, -28.26934179999995 ], [ -52.368315699999982, -28.269000099999971 ], [ -52.368802799999969, -28.268705599999976 ], [ -52.369629599999939, -28.268116299999974 ], [ -52.370770499999935, -28.267241499999955 ], [ -52.372745399999985, -28.265721499999984 ], [ -52.374983399999962, -28.263926099999935 ], [ -52.376046599999938, -28.263088399999958 ], [ -52.377330499999971, -28.262115699999981 ], [ -52.377905, -28.261726099999976 ], [ -52.378487, -28.261300299999959 ], [ -52.379569199999935, -28.260682699999961 ], [ -52.380440199999953, -28.260271899999964 ], [ -52.380495399999973, -28.260246299999949 ], [ -52.381003699999951, -28.260003299999937 ], [ -52.381536399999959, -28.259773499999937 ], [ -52.382326499999976, -28.259483099999954 ], [ -52.382263499999965, -28.259274499999947 ], [ -52.38139659999996, -28.259532199999967 ], [ -52.380531299999973, -28.259744699999942 ], [ -52.380174799999963, -28.259794899999974 ], [ -52.379581299999984, -28.259852199999955 ], [ -52.379253799999958, -28.25993509999995 ], [ -52.379081199999973, -28.259991499999956 ], [ -52.378763899999967, -28.260114899999962 ], [ -52.377767399999982, -28.260546699999963 ], [ -52.376995099999931, -28.260657399999957 ], [ -52.376391599999977, -28.260923299999945 ], [ -52.375841499999979, -28.261227899999938 ], [ -52.375157599999966, -28.261529699999983 ], [ -52.375089399999979, -28.261440799999946 ], [ -52.374651399999948, -28.260907699999962 ], [ -52.374217299999941, -28.260382199999981 ], [ -52.374157499999967, -28.260314499999936 ], [ -52.373473199999978, -28.260194099999978 ], [ -52.373922499999935, -28.258587599999942 ], [ -52.373192599999982, -28.258441399999981 ], [ -52.372405799999967, -28.258281499999953 ], [ -52.371646199999986, -28.258109199999979 ], [ -52.371204599999942, -28.259674399999938 ], [ -52.371181799999931, -28.259759199999962 ], [ -52.370781299999976, -28.261373399999968 ], [ -52.370580699999948, -28.262124599999936 ] ] ] } },
{ "type": "Feature", "properties": { "id": "431410005050014", "cn22_pop03_20a59_tot_2": 0.61681415929203542, "bas.v0001": 1130, "dem.v01035": 44, "dem.v01036": 93, "dem.v01037": 313, "dem.v01038": 181, "dem.v01039": 66, "cn22_pop01_res_tot_0": 1130, "cn22_pop03_20a59_tot_1": 697 }, "geometry": { "type": "Polygon", "coordinates": [ [ [ -52.361621699999944, -28.25619469999998 ], [ -52.361740499999939, -28.256610499999965 ], [ -52.36196179999996, -28.256974099999979 ], [ -52.362519199999952, -28.257258299999933 ], [ -52.36298979999998, -28.257451399999979 ], [ -52.363380099999972, -28.25781859999995 ], [ -52.363331899999935, -28.258237899999983 ], [ -52.363152899999932, -28.258369399999935 ], [ -52.363013699999954, -28.258445399999971 ], [ -52.362955499999941, -28.258614199999954 ], [ -52.361462499999959, -28.259534899999949 ], [ -52.361369799999977, -28.260322299999928 ], [ -52.360151899999948, -28.263414099999977 ], [ -52.362005199999942, -28.265349 ], [ -52.36219, -28.265548399999943 ], [ -52.36292439999994, -28.266333299999928 ], [ -52.363421099999982, -28.266862199999935 ], [ -52.363503099999946, -28.266961699999968 ], [ -52.363598099999933, -28.26708119999995 ], [ -52.363681799999938, -28.267194 ], [ -52.363751699999966, -28.267289299999959 ], [ -52.363800199999957, -28.267364799999939 ], [ -52.363873699999942, -28.267480599999942 ], [ -52.363925599999959, -28.267564799999946 ], [ -52.363977099999943, -28.267657199999974 ], [ -52.364031299999965, -28.26775779999997 ], [ -52.364148099999966, -28.267986599999972 ], [ -52.364286099999958, -28.268321499999956 ], [ -52.36447, -28.268949899999939 ], [ -52.364541199999962, -28.269273299999952 ], [ -52.364804899999967, -28.269007099999953 ], [ -52.365028199999983, -28.268857099999934 ], [ -52.365174699999955, -28.268736299999944 ], [ -52.365183499999944, -28.268611899999939 ], [ -52.36607129999993, -28.26823509999997 ], [ -52.366592599999933, -28.267927499999928 ], [ -52.366986299999951, -28.267566699999975 ], [ -52.367567599999973, -28.267291899999975 ], [ -52.36776889999993, -28.267205099999956 ], [ -52.368257299999982, -28.267284399999937 ], [ -52.369023, -28.26741009999995 ], [ -52.369232299999965, -28.267447199999935 ], [ -52.369449, -28.267398799999967 ], [ -52.369698599999936, -28.267287 ], [ -52.371095499999967, -28.266234599999962 ], [ -52.370674599999973, -28.265905 ], [ -52.370492, -28.265696399999968 ], [ -52.36987929999998, -28.264474799999959 ], [ -52.371501599999931, -28.263800199999935 ], [ -52.371202199999971, -28.263210899999933 ], [ -52.371452899999952, -28.26316079999998 ], [ -52.371803799999952, -28.262997899999959 ], [ -52.370679, -28.26225 ], [ -52.370635499999935, -28.262207899999964 ], [ -52.370580699999948, -28.262124599999936 ], [ -52.370235899999955, -28.261877599999934 ], [ -52.369892899999968, -28.261630699999955 ], [ -52.36925489999993, -28.261208799999963 ], [ -52.367730299999948, -28.260179799999946 ], [ -52.367263799999932, -28.259864199999981 ], [ -52.366493699999978, -28.259349699999973 ], [ -52.36536179999996, -28.258577899999977 ], [ -52.364379099999951, -28.257919399999935 ], [ -52.363207699999975, -28.257061799999974 ], [ -52.362437699999987, -28.256485599999962 ], [ -52.361897499999941, -28.256118599999979 ], [ -52.361743, -28.256007099999977 ], [ -52.361621699999944, -28.25619469999998 ] ] ] } },
{ "type": "Feature", "properties": { "id": "431410005050016", "cn22_pop03_20a59_tot_2": 0.54858934169278994, "bas.v0001": 319, "dem.v01035": 36, "dem.v01036": 32, "dem.v01037": 49, "dem.v01038": 33, "dem.v01039": 25, "cn22_pop01_res_tot_0": 319, "cn22_pop03_20a59_tot_1": 175 }, "geometry": { "type": "Polygon", "coordinates": [ [ [ -52.374802399999965, -28.254291 ], [ -52.375347499999975, -28.254025699999943 ], [ -52.376156799999933, -28.253613299999984 ], [ -52.375347699999963, -28.252697799999964 ], [ -52.374616499999945, -28.251870399999973 ], [ -52.374402699999962, -28.251980199999934 ], [ -52.37358, -28.252373099999943 ], [ -52.374294799999973, -28.253517799999941 ], [ -52.374802399999965, -28.254291 ] ] ] } },
{ "type": "Feature", "properties": { "id": "431410005050018", "cn22_pop03_20a59_tot_2": 0.74285714285714288, "bas.v0001": 525, "dem.v01035": 86, "dem.v01036": 103, "dem.v01037": 133, "dem.v01038": 54, "dem.v01039": 14, "cn22_pop01_res_tot_0": 525, "cn22_pop03_20a59_tot_1": 390 }, "geometry": { "type": "Polygon", "coordinates": [ [ [ -52.377901899999983, -28.251798699999938 ], [ -52.37773459999994, -28.251664299999959 ], [ -52.37641659999997, -28.25098689999993 ], [ -52.376135699999963, -28.250981099999933 ], [ -52.375920599999972, -28.251384499999972 ], [ -52.375924299999951, -28.251441199999931 ], [ -52.377296199999932, -28.252356199999952 ], [ -52.377342599999963, -28.25238719999993 ], [ -52.377901899999983, -28.251798699999938 ] ] ] } },
{ "type": "Feature", "properties": { "id": "431410005050019", "cn22_pop03_20a59_tot_2": 0.78703703703703709, "bas.v0001": 540, "dem.v01035": 82, "dem.v01036": 132, "dem.v01037": 148, "dem.v01038": 46, "dem.v01039": 17, "cn22_pop01_res_tot_0": 540, "cn22_pop03_20a59_tot_1": 425 }, "geometry": { "type": "Polygon", "coordinates": [ [ [ -52.375924299999951, -28.251441199999931 ], [ -52.375933399999951, -28.251582199999973 ], [ -52.375347699999963, -28.252697799999964 ], [ -52.376156799999933, -28.253613299999984 ], [ -52.376160199999958, -28.253609799999936 ], [ -52.376703299999974, -28.25306 ], [ -52.377342599999963, -28.25238719999993 ], [ -52.377296199999932, -28.252356199999952 ], [ -52.375924299999951, -28.251441199999931 ] ] ] } },
{ "type": "Feature", "properties": { "id": "431410005050020", "cn22_pop03_20a59_tot_2": 0.5421591804570528, "bas.v0001": 1269, "dem.v01035": 116, "dem.v01036": 110, "dem.v01037": 199, "dem.v01038": 147, "dem.v01039": 116, "cn22_pop01_res_tot_0": 1269, "cn22_pop03_20a59_tot_1": 688 }, "geometry": { "type": "Polygon", "coordinates": [ [ [ -52.374616499999945, -28.251870399999973 ], [ -52.374464599999953, -28.251768099999936 ], [ -52.373711599999979, -28.25089029999998 ], [ -52.373894399999983, -28.25080209999993 ], [ -52.373283199999946, -28.249950099999978 ], [ -52.374135199999955, -28.249498099999983 ], [ -52.374452799999972, -28.249891299999945 ], [ -52.375155899999982, -28.249324499999943 ], [ -52.375116499999933, -28.249320599999976 ], [ -52.375090199999931, -28.249291899999946 ], [ -52.375105299999973, -28.249195799999939 ], [ -52.375129799999968, -28.249141 ], [ -52.375171099999932, -28.249113399999942 ], [ -52.375279599999942, -28.249085499999978 ], [ -52.375340199999982, -28.249079299999948 ], [ -52.375453099999959, -28.249027399999932 ], [ -52.375465499999962, -28.249013699999978 ], [ -52.375474099999963, -28.248987099999965 ], [ -52.375462099999936, -28.248947399999963 ], [ -52.375439799999981, -28.248913199999947 ], [ -52.375420099999985, -28.248892399999932 ], [ -52.375389299999938, -28.248870199999942 ], [ -52.375114499999938, -28.248753499999964 ], [ -52.375019599999973, -28.248693299999957 ], [ -52.374864699999932, -28.248491799999954 ], [ -52.37470019999995, -28.248131899999976 ], [ -52.374502299999961, -28.247761 ], [ -52.37443369999994, -28.247554 ], [ -52.374399699999969, -28.247406799999965 ], [ -52.374396799999943, -28.24715029999993 ], [ -52.374385599999982, -28.246971299999927 ], [ -52.374342, -28.246731299999965 ], [ -52.374316699999952, -28.246660799999972 ], [ -52.374270499999966, -28.24659319999995 ], [ -52.374199299999987, -28.246544599999936 ], [ -52.374063399999955, -28.246498199999962 ], [ -52.373904699999969, -28.246484399999929 ], [ -52.373726099999942, -28.246483199999943 ], [ -52.373570899999947, -28.246510599999965 ], [ -52.373364099999947, -28.24664139999993 ], [ -52.373330299999964, -28.246653299999934 ], [ -52.373051499999974, -28.246771299999978 ], [ -52.373008, -28.246800499999949 ], [ -52.372946799999966, -28.246857299999931 ], [ -52.372885599999961, -28.246948699999962 ], [ -52.372817, -28.247187799999949 ], [ -52.372680099999968, -28.24738629999996 ], [ -52.372511899999949, -28.247535 ], [ -52.372399299999984, -28.247750399999973 ], [ -52.372288599999933, -28.247886299999948 ], [ -52.37216559999996, -28.247970599999974 ], [ -52.372006499999941, -28.248034 ], [ -52.371791499999972, -28.248053699999957 ], [ -52.371222499999931, -28.248012699999947 ], [ -52.371280199999944, -28.248764799999947 ], [ -52.371351799999957, -28.249623399999962 ], [ -52.37142289999997, -28.250292499999944 ], [ -52.371386299999983, -28.250599899999941 ], [ -52.371344499999964, -28.250788599999964 ], [ -52.371146199999941, -28.251519599999938 ], [ -52.370968799999957, -28.252109 ], [ -52.370809399999985, -28.252634599999965 ], [ -52.371596499999953, -28.252809299999967 ], [ -52.372325599999954, -28.252970699999935 ], [ -52.37239139999997, -28.252955099999951 ], [ -52.372923399999934, -28.252682 ], [ -52.373104299999966, -28.252976099999955 ], [ -52.373649599999965, -28.25383949999997 ], [ -52.374152699999968, -28.254629899999941 ], [ -52.374802399999965, -28.254291 ], [ -52.374294799999973, -28.253517799999941 ], [ -52.37358, -28.252373099999943 ], [ -52.374402699999962, -28.251980199999934 ], [ -52.374616499999945, -28.251870399999973 ] ] ] } },
{ "type": "Feature", "properties": { "id": "431410005050021", "cn22_pop03_20a59_tot_2": 0.492600422832981, "bas.v0001": 473, "dem.v01035": 49, "dem.v01036": 51, "dem.v01037": 64, "dem.v01038": 46, "dem.v01039": 23, "cn22_pop01_res_tot_0": 473, "cn22_pop03_20a59_tot_1": 233 }, "geometry": { "type": "Polygon", "coordinates": [ [ [ -52.375155899999982, -28.249324499999943 ], [ -52.374452799999972, -28.249891299999945 ], [ -52.374135199999955, -28.249498099999983 ], [ -52.373283199999946, -28.249950099999978 ], [ -52.373894399999983, -28.25080209999993 ], [ -52.373711599999979, -28.25089029999998 ], [ -52.374464599999953, -28.251768099999936 ], [ -52.374616499999945, -28.251870399999973 ], [ -52.375347699999963, -28.252697799999964 ], [ -52.375933399999951, -28.251582199999973 ], [ -52.375924299999951, -28.251441199999931 ], [ -52.375920599999972, -28.251384499999972 ], [ -52.376135699999963, -28.250981099999933 ], [ -52.37641659999997, -28.25098689999993 ], [ -52.37773459999994, -28.251664299999959 ], [ -52.377901899999983, -28.251798699999938 ], [ -52.378836799999931, -28.250814699999978 ], [ -52.378785599999958, -28.25079809999994 ], [ -52.37870879999997, -28.250801699999954 ], [ -52.378663099999983, -28.250815699999976 ], [ -52.378512599999965, -28.250883399999964 ], [ -52.378384599999947, -28.250956499999972 ], [ -52.377880299999958, -28.251031799999964 ], [ -52.377787699999942, -28.25102279999993 ], [ -52.37756319999994, -28.25096469999994 ], [ -52.377464, -28.250925799999948 ], [ -52.377257699999973, -28.250816199999974 ], [ -52.377165799999943, -28.250746699999979 ], [ -52.376971599999933, -28.250544299999945 ], [ -52.376760699999977, -28.250297599999953 ], [ -52.376723399999946, -28.25023 ], [ -52.376710799999955, -28.250190199999963 ], [ -52.376707499999952, -28.250167699999963 ], [ -52.376720599999942, -28.250146299999983 ], [ -52.376735399999973, -28.25013649999994 ], [ -52.376932399999987, -28.250048299999946 ], [ -52.377046699999937, -28.250018599999976 ], [ -52.377218399999947, -28.249953099999971 ], [ -52.377299899999969, -28.249917099999948 ], [ -52.377386, -28.249853099999939 ], [ -52.377462899999955, -28.249774099999968 ], [ -52.377478899999971, -28.249741899999947 ], [ -52.377483599999948, -28.249682699999937 ], [ -52.377474899999982, -28.24963159999993 ], [ -52.377454099999966, -28.249598699999979 ], [ -52.377421199999958, -28.249569199999939 ], [ -52.377310199999954, -28.249522399999933 ], [ -52.377126, -28.249430299999972 ], [ -52.376853799999935, -28.249262 ], [ -52.376719299999934, -28.249229599999978 ], [ -52.376595, -28.249269899999945 ], [ -52.375949499999933, -28.249424899999951 ], [ -52.375859599999956, -28.249483599999962 ], [ -52.375677699999983, -28.249677399999939 ], [ -52.375621399999943, -28.249710799999946 ], [ -52.37556109999997, -28.249733099999958 ], [ -52.375503299999934, -28.249743599999931 ], [ -52.375430799999947, -28.249741599999936 ], [ -52.375348199999962, -28.249686299999951 ], [ -52.375346599999943, -28.249641399999973 ], [ -52.375399499999958, -28.249549799999954 ], [ -52.375475799999947, -28.249473199999954 ], [ -52.375490799999966, -28.249433799999963 ], [ -52.375490199999945, -28.249382899999944 ], [ -52.375452, -28.249309799999935 ], [ -52.375395899999944, -28.249242399999957 ], [ -52.375355499999955, -28.249211799999955 ], [ -52.375284799999974, -28.249203699999953 ], [ -52.375204899999972, -28.249250199999949 ], [ -52.375155899999982, -28.249324499999943 ] ] ] } },
{ "type": "Feature", "properties": { "id": "431410005060001", "cn22_pop03_20a59_tot_2": 0.61811023622047245, "bas.v0001": 254, "dem.v01035": 13, "dem.v01036": 19, "dem.v01037": 44, "dem.v01038": 40, "dem.v01039": 41, "cn22_pop01_res_tot_0": 254, "cn22_pop03_20a59_tot_1": 157 }, "geometry": { "type": "Polygon", "coordinates": [ [ [ -52.38783669999998, -28.264152099999933 ], [ -52.388024, -28.265236799999968 ], [ -52.388230199999953, -28.266251699999941 ], [ -52.389369399999964, -28.266096 ], [ -52.390532699999937, -28.265895499999942 ], [ -52.390113399999962, -28.263808199999971 ], [ -52.388961, -28.263971699999956 ], [ -52.38783669999998, -28.264152099999933 ] ] ] } },
{ "type": "Feature", "properties": { "id": "431410005060003", "cn22_pop03_20a59_tot_2": 0.55823293172690758, "bas.v0001": 747, "dem.v01035": 37, "dem.v01036": 52, "dem.v01037": 112, "dem.v01038": 105, "dem.v01039": 111, "cn22_pop01_res_tot_0": 747, "cn22_pop03_20a59_tot_1": 417 }, "geometry": { "type": "Polygon", "coordinates": [ [ [ -52.385153899999978, -28.259184 ], [ -52.385222599999963, -28.259460499999932 ], [ -52.385283499999957, -28.25987 ], [ -52.385290599999962, -28.260086199999932 ], [ -52.385332699999935, -28.26029879999993 ], [ -52.385288099999968, -28.260698399999967 ], [ -52.385211099999935, -28.260808499999939 ], [ -52.38490939999997, -28.260907599999939 ], [ -52.384756399999958, -28.260959 ], [ -52.385072899999955, -28.262428299999954 ], [ -52.385301799999979, -28.263473 ], [ -52.384155199999952, -28.263631199999963 ], [ -52.384358099999986, -28.264655699999935 ], [ -52.384655299999963, -28.264613099999963 ], [ -52.385514599999965, -28.264489 ], [ -52.385634399999958, -28.265157199999976 ], [ -52.385664099999985, -28.265339199999971 ], [ -52.385790899999961, -28.265476399999955 ], [ -52.385881099999949, -28.265503099999933 ], [ -52.386015199999974, -28.265506899999934 ], [ -52.388024, -28.265236799999968 ], [ -52.38783669999998, -28.264152099999933 ], [ -52.387635599999953, -28.263132799999937 ], [ -52.387430799999947, -28.262068699999929 ], [ -52.387231799999938, -28.261010399999975 ], [ -52.387027199999977, -28.259960699999965 ], [ -52.386834399999941, -28.258935599999973 ], [ -52.386210699999936, -28.259035499999982 ], [ -52.385153899999978, -28.259184 ] ] ] } },
{ "type": "Feature", "properties": { "id": "431410005060004", "cn22_pop03_20a59_tot_2": 0.51330798479087447, "bas.v0001": 263, "dem.v01035": 18, "dem.v01036": 17, "dem.v01037": 33, "dem.v01038": 29, "dem.v01039": 38, "cn22_pop01_res_tot_0": 263, "cn22_pop03_20a59_tot_1": 135 }, "geometry": { "type": "Polygon", "coordinates": [ [ [ -52.383775299999968, -28.264514299999973 ], [ -52.384098199999983, -28.264646599999935 ], [ -52.384216599999945, -28.264671899999939 ], [ -52.384358099999986, -28.264655699999935 ], [ -52.384155199999952, -28.263631199999963 ], [ -52.385301799999979, -28.263473 ], [ -52.385072899999955, -28.262428299999954 ], [ -52.384756399999958, -28.260959 ], [ -52.384010699999976, -28.261157 ], [ -52.383604499999933, -28.261295099999984 ], [ -52.383131699999979, -28.261607699999956 ], [ -52.383010099999979, -28.261702499999956 ], [ -52.383079099999975, -28.261765399999945 ], [ -52.383209099999931, -28.261763099999939 ], [ -52.383356599999956, -28.262005199999976 ], [ -52.383374499999945, -28.262201499999946 ], [ -52.383320099999935, -28.262517 ], [ -52.383352299999956, -28.262644399999942 ], [ -52.383555299999955, -28.263016 ], [ -52.383621499999947, -28.263222199999973 ], [ -52.383654799999931, -28.263456599999984 ], [ -52.383703599999933, -28.263779199999931 ], [ -52.383546399999943, -28.263972799999976 ], [ -52.383586099999945, -28.264112099999977 ], [ -52.383784799999944, -28.264463299999932 ], [ -52.383775299999968, -28.264514299999973 ] ] ] } },
{ "type": "Feature", "properties": { "id": "431410005060005", "cn22_pop03_20a59_tot_2": 0.53907496012759171, "bas.v0001": 627, "dem.v01035": 47, "dem.v01036": 46, "dem.v01037": 98, "dem.v01038": 83, "dem.v01039": 64, "cn22_pop01_res_tot_0": 627, "cn22_pop03_20a59_tot_1": 338 }, "geometry": { "type": "Polygon", "coordinates": [ [ [ -52.386669099999949, -28.258040499999936 ], [ -52.386834399999941, -28.258935599999973 ], [ -52.387027199999977, -28.259960699999965 ], [ -52.387231799999938, -28.261010399999975 ], [ -52.387430799999947, -28.262068699999929 ], [ -52.388584599999945, -28.261887199999933 ], [ -52.389718499999958, -28.261714299999937 ], [ -52.389512099999934, -28.260671799999955 ], [ -52.389463499999977, -28.260378399999979 ], [ -52.389446799999973, -28.260301 ], [ -52.389428499999951, -28.260242199999936 ], [ -52.389399699999956, -28.260161099999948 ], [ -52.38937059999995, -28.26010279999997 ], [ -52.389249, -28.259884299999953 ], [ -52.389120099999957, -28.25966029999995 ], [ -52.389020099999982, -28.259479699999929 ], [ -52.388863699999945, -28.25918009999998 ], [ -52.38881779999997, -28.259007499999939 ], [ -52.388802099999964, -28.258899 ], [ -52.388786799999934, -28.258793799999978 ], [ -52.388788, -28.258630099999948 ], [ -52.388799899999981, -28.258458699999949 ], [ -52.38881989999993, -28.258303199999943 ], [ -52.388858099999936, -28.258130899999969 ], [ -52.388920299999938, -28.257985899999937 ], [ -52.388965799999937, -28.257901199999935 ], [ -52.389008799999942, -28.257820599999945 ], [ -52.389058899999952, -28.25774569999993 ], [ -52.389446099999986, -28.257293 ], [ -52.38911539999998, -28.257075799999939 ], [ -52.388734799999952, -28.256697799999984 ], [ -52.388627, -28.256818299999964 ], [ -52.388422499999933, -28.257005899999967 ], [ -52.387873699999943, -28.257425 ], [ -52.387373499999967, -28.257722199999932 ], [ -52.387258899999949, -28.257780299999979 ], [ -52.386716799999931, -28.258022599999947 ], [ -52.386669099999949, -28.258040499999936 ] ] ] } },
{ "type": "Feature", "properties": { "id": "431410005060006", "cn22_pop03_20a59_tot_2": 0.41304347826086957, "bas.v0001": 46, "dem.v01035": null, "dem.v01036": 0, "dem.v01037": 11, "dem.v01038": 8, "dem.v01039": null, "cn22_pop01_res_tot_0": 46, "cn22_pop03_20a59_tot_1": 19 }, "geometry": { "type": "Polygon", "coordinates": [ [ [ -52.385363199999972, -28.258476199999961 ], [ -52.385346099999936, -28.258642499999951 ], [ -52.385214599999983, -28.258829299999945 ], [ -52.385163799999987, -28.258942399999967 ], [ -52.385144599999933, -28.259056499999929 ], [ -52.385153899999978, -28.259184 ], [ -52.386210699999936, -28.259035499999982 ], [ -52.386834399999941, -28.258935599999973 ], [ -52.386669099999949, -28.258040499999936 ], [ -52.386421299999938, -28.258137399999953 ], [ -52.385659, -28.258381499999928 ], [ -52.385363199999972, -28.258476199999961 ] ] ] } },
{ "type": "Feature", "properties": { "id": "431410005070001", "cn22_pop03_20a59_tot_2": 0.66666666666666663, "bas.v0001": 117, "dem.v01035": 3, "dem.v01036": 7, "dem.v01037": 29, "dem.v01038": 30, "dem.v01039": 9, "cn22_pop01_res_tot_0": 117, "cn22_pop03_20a59_tot_1": 78 }, "geometry": { "type": "Polygon", "coordinates": [ [ [ -52.400423299999943, -28.265504399999941 ], [ -52.400757299999952, -28.266512599999942 ], [ -52.402521599999943, -28.266029299999957 ], [ -52.401478199999985, -28.265537499999937 ], [ -52.401363099999969, -28.265265299999953 ], [ -52.400423299999943, -28.265504399999941 ] ] ] } },
{ "type": "Feature", "properties": { "id": "431410005070002", "cn22_pop03_20a59_tot_2": 0.5750636132315522, "bas.v0001": 393, "dem.v01035": 38, "dem.v01036": 39, "dem.v01037": 72, "dem.v01038": 44, "dem.v01039": 33, "cn22_pop01_res_tot_0": 393, "cn22_pop03_20a59_tot_1": 226 }, "geometry": { "type": "Polygon", "coordinates": [ [ [ -52.396844299999941, -28.266260899999963 ], [ -52.397110399999974, -28.26728369999995 ], [ -52.398356299999932, -28.269565299999954 ], [ -52.400351199999932, -28.26906189999994 ], [ -52.401512699999955, -28.268746599999929 ], [ -52.401140799999951, -28.267619199999956 ], [ -52.40089329999995, -28.26691859999994 ], [ -52.400757299999952, -28.266512599999942 ], [ -52.400423299999943, -28.265504399999941 ], [ -52.399253599999952, -28.265744899999959 ], [ -52.398737199999971, -28.265858299999934 ], [ -52.396844299999941, -28.266260899999963 ] ] ] } },
{ "type": "Feature", "properties": { "id": "431410005070003", "cn22_pop03_20a59_tot_2": 0.60880503144654086, "bas.v0001": 795, "dem.v01035": 82, "dem.v01036": 94, "dem.v01037": 127, "dem.v01038": 95, "dem.v01039": 86, "cn22_pop01_res_tot_0": 795, "cn22_pop03_20a59_tot_1": 484 }, "geometry": { "type": "Polygon", "coordinates": [ [ [ -52.396530699999971, -28.266321 ], [ -52.395426099999952, -28.266566399999931 ], [ -52.395017099999961, -28.266673199999957 ], [ -52.394734299999982, -28.266801899999962 ], [ -52.393861099999981, -28.267306599999984 ], [ -52.392578299999968, -28.267834199999982 ], [ -52.392893, -28.268583399999955 ], [ -52.393659599999978, -28.270393 ], [ -52.394597099999942, -28.270262199999934 ], [ -52.395047499999976, -28.270191699999941 ], [ -52.395428899999956, -28.270130199999983 ], [ -52.396400799999981, -28.269982699999957 ], [ -52.397027499999979, -28.269875799999966 ], [ -52.39749009999997, -28.269788499999947 ], [ -52.398356299999932, -28.269565299999954 ], [ -52.397110399999974, -28.26728369999995 ], [ -52.396844299999941, -28.266260899999963 ], [ -52.396530699999971, -28.266321 ] ] ] } },
{ "type": "Feature", "properties": { "id": "431410005070004", "cn22_pop03_20a59_tot_2": 0.60655737704918034, "bas.v0001": 366, "dem.v01035": 29, "dem.v01036": 27, "dem.v01037": 65, "dem.v01038": 52, "dem.v01039": 49, "cn22_pop01_res_tot_0": 366, "cn22_pop03_20a59_tot_1": 222 }, "geometry": { "type": "Polygon", "coordinates": [ [ [ -52.391229899999985, -28.268299099999979 ], [ -52.391193599999951, -28.268378199999972 ], [ -52.391487099999949, -28.269050199999981 ], [ -52.390422199999932, -28.269434299999944 ], [ -52.390568099999939, -28.269612199999983 ], [ -52.389645899999948, -28.270278499999961 ], [ -52.388693699999976, -28.270928 ], [ -52.389585699999941, -28.271909699999981 ], [ -52.39018509999994, -28.271488399999953 ], [ -52.390788699999973, -28.271083499999975 ], [ -52.391464099999951, -28.270604899999967 ], [ -52.392186399999957, -28.270536099999958 ], [ -52.392662499999972, -28.270495399999959 ], [ -52.392898199999934, -28.270466399999975 ], [ -52.393659599999978, -28.270393 ], [ -52.392893, -28.268583399999955 ], [ -52.392578299999968, -28.267834199999982 ], [ -52.391229899999985, -28.268299099999979 ] ] ] } },
{ "type": "Feature", "properties": { "id": "431410005070005", "cn22_pop03_20a59_tot_2": 0.5075075075075075, "bas.v0001": 666, "dem.v01035": 39, "dem.v01036": 43, "dem.v01037": 83, "dem.v01038": 70, "dem.v01039": 103, "cn22_pop01_res_tot_0": 666, "cn22_pop03_20a59_tot_1": 338 }, "geometry": { "type": "Polygon", "coordinates": [ [ [ -52.389585699999941, -28.271909699999981 ], [ -52.390726499999971, -28.27323169999994 ], [ -52.391186, -28.273751699999934 ], [ -52.39168369999993, -28.274330299999974 ], [ -52.392433499999981, -28.273785 ], [ -52.392542499999934, -28.273683399999982 ], [ -52.392598199999952, -28.273619 ], [ -52.393744599999934, -28.273685599999965 ], [ -52.393794299999968, -28.272967299999948 ], [ -52.39382489999997, -28.272300599999937 ], [ -52.393856199999959, -28.271410499999945 ], [ -52.393765799999983, -28.27096819999997 ], [ -52.393659599999978, -28.270393 ], [ -52.392898199999934, -28.270466399999975 ], [ -52.392662499999972, -28.270495399999959 ], [ -52.392186399999957, -28.270536099999958 ], [ -52.391464099999951, -28.270604899999967 ], [ -52.390788699999973, -28.271083499999975 ], [ -52.39018509999994, -28.271488399999953 ], [ -52.389585699999941, -28.271909699999981 ] ] ] } },
{ "type": "Feature", "properties": { "id": "431410005080002", "cn22_pop03_20a59_tot_2": 0.60400285918513219, "bas.v0001": 1399, "dem.v01035": 90, "dem.v01036": 105, "dem.v01037": 283, "dem.v01038": 208, "dem.v01039": 159, "cn22_pop01_res_tot_0": 1399, "cn22_pop03_20a59_tot_1": 845 }, "geometry": { "type": "Polygon", "coordinates": [ [ [ -52.445319599999948, -28.283123899999964 ], [ -52.445316599999956, -28.283347499999934 ], [ -52.445155599999964, -28.283627199999955 ], [ -52.444867399999964, -28.283889599999952 ], [ -52.444194099999947, -28.284786099999963 ], [ -52.443905799999982, -28.285105899999962 ], [ -52.443728, -28.28598779999993 ], [ -52.444251299999962, -28.286761099999978 ], [ -52.444582199999957, -28.287325299999964 ], [ -52.444779399999959, -28.287633099999937 ], [ -52.444909199999984, -28.288103 ], [ -52.44503839999993, -28.28871 ], [ -52.445102399999939, -28.289548699999955 ], [ -52.444935499999985, -28.290119799999957 ], [ -52.445121399999948, -28.291097899999954 ], [ -52.445145499999967, -28.291520099999957 ], [ -52.445339099999956, -28.292183499999965 ], [ -52.445287899999983, -28.29249 ], [ -52.445098899999948, -28.292699599999935 ], [ -52.445166, -28.293033099999946 ], [ -52.445349, -28.293413 ], [ -52.445275699999968, -28.293735199999958 ], [ -52.445092, -28.29429829999998 ], [ -52.445230599999945, -28.294465799999955 ], [ -52.445441899999935, -28.294887299999971 ], [ -52.445597599999985, -28.295123699999976 ], [ -52.445649299999957, -28.295346299999949 ], [ -52.445655199999976, -28.295511499999975 ], [ -52.445615399999951, -28.295894099999941 ], [ -52.445620199999951, -28.295936599999948 ], [ -52.445629099999962, -28.295986399999947 ], [ -52.445711299999971, -28.296177499999942 ], [ -52.445856699999979, -28.296366599999942 ], [ -52.44666449999994, -28.297379699999965 ], [ -52.447265199999947, -28.298160799999948 ], [ -52.447676599999966, -28.298678499999937 ], [ -52.455934399999933, -28.295046799999966 ], [ -52.458374099999958, -28.293019699999945 ], [ -52.457812199999978, -28.292621499999939 ], [ -52.457330499999955, -28.292216899999971 ], [ -52.456622299999935, -28.291556699999944 ], [ -52.456177399999945, -28.291126299999974 ], [ -52.455489099999966, -28.290367 ], [ -52.455193, -28.289981399999931 ], [ -52.455012099999976, -28.289702699999964 ], [ -52.454770199999984, -28.289174 ], [ -52.454615399999966, -28.288710599999945 ], [ -52.454449199999942, -28.288137499999948 ], [ -52.454256799999939, -28.287546599999928 ], [ -52.454174699999953, -28.287244099999953 ], [ -52.454092499999945, -28.286981899999944 ], [ -52.453972199999953, -28.286506699999961 ], [ -52.453705, -28.285647199999971 ], [ -52.453527899999983, -28.285176399999955 ], [ -52.453249399999947, -28.284613499999978 ], [ -52.45304079999994, -28.284207899999956 ], [ -52.452691299999969, -28.283591099999967 ], [ -52.452421299999969, -28.283094499999947 ], [ -52.452143899999953, -28.282586699999968 ], [ -52.451933499999939, -28.282209299999977 ], [ -52.45172279999997, -28.281852499999957 ], [ -52.45152539999998, -28.281471599999975 ], [ -52.451337699999954, -28.281129699999951 ], [ -52.451027899999985, -28.280445699999973 ], [ -52.450862399999949, -28.280015099999957 ], [ -52.450025899999957, -28.280224099999941 ], [ -52.449283799999932, -28.28039629999995 ], [ -52.448799199999939, -28.280496 ], [ -52.448299199999951, -28.280604199999971 ], [ -52.448007399999938, -28.281193099999939 ], [ -52.447729199999969, -28.281756299999984 ], [ -52.447660399999961, -28.281926799999951 ], [ -52.44758859999996, -28.282127299999956 ], [ -52.447337199999936, -28.282851499999936 ], [ -52.447307299999977, -28.282914299999959 ], [ -52.447295099999963, -28.282934599999976 ], [ -52.447280899999953, -28.282947299999933 ], [ -52.44725109999996, -28.282969599999944 ], [ -52.447220899999934, -28.282981 ], [ -52.447197399999936, -28.282987099999957 ], [ -52.447145699999965, -28.282995099999937 ], [ -52.446559199999967, -28.283081899999956 ], [ -52.446077399999979, -28.283123799999942 ], [ -52.445319599999948, -28.283123899999964 ] ] ] } },
{ "type": "Feature", "properties": { "id": "431410005070006", "cn22_pop03_20a59_tot_2": 0.57627118644067798, "bas.v0001": 1770, "dem.v01035": 85, "dem.v01036": 97, "dem.v01037": 262, "dem.v01038": 350, "dem.v01039": 226, "cn22_pop01_res_tot_0": 1770, "cn22_pop03_20a59_tot_1": 1020 }, "geometry": { "type": "Polygon", "coordinates": [ [ [ -52.400878499999976, -28.292511299999944 ], [ -52.401007399999969, -28.292419 ], [ -52.401227499999948, -28.292195299999946 ], [ -52.401654099999973, -28.291928199999973 ], [ -52.402173699999935, -28.291542399999969 ], [ -52.40270929999997, -28.291023699999982 ], [ -52.403048199999944, -28.290363799999966 ], [ -52.40377, -28.289557299999956 ], [ -52.403984899999955, -28.289237699999944 ], [ -52.404054599999938, -28.288986099999931 ], [ -52.404039, -28.288813 ], [ -52.404062799999963, -28.288662699999975 ], [ -52.404169299999978, -28.28851149999997 ], [ -52.404365399999961, -28.288346499999932 ], [ -52.404709699999955, -28.288131899999939 ], [ -52.405169199999932, -28.287850099999957 ], [ -52.405318599999987, -28.287731299999962 ], [ -52.406049199999984, -28.287703299999976 ], [ -52.406282099999942, -28.286836699999981 ], [ -52.406474799999955, -28.285926599999982 ], [ -52.406305, -28.285147199999983 ], [ -52.406192899999951, -28.284509 ], [ -52.406222599999978, -28.284104399999933 ], [ -52.406443799999977, -28.283760399999949 ], [ -52.406740899999932, -28.282731699999943 ], [ -52.406858, -28.282009599999981 ], [ -52.407131199999981, -28.281121599999949 ], [ -52.407414199999948, -28.280399399999965 ], [ -52.407541099999946, -28.279530899999941 ], [ -52.407555399999978, -28.278419299999939 ], [ -52.407441499999948, -28.27768 ], [ -52.407150299999955, -28.27718189999996 ], [ -52.406882499999938, -28.276936499999977 ], [ -52.406706799999938, -28.276775 ], [ -52.406578499999966, -28.27648789999995 ], [ -52.406359499999951, -28.276502299999947 ], [ -52.406162299999949, -28.276422499999967 ], [ -52.405591699999945, -28.276283199999966 ], [ -52.405533199999979, -28.276826699999958 ], [ -52.405077, -28.277695499999936 ], [ -52.404949, -28.277717299999949 ], [ -52.404749399999957, -28.277748499999973 ], [ -52.404611599999953, -28.277747 ], [ -52.404522199999974, -28.277713799999958 ], [ -52.404466599999978, -28.277621499999952 ], [ -52.404361899999969, -28.277220599999964 ], [ -52.39825159999998, -28.276916 ], [ -52.398359099999936, -28.275418199999933 ], [ -52.397738899999979, -28.275376599999959 ], [ -52.397603899999979, -28.275313 ], [ -52.396776799999941, -28.275268599999947 ], [ -52.395215599999972, -28.275198699999976 ], [ -52.393630599999938, -28.275098899999932 ], [ -52.392482099999938, -28.275046799999927 ], [ -52.392296299999941, -28.275090599999942 ], [ -52.39056549999998, -28.276311699999951 ], [ -52.39070369999996, -28.276497399999982 ], [ -52.392506, -28.278637599999968 ], [ -52.392095099999949, -28.279496599999959 ], [ -52.391174299999932, -28.280518299999983 ], [ -52.390338, -28.281421599999931 ], [ -52.390230199999962, -28.28182819999995 ], [ -52.389702699999987, -28.281861699999979 ], [ -52.391655699999944, -28.284903699999973 ], [ -52.391996499999948, -28.285318099999984 ], [ -52.392124, -28.285476499999959 ], [ -52.392333599999972, -28.286076399999956 ], [ -52.392435599999942, -28.286626799999965 ], [ -52.393131199999971, -28.287344399999938 ], [ -52.393859299999974, -28.287672399999963 ], [ -52.394006399999967, -28.288310099999933 ], [ -52.394177, -28.288649199999952 ], [ -52.394451499999946, -28.288992299999961 ], [ -52.394914, -28.28942909999995 ], [ -52.395025299999986, -28.28964 ], [ -52.395046299999933, -28.289892499999951 ], [ -52.395068299999934, -28.290319699999941 ], [ -52.395043599999951, -28.290517399999942 ], [ -52.395057399999985, -28.290628799999979 ], [ -52.395118299999979, -28.290711899999962 ], [ -52.395351199999936, -28.290820399999973 ], [ -52.39576889999995, -28.290891599999952 ], [ -52.39610609999994, -28.29091139999997 ], [ -52.396345099999962, -28.290954599999964 ], [ -52.396547299999952, -28.291065 ], [ -52.396663699999976, -28.291201099999967 ], [ -52.396731, -28.291400099999976 ], [ -52.396796299999949, -28.291804899999931 ], [ -52.396896899999945, -28.29194149999995 ], [ -52.397070399999961, -28.292041199999971 ], [ -52.397248099999956, -28.292078199999935 ], [ -52.397419799999966, -28.292102499999942 ], [ -52.397566199999972, -28.292108699999972 ], [ -52.397693299999958, -28.292098099999976 ], [ -52.397806699999933, -28.292071299999975 ], [ -52.397974099999942, -28.292013199999928 ], [ -52.398068899999942, -28.292005099999983 ], [ -52.398145899999975, -28.292018599999949 ], [ -52.398278799999957, -28.292112799999984 ], [ -52.39832169999994, -28.292128399999967 ], [ -52.398370699999987, -28.292125699999929 ], [ -52.39848109999997, -28.292097399999932 ], [ -52.398746399999936, -28.292038499999933 ], [ -52.398841199999936, -28.292041799999936 ], [ -52.398926699999947, -28.292087199999969 ], [ -52.398975199999938, -28.292170399999975 ], [ -52.398986699999966, -28.292229099999929 ], [ -52.398983099999953, -28.292289199999971 ], [ -52.398933299999953, -28.292372599999965 ], [ -52.398864399999979, -28.292432799999972 ], [ -52.398825099999954, -28.292511199999979 ], [ -52.398813, -28.29258649999997 ], [ -52.398824799999943, -28.292802399999971 ], [ -52.398815199999945, -28.292961299999945 ], [ -52.399014599999987, -28.293017599999928 ], [ -52.399176199999943, -28.293014899999946 ], [ -52.39933979999995, -28.292954 ], [ -52.399585899999977, -28.292779499999938 ], [ -52.399927099999957, -28.292635799999971 ], [ -52.400262099999964, -28.292574699999932 ], [ -52.400725799999975, -28.29253529999994 ], [ -52.400878499999976, -28.292511299999944 ] ] ] } },
{ "type": "Feature", "properties": { "id": "431410005070007", "cn22_pop03_20a59_tot_2": 0.67307692307692313, "bas.v0001": 52, "dem.v01035": 5, "dem.v01036": 5, "dem.v01037": 4, "dem.v01038": 6, "dem.v01039": 15, "cn22_pop01_res_tot_0": 52, "cn22_pop03_20a59_tot_1": 35 }, "geometry": { "type": "Polygon", "coordinates": [ [ [ -52.405591699999945, -28.276283199999966 ], [ -52.406162299999949, -28.276422499999967 ], [ -52.406359499999951, -28.276502299999947 ], [ -52.406578499999966, -28.27648789999995 ], [ -52.406639599999949, -28.276081799999929 ], [ -52.407591, -28.275328399999978 ], [ -52.407362899999953, -28.275308 ], [ -52.407053499999961, -28.275321199999951 ], [ -52.406458, -28.275432199999955 ], [ -52.405950399999938, -28.275720099999944 ], [ -52.405755799999952, -28.275953499999957 ], [ -52.405591699999945, -28.276283199999966 ] ] ] } },
{ "type": "Feature", "properties": { "id": "431410005070008", "cn22_pop03_20a59_tot_2": 0.50487329434697858, "bas.v0001": 513, "dem.v01035": 23, "dem.v01036": 28, "dem.v01037": 65, "dem.v01038": 68, "dem.v01039": 75, "cn22_pop01_res_tot_0": 513, "cn22_pop03_20a59_tot_1": 259 }, "geometry": { "type": "Polygon", "coordinates": [ [ [ -52.402296699999965, -28.274875299999962 ], [ -52.402465399999983, -28.275639099999978 ], [ -52.400453599999935, -28.275551099999973 ], [ -52.398359099999936, -28.275418199999933 ], [ -52.39825159999998, -28.276916 ], [ -52.404361899999969, -28.277220599999964 ], [ -52.404466599999978, -28.277621499999952 ], [ -52.404522199999974, -28.277713799999958 ], [ -52.404611599999953, -28.277747 ], [ -52.404749399999957, -28.277748499999973 ], [ -52.404949, -28.277717299999949 ], [ -52.405077, -28.277695499999936 ], [ -52.405533199999979, -28.276826699999958 ], [ -52.405591699999945, -28.276283199999966 ], [ -52.405755799999952, -28.275953499999957 ], [ -52.405950399999938, -28.275720099999944 ], [ -52.406458, -28.275432199999955 ], [ -52.407053499999961, -28.275321199999951 ], [ -52.407362899999953, -28.275308 ], [ -52.407591, -28.275328399999978 ], [ -52.408191599999952, -28.275072499999965 ], [ -52.408285099999944, -28.274926 ], [ -52.408358099999987, -28.274658099999954 ], [ -52.408439299999941, -28.274331699999948 ], [ -52.408758, -28.273758099999952 ], [ -52.408369799999946, -28.273177199999964 ], [ -52.407740099999955, -28.272248399999967 ], [ -52.405615099999977, -28.273323599999969 ], [ -52.405448299999932, -28.273418899999967 ], [ -52.404800799999975, -28.273720299999979 ], [ -52.404102699999953, -28.274076299999933 ], [ -52.403569799999957, -28.274353399999939 ], [ -52.40262, -28.274873399999933 ], [ -52.402296699999965, -28.274875299999962 ] ] ] } },
{ "type": "Feature", "properties": { "id": "431410005070009", "cn22_pop03_20a59_tot_2": 0.5829846582984658, "bas.v0001": 717, "dem.v01035": 42, "dem.v01036": 42, "dem.v01037": 112, "dem.v01038": 110, "dem.v01039": 112, "cn22_pop01_res_tot_0": 717, "cn22_pop03_20a59_tot_1": 418 }, "geometry": { "type": "Polygon", "coordinates": [ [ [ -52.401218, -28.271758499999976 ], [ -52.401333799999975, -28.272198599999967 ], [ -52.40179, -28.273455 ], [ -52.40196549999996, -28.274123799999984 ], [ -52.402296699999965, -28.274875299999962 ], [ -52.40262, -28.274873399999933 ], [ -52.403569799999957, -28.274353399999939 ], [ -52.404102699999953, -28.274076299999933 ], [ -52.404800799999975, -28.273720299999979 ], [ -52.405448299999932, -28.273418899999967 ], [ -52.405615099999977, -28.273323599999969 ], [ -52.407740099999955, -28.272248399999967 ], [ -52.407047399999954, -28.27125419999993 ], [ -52.406836299999952, -28.270875 ], [ -52.406664199999966, -28.27013919999996 ], [ -52.406541, -28.269328199999961 ], [ -52.404097299999933, -28.270115699999963 ], [ -52.40306529999998, -28.27044159999997 ], [ -52.402976, -28.270488899999975 ], [ -52.402254199999959, -28.271017099999938 ], [ -52.401218, -28.271758499999976 ] ] ] } },
{ "type": "Feature", "properties": { "id": "431410005070010", "cn22_pop03_20a59_tot_2": 0.67816091954022983, "bas.v0001": 87, "dem.v01035": 13, "dem.v01036": 17, "dem.v01037": 17, "dem.v01038": 5, "dem.v01039": 7, "cn22_pop01_res_tot_0": 87, "cn22_pop03_20a59_tot_1": 59 }, "geometry": { "type": "Polygon", "coordinates": [ [ [ -52.405086499999982, -28.267650699999933 ], [ -52.406679, -28.267771899999957 ], [ -52.406784799999969, -28.266817499999945 ], [ -52.406843699999968, -28.266338499999961 ], [ -52.405176799999936, -28.266169699999978 ], [ -52.405086499999982, -28.267650699999933 ] ] ] } },
{ "type": "Feature", "properties": { "id": "431410005070011", "cn22_pop03_20a59_tot_2": 0.56219709208400648, "bas.v0001": 619, "dem.v01035": 35, "dem.v01036": 47, "dem.v01037": 76, "dem.v01038": 112, "dem.v01039": 78, "cn22_pop01_res_tot_0": 619, "cn22_pop03_20a59_tot_1": 348 }, "geometry": { "type": "Polygon", "coordinates": [ [ [ -52.401512699999955, -28.268746599999929 ], [ -52.400351199999932, -28.26906189999994 ], [ -52.400566, -28.269695699999943 ], [ -52.400725699999953, -28.270158099999946 ], [ -52.400796799999966, -28.270403599999952 ], [ -52.40097819999994, -28.270997899999941 ], [ -52.401218, -28.271758499999976 ], [ -52.402254199999959, -28.271017099999938 ], [ -52.402976, -28.270488899999975 ], [ -52.40306529999998, -28.27044159999997 ], [ -52.404097299999933, -28.270115699999963 ], [ -52.406541, -28.269328199999961 ], [ -52.406582699999944, -28.268838199999948 ], [ -52.406679, -28.267771899999957 ], [ -52.405086499999982, -28.267650699999933 ], [ -52.404791699999976, -28.267705199999966 ], [ -52.403302199999985, -28.26818609999998 ], [ -52.403168099999959, -28.268236699999932 ], [ -52.402204799999936, -28.268540099999939 ], [ -52.401512699999955, -28.268746599999929 ] ] ] } },
{ "type": "Feature", "properties": { "id": "431410005070012", "cn22_pop03_20a59_tot_2": 0.19298245614035087, "bas.v0001": 171, "dem.v01035": 4, "dem.v01036": null, "dem.v01037": 11, "dem.v01038": 14, "dem.v01039": 4, "cn22_pop01_res_tot_0": 171, "cn22_pop03_20a59_tot_1": 33 }, "geometry": { "type": "Polygon", "coordinates": [ [ [ -52.398246499999971, -28.271739199999956 ], [ -52.398466199999973, -28.272367599999939 ], [ -52.39825129999997, -28.272343599999942 ], [ -52.396872499999972, -28.272318499999983 ], [ -52.39772279999994, -28.273202499999968 ], [ -52.399825399999941, -28.273291399999948 ], [ -52.401705799999945, -28.273407499999962 ], [ -52.40179, -28.273455 ], [ -52.401333799999975, -28.272198599999967 ], [ -52.401218, -28.271758499999976 ], [ -52.40097819999994, -28.270997899999941 ], [ -52.399488299999973, -28.271413799999948 ], [ -52.398246499999971, -28.271739199999956 ] ] ] } },
{ "type": "Feature", "properties": { "id": "431410005070013", "cn22_pop03_20a59_tot_2": 0.53759398496240607, "bas.v0001": 266, "dem.v01035": 18, "dem.v01036": 17, "dem.v01037": 32, "dem.v01038": 46, "dem.v01039": 30, "cn22_pop01_res_tot_0": 266, "cn22_pop03_20a59_tot_1": 143 }, "geometry": { "type": "Polygon", "coordinates": [ [ [ -52.396400799999981, -28.269982699999957 ], [ -52.396521699999937, -28.270655399999953 ], [ -52.396673, -28.271316899999931 ], [ -52.396872499999972, -28.272318499999983 ], [ -52.39825129999997, -28.272343599999942 ], [ -52.398466199999973, -28.272367599999939 ], [ -52.398246499999971, -28.271739199999956 ], [ -52.397908799999982, -28.271113499999956 ], [ -52.397697, -28.270472 ], [ -52.39749009999997, -28.269788499999947 ], [ -52.397027499999979, -28.269875799999966 ], [ -52.396400799999981, -28.269982699999957 ] ] ] } },
{ "type": "Feature", "properties": { "id": "431410005070014", "cn22_pop03_20a59_tot_2": 0.55054302422723478, "bas.v0001": 1197, "dem.v01035": 55, "dem.v01036": 96, "dem.v01037": 197, "dem.v01038": 154, "dem.v01039": 157, "cn22_pop01_res_tot_0": 1197, "cn22_pop03_20a59_tot_1": 659 }, "geometry": { "type": "Polygon", "coordinates": [ [ [ -52.393659599999978, -28.270393 ], [ -52.393765799999983, -28.27096819999997 ], [ -52.393856199999959, -28.271410499999945 ], [ -52.39382489999997, -28.272300599999937 ], [ -52.393794299999968, -28.272967299999948 ], [ -52.393744599999934, -28.273685599999965 ], [ -52.392598199999952, -28.273619 ], [ -52.392542499999934, -28.273683399999982 ], [ -52.392433499999981, -28.273785 ], [ -52.39168369999993, -28.274330299999974 ], [ -52.392296299999941, -28.275090599999942 ], [ -52.392482099999938, -28.275046799999927 ], [ -52.393630599999938, -28.275098899999932 ], [ -52.395215599999972, -28.275198699999976 ], [ -52.396776799999941, -28.275268599999947 ], [ -52.397603899999979, -28.275313 ], [ -52.397738899999979, -28.275376599999959 ], [ -52.398359099999936, -28.275418199999933 ], [ -52.398422299999936, -28.273938099999953 ], [ -52.39772279999994, -28.273202499999968 ], [ -52.396872499999972, -28.272318499999983 ], [ -52.396673, -28.271316899999931 ], [ -52.396521699999937, -28.270655399999953 ], [ -52.396400799999981, -28.269982699999957 ], [ -52.395428899999956, -28.270130199999983 ], [ -52.395047499999976, -28.270191699999941 ], [ -52.394597099999942, -28.270262199999934 ], [ -52.393659599999978, -28.270393 ] ] ] } },
{ "type": "Feature", "properties": { "id": "431410005070015", "cn22_pop03_20a59_tot_2": 0.49837133550488599, "bas.v0001": 307, "dem.v01035": 21, "dem.v01036": 6, "dem.v01037": 40, "dem.v01038": 37, "dem.v01039": 49, "cn22_pop01_res_tot_0": 307, "cn22_pop03_20a59_tot_1": 153 }, "geometry": { "type": "Polygon", "coordinates": [ [ [ -52.398356299999932, -28.269565299999954 ], [ -52.39749009999997, -28.269788499999947 ], [ -52.397697, -28.270472 ], [ -52.397908799999982, -28.271113499999956 ], [ -52.398246499999971, -28.271739199999956 ], [ -52.399488299999973, -28.271413799999948 ], [ -52.40097819999994, -28.270997899999941 ], [ -52.400796799999966, -28.270403599999952 ], [ -52.400725699999953, -28.270158099999946 ], [ -52.400566, -28.269695699999943 ], [ -52.400351199999932, -28.26906189999994 ], [ -52.398356299999932, -28.269565299999954 ] ] ] } },
{ "type": "Feature", "properties": { "id": "431410005080004", "cn22_pop03_20a59_tot_2": 0.56721138639957824, "bas.v0001": 1897, "dem.v01035": 181, "dem.v01036": 138, "dem.v01037": 284, "dem.v01038": 283, "dem.v01039": 190, "cn22_pop01_res_tot_0": 1897, "cn22_pop03_20a59_tot_1": 1076 }, "geometry": { "type": "Polygon", "coordinates": [ [ [ -52.432514199999957, -28.28922 ], [ -52.431920099999957, -28.28809339999998 ], [ -52.432213599999955, -28.288069899999982 ], [ -52.433482499999968, -28.288258499999984 ], [ -52.434368099999972, -28.28920119999998 ], [ -52.434965, -28.288874599999929 ], [ -52.434914699999979, -28.289179899999965 ], [ -52.435121399999957, -28.289610099999948 ], [ -52.435296799999946, -28.289991799999939 ], [ -52.435364399999969, -28.290394499999934 ], [ -52.435459699999967, -28.290662499999939 ], [ -52.435728899999958, -28.290962899999954 ], [ -52.436004799999978, -28.291164899999956 ], [ -52.436305599999969, -28.291388199999972 ], [ -52.436497699999961, -28.291422299999965 ], [ -52.436617099999978, -28.291425599999968 ], [ -52.436723099999938, -28.291651 ], [ -52.436961499999938, -28.291717099999971 ], [ -52.437291499999958, -28.29168379999993 ], [ -52.43737219999997, -28.291472699999929 ], [ -52.437591099999963, -28.291368399999953 ], [ -52.438328299999966, -28.291370599999937 ], [ -52.438732899999934, -28.291277799999932 ], [ -52.439001299999973, -28.291071 ], [ -52.439372699999979, -28.291013 ], [ -52.439695099999938, -28.29095 ], [ -52.440017, -28.290776899999969 ], [ -52.440251399999966, -28.290694199999962 ], [ -52.441725799999972, -28.290192399999967 ], [ -52.441438499999947, -28.289854599999956 ], [ -52.441215, -28.289647199999933 ], [ -52.441022199999964, -28.28947409999995 ], [ -52.440677, -28.289118199999962 ], [ -52.440343599999949, -28.288731399999961 ], [ -52.440142899999955, -28.288556 ], [ -52.439986399999952, -28.288414499999931 ], [ -52.439630599999987, -28.288089899999932 ], [ -52.439224099999933, -28.28776629999993 ], [ -52.439104499999985, -28.28766539999998 ], [ -52.438979, -28.287561799999935 ], [ -52.438063899999975, -28.286807 ], [ -52.437105199999962, -28.286183899999969 ], [ -52.436907799999972, -28.286013199999957 ], [ -52.436356399999966, -28.285510199999976 ], [ -52.436187899999936, -28.285381 ], [ -52.435544099999959, -28.284748799999932 ], [ -52.435251599999958, -28.284415499999966 ], [ -52.435135, -28.284294099999954 ], [ -52.435031799999933, -28.28420749999998 ], [ -52.434881899999937, -28.28413089999998 ], [ -52.434685299999956, -28.284067599999958 ], [ -52.434462199999984, -28.284034299999973 ], [ -52.434014299999944, -28.284024199999976 ], [ -52.433822799999973, -28.284033499999964 ], [ -52.432426699999951, -28.28406119999994 ], [ -52.43176, -28.284065799999951 ], [ -52.43092009999998, -28.284111899999971 ], [ -52.43072449999994, -28.283643599999948 ], [ -52.429805599999952, -28.283597199999974 ], [ -52.42908639999996, -28.283544099999972 ], [ -52.428320199999973, -28.283497699999941 ], [ -52.428010799999981, -28.283501599999965 ], [ -52.427932899999973, -28.283499499999948 ], [ -52.427654899999936, -28.283816199999933 ], [ -52.427284699999973, -28.284125599999982 ], [ -52.426882399999954, -28.284660899999949 ], [ -52.426650699999982, -28.285112399999946 ], [ -52.426375299999961, -28.286039399999936 ], [ -52.426182599999947, -28.286514599999975 ], [ -52.425878899999987, -28.286960499999964 ], [ -52.425705599999958, -28.287299799999971 ], [ -52.425500099999965, -28.287805699999979 ], [ -52.425440899999955, -28.288129799999979 ], [ -52.42541609999995, -28.288366899999971 ], [ -52.425247299999967, -28.289063599999963 ], [ -52.425052899999969, -28.289459799999975 ], [ -52.424994699999957, -28.289931299999978 ], [ -52.424861799999974, -28.290409599999975 ], [ -52.424579199999982, -28.290822299999945 ], [ -52.424354599999958, -28.291220399999929 ], [ -52.424853, -28.29156439999997 ], [ -52.424973, -28.29184639999994 ], [ -52.424945599999944, -28.292170799999951 ], [ -52.424414399999932, -28.293018299999972 ], [ -52.424365899999941, -28.293200699999943 ], [ -52.424373799999955, -28.293385299999954 ], [ -52.424444599999958, -28.294002699999965 ], [ -52.424816099999987, -28.294022499999983 ], [ -52.424943499999983, -28.294052199999953 ], [ -52.425044899999932, -28.294121699999948 ], [ -52.425237299999935, -28.29437489999998 ], [ -52.425359799999967, -28.294462199999941 ], [ -52.425529799999936, -28.294513599999959 ], [ -52.42591189999996, -28.294537 ], [ -52.426281599999982, -28.294492799999944 ], [ -52.426545499999975, -28.294364399999949 ], [ -52.42673689999998, -28.294192599999974 ], [ -52.426979899999935, -28.29391389999995 ], [ -52.427270399999941, -28.293620399999952 ], [ -52.427346399999976, -28.293496399999981 ], [ -52.427451599999984, -28.293241 ], [ -52.427506499999936, -28.293179299999963 ], [ -52.427590599999974, -28.29313609999997 ], [ -52.427958399999966, -28.293031599999949 ], [ -52.428118899999959, -28.292954599999973 ], [ -52.428255899999954, -28.292825099999959 ], [ -52.432514199999957, -28.28922 ] ] ] } },
{ "type": "Feature", "properties": { "id": "431410005080005", "cn22_pop03_20a59_tot_2": 0.54782608695652169, "bas.v0001": 460, "dem.v01035": 33, "dem.v01036": 35, "dem.v01037": 67, "dem.v01038": 64, "dem.v01039": 53, "cn22_pop01_res_tot_0": 460, "cn22_pop03_20a59_tot_1": 252 }, "geometry": { "type": "Polygon", "coordinates": [ [ [ -52.416748699999971, -28.282383899999957 ], [ -52.417488299999945, -28.282419899999979 ], [ -52.418242199999952, -28.282481 ], [ -52.41937889999997, -28.282763099999954 ], [ -52.420572399999969, -28.283161899999982 ], [ -52.422035799999946, -28.283496 ], [ -52.423370199999965, -28.283708599999954 ], [ -52.42466369999994, -28.283756499999981 ], [ -52.425961299999983, -28.283752599999957 ], [ -52.426758199999938, -28.283770499999946 ], [ -52.427654899999936, -28.283816199999933 ], [ -52.427932899999973, -28.283499499999948 ], [ -52.428010799999981, -28.283501599999965 ], [ -52.428320199999973, -28.283497699999941 ], [ -52.42908639999996, -28.283544099999972 ], [ -52.429805599999952, -28.283597199999974 ], [ -52.43072449999994, -28.283643599999948 ], [ -52.430605799999967, -28.283263099999942 ], [ -52.429964, -28.28241 ], [ -52.429606299999932, -28.281805399999939 ], [ -52.429413199999942, -28.281375299999979 ], [ -52.429019199999971, -28.280541699999958 ], [ -52.428987799999959, -28.280458599999974 ], [ -52.428991499999938, -28.28031459999994 ], [ -52.428980599999932, -28.280254499999955 ], [ -52.428479899999957, -28.280449 ], [ -52.427615099999969, -28.280641399999979 ], [ -52.427137799999969, -28.280736699999977 ], [ -52.426621899999986, -28.280834599999935 ], [ -52.425612599999965, -28.281024 ], [ -52.424771899999939, -28.281093099999964 ], [ -52.424069299999985, -28.281134499999951 ], [ -52.423513599999978, -28.281051499999933 ], [ -52.422937299999944, -28.280949299999975 ], [ -52.422296199999948, -28.280740099999946 ], [ -52.421752799999979, -28.280538799999931 ], [ -52.420799899999963, -28.280138699999952 ], [ -52.420289899999943, -28.279884699999968 ], [ -52.419857599999943, -28.279744499999936 ], [ -52.419509, -28.279618299999981 ], [ -52.418654699999934, -28.279409 ], [ -52.418288, -28.279336199999932 ], [ -52.417310799999939, -28.279202599999962 ], [ -52.417299799999967, -28.279526799999928 ], [ -52.416684199999963, -28.27949689999997 ], [ -52.416681399999959, -28.280535499999928 ], [ -52.416704099999947, -28.281760399999939 ], [ -52.416748699999971, -28.282383899999957 ] ] ] } },
{ "type": "Feature", "properties": { "id": "431410005080007", "cn22_pop03_20a59_tot_2": 0.60351758793969845, "bas.v0001": 1990, "dem.v01035": 166, "dem.v01036": 195, "dem.v01037": 389, "dem.v01038": 261, "dem.v01039": 190, "cn22_pop01_res_tot_0": 1990, "cn22_pop03_20a59_tot_1": 1201 }, "geometry": { "type": "Polygon", "coordinates": [ [ [ -52.428980599999932, -28.280254499999955 ], [ -52.428991499999938, -28.28031459999994 ], [ -52.428987799999959, -28.280458599999974 ], [ -52.429019199999971, -28.280541699999958 ], [ -52.429413199999942, -28.281375299999979 ], [ -52.429606299999932, -28.281805399999939 ], [ -52.429964, -28.28241 ], [ -52.430605799999967, -28.283263099999942 ], [ -52.43072449999994, -28.283643599999948 ], [ -52.43092009999998, -28.284111899999971 ], [ -52.43176, -28.284065799999951 ], [ -52.432426699999951, -28.28406119999994 ], [ -52.433822799999973, -28.284033499999964 ], [ -52.434014299999944, -28.284024199999976 ], [ -52.434462199999984, -28.284034299999973 ], [ -52.434685299999956, -28.284067599999958 ], [ -52.434881899999937, -28.28413089999998 ], [ -52.435031799999933, -28.28420749999998 ], [ -52.435135, -28.284294099999954 ], [ -52.435251599999958, -28.284415499999966 ], [ -52.435544099999959, -28.284748799999932 ], [ -52.436187899999936, -28.285381 ], [ -52.436356399999966, -28.285510199999976 ], [ -52.436765, -28.28498959999996 ], [ -52.437174199999959, -28.284489299999962 ], [ -52.437842299999943, -28.283655099999976 ], [ -52.438167499999963, -28.283223199999952 ], [ -52.438493, -28.282787499999984 ], [ -52.439173699999969, -28.281943599999977 ], [ -52.439830299999983, -28.281129399999941 ], [ -52.439859, -28.281093799999951 ], [ -52.440472799999952, -28.280277 ], [ -52.441663499999947, -28.280978399999981 ], [ -52.442427199999941, -28.281426099999976 ], [ -52.442860499999938, -28.281675499999949 ], [ -52.443357299999946, -28.281995599999959 ], [ -52.444244499999968, -28.282543299999929 ], [ -52.444477899999981, -28.282719799999938 ], [ -52.444668, -28.282890399999928 ], [ -52.444973199999936, -28.283087899999941 ], [ -52.445048, -28.283117599999969 ], [ -52.445319599999948, -28.283123899999964 ], [ -52.445102199999951, -28.283073299999955 ], [ -52.445081499999958, -28.282914699999935 ], [ -52.44509759999994, -28.282794599999932 ], [ -52.445073499999978, -28.282667599999968 ], [ -52.444828199999961, -28.282586599999945 ], [ -52.444669, -28.282375899999977 ], [ -52.444242799999984, -28.282176 ], [ -52.444259299999942, -28.281784 ], [ -52.444215499999984, -28.281615 ], [ -52.444007399999975, -28.281380099999978 ], [ -52.443938799999955, -28.28112189999996 ], [ -52.443800599999975, -28.280716299999938 ], [ -52.443520799999931, -28.28043619999994 ], [ -52.443453699999964, -28.280206199999952 ], [ -52.442601599999932, -28.279470699999933 ], [ -52.441354399999966, -28.278963699999963 ], [ -52.44061389999996, -28.278508599999952 ], [ -52.440499599999953, -28.278218 ], [ -52.44016339999996, -28.277981299999965 ], [ -52.439791599999978, -28.277513099999965 ], [ -52.439654799999971, -28.277319899999952 ], [ -52.438708199999951, -28.276849599999935 ], [ -52.437531899999954, -28.276673 ], [ -52.436390499999959, -28.276539099999979 ], [ -52.435525299999938, -28.276414399999965 ], [ -52.435106499999961, -28.276392 ], [ -52.43426489999996, -28.276912299999935 ], [ -52.433720799999946, -28.277238399999931 ], [ -52.433143299999983, -28.277606399999968 ], [ -52.432219, -28.278162099999975 ], [ -52.431461599999977, -28.278613199999938 ], [ -52.429813299999978, -28.279749199999969 ], [ -52.428980599999932, -28.280254499999955 ] ] ] } },
{ "type": "Feature", "properties": { "id": "431410005080008", "cn22_pop03_20a59_tot_2": 0.75910931174089069, "bas.v0001": 494, "dem.v01035": 48, "dem.v01036": 87, "dem.v01037": 157, "dem.v01038": 56, "dem.v01039": 27, "cn22_pop01_res_tot_0": 494, "cn22_pop03_20a59_tot_1": 375 }, "geometry": { "type": "Polygon", "coordinates": [ [ [ -52.446845699999983, -28.281665 ], [ -52.445394199999953, -28.281233799999939 ], [ -52.445077799999979, -28.282067299999937 ], [ -52.445917699999939, -28.282376699999929 ], [ -52.446254499999952, -28.282365499999969 ], [ -52.446602199999973, -28.282281499999954 ], [ -52.446845699999983, -28.281665 ] ] ] } },
{ "type": "Feature", "properties": { "id": "431410005080009", "cn22_pop03_20a59_tot_2": 0.5460440985732814, "bas.v0001": 771, "dem.v01035": 58, "dem.v01036": 40, "dem.v01037": 107, "dem.v01038": 127, "dem.v01039": 89, "cn22_pop01_res_tot_0": 771, "cn22_pop03_20a59_tot_1": 421 }, "geometry": { "type": "Polygon", "coordinates": [ [ [ -52.435106499999961, -28.276392 ], [ -52.435525299999938, -28.276414399999965 ], [ -52.436390499999959, -28.276539099999979 ], [ -52.437531899999954, -28.276673 ], [ -52.438708199999951, -28.276849599999935 ], [ -52.439654799999971, -28.277319899999952 ], [ -52.439791599999978, -28.277513099999965 ], [ -52.44016339999996, -28.277981299999965 ], [ -52.440499599999953, -28.278218 ], [ -52.44061389999996, -28.278508599999952 ], [ -52.441354399999966, -28.278963699999963 ], [ -52.442601599999932, -28.279470699999933 ], [ -52.443453699999964, -28.280206199999952 ], [ -52.443520799999931, -28.28043619999994 ], [ -52.443800599999975, -28.280716299999938 ], [ -52.443938799999955, -28.28112189999996 ], [ -52.444007399999975, -28.281380099999978 ], [ -52.444215499999984, -28.281615 ], [ -52.444259299999942, -28.281784 ], [ -52.444242799999984, -28.282176 ], [ -52.444669, -28.282375899999977 ], [ -52.444828199999961, -28.282586599999945 ], [ -52.445073499999978, -28.282667599999968 ], [ -52.44509759999994, -28.282794599999932 ], [ -52.445081499999958, -28.282914699999935 ], [ -52.445102199999951, -28.283073299999955 ], [ -52.445319599999948, -28.283123899999964 ], [ -52.446077399999979, -28.283123799999942 ], [ -52.446559199999967, -28.283081899999956 ], [ -52.447145699999965, -28.282995099999937 ], [ -52.447197399999936, -28.282987099999957 ], [ -52.447220899999934, -28.282981 ], [ -52.44725109999996, -28.282969599999944 ], [ -52.447280899999953, -28.282947299999933 ], [ -52.447295099999963, -28.282934599999976 ], [ -52.447307299999977, -28.282914299999959 ], [ -52.447337199999936, -28.282851499999936 ], [ -52.44758859999996, -28.282127299999956 ], [ -52.447660399999961, -28.281926799999951 ], [ -52.447729199999969, -28.281756299999984 ], [ -52.448007399999938, -28.281193099999939 ], [ -52.448299199999951, -28.280604199999971 ], [ -52.448799199999939, -28.280496 ], [ -52.449283799999932, -28.28039629999995 ], [ -52.450025899999957, -28.280224099999941 ], [ -52.450862399999949, -28.280015099999957 ], [ -52.450545699999964, -28.27908519999994 ], [ -52.450202499999932, -28.278068599999983 ], [ -52.449955, -28.277418099999977 ], [ -52.449617899999964, -28.276719299999968 ], [ -52.449245799999971, -28.276147399999957 ], [ -52.448951199999954, -28.27575829999995 ], [ -52.448661799999968, -28.275440199999935 ], [ -52.448404299999936, -28.275196699999981 ], [ -52.448199299999942, -28.274996499999929 ], [ -52.447974199999976, -28.274814 ], [ -52.446983, -28.274264499999958 ], [ -52.446632199999954, -28.274090599999965 ], [ -52.446433399999933, -28.273996699999941 ], [ -52.446185, -28.273888599999964 ], [ -52.445775599999934, -28.273717099999942 ], [ -52.445198399999981, -28.273500299999967 ], [ -52.444359599999984, -28.273195299999941 ], [ -52.443635099999938, -28.272959399999934 ], [ -52.443073499999969, -28.272764399999971 ], [ -52.442763399999933, -28.272639699999957 ], [ -52.442514599999981, -28.272508399999936 ], [ -52.442365699999982, -28.272419499999955 ], [ -52.442250899999976, -28.272351399999934 ], [ -52.44194989999994, -28.272136299999943 ], [ -52.441843899999981, -28.272042299999953 ], [ -52.441771399999936, -28.271977899999968 ], [ -52.441690199999982, -28.271899599999983 ], [ -52.441073899999935, -28.271247799999969 ], [ -52.440616699999964, -28.270749099999932 ], [ -52.440119, -28.27131849999995 ], [ -52.439352299999939, -28.272286399999928 ], [ -52.438324699999953, -28.273558 ], [ -52.437702799999954, -28.274306299999978 ], [ -52.437323399999968, -28.274695899999983 ], [ -52.437022899999931, -28.274981799999978 ], [ -52.436751699999945, -28.275227399999949 ], [ -52.436187799999971, -28.275638099999981 ], [ -52.435706, -28.276003799999955 ], [ -52.435106499999961, -28.276392 ] ], [ [ -52.446845699999983, -28.281665 ], [ -52.446602199999973, -28.282281499999954 ], [ -52.446254499999952, -28.282365499999969 ], [ -52.445917699999939, -28.282376699999929 ], [ -52.445077799999979, -28.282067299999937 ], [ -52.445394199999953, -28.281233799999939 ], [ -52.446845699999983, -28.281665 ] ] ] } },
{ "type": "Feature", "properties": { "id": "431410005090005", "cn22_pop03_20a59_tot_2": 0.55985037406483795, "bas.v0001": 802, "dem.v01035": 45, "dem.v01036": 55, "dem.v01037": 127, "dem.v01038": 137, "dem.v01039": 85, "cn22_pop01_res_tot_0": 802, "cn22_pop03_20a59_tot_1": 449 }, "geometry": { "type": "Polygon", "coordinates": [ [ [ -52.445256299999983, -28.267320899999959 ], [ -52.4491, -28.271051199999931 ], [ -52.449441199999967, -28.271473299999968 ], [ -52.449925199999939, -28.272177799999952 ], [ -52.45032029999993, -28.272780799999964 ], [ -52.450912799999969, -28.27364659999995 ], [ -52.451330399999961, -28.27302409999993 ], [ -52.451580099999944, -28.27285489999997 ], [ -52.452068299999951, -28.272612299999935 ], [ -52.452585599999964, -28.272608799999944 ], [ -52.452966799999956, -28.272555699999941 ], [ -52.453389799999968, -28.272563599999955 ], [ -52.453897099999949, -28.272467899999981 ], [ -52.454754099999946, -28.272465199999942 ], [ -52.455224899999962, -28.272460399999943 ], [ -52.455668, -28.272282699999948 ], [ -52.456083199999966, -28.272021199999983 ], [ -52.45650569999998, -28.271595 ], [ -52.456784699999957, -28.271147599999949 ], [ -52.456985499999973, -28.270932199999947 ], [ -52.456996, -28.270650599999954 ], [ -52.457172499999956, -28.270380399999965 ], [ -52.457178299999953, -28.270091899999954 ], [ -52.45707, -28.269787199999939 ], [ -52.456537599999933, -28.269106 ], [ -52.456031899999971, -28.268407599999932 ], [ -52.455211599999984, -28.267295399999966 ], [ -52.454761499999961, -28.266679799999963 ], [ -52.454343399999971, -28.266125199999976 ], [ -52.453929599999981, -28.265579299999956 ], [ -52.453512899999964, -28.265030499999966 ], [ -52.453306199999986, -28.264777799999933 ], [ -52.453260899999975, -28.264746499999944 ], [ -52.453184799999974, -28.264725599999963 ], [ -52.452797299999986, -28.265052699999956 ], [ -52.451527399999975, -28.266046599999981 ], [ -52.450669499999947, -28.266088499999967 ], [ -52.450244699999985, -28.266236699999979 ], [ -52.449421299999983, -28.266365599999972 ], [ -52.447356899999932, -28.266869399999962 ], [ -52.44613819999995, -28.2671 ], [ -52.445256299999983, -28.267320899999959 ] ] ] } },
{ "type": "Feature", "properties": { "id": "431410005080010", "cn22_pop03_20a59_tot_2": 0.49032258064516127, "bas.v0001": 930, "dem.v01035": 87, "dem.v01036": 70, "dem.v01037": 147, "dem.v01038": 93, "dem.v01039": 59, "cn22_pop01_res_tot_0": 930, "cn22_pop03_20a59_tot_1": 456 }, "geometry": { "type": "Polygon", "coordinates": [ [ [ -52.439830299999983, -28.281129399999941 ], [ -52.440656199999978, -28.281643599999938 ], [ -52.440937099999985, -28.281818499999929 ], [ -52.441371699999934, -28.282089599999949 ], [ -52.441825699999981, -28.282371399999931 ], [ -52.442580899999939, -28.282821099999978 ], [ -52.438979, -28.287561799999935 ], [ -52.439104499999985, -28.28766539999998 ], [ -52.439224099999933, -28.28776629999993 ], [ -52.439630599999987, -28.288089899999932 ], [ -52.439986399999952, -28.288414499999931 ], [ -52.440142899999955, -28.288556 ], [ -52.440343599999949, -28.288731399999961 ], [ -52.440677, -28.289118199999962 ], [ -52.441022199999964, -28.28947409999995 ], [ -52.441215, -28.289647199999933 ], [ -52.441438499999947, -28.289854599999956 ], [ -52.441725799999972, -28.290192399999967 ], [ -52.441796299999965, -28.290287099999944 ], [ -52.442103799999984, -28.290771799999959 ], [ -52.442445599999985, -28.291352699999948 ], [ -52.442544099999964, -28.291475199999979 ], [ -52.443213599999979, -28.291917499999954 ], [ -52.44344, -28.292109299999936 ], [ -52.443518799999936, -28.29222 ], [ -52.444080299999939, -28.293054199999972 ], [ -52.444455499999947, -28.29358069999995 ], [ -52.444833099999983, -28.294000099999948 ], [ -52.445092, -28.29429829999998 ], [ -52.445275699999968, -28.293735199999958 ], [ -52.445349, -28.293413 ], [ -52.445166, -28.293033099999946 ], [ -52.445098899999948, -28.292699599999935 ], [ -52.445287899999983, -28.29249 ], [ -52.445339099999956, -28.292183499999965 ], [ -52.445145499999967, -28.291520099999957 ], [ -52.445121399999948, -28.291097899999954 ], [ -52.444935499999985, -28.290119799999957 ], [ -52.445102399999939, -28.289548699999955 ], [ -52.44503839999993, -28.28871 ], [ -52.444909199999984, -28.288103 ], [ -52.444779399999959, -28.287633099999937 ], [ -52.444582199999957, -28.287325299999964 ], [ -52.444251299999962, -28.286761099999978 ], [ -52.443728, -28.28598779999993 ], [ -52.443905799999982, -28.285105899999962 ], [ -52.444194099999947, -28.284786099999963 ], [ -52.444867399999964, -28.283889599999952 ], [ -52.445155599999964, -28.283627199999955 ], [ -52.445316599999956, -28.283347499999934 ], [ -52.445319599999948, -28.283123899999964 ], [ -52.445048, -28.283117599999969 ], [ -52.444973199999936, -28.283087899999941 ], [ -52.444668, -28.282890399999928 ], [ -52.444477899999981, -28.282719799999938 ], [ -52.444244499999968, -28.282543299999929 ], [ -52.443357299999946, -28.281995599999959 ], [ -52.442860499999938, -28.281675499999949 ], [ -52.442427199999941, -28.281426099999976 ], [ -52.441663499999947, -28.280978399999981 ], [ -52.440472799999952, -28.280277 ], [ -52.439859, -28.281093799999951 ], [ -52.439830299999983, -28.281129399999941 ] ] ] } },
{ "type": "Feature", "properties": { "id": "431410005080011", "cn22_pop03_20a59_tot_2": 0.66270430906389299, "bas.v0001": 673, "dem.v01035": 45, "dem.v01036": 90, "dem.v01037": 153, "dem.v01038": 87, "dem.v01039": 71, "cn22_pop01_res_tot_0": 673, "cn22_pop03_20a59_tot_1": 446 }, "geometry": { "type": "Polygon", "coordinates": [ [ [ -52.437105199999962, -28.286183899999969 ], [ -52.437918099999933, -28.285123 ], [ -52.438660899999945, -28.284214899999938 ], [ -52.438994699999967, -28.283776899999964 ], [ -52.43933009999995, -28.283360399999935 ], [ -52.440656199999978, -28.281643599999938 ], [ -52.439830299999983, -28.281129399999941 ], [ -52.439173699999969, -28.281943599999977 ], [ -52.438493, -28.282787499999984 ], [ -52.438167499999963, -28.283223199999952 ], [ -52.437842299999943, -28.283655099999976 ], [ -52.437174199999959, -28.284489299999962 ], [ -52.436765, -28.28498959999996 ], [ -52.436356399999966, -28.285510199999976 ], [ -52.436907799999972, -28.286013199999957 ], [ -52.437105199999962, -28.286183899999969 ] ] ] } },
{ "type": "Feature", "properties": { "id": "431410005080012", "cn22_pop03_20a59_tot_2": 0.61581920903954801, "bas.v0001": 885, "dem.v01035": 79, "dem.v01036": 125, "dem.v01037": 190, "dem.v01038": 95, "dem.v01039": 56, "cn22_pop01_res_tot_0": 885, "cn22_pop03_20a59_tot_1": 545 }, "geometry": { "type": "Polygon", "coordinates": [ [ [ -52.440656199999978, -28.281643599999938 ], [ -52.43933009999995, -28.283360399999935 ], [ -52.438994699999967, -28.283776899999964 ], [ -52.438660899999945, -28.284214899999938 ], [ -52.437918099999933, -28.285123 ], [ -52.437105199999962, -28.286183899999969 ], [ -52.438063899999975, -28.286807 ], [ -52.438979, -28.287561799999935 ], [ -52.442580899999939, -28.282821099999978 ], [ -52.441825699999981, -28.282371399999931 ], [ -52.441371699999934, -28.282089599999949 ], [ -52.440937099999985, -28.281818499999929 ], [ -52.440656199999978, -28.281643599999938 ] ] ] } },
{ "type": "Feature", "properties": { "id": "431410005090001", "cn22_pop03_20a59_tot_2": 0.52545691906005221, "bas.v0001": 1532, "dem.v01035": 128, "dem.v01036": 146, "dem.v01037": 231, "dem.v01038": 175, "dem.v01039": 125, "cn22_pop01_res_tot_0": 1532, "cn22_pop03_20a59_tot_1": 805 }, "geometry": { "type": "Polygon", "coordinates": [ [ [ -52.453913099999966, -28.256398599999955 ], [ -52.454463899999951, -28.256479 ], [ -52.454917099999932, -28.256594699999937 ], [ -52.455396, -28.256723 ], [ -52.455988399999967, -28.256981399999972 ], [ -52.456486799999936, -28.257235399999956 ], [ -52.457016099999976, -28.25749049999996 ], [ -52.457514099999969, -28.257740699999943 ], [ -52.458031, -28.257998 ], [ -52.45832919999998, -28.258143699999948 ], [ -52.459063399999934, -28.258482599999979 ], [ -52.459549399999958, -28.258646299999953 ], [ -52.459843199999966, -28.25871449999994 ], [ -52.460128399999974, -28.258748499999967 ], [ -52.460392299999967, -28.258757 ], [ -52.460745699999961, -28.258735699999932 ], [ -52.461265, -28.258659099999932 ], [ -52.461792899999978, -28.258582499999932 ], [ -52.462286699999936, -28.258505899999932 ], [ -52.462529399999937, -28.258459 ], [ -52.462678399999959, -28.258425 ], [ -52.46338929999996, -28.258056 ], [ -52.464199, -28.257265299999972 ], [ -52.464512099999979, -28.257002799999952 ], [ -52.464326399999948, -28.25684 ], [ -52.464391699999965, -28.256078599999967 ], [ -52.464094499999931, -28.255730699999958 ], [ -52.463913699999978, -28.25508949999994 ], [ -52.463946199999953, -28.254582 ], [ -52.463788599999987, -28.254273699999942 ], [ -52.463016399999958, -28.254146099999957 ], [ -52.462375299999962, -28.253963699999929 ], [ -52.462156, -28.253384499999981 ], [ -52.462462699999946, -28.252990599999976 ], [ -52.462662, -28.252679899999976 ], [ -52.462629899999968, -28.252485699999966 ], [ -52.462476099999947, -28.25235859999998 ], [ -52.462132199999985, -28.252405299999964 ], [ -52.461924899999985, -28.252328699999964 ], [ -52.46199729999995, -28.251265699999976 ], [ -52.461411, -28.250683599999945 ], [ -52.461462399999959, -28.250380299999961 ], [ -52.461572099999955, -28.25016439999996 ], [ -52.461934, -28.249578199999974 ], [ -52.461803299999985, -28.249125699999979 ], [ -52.461361499999953, -28.248513 ], [ -52.461298899999974, -28.248571499999969 ], [ -52.460964399999966, -28.248861399999953 ], [ -52.460294499999975, -28.249433899999929 ], [ -52.459667199999956, -28.249928899999929 ], [ -52.458920199999966, -28.250583499999948 ], [ -52.458501499999954, -28.250977199999966 ], [ -52.458070299999974, -28.251458399999933 ], [ -52.457670199999939, -28.251995699999952 ], [ -52.457307899999932, -28.252495799999963 ], [ -52.456545499999947, -28.253551899999934 ], [ -52.455958599999974, -28.254376 ], [ -52.45561749999996, -28.254820499999937 ], [ -52.455311499999937, -28.255159799999944 ], [ -52.454968799999961, -28.255513099999973 ], [ -52.454739, -28.25573449999996 ], [ -52.454504799999938, -28.255938799999967 ], [ -52.454143, -28.256236799999954 ], [ -52.453913099999966, -28.256398599999955 ] ] ] } },
{ "type": "Feature", "properties": { "id": "431410005090002", "cn22_pop03_20a59_tot_2": 0.57759137207908928, "bas.v0001": 1669, "dem.v01035": 152, "dem.v01036": 162, "dem.v01037": 296, "dem.v01038": 208, "dem.v01039": 146, "cn22_pop01_res_tot_0": 1669, "cn22_pop03_20a59_tot_1": 964 }, "geometry": { "type": "Polygon", "coordinates": [ [ [ -52.452551799999981, -28.257257 ], [ -52.452784799999961, -28.257587 ], [ -52.453148, -28.258159099999943 ], [ -52.453523099999984, -28.258732299999963 ], [ -52.453889, -28.259324699999979 ], [ -52.454571099999953, -28.260374699999943 ], [ -52.454958199999965, -28.260996199999965 ], [ -52.455323399999941, -28.261592499999949 ], [ -52.455578899999978, -28.26200769999997 ], [ -52.456078399999967, -28.262774299999933 ], [ -52.456400699999961, -28.263291199999969 ], [ -52.456780199999969, -28.263886799999966 ], [ -52.457152699999938, -28.26446569999996 ], [ -52.457527699999957, -28.265050299999928 ], [ -52.457906299999934, -28.265640299999973 ], [ -52.458732099999963, -28.266802899999959 ], [ -52.459185299999945, -28.267408499999931 ], [ -52.459364599999958, -28.267225 ], [ -52.459966899999984, -28.266801899999962 ], [ -52.460340099999939, -28.266588 ], [ -52.460818199999949, -28.266394199999979 ], [ -52.461314799999968, -28.266317699999945 ], [ -52.46164239999996, -28.266301299999952 ], [ -52.461880399999984, -28.266305899999963 ], [ -52.462137499999983, -28.266061399999955 ], [ -52.462402499999939, -28.266015399999958 ], [ -52.462685299999976, -28.266008299999953 ], [ -52.46313779999997, -28.266054899999972 ], [ -52.463361299999974, -28.266088599999932 ], [ -52.463642499999935, -28.266166599999963 ], [ -52.464136199999984, -28.266214199999979 ], [ -52.464448899999979, -28.266277699999932 ], [ -52.464470399999982, -28.266188199999931 ], [ -52.464481099999944, -28.266104599999949 ], [ -52.464527399999952, -28.265564199999972 ], [ -52.464796799999931, -28.264973599999962 ], [ -52.464799399999947, -28.264511399999947 ], [ -52.465035799999953, -28.264041499999962 ], [ -52.465327299999956, -28.263768 ], [ -52.466277799999943, -28.26341089999994 ], [ -52.466294599999969, -28.263270699999964 ], [ -52.466036799999983, -28.263134199999968 ], [ -52.465110699999968, -28.263191799999959 ], [ -52.464643299999977, -28.263040399999966 ], [ -52.46425069999998, -28.262802499999964 ], [ -52.464260099999933, -28.262543 ], [ -52.464468, -28.262034599999936 ], [ -52.464269099999967, -28.26102359999993 ], [ -52.464013799999975, -28.260601699999938 ], [ -52.46403319999996, -28.260331099999974 ], [ -52.464189799999986, -28.260117699999967 ], [ -52.464751399999955, -28.259809399999938 ], [ -52.465341699999954, -28.259712899999954 ], [ -52.465556399999969, -28.259563399999934 ], [ -52.465526399999931, -28.259335799999974 ], [ -52.46586689999998, -28.259017599999936 ], [ -52.466178499999955, -28.258535299999949 ], [ -52.465984699999979, -28.258300299999974 ], [ -52.465624199999979, -28.258092599999941 ], [ -52.464967799999954, -28.25753659999998 ], [ -52.464512099999979, -28.257002799999952 ], [ -52.464199, -28.257265299999972 ], [ -52.46338929999996, -28.258056 ], [ -52.462678399999959, -28.258425 ], [ -52.462529399999937, -28.258459 ], [ -52.462286699999936, -28.258505899999932 ], [ -52.461792899999978, -28.258582499999932 ], [ -52.461265, -28.258659099999932 ], [ -52.460745699999961, -28.258735699999932 ], [ -52.460392299999967, -28.258757 ], [ -52.460128399999974, -28.258748499999967 ], [ -52.459843199999966, -28.25871449999994 ], [ -52.459549399999958, -28.258646299999953 ], [ -52.459063399999934, -28.258482599999979 ], [ -52.45832919999998, -28.258143699999948 ], [ -52.458031, -28.257998 ], [ -52.457514099999969, -28.257740699999943 ], [ -52.457016099999976, -28.25749049999996 ], [ -52.456486799999936, -28.257235399999956 ], [ -52.455988399999967, -28.256981399999972 ], [ -52.455396, -28.256723 ], [ -52.454917099999932, -28.256594699999937 ], [ -52.454463899999951, -28.256479 ], [ -52.453913099999966, -28.256398599999955 ], [ -52.453559699999971, -28.25665829999997 ], [ -52.453156599999943, -28.256907199999944 ], [ -52.452551799999981, -28.257257 ] ] ] } },
{ "type": "Feature", "properties": { "id": "431410005090003", "cn22_pop03_20a59_tot_2": 0.57101616628175522, "bas.v0001": 1732, "dem.v01035": 145, "dem.v01036": 143, "dem.v01037": 304, "dem.v01038": 236, "dem.v01039": 161, "cn22_pop01_res_tot_0": 1732, "cn22_pop03_20a59_tot_1": 989 }, "geometry": { "type": "Polygon", "coordinates": [ [ [ -52.446200899999951, -28.260564199999976 ], [ -52.445932899999946, -28.26092929999993 ], [ -52.445427299999949, -28.261844899999971 ], [ -52.445125699999949, -28.262533799999972 ], [ -52.444885199999931, -28.262217199999952 ], [ -52.444606399999941, -28.262899299999958 ], [ -52.444178499999964, -28.264236299999936 ], [ -52.443532799999957, -28.265873699999929 ], [ -52.443839599999933, -28.26571389999998 ], [ -52.443985699999985, -28.265633 ], [ -52.444414699999982, -28.265128299999958 ], [ -52.444794399999978, -28.264665799999932 ], [ -52.444888099999957, -28.264695599999982 ], [ -52.445709699999952, -28.26470409999996 ], [ -52.446729299999959, -28.264699899999982 ], [ -52.44769139999994, -28.264712699999961 ], [ -52.448764199999971, -28.264699899999982 ], [ -52.449473, -28.264691399999947 ], [ -52.449798599999951, -28.26470409999996 ], [ -52.450008399999945, -28.264738199999954 ], [ -52.450045499999931, -28.264742499999954 ], [ -52.45050329999998, -28.264739299999974 ], [ -52.450868799999967, -28.264744599999972 ], [ -52.451875, -28.264746599999967 ], [ -52.453184799999974, -28.264725599999963 ], [ -52.453117599999985, -28.264448699999946 ], [ -52.45302479999998, -28.26418 ], [ -52.453420499999936, -28.263741699999969 ], [ -52.453908799999965, -28.262631 ], [ -52.453714699999978, -28.262512699999945 ], [ -52.45350209999998, -28.262385 ], [ -52.453272899999945, -28.262291599999969 ], [ -52.453065699999968, -28.262183399999969 ], [ -52.452973, -28.262033699999961 ], [ -52.452789799999948, -28.261843699999929 ], [ -52.452597299999979, -28.261631799999975 ], [ -52.452389099999948, -28.261502299999961 ], [ -52.452278399999955, -28.261471 ], [ -52.45197, -28.261215 ], [ -52.45181789999998, -28.261064 ], [ -52.451593299999956, -28.260766099999955 ], [ -52.451475399999936, -28.260694699999931 ], [ -52.45117879999998, -28.260467699999936 ], [ -52.450804299999959, -28.260301399999946 ], [ -52.450401799999952, -28.260208299999931 ], [ -52.450186299999984, -28.260096699999963 ], [ -52.449773, -28.259936799999934 ], [ -52.449427699999944, -28.259853199999952 ], [ -52.449033099999951, -28.259804799999984 ], [ -52.448760499999935, -28.259734399999957 ], [ -52.448464699999931, -28.259688399999959 ], [ -52.447969799999953, -28.259577699999966 ], [ -52.44713749999994, -28.260006 ], [ -52.446712299999945, -28.260238499999957 ], [ -52.446421799999939, -28.260391799999979 ], [ -52.446200899999951, -28.260564199999976 ] ] ] } },
{ "type": "Feature", "properties": { "id": "431410005090004", "cn22_pop03_20a59_tot_2": 0.5316091954022989, "bas.v0001": 348, "dem.v01035": 20, "dem.v01036": 31, "dem.v01037": 55, "dem.v01038": 42, "dem.v01039": 37, "cn22_pop01_res_tot_0": 348, "cn22_pop03_20a59_tot_1": 185 }, "geometry": { "type": "Polygon", "coordinates": [ [ [ -52.443839599999933, -28.26571389999998 ], [ -52.443159799999933, -28.267108899999982 ], [ -52.44399459999994, -28.267430699999977 ], [ -52.444584799999973, -28.267322799999931 ], [ -52.445256299999983, -28.267320899999959 ], [ -52.44613819999995, -28.2671 ], [ -52.447356899999932, -28.266869399999962 ], [ -52.449421299999983, -28.266365599999972 ], [ -52.450244699999985, -28.266236699999979 ], [ -52.450669499999947, -28.266088499999967 ], [ -52.451527399999975, -28.266046599999981 ], [ -52.452797299999986, -28.265052699999956 ], [ -52.453184799999974, -28.264725599999963 ], [ -52.451875, -28.264746599999967 ], [ -52.450868799999967, -28.264744599999972 ], [ -52.45050329999998, -28.264739299999974 ], [ -52.450045499999931, -28.264742499999954 ], [ -52.450008399999945, -28.264738199999954 ], [ -52.449798599999951, -28.26470409999996 ], [ -52.449473, -28.264691399999947 ], [ -52.448764199999971, -28.264699899999982 ], [ -52.44769139999994, -28.264712699999961 ], [ -52.446729299999959, -28.264699899999982 ], [ -52.445709699999952, -28.26470409999996 ], [ -52.444888099999957, -28.264695599999982 ], [ -52.444794399999978, -28.264665799999932 ], [ -52.444414699999982, -28.265128299999958 ], [ -52.443985699999985, -28.265633 ], [ -52.443839599999933, -28.26571389999998 ] ] ] } },
{ "type": "Feature", "properties": { "id": "431410005090006", "cn22_pop03_20a59_tot_2": 0.58614864864864868, "bas.v0001": 592, "dem.v01035": 41, "dem.v01036": 62, "dem.v01037": 90, "dem.v01038": 82, "dem.v01039": 72, "cn22_pop01_res_tot_0": 592, "cn22_pop03_20a59_tot_1": 347 }, "geometry": { "type": "Polygon", "coordinates": [ [ [ -52.459185299999945, -28.267408499999931 ], [ -52.458699099999933, -28.267686799999979 ], [ -52.458517, -28.267737299999965 ], [ -52.457833899999969, -28.268201799999929 ], [ -52.457535899999982, -28.268500199999949 ], [ -52.45719859999997, -28.269016699999952 ], [ -52.458321799999965, -28.270532299999957 ], [ -52.459146099999941, -28.270030899999938 ], [ -52.460516299999938, -28.269214199999965 ], [ -52.461322499999937, -28.268745499999966 ], [ -52.461029799999949, -28.268353599999955 ], [ -52.460758099999964, -28.267961699999944 ], [ -52.460455, -28.267569699999967 ], [ -52.459966899999984, -28.266801899999962 ], [ -52.459364599999958, -28.267225 ], [ -52.459185299999945, -28.267408499999931 ] ] ] } },
{ "type": "Feature", "properties": { "id": "431410005090007", "cn22_pop03_20a59_tot_2": 0.54876462938881665, "bas.v0001": 769, "dem.v01035": 81, "dem.v01036": 82, "dem.v01037": 112, "dem.v01038": 82, "dem.v01039": 65, "cn22_pop01_res_tot_0": 769, "cn22_pop03_20a59_tot_1": 422 }, "geometry": { "type": "Polygon", "coordinates": [ [ [ -52.459966899999984, -28.266801899999962 ], [ -52.460455, -28.267569699999967 ], [ -52.460758099999964, -28.267961699999944 ], [ -52.461029799999949, -28.268353599999955 ], [ -52.461322499999937, -28.268745499999966 ], [ -52.461832199999947, -28.269427599999972 ], [ -52.462842799999976, -28.270943699999975 ], [ -52.463266, -28.270686399999931 ], [ -52.465675899999951, -28.26903 ], [ -52.465310699999975, -28.268769499999962 ], [ -52.465058699999986, -28.26814909999996 ], [ -52.465318, -28.26750329999993 ], [ -52.465091799999982, -28.267032699999959 ], [ -52.464645299999972, -28.26668989999996 ], [ -52.464448899999979, -28.266277699999932 ], [ -52.464136199999984, -28.266214199999979 ], [ -52.463642499999935, -28.266166599999963 ], [ -52.463361299999974, -28.266088599999932 ], [ -52.46313779999997, -28.266054899999972 ], [ -52.462685299999976, -28.266008299999953 ], [ -52.462402499999939, -28.266015399999958 ], [ -52.462137499999983, -28.266061399999955 ], [ -52.461880399999984, -28.266305899999963 ], [ -52.46164239999996, -28.266301299999952 ], [ -52.461314799999968, -28.266317699999945 ], [ -52.460818199999949, -28.266394199999979 ], [ -52.460340099999939, -28.266588 ], [ -52.459966899999984, -28.266801899999962 ] ] ] } },
{ "type": "Feature", "properties": { "id": "431410005090008", "cn22_pop03_20a59_tot_2": 0.53258845437616387, "bas.v0001": 537, "dem.v01035": 46, "dem.v01036": 44, "dem.v01037": 79, "dem.v01038": 76, "dem.v01039": 41, "cn22_pop01_res_tot_0": 537, "cn22_pop03_20a59_tot_1": 286 }, "geometry": { "type": "Polygon", "coordinates": [ [ [ -52.458321799999965, -28.270532299999957 ], [ -52.459404699999936, -28.271886 ], [ -52.460099299999968, -28.272706599999935 ], [ -52.462842799999976, -28.270943699999975 ], [ -52.461832199999947, -28.269427599999972 ], [ -52.461322499999937, -28.268745499999966 ], [ -52.460516299999938, -28.269214199999965 ], [ -52.459146099999941, -28.270030899999938 ], [ -52.458321799999965, -28.270532299999957 ] ] ] } },
{ "type": "Feature", "properties": { "id": "431410005090009", "cn22_pop03_20a59_tot_2": 0.74, "bas.v0001": 100, "dem.v01035": 3, "dem.v01036": 8, "dem.v01037": 16, "dem.v01038": 19, "dem.v01039": 28, "cn22_pop01_res_tot_0": 100, "cn22_pop03_20a59_tot_1": 74 }, "geometry": { "type": "Polygon", "coordinates": [ [ [ -52.448661799999968, -28.275440199999935 ], [ -52.448951199999954, -28.27575829999995 ], [ -52.449245799999971, -28.276147399999957 ], [ -52.449617899999964, -28.276719299999968 ], [ -52.449955, -28.277418099999977 ], [ -52.450202499999932, -28.278068599999983 ], [ -52.450545699999964, -28.27908519999994 ], [ -52.450862399999949, -28.280015099999957 ], [ -52.451027899999985, -28.280445699999973 ], [ -52.451337699999954, -28.281129699999951 ], [ -52.45152539999998, -28.281471599999975 ], [ -52.45172279999997, -28.281852499999957 ], [ -52.451933499999939, -28.282209299999977 ], [ -52.452143899999953, -28.282586699999968 ], [ -52.452421299999969, -28.283094499999947 ], [ -52.452691299999969, -28.283591099999967 ], [ -52.45304079999994, -28.284207899999956 ], [ -52.453249399999947, -28.284613499999978 ], [ -52.453527899999983, -28.285176399999955 ], [ -52.453705, -28.285647199999971 ], [ -52.453972199999953, -28.286506699999961 ], [ -52.454092499999945, -28.286981899999944 ], [ -52.454174699999953, -28.287244099999953 ], [ -52.454256799999939, -28.287546599999928 ], [ -52.454449199999942, -28.288137499999948 ], [ -52.454615399999966, -28.288710599999945 ], [ -52.454770199999984, -28.289174 ], [ -52.455012099999976, -28.289702699999964 ], [ -52.455193, -28.289981399999931 ], [ -52.455489099999966, -28.290367 ], [ -52.456177399999945, -28.291126299999974 ], [ -52.456622299999935, -28.291556699999944 ], [ -52.457330499999955, -28.292216899999971 ], [ -52.457812199999978, -28.292621499999939 ], [ -52.458374099999958, -28.293019699999945 ], [ -52.460356099999956, -28.291372899999942 ], [ -52.460742, -28.291052299999933 ], [ -52.460773899999936, -28.291025799999943 ], [ -52.45881449999996, -28.289328399999931 ], [ -52.458452899999941, -28.288942099999929 ], [ -52.458216399999969, -28.288689399999953 ], [ -52.458093099999985, -28.288510599999938 ], [ -52.457725499999981, -28.287977199999943 ], [ -52.457644499999958, -28.28779069999996 ], [ -52.457324399999948, -28.287053699999944 ], [ -52.457147, -28.286229699999978 ], [ -52.457028099999945, -28.285864499999946 ], [ -52.456898, -28.285465299999942 ], [ -52.456577, -28.284760399999982 ], [ -52.456489799999986, -28.284569 ], [ -52.456373599999949, -28.28431379999995 ], [ -52.455726699999957, -28.282859499999972 ], [ -52.455231499999968, -28.28153089999995 ], [ -52.454674099999977, -28.280427599999939 ], [ -52.453930499999956, -28.279047399999968 ], [ -52.453268699999967, -28.277235 ], [ -52.452979399999947, -28.276203799999962 ], [ -52.452486399999941, -28.275033 ], [ -52.452097699999968, -28.274587699999984 ], [ -52.450544499999978, -28.274133399999982 ], [ -52.450008099999934, -28.274602099999981 ], [ -52.449639, -28.274802299999976 ], [ -52.448661799999968, -28.275440199999935 ] ] ] } },
{ "type": "Feature", "properties": { "id": "431410005090011", "cn22_pop03_20a59_tot_2": 0.55081555834378926, "bas.v0001": 797, "dem.v01035": 43, "dem.v01036": 63, "dem.v01037": 112, "dem.v01038": 100, "dem.v01039": 121, "cn22_pop01_res_tot_0": 797, "cn22_pop03_20a59_tot_1": 439 }, "geometry": { "type": "Polygon", "coordinates": [ [ [ -52.443051199999957, -28.267408 ], [ -52.442891299999985, -28.267877599999963 ], [ -52.442015899999944, -28.269083799999976 ], [ -52.441392399999984, -28.269873899999936 ], [ -52.440616699999964, -28.270749099999932 ], [ -52.441073899999935, -28.271247799999969 ], [ -52.441690199999982, -28.271899599999983 ], [ -52.441771399999936, -28.271977899999968 ], [ -52.441843899999981, -28.272042299999953 ], [ -52.44194989999994, -28.272136299999943 ], [ -52.442250899999976, -28.272351399999934 ], [ -52.442365699999982, -28.272419499999955 ], [ -52.442514599999981, -28.272508399999936 ], [ -52.442763399999933, -28.272639699999957 ], [ -52.443073499999969, -28.272764399999971 ], [ -52.443635099999938, -28.272959399999934 ], [ -52.444359599999984, -28.273195299999941 ], [ -52.445198399999981, -28.273500299999967 ], [ -52.445775599999934, -28.273717099999942 ], [ -52.446185, -28.273888599999964 ], [ -52.446433399999933, -28.273996699999941 ], [ -52.446632199999954, -28.274090599999965 ], [ -52.446983, -28.274264499999958 ], [ -52.447974199999976, -28.274814 ], [ -52.448199299999942, -28.274996499999929 ], [ -52.448404299999936, -28.275196699999981 ], [ -52.448661799999968, -28.275440199999935 ], [ -52.449639, -28.274802299999976 ], [ -52.450008099999934, -28.274602099999981 ], [ -52.450544499999978, -28.274133399999982 ], [ -52.450912799999969, -28.27364659999995 ], [ -52.45032029999993, -28.272780799999964 ], [ -52.449925199999939, -28.272177799999952 ], [ -52.449441199999967, -28.271473299999968 ], [ -52.4491, -28.271051199999931 ], [ -52.445256299999983, -28.267320899999959 ], [ -52.444584799999973, -28.267322799999931 ], [ -52.44399459999994, -28.267430699999977 ], [ -52.443159799999933, -28.267108899999982 ], [ -52.443051199999957, -28.267408 ] ] ] } },
{ "type": "Feature", "properties": { "id": "431410005090012", "cn22_pop03_20a59_tot_2": 0.66666666666666663, "bas.v0001": 117, "dem.v01035": 9, "dem.v01036": 13, "dem.v01037": 28, "dem.v01038": 15, "dem.v01039": 13, "cn22_pop01_res_tot_0": 117, "cn22_pop03_20a59_tot_1": 78 }, "geometry": { "type": "Polygon", "coordinates": [ [ [ -52.45707, -28.269787199999939 ], [ -52.457178299999953, -28.270091899999954 ], [ -52.457172499999956, -28.270380399999965 ], [ -52.456996, -28.270650599999954 ], [ -52.456985499999973, -28.270932199999947 ], [ -52.456784699999957, -28.271147599999949 ], [ -52.45650569999998, -28.271595 ], [ -52.456083199999966, -28.272021199999983 ], [ -52.455668, -28.272282699999948 ], [ -52.455224899999962, -28.272460399999943 ], [ -52.454754099999946, -28.272465199999942 ], [ -52.453897099999949, -28.272467899999981 ], [ -52.453389799999968, -28.272563599999955 ], [ -52.452966799999956, -28.272555699999941 ], [ -52.452585599999964, -28.272608799999944 ], [ -52.452068299999951, -28.272612299999935 ], [ -52.451580099999944, -28.27285489999997 ], [ -52.451330399999961, -28.27302409999993 ], [ -52.450912799999969, -28.27364659999995 ], [ -52.450544499999978, -28.274133399999982 ], [ -52.452097699999968, -28.274587699999984 ], [ -52.452486399999941, -28.275033 ], [ -52.452979399999947, -28.276203799999962 ], [ -52.453268699999967, -28.277235 ], [ -52.453930499999956, -28.279047399999968 ], [ -52.454674099999977, -28.280427599999939 ], [ -52.455231499999968, -28.28153089999995 ], [ -52.460550799999965, -28.280633 ], [ -52.459470599999975, -28.27479029999995 ], [ -52.458644499999934, -28.273681899999929 ], [ -52.460099299999968, -28.272706599999935 ], [ -52.459404699999936, -28.271886 ], [ -52.458321799999965, -28.270532299999957 ], [ -52.45719859999997, -28.269016699999952 ], [ -52.457121499999971, -28.269354 ], [ -52.457054199999959, -28.269568 ], [ -52.45707, -28.269787199999939 ] ] ] } },
{ "type": "Feature", "properties": { "id": "431410005090013", "cn22_pop03_20a59_tot_2": 0.5800316957210776, "bas.v0001": 631, "dem.v01035": 64, "dem.v01036": 61, "dem.v01037": 111, "dem.v01038": 75, "dem.v01039": 55, "cn22_pop01_res_tot_0": 631, "cn22_pop03_20a59_tot_1": 366 }, "geometry": { "type": "Polygon", "coordinates": [ [ [ -52.447969799999953, -28.259577699999966 ], [ -52.448464699999931, -28.259688399999959 ], [ -52.448760499999935, -28.259734399999957 ], [ -52.449033099999951, -28.259804799999984 ], [ -52.449427699999944, -28.259853199999952 ], [ -52.449773, -28.259936799999934 ], [ -52.450186299999984, -28.260096699999963 ], [ -52.450401799999952, -28.260208299999931 ], [ -52.450804299999959, -28.260301399999946 ], [ -52.45117879999998, -28.260467699999936 ], [ -52.451475399999936, -28.260694699999931 ], [ -52.451593299999956, -28.260766099999955 ], [ -52.45181789999998, -28.261064 ], [ -52.45197, -28.261215 ], [ -52.452278399999955, -28.261471 ], [ -52.452389099999948, -28.261502299999961 ], [ -52.452597299999979, -28.261631799999975 ], [ -52.452789799999948, -28.261843699999929 ], [ -52.452973, -28.262033699999961 ], [ -52.453065699999968, -28.262183399999969 ], [ -52.453272899999945, -28.262291599999969 ], [ -52.45350209999998, -28.262385 ], [ -52.453714699999978, -28.262512699999945 ], [ -52.453908799999965, -28.262631 ], [ -52.453420499999936, -28.263741699999969 ], [ -52.45302479999998, -28.26418 ], [ -52.453117599999985, -28.264448699999946 ], [ -52.45413869999993, -28.263848699999983 ], [ -52.455352399999981, -28.263117 ], [ -52.45487769999994, -28.262347499999976 ], [ -52.455578899999978, -28.26200769999997 ], [ -52.455323399999941, -28.261592499999949 ], [ -52.454958199999965, -28.260996199999965 ], [ -52.454571099999953, -28.260374699999943 ], [ -52.453889, -28.259324699999979 ], [ -52.453523099999984, -28.258732299999963 ], [ -52.453148, -28.258159099999943 ], [ -52.452784799999961, -28.257587 ], [ -52.452551799999981, -28.257257 ], [ -52.451579099999947, -28.257739899999933 ], [ -52.450339299999939, -28.258371899999929 ], [ -52.447969799999953, -28.259577699999966 ] ] ] } },
{ "type": "Feature", "properties": { "id": "431410005090014", "cn22_pop03_20a59_tot_2": 0.57833089311859442, "bas.v0001": 1366, "dem.v01035": 123, "dem.v01036": 106, "dem.v01037": 252, "dem.v01038": 190, "dem.v01039": 119, "cn22_pop01_res_tot_0": 1366, "cn22_pop03_20a59_tot_1": 790 }, "geometry": { "type": "Polygon", "coordinates": [ [ [ -52.453117599999985, -28.264448699999946 ], [ -52.453184799999974, -28.264725599999963 ], [ -52.453260899999975, -28.264746499999944 ], [ -52.453306199999986, -28.264777799999933 ], [ -52.453512899999964, -28.265030499999966 ], [ -52.453929599999981, -28.265579299999956 ], [ -52.454343399999971, -28.266125199999976 ], [ -52.454761499999961, -28.266679799999963 ], [ -52.455211599999984, -28.267295399999966 ], [ -52.456031899999971, -28.268407599999932 ], [ -52.456537599999933, -28.269106 ], [ -52.45707, -28.269787199999939 ], [ -52.457054199999959, -28.269568 ], [ -52.457121499999971, -28.269354 ], [ -52.45719859999997, -28.269016699999952 ], [ -52.457535899999982, -28.268500199999949 ], [ -52.457833899999969, -28.268201799999929 ], [ -52.458517, -28.267737299999965 ], [ -52.458699099999933, -28.267686799999979 ], [ -52.459185299999945, -28.267408499999931 ], [ -52.458732099999963, -28.266802899999959 ], [ -52.457906299999934, -28.265640299999973 ], [ -52.457527699999957, -28.265050299999928 ], [ -52.457152699999938, -28.26446569999996 ], [ -52.456780199999969, -28.263886799999966 ], [ -52.456400699999961, -28.263291199999969 ], [ -52.456078399999967, -28.262774299999933 ], [ -52.455578899999978, -28.26200769999997 ], [ -52.45487769999994, -28.262347499999976 ], [ -52.455352399999981, -28.263117 ], [ -52.45413869999993, -28.263848699999983 ], [ -52.453117599999985, -28.264448699999946 ] ] ] } },
{ "type": "Feature", "properties": { "id": "431410005100002", "cn22_pop03_20a59_tot_2": 0.5617977528089888, "bas.v0001": 1335, "dem.v01035": 104, "dem.v01036": 96, "dem.v01037": 211, "dem.v01038": 189, "dem.v01039": 150, "cn22_pop01_res_tot_0": 1335, "cn22_pop03_20a59_tot_1": 750 }, "geometry": { "type": "Polygon", "coordinates": [ [ [ -52.408729899999969, -28.242368799999952 ], [ -52.40883649999995, -28.242654199999947 ], [ -52.409031599999935, -28.243158499999936 ], [ -52.408675399999936, -28.24324619999993 ], [ -52.40886919999997, -28.24388 ], [ -52.409061399999985, -28.244525799999963 ], [ -52.40926, -28.245152799999971 ], [ -52.41027159999993, -28.244905899999935 ], [ -52.410447399999953, -28.245563799999957 ], [ -52.410991699999954, -28.246131 ], [ -52.411109899999985, -28.24628249999995 ], [ -52.411130799999967, -28.246398099999965 ], [ -52.411781799999972, -28.246223 ], [ -52.413418199999967, -28.245829599999979 ], [ -52.413266399999941, -28.245518599999969 ], [ -52.412934599999971, -28.244866299999956 ], [ -52.412510299999951, -28.244042399999955 ], [ -52.412270299999932, -28.243610899999965 ], [ -52.411457499999983, -28.242094799999961 ], [ -52.41124549999995, -28.241611299999931 ], [ -52.411095399999965, -28.241328299999964 ], [ -52.410618099999965, -28.241500099999939 ], [ -52.410419599999955, -28.241611499999976 ], [ -52.409992199999976, -28.241881599999942 ], [ -52.409789399999966, -28.241987699999981 ], [ -52.409563899999966, -28.242077299999949 ], [ -52.408960799999932, -28.242304299999944 ], [ -52.408729899999969, -28.242368799999952 ] ] ] } },
{ "type": "Feature", "properties": { "id": "431410005100003", "cn22_pop03_20a59_tot_2": 0.56462585034013602, "bas.v0001": 294, "dem.v01035": 22, "dem.v01036": 23, "dem.v01037": 47, "dem.v01038": 40, "dem.v01039": 34, "cn22_pop01_res_tot_0": 294, "cn22_pop03_20a59_tot_1": 166 }, "geometry": { "type": "Polygon", "coordinates": [ [ [ -52.405389, -28.24281689999998 ], [ -52.405422299999941, -28.24307129999994 ], [ -52.405451199999959, -28.243196199999943 ], [ -52.405312199999969, -28.243444499999953 ], [ -52.405196199999978, -28.243687899999941 ], [ -52.405006199999946, -28.24396859999996 ], [ -52.404617499999972, -28.244177699999966 ], [ -52.404411799999934, -28.244280499999945 ], [ -52.405205699999954, -28.244617499999947 ], [ -52.405493, -28.24473329999995 ], [ -52.407442699999933, -28.24423059999998 ], [ -52.40886919999997, -28.24388 ], [ -52.408675399999936, -28.24324619999993 ], [ -52.409031599999935, -28.243158499999936 ], [ -52.40883649999995, -28.242654199999947 ], [ -52.408729899999969, -28.242368799999952 ], [ -52.407987299999945, -28.242584699999952 ], [ -52.407597799999962, -28.242713899999956 ], [ -52.407373599999971, -28.242817 ], [ -52.407048199999963, -28.242877599999929 ], [ -52.406424099999981, -28.24288649999994 ], [ -52.405857199999957, -28.242818099999965 ], [ -52.405616499999951, -28.242809099999931 ], [ -52.405389, -28.24281689999998 ] ] ] } },
{ "type": "Feature", "properties": { "id": "431410005100004", "cn22_pop03_20a59_tot_2": 0.53806047966631909, "bas.v0001": 959, "dem.v01035": 76, "dem.v01036": 70, "dem.v01037": 130, "dem.v01038": 125, "dem.v01039": 115, "cn22_pop01_res_tot_0": 959, "cn22_pop03_20a59_tot_1": 516 }, "geometry": { "type": "Polygon", "coordinates": [ [ [ -52.404411799999934, -28.244280499999945 ], [ -52.404378099999974, -28.244304 ], [ -52.402775199999951, -28.244661 ], [ -52.402524299999982, -28.244821599999966 ], [ -52.402104299999962, -28.245156 ], [ -52.401816799999949, -28.245807099999979 ], [ -52.401670399999944, -28.24619649999994 ], [ -52.401572699999974, -28.246502799999973 ], [ -52.401524699999982, -28.246706199999949 ], [ -52.401494299999968, -28.246867699999939 ], [ -52.401446099999987, -28.246986299999946 ], [ -52.401824099999942, -28.247151299999928 ], [ -52.402252199999964, -28.247314199999948 ], [ -52.403048, -28.247596199999975 ], [ -52.403492699999958, -28.247669899999948 ], [ -52.404357699999935, -28.247790099999975 ], [ -52.404695, -28.24778509999993 ], [ -52.405406, -28.247741 ], [ -52.406102099999941, -28.247600099999943 ], [ -52.406463199999962, -28.24751619999995 ], [ -52.408272799999963, -28.247100199999977 ], [ -52.411130799999967, -28.246398099999965 ], [ -52.411109899999985, -28.24628249999995 ], [ -52.410991699999954, -28.246131 ], [ -52.410447399999953, -28.245563799999957 ], [ -52.41027159999993, -28.244905899999935 ], [ -52.40926, -28.245152799999971 ], [ -52.409061399999985, -28.244525799999963 ], [ -52.40886919999997, -28.24388 ], [ -52.407442699999933, -28.24423059999998 ], [ -52.405493, -28.24473329999995 ], [ -52.405205699999954, -28.244617499999947 ], [ -52.404411799999934, -28.244280499999945 ] ] ] } },
{ "type": "Feature", "properties": { "id": "431410005100005", "cn22_pop03_20a59_tot_2": 0.62354892205638479, "bas.v0001": 1206, "dem.v01035": 88, "dem.v01036": 90, "dem.v01037": 271, "dem.v01038": 181, "dem.v01039": 122, "cn22_pop01_res_tot_0": 1206, "cn22_pop03_20a59_tot_1": 752 }, "geometry": { "type": "Polygon", "coordinates": [ [ [ -52.411095399999965, -28.241328299999964 ], [ -52.41124549999995, -28.241611299999931 ], [ -52.411457499999983, -28.242094799999961 ], [ -52.412270299999932, -28.243610899999965 ], [ -52.412510299999951, -28.244042399999955 ], [ -52.412934599999971, -28.244866299999956 ], [ -52.413266399999941, -28.245518599999969 ], [ -52.413418199999967, -28.245829599999979 ], [ -52.413558399999943, -28.245799699999964 ], [ -52.413966399999936, -28.245720699999936 ], [ -52.41477059999994, -28.245630099999971 ], [ -52.415314699999954, -28.245612599999959 ], [ -52.41577019999994, -28.24564769999995 ], [ -52.415931899999975, -28.245438299999932 ], [ -52.41698, -28.243971299999941 ], [ -52.417260499999941, -28.243524599999944 ], [ -52.416362599999957, -28.243211 ], [ -52.417217599999958, -28.241352699999936 ], [ -52.416530699999953, -28.241107599999964 ], [ -52.416816099999949, -28.240501199999983 ], [ -52.41694659999996, -28.24016 ], [ -52.416975199999968, -28.239891299999954 ], [ -52.417115199999955, -28.239066499999979 ], [ -52.417316699999958, -28.237735099999952 ], [ -52.417615799999965, -28.235955899999965 ], [ -52.416806099999974, -28.235841099999959 ], [ -52.416509599999983, -28.235551699999974 ], [ -52.415945799999974, -28.235488 ], [ -52.414870399999984, -28.235351899999955 ], [ -52.414869799999963, -28.235364299999958 ], [ -52.414878699999974, -28.235424199999954 ], [ -52.414891399999931, -28.235488 ], [ -52.414929099999938, -28.235616499999935 ], [ -52.414964599999962, -28.235707 ], [ -52.415009899999973, -28.235798699999975 ], [ -52.41505159999997, -28.235915399999953 ], [ -52.415080299999943, -28.236019899999974 ], [ -52.415094599999975, -28.236105099999975 ], [ -52.415148299999942, -28.236298899999952 ], [ -52.415195199999971, -28.236494299999947 ], [ -52.41519969999996, -28.236583 ], [ -52.415180699999951, -28.236667099999977 ], [ -52.415147199999979, -28.23675419999995 ], [ -52.415038399999958, -28.236893299999963 ], [ -52.414819199999954, -28.237155499999972 ], [ -52.414734199999941, -28.237232099999972 ], [ -52.414491, -28.237384099999929 ], [ -52.414246699999978, -28.23749719999995 ], [ -52.414153599999963, -28.237548599999968 ], [ -52.414029599999935, -28.237664299999949 ], [ -52.413982699999963, -28.23772809999997 ], [ -52.413932699999975, -28.23782609999995 ], [ -52.413871899999947, -28.238010499999973 ], [ -52.413847299999986, -28.238066899999978 ], [ -52.413744699999938, -28.23820939999996 ], [ -52.413583699999947, -28.23839739999994 ], [ -52.413547899999969, -28.238446499999952 ], [ -52.413514699999951, -28.238512499999956 ], [ -52.413207, -28.238999 ], [ -52.413091899999984, -28.239261499999941 ], [ -52.413016199999959, -28.239390399999934 ], [ -52.412960299999952, -28.239448899999957 ], [ -52.412692499999935, -28.239645899999971 ], [ -52.412526599999978, -28.239732799999956 ], [ -52.41235, -28.239799799999957 ], [ -52.412134599999945, -28.23993269999994 ], [ -52.412031199999944, -28.239990499999976 ], [ -52.411829799999964, -28.240149699999961 ], [ -52.411643499999968, -28.240367899999967 ], [ -52.411613599999953, -28.240432299999952 ], [ -52.411581599999977, -28.240567699999929 ], [ -52.411586499999942, -28.240776699999969 ], [ -52.411632099999963, -28.24104989999995 ], [ -52.41163279999995, -28.241084099999966 ], [ -52.411619799999983, -28.24111419999997 ], [ -52.411595899999952, -28.241142 ], [ -52.411562, -28.241163399999948 ], [ -52.411407, -28.241214799999966 ], [ -52.411287, -28.241264399999977 ], [ -52.411095399999965, -28.241328299999964 ] ] ] } },
{ "type": "Feature", "properties": { "id": "431410005100006", "cn22_pop03_20a59_tot_2": 0.62385321100917435, "bas.v0001": 1090, "dem.v01035": 55, "dem.v01036": 76, "dem.v01037": 302, "dem.v01038": 170, "dem.v01039": 77, "cn22_pop01_res_tot_0": 1090, "cn22_pop03_20a59_tot_1": 680 }, "geometry": { "type": "Polygon", "coordinates": [ [ [ -52.41577019999994, -28.24564769999995 ], [ -52.416306299999974, -28.245734199999958 ], [ -52.416559599999971, -28.245789799999955 ], [ -52.416805599999975, -28.245856499999945 ], [ -52.41723049999996, -28.245989299999962 ], [ -52.41745549999996, -28.246078799999964 ], [ -52.417850199999975, -28.246280599999977 ], [ -52.418240699999956, -28.246501899999942 ], [ -52.418750499999931, -28.246838099999934 ], [ -52.419646799999953, -28.247419899999954 ], [ -52.419818299999974, -28.247131399999944 ], [ -52.420029599999964, -28.246728599999983 ], [ -52.419905799999981, -28.246436099999983 ], [ -52.420018499999969, -28.246072099999935 ], [ -52.420162299999959, -28.245921599999974 ], [ -52.420518399999935, -28.24564259999994 ], [ -52.421098099999938, -28.245419599999934 ], [ -52.421738199999936, -28.244937199999981 ], [ -52.422074699999939, -28.244515299999932 ], [ -52.42217919999996, -28.244423499999982 ], [ -52.422308699999974, -28.24424769999996 ], [ -52.422428099999934, -28.243873399999984 ], [ -52.422817, -28.24341069999997 ], [ -52.422973199999944, -28.243155299999955 ], [ -52.423201699999936, -28.242436599999962 ], [ -52.423218299999974, -28.242352699999969 ], [ -52.423345599999948, -28.241714299999956 ], [ -52.423376, -28.241573599999981 ], [ -52.423463499999968, -28.241383699999972 ], [ -52.423454599999957, -28.241280199999949 ], [ -52.423454899999967, -28.241107799999952 ], [ -52.423414599999944, -28.24086959999994 ], [ -52.423415599999942, -28.240530899999953 ], [ -52.423461599999939, -28.240213399999959 ], [ -52.42348469999996, -28.239812899999947 ], [ -52.423485899999946, -28.239666799999952 ], [ -52.423479, -28.239523599999984 ], [ -52.423459399999956, -28.239336 ], [ -52.423418699999957, -28.239192199999934 ], [ -52.423396699999955, -28.239086099999952 ], [ -52.423397, -28.238905399999965 ], [ -52.423405599999967, -28.238816799999938 ], [ -52.423419799999976, -28.238754 ], [ -52.423489399999937, -28.238584299999957 ], [ -52.423527699999966, -28.23852549999998 ], [ -52.42356129999996, -28.238453899999968 ], [ -52.423577299999977, -28.238403199999937 ], [ -52.42358779999995, -28.238348499999972 ], [ -52.423598899999945, -28.238233 ], [ -52.423598399999946, -28.238113099999964 ], [ -52.423572399999955, -28.237793 ], [ -52.423544699999979, -28.237641799999949 ], [ -52.423503, -28.23750339999998 ], [ -52.423449299999959, -28.237384099999929 ], [ -52.423298099999954, -28.237096299999962 ], [ -52.423283699999956, -28.237058499999932 ], [ -52.423296299999947, -28.23701449999993 ], [ -52.423527, -28.236770399999955 ], [ -52.423534299999972, -28.236740099999963 ], [ -52.423526799999934, -28.236697299999946 ], [ -52.423527899999954, -28.236657 ], [ -52.423543699999982, -28.23661489999995 ], [ -52.423579199999949, -28.236548899999946 ], [ -52.423613899999964, -28.236463499999957 ], [ -52.423495199999934, -28.236446399999977 ], [ -52.42273229999995, -28.236339899999962 ], [ -52.418782499999963, -28.235837099999969 ], [ -52.417154299999936, -28.235624599999937 ], [ -52.416509599999983, -28.235551699999974 ], [ -52.416806099999974, -28.235841099999959 ], [ -52.417615799999965, -28.235955899999965 ], [ -52.417316699999958, -28.237735099999952 ], [ -52.417115199999955, -28.239066499999979 ], [ -52.416975199999968, -28.239891299999954 ], [ -52.41694659999996, -28.24016 ], [ -52.416816099999949, -28.240501199999983 ], [ -52.416530699999953, -28.241107599999964 ], [ -52.417217599999958, -28.241352699999936 ], [ -52.416362599999957, -28.243211 ], [ -52.417260499999941, -28.243524599999944 ], [ -52.41698, -28.243971299999941 ], [ -52.415931899999975, -28.245438299999932 ], [ -52.41577019999994, -28.24564769999995 ] ] ] } },
{ "type": "Feature", "properties": { "id": "431410005110001", "cn22_pop03_20a59_tot_2": null, "bas.v0001": 0, "dem.v01035": null, "dem.v01036": null, "dem.v01037": null, "dem.v01038": null, "dem.v01039": null, "cn22_pop01_res_tot_0": 0, "cn22_pop03_20a59_tot_1": null }, "geometry": { "type": "Polygon", "coordinates": [ [ [ -52.381685799999957, -28.226512 ], [ -52.380745299999944, -28.227821399999982 ], [ -52.380043099999966, -28.228674299999966 ], [ -52.378972699999963, -28.229924599999947 ], [ -52.378795299999979, -28.23047239999994 ], [ -52.378602899999976, -28.231136099999958 ], [ -52.378431099999943, -28.231737899999928 ], [ -52.378251399999954, -28.232344499999954 ], [ -52.378073899999947, -28.232958 ], [ -52.377880299999958, -28.233552699999962 ], [ -52.377649899999938, -28.234333399999969 ], [ -52.377074899999968, -28.236330799999962 ], [ -52.377046899999982, -28.236446199999932 ], [ -52.37725729999994, -28.236394 ], [ -52.377337699999941, -28.236401099999966 ], [ -52.378487299999961, -28.236172 ], [ -52.378804199999934, -28.236061699999937 ], [ -52.379756199999974, -28.23579669999998 ], [ -52.38069969999998, -28.235584399999937 ], [ -52.383374599999968, -28.234959299999957 ], [ -52.384939299999985, -28.234570899999937 ], [ -52.386864699999933, -28.23417029999996 ], [ -52.388188399999933, -28.233863699999972 ], [ -52.388470299999938, -28.23378729999996 ], [ -52.388745899999947, -28.233709099999942 ], [ -52.38902939999997, -28.233613799999944 ], [ -52.389379399999939, -28.233474 ], [ -52.389577799999984, -28.233395099999939 ], [ -52.389822299999935, -28.233286 ], [ -52.390124599999979, -28.23314229999994 ], [ -52.391388199999938, -28.232499599999983 ], [ -52.392106799999965, -28.232146599999965 ], [ -52.393558699999971, -28.231466199999943 ], [ -52.394875799999966, -28.230867399999966 ], [ -52.395474499999978, -28.230685499999936 ], [ -52.396005899999977, -28.230550499999936 ], [ -52.396645899999953, -28.230464799999936 ], [ -52.397269, -28.230434199999934 ], [ -52.397591299999931, -28.230433299999959 ], [ -52.398302199999932, -28.230499299999963 ], [ -52.3984, -28.23025789999997 ], [ -52.39853329999994, -28.229693199999929 ], [ -52.398542199999952, -28.22940129999995 ], [ -52.398485099999959, -28.229041499999937 ], [ -52.398768099999984, -28.228283 ], [ -52.399282299999982, -28.227029799999968 ], [ -52.399660499999982, -28.226390399999957 ], [ -52.391756499999985, -28.229203499999983 ], [ -52.390587399999959, -28.227517499999976 ], [ -52.390538599999957, -28.227465799999948 ], [ -52.390496799999937, -28.227427399999954 ], [ -52.388353499999937, -28.226648399999931 ], [ -52.38558, -28.225632 ], [ -52.384821099999954, -28.226353599999982 ], [ -52.383919899999967, -28.226814099999956 ], [ -52.383830799999942, -28.22659 ], [ -52.383810099999948, -28.226520199999982 ], [ -52.383800099999974, -28.226479099999949 ], [ -52.383773, -28.226380899999981 ], [ -52.38375149999996, -28.226311199999941 ], [ -52.383719199999973, -28.226250899999968 ], [ -52.383697599999948, -28.226222499999949 ], [ -52.383607899999959, -28.226136799999949 ], [ -52.38349919999996, -28.226033099999938 ], [ -52.382617, -28.225608899999941 ], [ -52.382413799999938, -28.22550039999993 ], [ -52.381685799999957, -28.226512 ] ] ] } },
{ "type": "Feature", "properties": { "id": "431410005110002", "cn22_pop03_20a59_tot_2": 0.57810650887573967, "bas.v0001": 1690, "dem.v01035": 159, "dem.v01036": 113, "dem.v01037": 243, "dem.v01038": 264, "dem.v01039": 198, "cn22_pop01_res_tot_0": 1690, "cn22_pop03_20a59_tot_1": 977 }, "geometry": { "type": "Polygon", "coordinates": [ [ [ -52.365803599999936, -28.222381599999949 ], [ -52.365999499999987, -28.222658599999932 ], [ -52.366581799999949, -28.22353709999993 ], [ -52.366968, -28.224098399999946 ], [ -52.367375199999969, -28.224680399999954 ], [ -52.369123099999968, -28.22724519999997 ], [ -52.370539099999974, -28.229229499999974 ], [ -52.370904199999984, -28.229757 ], [ -52.370998799999938, -28.229895899999974 ], [ -52.371278099999984, -28.230363399999931 ], [ -52.37153909999995, -28.230805199999963 ], [ -52.37162109999997, -28.230966599999931 ], [ -52.371969599999943, -28.230835599999978 ], [ -52.372345699999983, -28.230747899999983 ], [ -52.37312819999994, -28.230313 ], [ -52.374376199999972, -28.229624699999931 ], [ -52.375305599999933, -28.229092899999955 ], [ -52.373275, -28.225950299999965 ], [ -52.368831, -28.219517599999961 ], [ -52.368467499999952, -28.21897789999997 ], [ -52.366527599999984, -28.220461299999954 ], [ -52.365910199999973, -28.221322599999951 ], [ -52.366251299999931, -28.222103499999946 ], [ -52.365803599999936, -28.222381599999949 ] ] ] } },
{ "type": "Feature", "properties": { "id": "431410005110003", "cn22_pop03_20a59_tot_2": 0.56222802436901653, "bas.v0001": 1149, "dem.v01035": 85, "dem.v01036": 84, "dem.v01037": 178, "dem.v01038": 159, "dem.v01039": 140, "cn22_pop01_res_tot_0": 1149, "cn22_pop03_20a59_tot_1": 646 }, "geometry": { "type": "Polygon", "coordinates": [ [ [ -52.369074199999943, -28.234394399999928 ], [ -52.368912199999954, -28.23464789999997 ], [ -52.368611499999986, -28.23514119999993 ], [ -52.368212899999946, -28.235844 ], [ -52.368828, -28.23630129999998 ], [ -52.369405799999981, -28.236797 ], [ -52.36951229999994, -28.236887899999942 ], [ -52.369597799999951, -28.236958299999969 ], [ -52.370546799999943, -28.237768499999959 ], [ -52.370677199999932, -28.237879299999975 ], [ -52.371349799999962, -28.237711699999977 ], [ -52.371909199999948, -28.237592599999971 ], [ -52.372461899999962, -28.23746749999998 ], [ -52.373266499999943, -28.237276799999961 ], [ -52.373427899999967, -28.237161299999968 ], [ -52.374125799999945, -28.236922399999969 ], [ -52.37408389999996, -28.236686099999929 ], [ -52.373996199999965, -28.236323299999981 ], [ -52.373779699999943, -28.23583 ], [ -52.372313399999939, -28.232578699999976 ], [ -52.372264399999949, -28.232461199999932 ], [ -52.371979199999942, -28.231732399999942 ], [ -52.371359, -28.232091099999934 ], [ -52.370784599999979, -28.232413399999928 ], [ -52.370665499999973, -28.232497299999977 ], [ -52.370287699999949, -28.232956199999933 ], [ -52.370149499999968, -28.233123099999943 ], [ -52.369619799999953, -28.233766899999978 ], [ -52.369074199999943, -28.234394399999928 ] ] ] } },
{ "type": "Feature", "properties": { "id": "431410005110004", "cn22_pop03_20a59_tot_2": 0.57082896117523607, "bas.v0001": 953, "dem.v01035": 71, "dem.v01036": 74, "dem.v01037": 129, "dem.v01038": 143, "dem.v01039": 127, "cn22_pop01_res_tot_0": 953, "cn22_pop03_20a59_tot_1": 544 }, "geometry": { "type": "Polygon", "coordinates": [ [ [ -52.366567799999984, -28.22983279999994 ], [ -52.366687799999966, -28.230378199999961 ], [ -52.366810799999939, -28.23089779999998 ], [ -52.366915099999972, -28.231137699999977 ], [ -52.366953199999955, -28.231185499999981 ], [ -52.36732429999995, -28.231776299999979 ], [ -52.367383599999982, -28.231883899999957 ], [ -52.367576099999951, -28.232178499999975 ], [ -52.367716799999982, -28.23239929999994 ], [ -52.368659299999933, -28.233773399999961 ], [ -52.369074199999943, -28.234394399999928 ], [ -52.369619799999953, -28.233766899999978 ], [ -52.370149499999968, -28.233123099999943 ], [ -52.370287699999949, -28.232956199999933 ], [ -52.370665499999973, -28.232497299999977 ], [ -52.370784599999979, -28.232413399999928 ], [ -52.371359, -28.232091099999934 ], [ -52.371979199999942, -28.231732399999942 ], [ -52.37162109999997, -28.230966599999931 ], [ -52.37153909999995, -28.230805199999963 ], [ -52.371278099999984, -28.230363399999931 ], [ -52.370998799999938, -28.229895899999974 ], [ -52.370904199999984, -28.229757 ], [ -52.370539099999974, -28.229229499999974 ], [ -52.370412899999963, -28.22927859999993 ], [ -52.370292799999959, -28.229209099999935 ], [ -52.369750199999942, -28.228711299999929 ], [ -52.367965399999946, -28.229373799999962 ], [ -52.36732429999995, -28.229588799999931 ], [ -52.366567799999984, -28.22983279999994 ] ] ] } },
{ "type": "Feature", "properties": { "id": "431410005110005", "cn22_pop03_20a59_tot_2": 0.55405405405405406, "bas.v0001": 814, "dem.v01035": 47, "dem.v01036": 51, "dem.v01037": 141, "dem.v01038": 125, "dem.v01039": 87, "cn22_pop01_res_tot_0": 814, "cn22_pop03_20a59_tot_1": 451 }, "geometry": { "type": "Polygon", "coordinates": [ [ [ -52.363200599999971, -28.22397449999994 ], [ -52.363225899999975, -28.224597499999959 ], [ -52.363279599999942, -28.225768599999981 ], [ -52.363610499999936, -28.226388899999961 ], [ -52.363218899999936, -28.227287899999965 ], [ -52.363753599999939, -28.22908039999993 ], [ -52.363699799999949, -28.230042199999957 ], [ -52.363878799999952, -28.230600299999935 ], [ -52.364616499999954, -28.23073 ], [ -52.365356199999951, -28.230860699999937 ], [ -52.366915099999972, -28.231137699999977 ], [ -52.366810799999939, -28.23089779999998 ], [ -52.366687799999966, -28.230378199999961 ], [ -52.366567799999984, -28.22983279999994 ], [ -52.366404699999975, -28.229214399999933 ], [ -52.366238499999952, -28.228477699999928 ], [ -52.366148799999962, -28.228054899999961 ], [ -52.366128499999945, -28.227959 ], [ -52.365990199999942, -28.227336299999934 ], [ -52.365903, -28.226975899999957 ], [ -52.365583099999981, -28.225662399999976 ], [ -52.365289099999984, -28.224378399999978 ], [ -52.366173, -28.224663599999928 ], [ -52.366331299999956, -28.224269199999981 ], [ -52.366581799999949, -28.22353709999993 ], [ -52.365999499999987, -28.222658599999932 ], [ -52.365803599999936, -28.222381599999949 ], [ -52.365224199999943, -28.222899699999971 ], [ -52.364834799999983, -28.223051299999952 ], [ -52.36450519999994, -28.223633199999938 ], [ -52.36431529999993, -28.223981799999933 ], [ -52.363763, -28.224130099999968 ], [ -52.363200599999971, -28.22397449999994 ] ] ] } },
{ "type": "Feature", "properties": { "id": "431410005110006", "cn22_pop03_20a59_tot_2": 0.57854729729729726, "bas.v0001": 1184, "dem.v01035": 86, "dem.v01036": 87, "dem.v01037": 188, "dem.v01038": 174, "dem.v01039": 150, "cn22_pop01_res_tot_0": 1184, "cn22_pop03_20a59_tot_1": 685 }, "geometry": { "type": "Polygon", "coordinates": [ [ [ -52.363605099999972, -28.236334599999964 ], [ -52.36332, -28.238182799999947 ], [ -52.363212, -28.239004299999976 ], [ -52.364107099999956, -28.239084 ], [ -52.364380899999958, -28.239089599999943 ], [ -52.364591899999937, -28.239089599999943 ], [ -52.364747499999964, -28.239082499999938 ], [ -52.365067099999976, -28.23906089999997 ], [ -52.36534359999996, -28.239028399999938 ], [ -52.365615199999979, -28.23899259999996 ], [ -52.365791, -28.23896069999995 ], [ -52.365941599999985, -28.238936099999933 ], [ -52.366368899999941, -28.238362599999959 ], [ -52.366689899999983, -28.237549299999955 ], [ -52.367034799999942, -28.236639599999933 ], [ -52.366585699999973, -28.236937099999977 ], [ -52.366544699999963, -28.236762499999941 ], [ -52.366936199999941, -28.234971899999948 ], [ -52.366956699999946, -28.234870599999965 ], [ -52.367156299999976, -28.23397529999994 ], [ -52.367263699999967, -28.233547299999941 ], [ -52.36747239999994, -28.232618799999955 ], [ -52.367576099999951, -28.232178499999975 ], [ -52.367383599999982, -28.231883899999957 ], [ -52.36732429999995, -28.231776299999979 ], [ -52.366953199999955, -28.231185499999981 ], [ -52.366915099999972, -28.231137699999977 ], [ -52.365356199999951, -28.230860699999937 ], [ -52.364616499999954, -28.23073 ], [ -52.363878799999952, -28.230600299999935 ], [ -52.364384, -28.232051199999944 ], [ -52.363952099999949, -28.232644099999959 ], [ -52.364099199999941, -28.233327899999949 ], [ -52.363802599999985, -28.234049099999936 ], [ -52.363917199999946, -28.234472699999969 ], [ -52.363974799999937, -28.234987299999943 ], [ -52.363707099999942, -28.235771499999942 ], [ -52.363605099999972, -28.236334599999964 ] ] ] } },
{ "type": "Feature", "properties": { "id": "431410005110007", "cn22_pop03_20a59_tot_2": 0.58068614993646761, "bas.v0001": 787, "dem.v01035": 66, "dem.v01036": 48, "dem.v01037": 137, "dem.v01038": 129, "dem.v01039": 77, "cn22_pop01_res_tot_0": 787, "cn22_pop03_20a59_tot_1": 457 }, "geometry": { "type": "Polygon", "coordinates": [ [ [ -52.35653659999997, -28.23854 ], [ -52.358811799999955, -28.238757499999963 ], [ -52.360400599999934, -28.238742199999933 ], [ -52.361755599999981, -28.238862599999948 ], [ -52.363212, -28.239004299999976 ], [ -52.36332, -28.238182799999947 ], [ -52.363605099999972, -28.236334599999964 ], [ -52.356245499999943, -28.235684399999968 ], [ -52.355876599999931, -28.238512299999968 ], [ -52.35653659999997, -28.23854 ] ] ] } },
{ "type": "Feature", "properties": { "id": "431410005110008", "cn22_pop03_20a59_tot_2": 0.54655870445344135, "bas.v0001": 494, "dem.v01035": 38, "dem.v01036": 36, "dem.v01037": 61, "dem.v01038": 80, "dem.v01039": 55, "cn22_pop01_res_tot_0": 494, "cn22_pop03_20a59_tot_1": 270 }, "geometry": { "type": "Polygon", "coordinates": [ [ [ -52.365941599999985, -28.238936099999933 ], [ -52.366290799999945, -28.238863399999957 ], [ -52.367627, -28.238533399999938 ], [ -52.368853799999954, -28.238225299999954 ], [ -52.369195799999943, -28.238142399999958 ], [ -52.369600899999966, -28.238062299999967 ], [ -52.370677199999932, -28.237879299999975 ], [ -52.370546799999943, -28.237768499999959 ], [ -52.369597799999951, -28.236958299999969 ], [ -52.36951229999994, -28.236887899999942 ], [ -52.369405799999981, -28.236797 ], [ -52.368828, -28.23630129999998 ], [ -52.368212899999946, -28.235844 ], [ -52.368611499999986, -28.23514119999993 ], [ -52.368912199999954, -28.23464789999997 ], [ -52.369074199999943, -28.234394399999928 ], [ -52.368659299999933, -28.233773399999961 ], [ -52.367716799999982, -28.23239929999994 ], [ -52.367576099999951, -28.232178499999975 ], [ -52.36747239999994, -28.232618799999955 ], [ -52.367263699999967, -28.233547299999941 ], [ -52.367156299999976, -28.23397529999994 ], [ -52.366956699999946, -28.234870599999965 ], [ -52.366936199999941, -28.234971899999948 ], [ -52.366544699999963, -28.236762499999941 ], [ -52.366585699999973, -28.236937099999977 ], [ -52.367034799999942, -28.236639599999933 ], [ -52.366689899999983, -28.237549299999955 ], [ -52.366368899999941, -28.238362599999959 ], [ -52.365941599999985, -28.238936099999933 ] ] ] } },
{ "type": "Feature", "properties": { "id": "431410005110010", "cn22_pop03_20a59_tot_2": 0.58309455587392545, "bas.v0001": 698, "dem.v01035": 59, "dem.v01036": 57, "dem.v01037": 110, "dem.v01038": 96, "dem.v01039": 85, "cn22_pop01_res_tot_0": 698, "cn22_pop03_20a59_tot_1": 407 }, "geometry": { "type": "Polygon", "coordinates": [ [ [ -52.366567799999984, -28.22983279999994 ], [ -52.36732429999995, -28.229588799999931 ], [ -52.367965399999946, -28.229373799999962 ], [ -52.369750199999942, -28.228711299999929 ], [ -52.370292799999959, -28.229209099999935 ], [ -52.370412899999963, -28.22927859999993 ], [ -52.370539099999974, -28.229229499999974 ], [ -52.369123099999968, -28.22724519999997 ], [ -52.367375199999969, -28.224680399999954 ], [ -52.366968, -28.224098399999946 ], [ -52.366581799999949, -28.22353709999993 ], [ -52.366331299999956, -28.224269199999981 ], [ -52.366173, -28.224663599999928 ], [ -52.365289099999984, -28.224378399999978 ], [ -52.365583099999981, -28.225662399999976 ], [ -52.365903, -28.226975899999957 ], [ -52.365990199999942, -28.227336299999934 ], [ -52.366128499999945, -28.227959 ], [ -52.366148799999962, -28.228054899999961 ], [ -52.366238499999952, -28.228477699999928 ], [ -52.366404699999975, -28.229214399999933 ], [ -52.366567799999984, -28.22983279999994 ] ] ] } },
{ "type": "Feature", "properties": { "id": "431410005110011", "cn22_pop03_20a59_tot_2": null, "bas.v0001": 0, "dem.v01035": null, "dem.v01036": null, "dem.v01037": null, "dem.v01038": null, "dem.v01039": null, "cn22_pop01_res_tot_0": 0, "cn22_pop03_20a59_tot_1": null }, "geometry": { "type": "Polygon", "coordinates": [ [ [ -52.382413799999938, -28.22550039999993 ], [ -52.382617, -28.225608899999941 ], [ -52.38349919999996, -28.226033099999938 ], [ -52.383607899999959, -28.226136799999949 ], [ -52.383697599999948, -28.226222499999949 ], [ -52.383719199999973, -28.226250899999968 ], [ -52.38375149999996, -28.226311199999941 ], [ -52.383773, -28.226380899999981 ], [ -52.383800099999974, -28.226479099999949 ], [ -52.383810099999948, -28.226520199999982 ], [ -52.383830799999942, -28.22659 ], [ -52.383919899999967, -28.226814099999956 ], [ -52.384821099999954, -28.226353599999982 ], [ -52.38558, -28.225632 ], [ -52.388353499999937, -28.226648399999931 ], [ -52.390496799999937, -28.227427399999954 ], [ -52.390538599999957, -28.227465799999948 ], [ -52.390587399999959, -28.227517499999976 ], [ -52.391756499999985, -28.229203499999983 ], [ -52.399660499999982, -28.226390399999957 ], [ -52.398913499999935, -28.221985599999982 ], [ -52.398866399999974, -28.221831099999974 ], [ -52.398751299999958, -28.221597499999973 ], [ -52.398602399999959, -28.22137 ], [ -52.398352699999975, -28.221111 ], [ -52.398050499999954, -28.220891 ], [ -52.397854399999972, -28.220779399999969 ], [ -52.397569199999964, -28.220681 ], [ -52.397260099999983, -28.220601299999942 ], [ -52.397044899999969, -28.220580799999937 ], [ -52.39647169999995, -28.220590699999946 ], [ -52.395745899999952, -28.22053109999996 ], [ -52.395240099999967, -28.220426199999963 ], [ -52.393886299999963, -28.219248299999947 ], [ -52.393399299999942, -28.218748399999981 ], [ -52.393082499999934, -28.218530099999953 ], [ -52.392924099999959, -28.218443799999932 ], [ -52.392742299999952, -28.218378499999972 ], [ -52.392521299999942, -28.218298599999969 ], [ -52.392287599999975, -28.21825 ], [ -52.390923799999939, -28.218081199999972 ], [ -52.390648399999975, -28.218033399999968 ], [ -52.390431, -28.217971599999942 ], [ -52.390228899999954, -28.217900199999974 ], [ -52.390053499999965, -28.217801899999984 ], [ -52.389839399999971, -28.217640199999948 ], [ -52.389661699999976, -28.21747229999994 ], [ -52.389476799999954, -28.217251899999951 ], [ -52.389357599999983, -28.217041399999971 ], [ -52.389258699999971, -28.216813499999944 ], [ -52.389202899999987, -28.216569399999969 ], [ -52.389082499999972, -28.215729199999942 ], [ -52.389048199999934, -28.215607 ], [ -52.388991699999963, -28.215479399999936 ], [ -52.388909899999931, -28.215339599999936 ], [ -52.388750399999935, -28.215139499999964 ], [ -52.388530699999933, -28.21494649999994 ], [ -52.388229699999954, -28.214768 ], [ -52.388032399999986, -28.214697899999976 ], [ -52.387712099999931, -28.214625 ], [ -52.387410699999975, -28.214619299999981 ], [ -52.38722249999995, -28.214641499999971 ], [ -52.38758439999998, -28.215142399999934 ], [ -52.387674199999935, -28.215280599999971 ], [ -52.387762799999962, -28.21543029999998 ], [ -52.387801, -28.21552319999995 ], [ -52.387825599999985, -28.21561719999994 ], [ -52.387834699999985, -28.215733199999931 ], [ -52.387811899999974, -28.215921699999967 ], [ -52.387736699999948, -28.216157599999974 ], [ -52.387587799999949, -28.216506299999935 ], [ -52.387166899999954, -28.21732789999993 ], [ -52.38643449999995, -28.218807499999969 ], [ -52.384836299999961, -28.221700399999975 ], [ -52.383551499999953, -28.223905299999956 ], [ -52.382413799999938, -28.22550039999993 ] ] ] } },
{ "type": "Feature", "properties": { "id": "431410005110012", "cn22_pop03_20a59_tot_2": 0.54360465116279066, "bas.v0001": 688, "dem.v01035": 30, "dem.v01036": 32, "dem.v01037": 145, "dem.v01038": 116, "dem.v01039": 51, "cn22_pop01_res_tot_0": 688, "cn22_pop03_20a59_tot_1": 374 }, "geometry": { "type": "Polygon", "coordinates": [ [ [ -52.368467499999952, -28.21897789999997 ], [ -52.368831, -28.219517599999961 ], [ -52.373275, -28.225950299999965 ], [ -52.375305599999933, -28.229092899999955 ], [ -52.375943399999983, -28.228980099999944 ], [ -52.376171499999941, -28.228842099999952 ], [ -52.377401499999962, -28.228118399999971 ], [ -52.377546499999937, -28.228025 ], [ -52.379409799999962, -28.225079299999948 ], [ -52.372725099999968, -28.217830299999946 ], [ -52.370019899999932, -28.218341399999929 ], [ -52.368467499999952, -28.21897789999997 ] ] ] } },
{ "type": "Feature", "properties": { "id": "431410005110013", "cn22_pop03_20a59_tot_2": null, "bas.v0001": 0, "dem.v01035": null, "dem.v01036": null, "dem.v01037": null, "dem.v01038": null, "dem.v01039": null, "cn22_pop01_res_tot_0": 0, "cn22_pop03_20a59_tot_1": null }, "geometry": { "type": "Polygon", "coordinates": [ [ [ -52.356245499999943, -28.235684399999968 ], [ -52.363605099999972, -28.236334599999964 ], [ -52.363707099999942, -28.235771499999942 ], [ -52.363974799999937, -28.234987299999943 ], [ -52.363917199999946, -28.234472699999969 ], [ -52.363802599999985, -28.234049099999936 ], [ -52.364099199999941, -28.233327899999949 ], [ -52.363952099999949, -28.232644099999959 ], [ -52.364384, -28.232051199999944 ], [ -52.363878799999952, -28.230600299999935 ], [ -52.363699799999949, -28.230042199999957 ], [ -52.363753599999939, -28.22908039999993 ], [ -52.363218899999936, -28.227287899999965 ], [ -52.363610499999936, -28.226388899999961 ], [ -52.363279599999942, -28.225768599999981 ], [ -52.363225899999975, -28.224597499999959 ], [ -52.363200599999971, -28.22397449999994 ], [ -52.362280899999973, -28.223434099999963 ], [ -52.361680799999931, -28.223199 ], [ -52.361514099999965, -28.223110899999938 ], [ -52.360913899999957, -28.222964 ], [ -52.360313699999949, -28.222875899999963 ], [ -52.360113699999943, -28.222846499999946 ], [ -52.360080299999936, -28.222699599999942 ], [ -52.360047, -28.222405799999933 ], [ -52.35991359999997, -28.222112 ], [ -52.35991359999997, -28.221877 ], [ -52.359780199999932, -28.221700699999928 ], [ -52.359513499999935, -28.221700699999928 ], [ -52.359013299999958, -28.222229499999969 ], [ -52.358813299999952, -28.222464599999967 ], [ -52.358513199999948, -28.222347099999979 ], [ -52.356245499999943, -28.235684399999968 ] ] ] } },
{ "type": "Feature", "properties": { "id": "431410005190001", "cn22_pop03_20a59_tot_2": 0.65829145728643212, "bas.v0001": 199, "dem.v01035": 13, "dem.v01036": 8, "dem.v01037": 42, "dem.v01038": 42, "dem.v01039": 26, "cn22_pop01_res_tot_0": 199, "cn22_pop03_20a59_tot_1": 131 }, "geometry": { "type": "Polygon", "coordinates": [ [ [ -52.400229299999978, -28.26444859999998 ], [ -52.400423299999943, -28.265504399999941 ], [ -52.401363099999969, -28.265265299999953 ], [ -52.401435, -28.265242799999953 ], [ -52.401198499999964, -28.265111399999967 ], [ -52.400901199999964, -28.264721899999984 ], [ -52.400835899999947, -28.264584199999945 ], [ -52.400755199999935, -28.264395699999966 ], [ -52.400713399999972, -28.26425439999997 ], [ -52.400574199999937, -28.26334369999995 ], [ -52.400061899999969, -28.263415799999962 ], [ -52.400229299999978, -28.26444859999998 ] ] ] } },
{ "type": "Feature", "properties": { "id": "431410005110014", "cn22_pop03_20a59_tot_2": 0.63947797716150079, "bas.v0001": 613, "dem.v01035": 74, "dem.v01036": 59, "dem.v01037": 93, "dem.v01038": 85, "dem.v01039": 81, "cn22_pop01_res_tot_0": 613, "cn22_pop03_20a59_tot_1": 392 }, "geometry": { "type": "Polygon", "coordinates": [ [ [ -52.37312819999994, -28.230313 ], [ -52.373491199999933, -28.230848199999969 ], [ -52.374017099999946, -28.23154489999996 ], [ -52.374626199999966, -28.231891099999928 ], [ -52.375709499999971, -28.232385499999964 ], [ -52.376426399999957, -28.232563099999936 ], [ -52.378073899999947, -28.232958 ], [ -52.378251399999954, -28.232344499999954 ], [ -52.378431099999943, -28.231737899999928 ], [ -52.378602899999976, -28.231136099999958 ], [ -52.378795299999979, -28.23047239999994 ], [ -52.378972699999963, -28.229924599999947 ], [ -52.380043099999966, -28.228674299999966 ], [ -52.380745299999944, -28.227821399999982 ], [ -52.381685799999957, -28.226512 ], [ -52.379409799999962, -28.225079299999948 ], [ -52.377546499999937, -28.228025 ], [ -52.377401499999962, -28.228118399999971 ], [ -52.376171499999941, -28.228842099999952 ], [ -52.375943399999983, -28.228980099999944 ], [ -52.375305599999933, -28.229092899999955 ], [ -52.374376199999972, -28.229624699999931 ], [ -52.37312819999994, -28.230313 ] ] ] } },
{ "type": "Feature", "properties": { "id": "431410005110015", "cn22_pop03_20a59_tot_2": 0.65739710789766403, "bas.v0001": 899, "dem.v01035": 122, "dem.v01036": 103, "dem.v01037": 136, "dem.v01038": 103, "dem.v01039": 127, "cn22_pop01_res_tot_0": 899, "cn22_pop03_20a59_tot_1": 591 }, "geometry": { "type": "Polygon", "coordinates": [ [ [ -52.378073899999947, -28.232958 ], [ -52.376426399999957, -28.232563099999936 ], [ -52.375709499999971, -28.232385499999964 ], [ -52.374626199999966, -28.231891099999928 ], [ -52.374017099999946, -28.23154489999996 ], [ -52.373491199999933, -28.230848199999969 ], [ -52.37312819999994, -28.230313 ], [ -52.372345699999983, -28.230747899999983 ], [ -52.371969599999943, -28.230835599999978 ], [ -52.37162109999997, -28.230966599999931 ], [ -52.371979199999942, -28.231732399999942 ], [ -52.372264399999949, -28.232461199999932 ], [ -52.372313399999939, -28.232578699999976 ], [ -52.373779699999943, -28.23583 ], [ -52.373996199999965, -28.236323299999981 ], [ -52.37408389999996, -28.236686099999929 ], [ -52.374125799999945, -28.236922399999969 ], [ -52.37482, -28.236752599999932 ], [ -52.376114499999971, -28.236537399999975 ], [ -52.376622, -28.236436799999979 ], [ -52.37676179999994, -28.236521799999935 ], [ -52.377046899999982, -28.236446199999932 ], [ -52.377074899999968, -28.236330799999962 ], [ -52.377649899999938, -28.234333399999969 ], [ -52.377880299999958, -28.233552699999962 ], [ -52.378073899999947, -28.232958 ] ] ] } },
{ "type": "Feature", "properties": { "id": "431410005120001", "cn22_pop03_20a59_tot_2": 0.63431542461005197, "bas.v0001": 577, "dem.v01035": 45, "dem.v01036": 63, "dem.v01037": 118, "dem.v01038": 86, "dem.v01039": 54, "cn22_pop01_res_tot_0": 577, "cn22_pop03_20a59_tot_1": 366 }, "geometry": { "type": "Polygon", "coordinates": [ [ [ -52.389369399999964, -28.266096 ], [ -52.389596499999982, -28.267051399999957 ], [ -52.389320699999985, -28.267385499999932 ], [ -52.388909199999944, -28.267723199999978 ], [ -52.38869619999997, -28.267890699999953 ], [ -52.388400499999932, -28.268123799999955 ], [ -52.387421399999937, -28.267684199999962 ], [ -52.386169799999948, -28.270026399999949 ], [ -52.387469599999974, -28.270549899999935 ], [ -52.387924199999986, -28.270078599999977 ], [ -52.388327499999946, -28.269625499999961 ], [ -52.388659699999948, -28.269229799999948 ], [ -52.389101099999948, -28.268749799999966 ], [ -52.389448499999958, -28.268570599999975 ], [ -52.390998099999933, -28.268235299999958 ], [ -52.390864699999952, -28.267561899999976 ], [ -52.390532699999937, -28.265895499999942 ], [ -52.389369399999964, -28.266096 ] ] ] } },
{ "type": "Feature", "properties": { "id": "431410005120002", "cn22_pop03_20a59_tot_2": 0.60227272727272729, "bas.v0001": 88, "dem.v01035": 9, "dem.v01036": 8, "dem.v01037": 11, "dem.v01038": 9, "dem.v01039": 16, "cn22_pop01_res_tot_0": 88, "cn22_pop03_20a59_tot_1": 53 }, "geometry": { "type": "Polygon", "coordinates": [ [ [ -52.387924199999986, -28.270078599999977 ], [ -52.388693699999976, -28.270928 ], [ -52.389645899999948, -28.270278499999961 ], [ -52.390568099999939, -28.269612199999983 ], [ -52.390422199999932, -28.269434299999944 ], [ -52.391487099999949, -28.269050199999981 ], [ -52.391193599999951, -28.268378199999972 ], [ -52.391229899999985, -28.268299099999979 ], [ -52.391150799999934, -28.268266 ], [ -52.391083299999934, -28.268240599999956 ], [ -52.390998099999933, -28.268235299999958 ], [ -52.389448499999958, -28.268570599999975 ], [ -52.389101099999948, -28.268749799999966 ], [ -52.388659699999948, -28.269229799999948 ], [ -52.388327499999946, -28.269625499999961 ], [ -52.387924199999986, -28.270078599999977 ] ] ] } },
{ "type": "Feature", "properties": { "id": "431410005120003", "cn22_pop03_20a59_tot_2": 0.59943977591036413, "bas.v0001": 357, "dem.v01035": 18, "dem.v01036": 31, "dem.v01037": 56, "dem.v01038": 51, "dem.v01039": 58, "cn22_pop01_res_tot_0": 357, "cn22_pop03_20a59_tot_1": 214 }, "geometry": { "type": "Polygon", "coordinates": [ [ [ -52.387469599999974, -28.270549899999935 ], [ -52.386414499999944, -28.271642499999928 ], [ -52.385536799999954, -28.272548899999947 ], [ -52.38528279999997, -28.272789399999965 ], [ -52.385253099999943, -28.272923599999956 ], [ -52.384745499999951, -28.273246 ], [ -52.384256199999982, -28.273447099999942 ], [ -52.383981, -28.273433299999965 ], [ -52.383649299999945, -28.273706299999958 ], [ -52.384504599999957, -28.274749799999938 ], [ -52.384875099999931, -28.274474099999964 ], [ -52.385466099999974, -28.274055899999951 ], [ -52.386436199999935, -28.273404099999937 ], [ -52.387368399999957, -28.272747199999969 ], [ -52.388204599999938, -28.273715599999946 ], [ -52.389076799999941, -28.274674499999946 ], [ -52.389995499999941, -28.27565009999995 ], [ -52.39056549999998, -28.276311699999951 ], [ -52.392296299999941, -28.275090599999942 ], [ -52.39168369999993, -28.274330299999974 ], [ -52.391186, -28.273751699999934 ], [ -52.390726499999971, -28.27323169999994 ], [ -52.389585699999941, -28.271909699999981 ], [ -52.388693699999976, -28.270928 ], [ -52.387924199999986, -28.270078599999977 ], [ -52.387469599999974, -28.270549899999935 ] ] ] } },
{ "type": "Feature", "properties": { "id": "431410005120004", "cn22_pop03_20a59_tot_2": 0.59411309062742057, "bas.v0001": 1291, "dem.v01035": 60, "dem.v01036": 77, "dem.v01037": 275, "dem.v01038": 209, "dem.v01039": 146, "cn22_pop01_res_tot_0": 1291, "cn22_pop03_20a59_tot_1": 767 }, "geometry": { "type": "Polygon", "coordinates": [ [ [ -52.375676099999964, -28.267759499999954 ], [ -52.374922499999968, -28.268599199999983 ], [ -52.376199699999972, -28.269575399999951 ], [ -52.376518299999987, -28.26984159999995 ], [ -52.378376, -28.27130939999995 ], [ -52.378619699999945, -28.271255099999962 ], [ -52.378749499999969, -28.27125239999998 ], [ -52.379326099999957, -28.271781499999975 ], [ -52.379694799999982, -28.27211479999994 ], [ -52.380105499999956, -28.272372299999972 ], [ -52.380400899999984, -28.272458299999983 ], [ -52.381133099999943, -28.272649399999978 ], [ -52.382525699999974, -28.273016199999972 ], [ -52.383040699999981, -28.273169899999971 ], [ -52.383981, -28.273433299999965 ], [ -52.384256199999982, -28.273447099999942 ], [ -52.384745499999951, -28.273246 ], [ -52.385253099999943, -28.272923599999956 ], [ -52.38528279999997, -28.272789399999965 ], [ -52.385536799999954, -28.272548899999947 ], [ -52.386414499999944, -28.271642499999928 ], [ -52.387469599999974, -28.270549899999935 ], [ -52.386169799999948, -28.270026399999949 ], [ -52.383577799999955, -28.269045199999937 ], [ -52.38239539999995, -28.268616499999951 ], [ -52.381522199999949, -28.268347799999958 ], [ -52.380128699999943, -28.267906599999947 ], [ -52.377947499999948, -28.267194 ], [ -52.377857099999972, -28.267086399999982 ], [ -52.377792399999976, -28.267114699999979 ], [ -52.377586399999984, -28.26723359999994 ], [ -52.377362299999959, -28.267303099999936 ], [ -52.376870799999949, -28.26741439999995 ], [ -52.376710099999968, -28.267545299999938 ], [ -52.376490099999955, -28.267699199999981 ], [ -52.376189, -28.267791899999963 ], [ -52.375952799999936, -28.267826399999933 ], [ -52.375786099999971, -28.26778539999998 ], [ -52.375676099999964, -28.267759499999954 ] ] ] } },
{ "type": "Feature", "properties": { "id": "431410005120005", "cn22_pop03_20a59_tot_2": 0.54655380894800487, "bas.v0001": 827, "dem.v01035": 52, "dem.v01036": 62, "dem.v01037": 121, "dem.v01038": 108, "dem.v01039": 109, "cn22_pop01_res_tot_0": 827, "cn22_pop03_20a59_tot_1": 452 }, "geometry": { "type": "Polygon", "coordinates": [ [ [ -52.364878199999964, -28.270676599999945 ], [ -52.365022, -28.271474 ], [ -52.365027299999952, -28.271722699999941 ], [ -52.364839599999982, -28.272235599999931 ], [ -52.364548399999933, -28.272779799999967 ], [ -52.364345599999979, -28.273370499999942 ], [ -52.36418, -28.273888299999953 ], [ -52.364019299999939, -28.274565 ], [ -52.363915399999939, -28.275031699999943 ], [ -52.363788399999976, -28.275756199999933 ], [ -52.363775, -28.275781799999947 ], [ -52.364915599999961, -28.275527099999977 ], [ -52.36541909999994, -28.27568 ], [ -52.36623, -28.276191799999935 ], [ -52.367138, -28.275914199999931 ], [ -52.367690499999981, -28.275017799999944 ], [ -52.368185899999958, -28.27517679999994 ], [ -52.368806199999938, -28.275162399999942 ], [ -52.369947499999967, -28.274999699999967 ], [ -52.371312199999977, -28.275094899999942 ], [ -52.371978499999955, -28.274778899999944 ], [ -52.372238, -28.274107799999967 ], [ -52.37209409999997, -28.273174599999948 ], [ -52.372165199999984, -28.272773199999961 ], [ -52.371910799999966, -28.272247299999947 ], [ -52.372197, -28.271360799999968 ], [ -52.37199, -28.270959299999959 ], [ -52.371761899999967, -28.270811199999969 ], [ -52.371528299999966, -28.269604499999957 ], [ -52.371695099999954, -28.269283399999949 ], [ -52.371793, -28.269034899999951 ], [ -52.37231509999998, -28.268370399999981 ], [ -52.372493299999974, -28.267781499999955 ], [ -52.37258369999995, -28.26732759999993 ], [ -52.372581899999943, -28.266985 ], [ -52.372585599999979, -28.266808499999968 ], [ -52.372678299999961, -28.266766799999971 ], [ -52.372823299999936, -28.266742299999976 ], [ -52.373212199999955, -28.26682569999997 ], [ -52.37360979999994, -28.266860699999938 ], [ -52.373775399999943, -28.266882299999963 ], [ -52.374007, -28.266899599999931 ], [ -52.374157199999956, -28.267038499999956 ], [ -52.374169099999961, -28.267249699999979 ], [ -52.37421889999996, -28.26739189999995 ], [ -52.374379599999941, -28.267511899999931 ], [ -52.374554799999942, -28.267599399999938 ], [ -52.374678299999971, -28.267656199999976 ], [ -52.374951799999963, -28.267645499999958 ], [ -52.375126699999953, -28.267610799999943 ], [ -52.375265299999967, -28.267561399999977 ], [ -52.375432099999955, -28.267615499999977 ], [ -52.375467699999945, -28.267652899999973 ], [ -52.375676099999964, -28.267759499999954 ], [ -52.375786099999971, -28.26778539999998 ], [ -52.375952799999936, -28.267826399999933 ], [ -52.376189, -28.267791899999963 ], [ -52.376490099999955, -28.267699199999981 ], [ -52.376710099999968, -28.267545299999938 ], [ -52.376870799999949, -28.26741439999995 ], [ -52.377362299999959, -28.267303099999936 ], [ -52.377586399999984, -28.26723359999994 ], [ -52.377792399999976, -28.267114699999979 ], [ -52.377857099999972, -28.267086399999982 ], [ -52.377450399999987, -28.266643299999942 ], [ -52.375217599999985, -28.264436499999931 ], [ -52.375166399999955, -28.264292799999964 ], [ -52.374983399999962, -28.263926099999935 ], [ -52.372745399999985, -28.265721499999984 ], [ -52.370770499999935, -28.267241499999955 ], [ -52.369629599999939, -28.268116299999974 ], [ -52.368802799999969, -28.268705599999976 ], [ -52.368315699999982, -28.269000099999971 ], [ -52.367721899999935, -28.26934179999995 ], [ -52.367136099999982, -28.269656699999928 ], [ -52.366634299999987, -28.269910699999969 ], [ -52.365642899999955, -28.270358199999976 ], [ -52.364878199999964, -28.270676599999945 ] ] ] } },
{ "type": "Feature", "properties": { "id": "431410005120006", "cn22_pop03_20a59_tot_2": 0.55414746543778803, "bas.v0001": 868, "dem.v01035": 64, "dem.v01036": 58, "dem.v01037": 121, "dem.v01038": 115, "dem.v01039": 123, "cn22_pop01_res_tot_0": 868, "cn22_pop03_20a59_tot_1": 481 }, "geometry": { "type": "Polygon", "coordinates": [ [ [ -52.371695099999954, -28.269283399999949 ], [ -52.372199899999941, -28.269786199999942 ], [ -52.372878899999932, -28.27030869999993 ], [ -52.373395799999969, -28.270697 ], [ -52.373599799999965, -28.270844599999975 ], [ -52.374252699999943, -28.271482699999979 ], [ -52.37472, -28.272012399999937 ], [ -52.375319199999979, -28.272711699999945 ], [ -52.37556479999995, -28.272857599999952 ], [ -52.375917499999957, -28.272871399999929 ], [ -52.376402399999961, -28.272720699999979 ], [ -52.376800399999979, -28.272498299999938 ], [ -52.376962899999967, -28.272393099999931 ], [ -52.377394899999956, -28.271959899999956 ], [ -52.377597699999967, -28.271779899999956 ], [ -52.377743199999941, -28.271639899999968 ], [ -52.377955499999985, -28.271457599999962 ], [ -52.378196, -28.271362 ], [ -52.378376, -28.27130939999995 ], [ -52.376518299999987, -28.26984159999995 ], [ -52.376199699999972, -28.269575399999951 ], [ -52.374922499999968, -28.268599199999983 ], [ -52.375676099999964, -28.267759499999954 ], [ -52.375467699999945, -28.267652899999973 ], [ -52.375432099999955, -28.267615499999977 ], [ -52.375265299999967, -28.267561399999977 ], [ -52.375126699999953, -28.267610799999943 ], [ -52.374951799999963, -28.267645499999958 ], [ -52.374678299999971, -28.267656199999976 ], [ -52.374554799999942, -28.267599399999938 ], [ -52.374379599999941, -28.267511899999931 ], [ -52.37421889999996, -28.26739189999995 ], [ -52.374169099999961, -28.267249699999979 ], [ -52.374157199999956, -28.267038499999956 ], [ -52.374007, -28.266899599999931 ], [ -52.373775399999943, -28.266882299999963 ], [ -52.37360979999994, -28.266860699999938 ], [ -52.373212199999955, -28.26682569999997 ], [ -52.372823299999936, -28.266742299999976 ], [ -52.372678299999961, -28.266766799999971 ], [ -52.372585599999979, -28.266808499999968 ], [ -52.372581899999943, -28.266985 ], [ -52.37258369999995, -28.26732759999993 ], [ -52.372493299999974, -28.267781499999955 ], [ -52.37231509999998, -28.268370399999981 ], [ -52.371793, -28.269034899999951 ], [ -52.371695099999954, -28.269283399999949 ] ] ] } },
{ "type": "Feature", "properties": { "id": "431410005150005", "cn22_pop03_20a59_tot_2": 0.56037151702786381, "bas.v0001": 646, "dem.v01035": 49, "dem.v01036": 40, "dem.v01037": 107, "dem.v01038": 77, "dem.v01039": 89, "cn22_pop01_res_tot_0": 646, "cn22_pop03_20a59_tot_1": 362 }, "geometry": { "type": "Polygon", "coordinates": [ [ [ -52.413418199999967, -28.245829599999979 ], [ -52.413251199999934, -28.245998499999928 ], [ -52.413079599999946, -28.246354 ], [ -52.412551699999938, -28.247486099999946 ], [ -52.412879099999941, -28.247609899999929 ], [ -52.413251399999979, -28.247753699999976 ], [ -52.414376499999946, -28.248186 ], [ -52.415138399999933, -28.248478299999931 ], [ -52.415664399999969, -28.247337 ], [ -52.416431499999931, -28.247637399999974 ], [ -52.41723369999994, -28.247938399999953 ], [ -52.418363199999931, -28.248361199999977 ], [ -52.418697499999951, -28.248366699999963 ], [ -52.418945, -28.247872299999983 ], [ -52.419646799999953, -28.247419899999954 ], [ -52.418750499999931, -28.246838099999934 ], [ -52.418240699999956, -28.246501899999942 ], [ -52.417850199999975, -28.246280599999977 ], [ -52.41745549999996, -28.246078799999964 ], [ -52.41723049999996, -28.245989299999962 ], [ -52.416805599999975, -28.245856499999945 ], [ -52.416559599999971, -28.245789799999955 ], [ -52.416306299999974, -28.245734199999958 ], [ -52.41577019999994, -28.24564769999995 ], [ -52.415314699999954, -28.245612599999959 ], [ -52.41477059999994, -28.245630099999971 ], [ -52.413966399999936, -28.245720699999936 ], [ -52.413558399999943, -28.245799699999964 ], [ -52.413418199999967, -28.245829599999979 ] ] ] } },
{ "type": "Feature", "properties": { "id": "431410005120007", "cn22_pop03_20a59_tot_2": 0.59491193737769077, "bas.v0001": 1022, "dem.v01035": 61, "dem.v01036": 88, "dem.v01037": 150, "dem.v01038": 153, "dem.v01039": 156, "cn22_pop01_res_tot_0": 1022, "cn22_pop03_20a59_tot_1": 608 }, "geometry": { "type": "Polygon", "coordinates": [ [ [ -52.371978499999955, -28.274778899999944 ], [ -52.37271869999995, -28.275843099999975 ], [ -52.372833899999932, -28.275957799999958 ], [ -52.372928, -28.276092899999981 ], [ -52.373659399999951, -28.276887399999964 ], [ -52.374872299999936, -28.278105099999948 ], [ -52.375301, -28.277760399999977 ], [ -52.375806, -28.277329 ], [ -52.376149699999985, -28.27702979999998 ], [ -52.376375199999984, -28.276847499999974 ], [ -52.377694099999985, -28.275816199999952 ], [ -52.377876399999934, -28.275667399999975 ], [ -52.378709699999945, -28.274963 ], [ -52.379098, -28.274655399999972 ], [ -52.379745799999966, -28.274119799999937 ], [ -52.380405799999949, -28.273514499999976 ], [ -52.381245099999944, -28.274311599999976 ], [ -52.381844499999943, -28.273699199999953 ], [ -52.382525699999974, -28.273016199999972 ], [ -52.381133099999943, -28.272649399999978 ], [ -52.380400899999984, -28.272458299999983 ], [ -52.380105499999956, -28.272372299999972 ], [ -52.379694799999982, -28.27211479999994 ], [ -52.379326099999957, -28.271781499999975 ], [ -52.378749499999969, -28.27125239999998 ], [ -52.378619699999945, -28.271255099999962 ], [ -52.378376, -28.27130939999995 ], [ -52.378196, -28.271362 ], [ -52.377955499999985, -28.271457599999962 ], [ -52.377743199999941, -28.271639899999968 ], [ -52.377597699999967, -28.271779899999956 ], [ -52.377394899999956, -28.271959899999956 ], [ -52.376962899999967, -28.272393099999931 ], [ -52.376800399999979, -28.272498299999938 ], [ -52.376402399999961, -28.272720699999979 ], [ -52.375917499999957, -28.272871399999929 ], [ -52.37556479999995, -28.272857599999952 ], [ -52.375319199999979, -28.272711699999945 ], [ -52.37472, -28.272012399999937 ], [ -52.374252699999943, -28.271482699999979 ], [ -52.373599799999965, -28.270844599999975 ], [ -52.373395799999969, -28.270697 ], [ -52.372878899999932, -28.27030869999993 ], [ -52.372199899999941, -28.269786199999942 ], [ -52.371695099999954, -28.269283399999949 ], [ -52.371528299999966, -28.269604499999957 ], [ -52.371761899999967, -28.270811199999969 ], [ -52.37199, -28.270959299999959 ], [ -52.372197, -28.271360799999968 ], [ -52.371910799999966, -28.272247299999947 ], [ -52.372165199999984, -28.272773199999961 ], [ -52.37209409999997, -28.273174599999948 ], [ -52.372238, -28.274107799999967 ], [ -52.371978499999955, -28.274778899999944 ] ] ] } },
{ "type": "Feature", "properties": { "id": "431410005120008", "cn22_pop03_20a59_tot_2": 0.5296846011131725, "bas.v0001": 1078, "dem.v01035": 57, "dem.v01036": 64, "dem.v01037": 117, "dem.v01038": 174, "dem.v01039": 159, "cn22_pop01_res_tot_0": 1078, "cn22_pop03_20a59_tot_1": 571 }, "geometry": { "type": "Polygon", "coordinates": [ [ [ -52.374872299999936, -28.278105099999948 ], [ -52.37300769999996, -28.27835 ], [ -52.3732, -28.279992 ], [ -52.372682499999939, -28.280162899999937 ], [ -52.372239499999978, -28.280307799999946 ], [ -52.372459499999934, -28.280742799999928 ], [ -52.372707199999979, -28.28107689999996 ], [ -52.373358499999938, -28.281769299999951 ], [ -52.374044699999956, -28.282538 ], [ -52.374647899999957, -28.28214029999998 ], [ -52.376534499999934, -28.280911599999968 ], [ -52.377026099999966, -28.280610099999933 ], [ -52.377841799999942, -28.280097299999966 ], [ -52.379227299999968, -28.279185199999972 ], [ -52.379778299999941, -28.27865369999995 ], [ -52.380104299999971, -28.278244899999947 ], [ -52.380285099999981, -28.277971799999932 ], [ -52.380747799999938, -28.27690309999997 ], [ -52.380904099999952, -28.276539799999966 ], [ -52.381096299999967, -28.276178199999947 ], [ -52.381358299999931, -28.27586679999996 ], [ -52.381519699999956, -28.275723 ], [ -52.382025599999963, -28.27516769999994 ], [ -52.382560199999944, -28.274677099999963 ], [ -52.38294639999998, -28.274344199999973 ], [ -52.383649299999945, -28.273706299999958 ], [ -52.383981, -28.273433299999965 ], [ -52.383040699999981, -28.273169899999971 ], [ -52.382525699999974, -28.273016199999972 ], [ -52.381844499999943, -28.273699199999953 ], [ -52.381245099999944, -28.274311599999976 ], [ -52.380405799999949, -28.273514499999976 ], [ -52.379745799999966, -28.274119799999937 ], [ -52.379098, -28.274655399999972 ], [ -52.378709699999945, -28.274963 ], [ -52.377876399999934, -28.275667399999975 ], [ -52.377694099999985, -28.275816199999952 ], [ -52.376375199999984, -28.276847499999974 ], [ -52.376149699999985, -28.27702979999998 ], [ -52.375806, -28.277329 ], [ -52.375301, -28.277760399999977 ], [ -52.374872299999936, -28.278105099999948 ] ] ] } },
{ "type": "Feature", "properties": { "id": "431410005120009", "cn22_pop03_20a59_tot_2": 0.60273972602739723, "bas.v0001": 73, "dem.v01035": 4, "dem.v01036": 4, "dem.v01037": 16, "dem.v01038": 12, "dem.v01039": 8, "cn22_pop01_res_tot_0": 73, "cn22_pop03_20a59_tot_1": 44 }, "geometry": { "type": "Polygon", "coordinates": [ [ [ -52.381519699999956, -28.275723 ], [ -52.382663499999978, -28.276467399999945 ], [ -52.383626699999979, -28.275576399999977 ], [ -52.384504599999957, -28.274749799999938 ], [ -52.383649299999945, -28.273706299999958 ], [ -52.38294639999998, -28.274344199999973 ], [ -52.382560199999944, -28.274677099999963 ], [ -52.382025599999963, -28.27516769999994 ], [ -52.381519699999956, -28.275723 ] ] ] } },
{ "type": "Feature", "properties": { "id": "431410005120010", "cn22_pop03_20a59_tot_2": 0.49537037037037035, "bas.v0001": 216, "dem.v01035": 16, "dem.v01036": 10, "dem.v01037": 21, "dem.v01038": 35, "dem.v01039": 25, "cn22_pop01_res_tot_0": 216, "cn22_pop03_20a59_tot_1": 107 }, "geometry": { "type": "Polygon", "coordinates": [ [ [ -52.377841799999942, -28.280097299999966 ], [ -52.378118499999971, -28.280472599999939 ], [ -52.379158399999938, -28.27982609999998 ], [ -52.380197599999974, -28.279269199999931 ], [ -52.38046449999996, -28.279174799999964 ], [ -52.380660099999943, -28.278971199999944 ], [ -52.380863599999941, -28.278668599999946 ], [ -52.381955099999971, -28.277666299999964 ], [ -52.38212649999997, -28.277412099999935 ], [ -52.382173399999942, -28.277259099999981 ], [ -52.382306799999981, -28.276824699999963 ], [ -52.382354099999986, -28.276755299999934 ], [ -52.382663499999978, -28.276467399999945 ], [ -52.381519699999956, -28.275723 ], [ -52.381358299999931, -28.27586679999996 ], [ -52.381096299999967, -28.276178199999947 ], [ -52.380904099999952, -28.276539799999966 ], [ -52.380747799999938, -28.27690309999997 ], [ -52.380285099999981, -28.277971799999932 ], [ -52.380104299999971, -28.278244899999947 ], [ -52.379778299999941, -28.27865369999995 ], [ -52.379227299999968, -28.279185199999972 ], [ -52.377841799999942, -28.280097299999966 ] ] ] } },
{ "type": "Feature", "properties": { "id": "431410005120011", "cn22_pop03_20a59_tot_2": 0.56128486897717667, "bas.v0001": 1183, "dem.v01035": 89, "dem.v01036": 84, "dem.v01037": 194, "dem.v01038": 173, "dem.v01039": 124, "cn22_pop01_res_tot_0": 1183, "cn22_pop03_20a59_tot_1": 664 }, "geometry": { "type": "Polygon", "coordinates": [ [ [ -52.370631199999934, -28.28339909999994 ], [ -52.371008899999936, -28.284318299999939 ], [ -52.371064, -28.284472799999946 ], [ -52.371575699999937, -28.28415739999997 ], [ -52.371791299999984, -28.284006799999929 ], [ -52.37302509999995, -28.283201899999938 ], [ -52.373263899999984, -28.283054899999968 ], [ -52.374044699999956, -28.282538 ], [ -52.373358499999938, -28.281769299999951 ], [ -52.372707199999979, -28.28107689999996 ], [ -52.372459499999934, -28.280742799999928 ], [ -52.372239499999978, -28.280307799999946 ], [ -52.372682499999939, -28.280162899999937 ], [ -52.3732, -28.279992 ], [ -52.37300769999996, -28.27835 ], [ -52.374872299999936, -28.278105099999948 ], [ -52.373659399999951, -28.276887399999964 ], [ -52.372928, -28.276092899999981 ], [ -52.372833899999932, -28.275957799999958 ], [ -52.372649899999942, -28.275966699999969 ], [ -52.372434399999975, -28.276013399999954 ], [ -52.371462299999962, -28.27650159999996 ], [ -52.370685199999969, -28.276882399999977 ], [ -52.370809299999962, -28.277607499999931 ], [ -52.369618199999934, -28.277940899999976 ], [ -52.369632099999933, -28.278146899999967 ], [ -52.369879099999935, -28.278708499999937 ], [ -52.369049399999938, -28.278952199999935 ], [ -52.369284799999946, -28.279641 ], [ -52.36955039999998, -28.280414299999961 ], [ -52.369919099999947, -28.281413499999928 ], [ -52.370096599999954, -28.28189679999997 ], [ -52.370359899999983, -28.28266229999997 ], [ -52.370631199999934, -28.28339909999994 ] ] ] } },
{ "type": "Feature", "properties": { "id": "431410005120012", "cn22_pop03_20a59_tot_2": 0.61232449297971914, "bas.v0001": 1282, "dem.v01035": 122, "dem.v01036": 85, "dem.v01037": 193, "dem.v01038": 209, "dem.v01039": 176, "cn22_pop01_res_tot_0": 1282, "cn22_pop03_20a59_tot_1": 785 }, "geometry": { "type": "Polygon", "coordinates": [ [ [ -52.363775, -28.275781799999947 ], [ -52.363411, -28.277465799999959 ], [ -52.362322199999937, -28.28266009999993 ], [ -52.362393199999985, -28.282675899999958 ], [ -52.362571299999956, -28.282764899999961 ], [ -52.365014199999962, -28.282916599999965 ], [ -52.366546899999946, -28.282885299999975 ], [ -52.366563399999961, -28.28354319999994 ], [ -52.368453499999987, -28.283487899999955 ], [ -52.369906299999968, -28.283573599999954 ], [ -52.370113299999957, -28.283534699999962 ], [ -52.370631199999934, -28.28339909999994 ], [ -52.370359899999983, -28.28266229999997 ], [ -52.370096599999954, -28.28189679999997 ], [ -52.369919099999947, -28.281413499999928 ], [ -52.36955039999998, -28.280414299999961 ], [ -52.369284799999946, -28.279641 ], [ -52.369049399999938, -28.278952199999935 ], [ -52.369879099999935, -28.278708499999937 ], [ -52.369632099999933, -28.278146899999967 ], [ -52.369618199999934, -28.277940899999976 ], [ -52.370809299999962, -28.277607499999931 ], [ -52.370685199999969, -28.276882399999977 ], [ -52.371462299999962, -28.27650159999996 ], [ -52.372434399999975, -28.276013399999954 ], [ -52.372649899999942, -28.275966699999969 ], [ -52.372833899999932, -28.275957799999958 ], [ -52.37271869999995, -28.275843099999975 ], [ -52.371978499999955, -28.274778899999944 ], [ -52.371312199999977, -28.275094899999942 ], [ -52.369947499999967, -28.274999699999967 ], [ -52.368806199999938, -28.275162399999942 ], [ -52.368185899999958, -28.27517679999994 ], [ -52.367690499999981, -28.275017799999944 ], [ -52.367138, -28.275914199999931 ], [ -52.36623, -28.276191799999935 ], [ -52.36541909999994, -28.27568 ], [ -52.364915599999961, -28.275527099999977 ], [ -52.363775, -28.275781799999947 ] ] ] } },
{ "type": "Feature", "properties": { "id": "431410005120013", "cn22_pop03_20a59_tot_2": 0.57321428571428568, "bas.v0001": 1120, "dem.v01035": 76, "dem.v01036": 92, "dem.v01037": 161, "dem.v01038": 183, "dem.v01039": 130, "cn22_pop01_res_tot_0": 1120, "cn22_pop03_20a59_tot_1": 642 }, "geometry": { "type": "Polygon", "coordinates": [ [ [ -52.374044699999956, -28.282538 ], [ -52.373263899999984, -28.283054899999968 ], [ -52.37302509999995, -28.283201899999938 ], [ -52.371791299999984, -28.284006799999929 ], [ -52.371575699999937, -28.28415739999997 ], [ -52.371064, -28.284472799999946 ], [ -52.370051299999943, -28.285117299999968 ], [ -52.369756099999961, -28.285319899999934 ], [ -52.368629599999963, -28.286008899999956 ], [ -52.367826699999966, -28.286571699999968 ], [ -52.366100899999935, -28.287631099999942 ], [ -52.365803599999936, -28.287780099999964 ], [ -52.365467299999978, -28.287933899999928 ], [ -52.365194499999973, -28.288037899999949 ], [ -52.364751699999943, -28.288177599999983 ], [ -52.363168799999983, -28.288566299999957 ], [ -52.362734, -28.288700399999982 ], [ -52.361864199999957, -28.288746699999933 ], [ -52.362146899999971, -28.289021499999933 ], [ -52.362419099999954, -28.289135499999929 ], [ -52.362668299999939, -28.289195 ], [ -52.362776899999972, -28.289305 ], [ -52.363468599999976, -28.289521499999978 ], [ -52.363858, -28.289646499999947 ], [ -52.36556029999997, -28.290155199999958 ], [ -52.366186499999969, -28.290311499999973 ], [ -52.367038299999933, -28.290448499999968 ], [ -52.367637499999944, -28.290493899999944 ], [ -52.368583099999967, -28.290524199999936 ], [ -52.36926079999995, -28.290446699999961 ], [ -52.369823599999961, -28.29036009999993 ], [ -52.370551099999943, -28.290183699999943 ], [ -52.371628299999941, -28.289978799999972 ], [ -52.372296, -28.289942599999961 ], [ -52.372984899999949, -28.289950099999942 ], [ -52.373508199999947, -28.290008099999966 ], [ -52.373797699999955, -28.290055 ], [ -52.373804, -28.289759699999934 ], [ -52.373847, -28.289389699999958 ], [ -52.373906299999931, -28.288944099999981 ], [ -52.373965299999952, -28.28835 ], [ -52.37383959999994, -28.287973099999931 ], [ -52.373730899999941, -28.287714199999982 ], [ -52.374843199999987, -28.287197899999967 ], [ -52.375531099999932, -28.286861399999964 ], [ -52.376541699999962, -28.288494899999932 ], [ -52.376572499999952, -28.289300699999956 ], [ -52.376792299999977, -28.289577399999928 ], [ -52.376870199999985, -28.289604299999951 ], [ -52.376962799999944, -28.289606699999979 ], [ -52.377267699999948, -28.289505399999939 ], [ -52.377284799999984, -28.289350799999966 ], [ -52.377236499999981, -28.288579299999981 ], [ -52.377284799999984, -28.288342199999931 ], [ -52.377319899999975, -28.288251399999979 ], [ -52.377365199999986, -28.288178499999958 ], [ -52.377909299999942, -28.28791149999995 ], [ -52.375840699999969, -28.284447299999954 ], [ -52.375608499999942, -28.284083599999974 ], [ -52.376920799999937, -28.283942299999978 ], [ -52.377192499999978, -28.283737499999972 ], [ -52.37746089999996, -28.283631499999956 ], [ -52.377751799999942, -28.283605499999965 ], [ -52.378305499999954, -28.283366799999953 ], [ -52.378374699999938, -28.283201599999984 ], [ -52.378093599999943, -28.282837699999959 ], [ -52.377077399999962, -28.281575399999952 ], [ -52.378304, -28.280722699999956 ], [ -52.378118499999971, -28.280472599999939 ], [ -52.377841799999942, -28.280097299999966 ], [ -52.377026099999966, -28.280610099999933 ], [ -52.376534499999934, -28.280911599999968 ], [ -52.374647899999957, -28.28214029999998 ], [ -52.374044699999956, -28.282538 ] ] ] } },
{ "type": "Feature", "properties": { "id": "431410005120014", "cn22_pop03_20a59_tot_2": 0.54313725490196074, "bas.v0001": 510, "dem.v01035": 40, "dem.v01036": 31, "dem.v01037": 78, "dem.v01038": 69, "dem.v01039": 59, "cn22_pop01_res_tot_0": 510, "cn22_pop03_20a59_tot_1": 277 }, "geometry": { "type": "Polygon", "coordinates": [ [ [ -52.373797699999955, -28.290055 ], [ -52.374205399999937, -28.29013249999997 ], [ -52.374953799999957, -28.29029369999995 ], [ -52.37534439999996, -28.290390599999967 ], [ -52.375800499999968, -28.290497399999936 ], [ -52.376725299999976, -28.290667199999973 ], [ -52.376864699999942, -28.290683 ], [ -52.376789499999973, -28.290623499999981 ], [ -52.376713299999949, -28.290578899999957 ], [ -52.376351, -28.290482 ], [ -52.376316499999973, -28.290461299999947 ], [ -52.376297799999975, -28.290424499999972 ], [ -52.376294399999949, -28.290397299999938 ], [ -52.37629789999994, -28.290364899999929 ], [ -52.376318, -28.290317499999958 ], [ -52.376467199999979, -28.290066699999954 ], [ -52.376528699999938, -28.289889899999935 ], [ -52.376572499999952, -28.289300699999956 ], [ -52.376541699999962, -28.288494899999932 ], [ -52.375531099999932, -28.286861399999964 ], [ -52.374843199999987, -28.287197899999967 ], [ -52.373730899999941, -28.287714199999982 ], [ -52.37383959999994, -28.287973099999931 ], [ -52.373965299999952, -28.28835 ], [ -52.373906299999931, -28.288944099999981 ], [ -52.373847, -28.289389699999958 ], [ -52.373804, -28.289759699999934 ], [ -52.373797699999955, -28.290055 ] ] ] } },
{ "type": "Feature", "properties": { "id": "431410005120015", "cn22_pop03_20a59_tot_2": 0.5, "bas.v0001": 90, "dem.v01035": 5, "dem.v01036": 10, "dem.v01037": 17, "dem.v01038": 7, "dem.v01039": 6, "cn22_pop01_res_tot_0": 90, "cn22_pop03_20a59_tot_1": 45 }, "geometry": { "type": "Polygon", "coordinates": [ [ [ -52.376572499999952, -28.289300699999956 ], [ -52.376528699999938, -28.289889899999935 ], [ -52.376467199999979, -28.290066699999954 ], [ -52.376318, -28.290317499999958 ], [ -52.37629789999994, -28.290364899999929 ], [ -52.376294399999949, -28.290397299999938 ], [ -52.376297799999975, -28.290424499999972 ], [ -52.376316499999973, -28.290461299999947 ], [ -52.376351, -28.290482 ], [ -52.376713299999949, -28.290578899999957 ], [ -52.376789499999973, -28.290623499999981 ], [ -52.376864699999942, -28.290683 ], [ -52.377452799999958, -28.290710099999956 ], [ -52.378063699999984, -28.290683299999955 ], [ -52.378501899999947, -28.290628499999968 ], [ -52.379234699999984, -28.290496399999938 ], [ -52.380291, -28.290212799999949 ], [ -52.381863499999952, -28.289775099999929 ], [ -52.381790699999954, -28.289526499999965 ], [ -52.381508, -28.289188199999955 ], [ -52.381050699999946, -28.288757799999928 ], [ -52.381015, -28.288676 ], [ -52.380675799999949, -28.288150499999972 ], [ -52.380524, -28.287764 ], [ -52.380489799999964, -28.28717039999998 ], [ -52.380071099999952, -28.286645799999974 ], [ -52.379614199999935, -28.286238799999978 ], [ -52.379236499999934, -28.285807599999941 ], [ -52.37901949999997, -28.285426199999961 ], [ -52.378219399999978, -28.285210499999948 ], [ -52.37761809999995, -28.28499359999995 ], [ -52.377057, -28.284728499999972 ], [ -52.37641629999996, -28.284465099999977 ], [ -52.375840699999969, -28.284447299999954 ], [ -52.377909299999942, -28.28791149999995 ], [ -52.377365199999986, -28.288178499999958 ], [ -52.377319899999975, -28.288251399999979 ], [ -52.377284799999984, -28.288342199999931 ], [ -52.377236499999981, -28.288579299999981 ], [ -52.377284799999984, -28.289350799999966 ], [ -52.377267699999948, -28.289505399999939 ], [ -52.376962799999944, -28.289606699999979 ], [ -52.376870199999985, -28.289604299999951 ], [ -52.376792299999977, -28.289577399999928 ], [ -52.376572499999952, -28.289300699999956 ] ] ] } },
{ "type": "Feature", "properties": { "id": "431410005120016", "cn22_pop03_20a59_tot_2": 0.5947169811320755, "bas.v0001": 1325, "dem.v01035": 103, "dem.v01036": 104, "dem.v01037": 184, "dem.v01038": 225, "dem.v01039": 172, "cn22_pop01_res_tot_0": 1325, "cn22_pop03_20a59_tot_1": 788 }, "geometry": { "type": "Polygon", "coordinates": [ [ [ -52.361864199999957, -28.288746699999933 ], [ -52.362734, -28.288700399999982 ], [ -52.363168799999983, -28.288566299999957 ], [ -52.364751699999943, -28.288177599999983 ], [ -52.365194499999973, -28.288037899999949 ], [ -52.365467299999978, -28.287933899999928 ], [ -52.365803599999936, -28.287780099999964 ], [ -52.366100899999935, -28.287631099999942 ], [ -52.367826699999966, -28.286571699999968 ], [ -52.368629599999963, -28.286008899999956 ], [ -52.369756099999961, -28.285319899999934 ], [ -52.370051299999943, -28.285117299999968 ], [ -52.371064, -28.284472799999946 ], [ -52.371008899999936, -28.284318299999939 ], [ -52.370631199999934, -28.28339909999994 ], [ -52.370113299999957, -28.283534699999962 ], [ -52.369906299999968, -28.283573599999954 ], [ -52.368453499999987, -28.283487899999955 ], [ -52.366563399999961, -28.28354319999994 ], [ -52.366546899999946, -28.282885299999975 ], [ -52.365014199999962, -28.282916599999965 ], [ -52.362571299999956, -28.282764899999961 ], [ -52.362393199999985, -28.282675899999958 ], [ -52.362322199999937, -28.28266009999993 ], [ -52.361818399999947, -28.285062599999947 ], [ -52.361421599999971, -28.286894899999936 ], [ -52.361364599999945, -28.287322499999959 ], [ -52.361350799999968, -28.287550299999964 ], [ -52.36137089999994, -28.287845499999946 ], [ -52.36168, -28.288498899999979 ], [ -52.361864199999957, -28.288746699999933 ] ] ] } },
{ "type": "Feature", "properties": { "id": "431410005130001", "cn22_pop03_20a59_tot_2": 0.47826086956521741, "bas.v0001": 23, "dem.v01035": 3, "dem.v01036": null, "dem.v01037": 4, "dem.v01038": 4, "dem.v01039": null, "cn22_pop01_res_tot_0": 23, "cn22_pop03_20a59_tot_1": 11 }, "geometry": { "type": "Polygon", "coordinates": [ [ [ -52.396896899999945, -28.29194149999995 ], [ -52.396796299999949, -28.291804899999931 ], [ -52.396731, -28.291400099999976 ], [ -52.396663699999976, -28.291201099999967 ], [ -52.396547299999952, -28.291065 ], [ -52.396345099999962, -28.290954599999964 ], [ -52.39610609999994, -28.29091139999997 ], [ -52.39576889999995, -28.290891599999952 ], [ -52.395351199999936, -28.290820399999973 ], [ -52.395118299999979, -28.290711899999962 ], [ -52.395057399999985, -28.290628799999979 ], [ -52.395043599999951, -28.290517399999942 ], [ -52.395068299999934, -28.290319699999941 ], [ -52.395046299999933, -28.289892499999951 ], [ -52.395025299999986, -28.28964 ], [ -52.394914, -28.28942909999995 ], [ -52.394451499999946, -28.288992299999961 ], [ -52.394177, -28.288649199999952 ], [ -52.394006399999967, -28.288310099999933 ], [ -52.393859299999974, -28.287672399999963 ], [ -52.390167699999949, -28.287725599999931 ], [ -52.390093499999978, -28.287727399999937 ], [ -52.389149499999974, -28.287759799999947 ], [ -52.388953399999934, -28.287778299999957 ], [ -52.388603199999977, -28.287820299999964 ], [ -52.388294199999962, -28.287863899999934 ], [ -52.387863899999957, -28.287943799999937 ], [ -52.387013499999966, -28.288132899999937 ], [ -52.386325899999974, -28.288346899999965 ], [ -52.388667, -28.290923799999973 ], [ -52.388904799999978, -28.29116769999996 ], [ -52.389022399999931, -28.291315899999972 ], [ -52.38922789999998, -28.291599199999951 ], [ -52.389488299999982, -28.291990099999964 ], [ -52.389557299999979, -28.292284599999959 ], [ -52.389672, -28.292854099999943 ], [ -52.389746199999934, -28.293457499999931 ], [ -52.389828099999932, -28.293450899999982 ], [ -52.393257299999959, -28.292824199999984 ], [ -52.397248099999956, -28.292078199999935 ], [ -52.397070399999961, -28.292041199999971 ], [ -52.396896899999945, -28.29194149999995 ] ] ] } },
{ "type": "Feature", "properties": { "id": "431410005130002", "cn22_pop03_20a59_tot_2": 0.58713578889499729, "bas.v0001": 1819, "dem.v01035": 112, "dem.v01036": 162, "dem.v01037": 331, "dem.v01038": 272, "dem.v01039": 191, "cn22_pop01_res_tot_0": 1819, "cn22_pop03_20a59_tot_1": 1068 }, "geometry": { "type": "Polygon", "coordinates": [ [ [ -52.398975199999938, -28.292170399999975 ], [ -52.398926699999947, -28.292087199999969 ], [ -52.398841199999936, -28.292041799999936 ], [ -52.398746399999936, -28.292038499999933 ], [ -52.39848109999997, -28.292097399999932 ], [ -52.398370699999987, -28.292125699999929 ], [ -52.39832169999994, -28.292128399999967 ], [ -52.398278799999957, -28.292112799999984 ], [ -52.398145899999975, -28.292018599999949 ], [ -52.398068899999942, -28.292005099999983 ], [ -52.397974099999942, -28.292013199999928 ], [ -52.397806699999933, -28.292071299999975 ], [ -52.397693299999958, -28.292098099999976 ], [ -52.397566199999972, -28.292108699999972 ], [ -52.397419799999966, -28.292102499999942 ], [ -52.397248099999956, -28.292078199999935 ], [ -52.393257299999959, -28.292824199999984 ], [ -52.389828099999932, -28.293450899999982 ], [ -52.389746199999934, -28.293457499999931 ], [ -52.389779399999952, -28.293765399999984 ], [ -52.389355199999954, -28.294554299999959 ], [ -52.389099599999952, -28.294966599999952 ], [ -52.388943099999949, -28.295629099999928 ], [ -52.388817099999983, -28.296139199999971 ], [ -52.388540899999953, -28.29699329999994 ], [ -52.388562599999943, -28.297087199999964 ], [ -52.38949729999996, -28.300377099999935 ], [ -52.38943839999996, -28.300862399999971 ], [ -52.387721699999986, -28.301140699999962 ], [ -52.387986399999932, -28.302050399999928 ], [ -52.387129799999968, -28.302363299999968 ], [ -52.388743, -28.305951799999946 ], [ -52.391396699999973, -28.306100499999957 ], [ -52.39106849999996, -28.309446899999955 ], [ -52.389910699999973, -28.309892899999966 ], [ -52.388906599999984, -28.310554699999955 ], [ -52.392907099999945, -28.310688099999936 ], [ -52.393542099999934, -28.308944299999951 ], [ -52.394750299999941, -28.30845359999995 ], [ -52.396002099999976, -28.307398399999954 ], [ -52.397733499999958, -28.30434 ], [ -52.39601289999996, -28.30431429999993 ], [ -52.395571199999949, -28.304242399999964 ], [ -52.395885299999975, -28.302274099999977 ], [ -52.395871099999965, -28.301188499999967 ], [ -52.394717399999934, -28.301369899999941 ], [ -52.394700599999965, -28.298546099999953 ], [ -52.398355599999945, -28.296305599999982 ], [ -52.398737599999947, -28.295735799999932 ], [ -52.398632099999986, -28.29523329999995 ], [ -52.398717599999941, -28.294982399999981 ], [ -52.398843599999964, -28.294640799999968 ], [ -52.399017299999969, -28.294352899999978 ], [ -52.399107899999933, -28.294111899999962 ], [ -52.399241299999971, -28.293937299999982 ], [ -52.399319699999978, -28.293853499999955 ], [ -52.399202599999967, -28.293711099999939 ], [ -52.399187099999949, -28.293540699999937 ], [ -52.399185699999975, -28.293428799999958 ], [ -52.399160499999937, -28.293375799999978 ], [ -52.399079699999959, -28.29327829999994 ], [ -52.398967899999946, -28.293160599999965 ], [ -52.398873199999969, -28.293083699999954 ], [ -52.398815199999945, -28.292961299999945 ], [ -52.398824799999943, -28.292802399999971 ], [ -52.398813, -28.29258649999997 ], [ -52.398825099999954, -28.292511199999979 ], [ -52.398864399999979, -28.292432799999972 ], [ -52.398933299999953, -28.292372599999965 ], [ -52.398983099999953, -28.292289199999971 ], [ -52.398986699999966, -28.292229099999929 ], [ -52.398975199999938, -28.292170399999975 ] ] ] } },
{ "type": "Feature", "properties": { "id": "431410005130003", "cn22_pop03_20a59_tot_2": 0.55072463768115942, "bas.v0001": 276, "dem.v01035": 21, "dem.v01036": 16, "dem.v01037": 41, "dem.v01038": 35, "dem.v01039": 39, "cn22_pop01_res_tot_0": 276, "cn22_pop03_20a59_tot_1": 152 }, "geometry": { "type": "Polygon", "coordinates": [ [ [ -52.381863499999952, -28.289775099999929 ], [ -52.380291, -28.290212799999949 ], [ -52.379234699999984, -28.290496399999938 ], [ -52.378501899999947, -28.290628499999968 ], [ -52.378063699999984, -28.290683299999955 ], [ -52.377452799999958, -28.290710099999956 ], [ -52.376864699999942, -28.290683 ], [ -52.376725299999976, -28.290667199999973 ], [ -52.375800499999968, -28.290497399999936 ], [ -52.37534439999996, -28.290390599999967 ], [ -52.374953799999957, -28.29029369999995 ], [ -52.374205399999937, -28.29013249999997 ], [ -52.373797699999955, -28.290055 ], [ -52.373508199999947, -28.290008099999966 ], [ -52.372984899999949, -28.289950099999942 ], [ -52.372296, -28.289942599999961 ], [ -52.371628299999941, -28.289978799999972 ], [ -52.370551099999943, -28.290183699999943 ], [ -52.369823599999961, -28.29036009999993 ], [ -52.36926079999995, -28.290446699999961 ], [ -52.368583099999967, -28.290524199999936 ], [ -52.367637499999944, -28.290493899999944 ], [ -52.367038299999933, -28.290448499999968 ], [ -52.366186499999969, -28.290311499999973 ], [ -52.36556029999997, -28.290155199999958 ], [ -52.363858, -28.289646499999947 ], [ -52.363468599999976, -28.289521499999978 ], [ -52.362776899999972, -28.289305 ], [ -52.362668299999939, -28.289195 ], [ -52.362419099999954, -28.289135499999929 ], [ -52.362146899999971, -28.289021499999933 ], [ -52.361864199999957, -28.288746699999933 ], [ -52.361345399999948, -28.288921799999969 ], [ -52.36060029999993, -28.289239 ], [ -52.36008819999995, -28.289360299999942 ], [ -52.359036599999968, -28.289631499999928 ], [ -52.356373, -28.290315599999929 ], [ -52.355020899999943, -28.290680899999984 ], [ -52.354949, -28.29069839999994 ], [ -52.353975299999945, -28.290937699999972 ], [ -52.353000799999961, -28.291190699999959 ], [ -52.352376499999934, -28.291356 ], [ -52.350736099999949, -28.291781699999945 ], [ -52.350774, -28.293830199999945 ], [ -52.350777299999947, -28.293906 ], [ -52.350789299999974, -28.29395379999994 ], [ -52.350828299999932, -28.294010899999932 ], [ -52.350890499999934, -28.294066199999975 ], [ -52.351617499999975, -28.294464699999935 ], [ -52.352083, -28.294614 ], [ -52.361040899999978, -28.291911699999957 ], [ -52.362109199999963, -28.291967899999975 ], [ -52.362499, -28.292151699999977 ], [ -52.363065199999937, -28.292338299999983 ], [ -52.363422299999968, -28.292430399999944 ], [ -52.363729299999932, -28.292519399999946 ], [ -52.364114899999947, -28.292613 ], [ -52.364577299999951, -28.292729399999928 ], [ -52.365034299999934, -28.29282319999993 ], [ -52.365488099999936, -28.292912499999943 ], [ -52.365955099999951, -28.292991799999982 ], [ -52.36645249999998, -28.293054499999982 ], [ -52.366868199999942, -28.293103599999938 ], [ -52.367862199999934, -28.293168499999979 ], [ -52.368527799999981, -28.29315459999998 ], [ -52.36911779999997, -28.293126199999961 ], [ -52.369765599999937, -28.29306639999993 ], [ -52.370390899999961, -28.292927499999962 ], [ -52.370592399999964, -28.292897499999981 ], [ -52.371054699999945, -28.292849499999932 ], [ -52.37172419999996, -28.29273539999997 ], [ -52.372321899999974, -28.292585899999949 ], [ -52.372666199999969, -28.292485799999952 ], [ -52.372977299999945, -28.292487199999982 ], [ -52.373421099999973, -28.292508 ], [ -52.373807799999952, -28.292686499999945 ], [ -52.375481699999966, -28.292976499999952 ], [ -52.378567499999974, -28.293392099999949 ], [ -52.380494599999963, -28.293225499999949 ], [ -52.382520899999975, -28.292771799999969 ], [ -52.383379499999933, -28.292473199999961 ], [ -52.384577599999943, -28.292068699999959 ], [ -52.386921, -28.291061099999979 ], [ -52.388540899999953, -28.29699329999994 ], [ -52.388817099999983, -28.296139199999971 ], [ -52.388943099999949, -28.295629099999928 ], [ -52.389099599999952, -28.294966599999952 ], [ -52.389355199999954, -28.294554299999959 ], [ -52.389779399999952, -28.293765399999984 ], [ -52.389746199999934, -28.293457499999931 ], [ -52.389672, -28.292854099999943 ], [ -52.389557299999979, -28.292284599999959 ], [ -52.389488299999982, -28.291990099999964 ], [ -52.38922789999998, -28.291599199999951 ], [ -52.389022399999931, -28.291315899999972 ], [ -52.388904799999978, -28.29116769999996 ], [ -52.388667, -28.290923799999973 ], [ -52.386325899999974, -28.288346899999965 ], [ -52.381863499999952, -28.289775099999929 ] ] ] } },
{ "type": "Feature", "properties": { "id": "431410005150006", "cn22_pop03_20a59_tot_2": 0.54065469904963037, "bas.v0001": 947, "dem.v01035": 37, "dem.v01036": 52, "dem.v01037": 134, "dem.v01038": 177, "dem.v01039": 112, "cn22_pop01_res_tot_0": 947, "cn22_pop03_20a59_tot_1": 512 }, "geometry": { "type": "Polygon", "coordinates": [ [ [ -52.410748499999954, -28.248319099999947 ], [ -52.409271599999954, -28.251268399999958 ], [ -52.410523399999931, -28.251771099999928 ], [ -52.411813099999961, -28.252241899999945 ], [ -52.413080199999968, -28.252727 ], [ -52.414833699999974, -28.252269399999932 ], [ -52.415299299999958, -28.251266599999951 ], [ -52.415775599999961, -28.250288099999977 ], [ -52.416280699999959, -28.250455299999942 ], [ -52.416633799999943, -28.250514599999974 ], [ -52.416881299999943, -28.250516499999947 ], [ -52.417195899999967, -28.250078199999962 ], [ -52.415623399999959, -28.24945809999997 ], [ -52.414050499999973, -28.24883669999997 ], [ -52.412550299999964, -28.248247599999956 ], [ -52.412241399999971, -28.248905499999978 ], [ -52.411998599999947, -28.24881019999998 ], [ -52.410748499999954, -28.248319099999947 ] ] ] } },
{ "type": "Feature", "properties": { "id": "431410005150007", "cn22_pop03_20a59_tot_2": 0.58775510204081638, "bas.v0001": 490, "dem.v01035": 36, "dem.v01036": 42, "dem.v01037": 85, "dem.v01038": 67, "dem.v01039": 58, "cn22_pop01_res_tot_0": 490, "cn22_pop03_20a59_tot_1": 288 }, "geometry": { "type": "Polygon", "coordinates": [ [ [ -52.418363199999931, -28.248361199999977 ], [ -52.417708299999958, -28.249382 ], [ -52.417195899999967, -28.250078199999962 ], [ -52.416881299999943, -28.250516499999947 ], [ -52.418546399999968, -28.250540199999932 ], [ -52.419433099999935, -28.250044199999934 ], [ -52.420341199999939, -28.249483099999964 ], [ -52.421556, -28.248777399999938 ], [ -52.422325199999932, -28.248312399999975 ], [ -52.42203319999993, -28.248297199999968 ], [ -52.421812199999977, -28.248269099999959 ], [ -52.421494199999984, -28.248212399999943 ], [ -52.421149199999945, -28.24812849999995 ], [ -52.420881699999939, -28.248052599999937 ], [ -52.420499899999982, -28.247923199999946 ], [ -52.420334799999978, -28.247853199999952 ], [ -52.419972399999949, -28.24762839999994 ], [ -52.419646799999953, -28.247419899999954 ], [ -52.418945, -28.247872299999983 ], [ -52.418697499999951, -28.248366699999963 ], [ -52.418363199999931, -28.248361199999977 ] ] ] } },
{ "type": "Feature", "properties": { "id": "431410005130004", "cn22_pop03_20a59_tot_2": 0.38235294117647056, "bas.v0001": 34, "dem.v01035": 0, "dem.v01036": null, "dem.v01037": 4, "dem.v01038": 6, "dem.v01039": 3, "cn22_pop01_res_tot_0": 34, "cn22_pop03_20a59_tot_1": 13 }, "geometry": { "type": "Polygon", "coordinates": [ [ [ -52.388562599999943, -28.297087199999964 ], [ -52.388058499999943, -28.297994 ], [ -52.387524799999937, -28.29921939999997 ], [ -52.387243499999954, -28.299515 ], [ -52.386357699999962, -28.300263399999949 ], [ -52.386065699999961, -28.301678199999969 ], [ -52.386140399999931, -28.302213499999937 ], [ -52.38668819999998, -28.303183299999944 ], [ -52.386809299999982, -28.304426399999954 ], [ -52.386939299999938, -28.304951899999935 ], [ -52.386819099999968, -28.306222599999955 ], [ -52.386372199999983, -28.309188 ], [ -52.386517799999979, -28.309731399999976 ], [ -52.387126699999953, -28.310901599999966 ], [ -52.387755899999945, -28.31253959999998 ], [ -52.387888799999985, -28.313217399999928 ], [ -52.387795199999971, -28.31383059999996 ], [ -52.388836399999946, -28.313866799999971 ], [ -52.390119699999957, -28.319153899999947 ], [ -52.39069029999996, -28.31958149999997 ], [ -52.39140539999994, -28.31966019999993 ], [ -52.392468399999984, -28.31936509999997 ], [ -52.39305319999994, -28.319395199999974 ], [ -52.393861299999969, -28.319653199999948 ], [ -52.393916899999965, -28.319928799999957 ], [ -52.393883799999969, -28.320514 ], [ -52.39443179999995, -28.320490799999959 ], [ -52.39466909999993, -28.320203499999934 ], [ -52.394402099999979, -28.319681099999968 ], [ -52.394817499999931, -28.319341599999973 ], [ -52.395054799999969, -28.319106499999975 ], [ -52.395054799999969, -28.318897499999935 ], [ -52.395232799999974, -28.318479599999932 ], [ -52.395826199999931, -28.318270699999971 ], [ -52.396894299999985, -28.318140099999937 ], [ -52.39754709999994, -28.31800949999996 ], [ -52.39787339999998, -28.317983399999946 ], [ -52.39787339999998, -28.318244599999957 ], [ -52.397725099999946, -28.31881919999995 ], [ -52.397992099999954, -28.318923699999971 ], [ -52.398348199999987, -28.319158699999946 ], [ -52.39867449999997, -28.31936769999993 ], [ -52.399772299999938, -28.318793099999937 ], [ -52.400009699999941, -28.31881919999995 ], [ -52.400306399999977, -28.319002 ], [ -52.400781099999961, -28.31881919999995 ], [ -52.401404099999979, -28.318349099999978 ], [ -52.40155249999998, -28.317696099999978 ], [ -52.401908499999934, -28.317095299999949 ], [ -52.401908499999934, -28.31688639999993 ], [ -52.401819499999931, -28.316781899999967 ], [ -52.401493199999948, -28.316572899999983 ], [ -52.401196499999969, -28.316337899999951 ], [ -52.401226099999974, -28.316102799999953 ], [ -52.401374499999974, -28.315737099999978 ], [ -52.401641499999982, -28.31552819999996 ], [ -52.402205199999969, -28.31542369999994 ], [ -52.402442599999972, -28.315084099999979 ], [ -52.402472299999943, -28.314666199999976 ], [ -52.402828299999953, -28.314169899999968 ], [ -52.402858, -28.313569199999961 ], [ -52.403392, -28.313334099999963 ], [ -52.40357, -28.312837799999954 ], [ -52.40354039999994, -28.312289299999975 ], [ -52.403243699999962, -28.312080299999934 ], [ -52.402976599999931, -28.311531799999955 ], [ -52.403214, -28.310722 ], [ -52.40357, -28.310343299999943 ], [ -52.404015099999981, -28.30974249999997 ], [ -52.404519499999935, -28.308253599999944 ], [ -52.404460099999937, -28.30726089999996 ], [ -52.404311799999959, -28.30645119999997 ], [ -52.403362399999935, -28.305354 ], [ -52.403273299999967, -28.304805499999929 ], [ -52.403451399999938, -28.304074 ], [ -52.403392, -28.302820099999963 ], [ -52.402323899999942, -28.30133109999997 ], [ -52.400721699999963, -28.299450199999967 ], [ -52.400009699999941, -28.298771 ], [ -52.398941599999944, -28.297882799999968 ], [ -52.398466799999937, -28.297177499999975 ], [ -52.398355599999945, -28.296305599999982 ], [ -52.394700599999965, -28.298546099999953 ], [ -52.394717399999934, -28.301369899999941 ], [ -52.395871099999965, -28.301188499999967 ], [ -52.395885299999975, -28.302274099999977 ], [ -52.395571199999949, -28.304242399999964 ], [ -52.39601289999996, -28.30431429999993 ], [ -52.397733499999958, -28.30434 ], [ -52.396002099999976, -28.307398399999954 ], [ -52.394750299999941, -28.30845359999995 ], [ -52.393542099999934, -28.308944299999951 ], [ -52.392907099999945, -28.310688099999936 ], [ -52.388906599999984, -28.310554699999955 ], [ -52.389910699999973, -28.309892899999966 ], [ -52.39106849999996, -28.309446899999955 ], [ -52.391396699999973, -28.306100499999957 ], [ -52.388743, -28.305951799999946 ], [ -52.387129799999968, -28.302363299999968 ], [ -52.387986399999932, -28.302050399999928 ], [ -52.387721699999986, -28.301140699999962 ], [ -52.38943839999996, -28.300862399999971 ], [ -52.38949729999996, -28.300377099999935 ], [ -52.388562599999943, -28.297087199999964 ] ] ] } },
{ "type": "Feature", "properties": { "id": "431410005130005", "cn22_pop03_20a59_tot_2": 0.61224489795918369, "bas.v0001": 294, "dem.v01035": 14, "dem.v01036": 24, "dem.v01037": 66, "dem.v01038": 38, "dem.v01039": 38, "cn22_pop01_res_tot_0": 294, "cn22_pop03_20a59_tot_1": 180 }, "geometry": { "type": "Polygon", "coordinates": [ [ [ -52.344380299999955, -28.295329899999956 ], [ -52.344668, -28.295680699999934 ], [ -52.345004899999935, -28.295998899999972 ], [ -52.345348599999966, -28.296418299999971 ], [ -52.345474799999977, -28.296656 ], [ -52.345835399999942, -28.297509799999943 ], [ -52.345891499999937, -28.297529 ], [ -52.347544199999959, -28.296601099999975 ], [ -52.349532099999976, -28.295503899999972 ], [ -52.352083, -28.294614 ], [ -52.351617499999975, -28.294464699999935 ], [ -52.350890499999934, -28.294066199999975 ], [ -52.350828299999932, -28.294010899999932 ], [ -52.350789299999974, -28.29395379999994 ], [ -52.350777299999947, -28.293906 ], [ -52.350774, -28.293830199999945 ], [ -52.350736099999949, -28.291781699999945 ], [ -52.34918719999996, -28.292166299999963 ], [ -52.348676499999954, -28.292298099999982 ], [ -52.348381699999948, -28.292388899999935 ], [ -52.347995199999957, -28.292549799999961 ], [ -52.347736899999973, -28.29267729999998 ], [ -52.347464799999955, -28.292836499999964 ], [ -52.347036099999968, -28.293134899999984 ], [ -52.346328099999937, -28.293702199999927 ], [ -52.345810599999936, -28.294114699999966 ], [ -52.345171, -28.294634799999983 ], [ -52.344584899999973, -28.295145599999955 ], [ -52.344380299999955, -28.295329899999956 ] ] ] } },
{ "type": "Feature", "properties": { "id": "431410005130006", "cn22_pop03_20a59_tot_2": null, "bas.v0001": 3, "dem.v01035": null, "dem.v01036": null, "dem.v01037": null, "dem.v01038": null, "dem.v01039": null, "cn22_pop01_res_tot_0": 3, "cn22_pop03_20a59_tot_1": null }, "geometry": { "type": "Polygon", "coordinates": [ [ [ -52.383379499999933, -28.292473199999961 ], [ -52.383845199999939, -28.292956699999934 ], [ -52.384587, -28.295621399999959 ], [ -52.385165499999971, -28.296104699999944 ], [ -52.385580899999979, -28.296836199999973 ], [ -52.385640199999955, -28.297175799999934 ], [ -52.385625399999981, -28.297998699999937 ], [ -52.385996299999931, -28.298743299999956 ], [ -52.386233599999969, -28.299487799999952 ], [ -52.386357699999962, -28.300263399999949 ], [ -52.387243499999954, -28.299515 ], [ -52.387524799999937, -28.29921939999997 ], [ -52.388058499999943, -28.297994 ], [ -52.388562599999943, -28.297087199999964 ], [ -52.388540899999953, -28.29699329999994 ], [ -52.386921, -28.291061099999979 ], [ -52.384577599999943, -28.292068699999959 ], [ -52.383379499999933, -28.292473199999961 ] ] ] } },
{ "type": "Feature", "properties": { "id": "431410005140001", "cn22_pop03_20a59_tot_2": 0.6039325842696629, "bas.v0001": 2136, "dem.v01035": 165, "dem.v01036": 147, "dem.v01037": 419, "dem.v01038": 316, "dem.v01039": 243, "cn22_pop01_res_tot_0": 2136, "cn22_pop03_20a59_tot_1": 1290 }, "geometry": { "type": "Polygon", "coordinates": [ [ [ -52.351249499999938, -28.289409599999942 ], [ -52.352176899999961, -28.290240399999959 ], [ -52.352853699999969, -28.290924799999971 ], [ -52.353000799999961, -28.291190699999959 ], [ -52.353975299999945, -28.290937699999972 ], [ -52.354949, -28.29069839999994 ], [ -52.355020899999943, -28.290680899999984 ], [ -52.356373, -28.290315599999929 ], [ -52.359036599999968, -28.289631499999928 ], [ -52.36008819999995, -28.289360299999942 ], [ -52.36060029999993, -28.289239 ], [ -52.361345399999948, -28.288921799999969 ], [ -52.361864199999957, -28.288746699999933 ], [ -52.36168, -28.288498899999979 ], [ -52.36137089999994, -28.287845499999946 ], [ -52.361350799999968, -28.287550299999964 ], [ -52.361364599999945, -28.287322499999959 ], [ -52.361421599999971, -28.286894899999936 ], [ -52.361818399999947, -28.285062599999947 ], [ -52.362322199999937, -28.28266009999993 ], [ -52.363411, -28.277465799999959 ], [ -52.363775, -28.275781799999947 ], [ -52.363788399999976, -28.275756199999933 ], [ -52.362825499999985, -28.275843099999975 ], [ -52.361582199999987, -28.275718299999937 ], [ -52.359978, -28.275440899999978 ], [ -52.359446799999944, -28.275436299999967 ], [ -52.358368699999971, -28.275634699999955 ], [ -52.357172799999944, -28.275958 ], [ -52.355886599999963, -28.276234299999942 ], [ -52.354845899999987, -28.276569599999959 ], [ -52.353985099999932, -28.277033899999935 ], [ -52.353199599999982, -28.277715899999976 ], [ -52.352581499999985, -28.278422399999954 ], [ -52.352217, -28.278626299999928 ], [ -52.351549099999943, -28.279182599999956 ], [ -52.35093349999994, -28.279763599999967 ], [ -52.350280299999952, -28.280194299999948 ], [ -52.349563499999931, -28.280509099999961 ], [ -52.349301799999978, -28.280702099999928 ], [ -52.348986399999944, -28.281078899999955 ], [ -52.348177199999952, -28.281588699999929 ], [ -52.347552, -28.281813299999953 ], [ -52.346861199999978, -28.28217479999995 ], [ -52.346427099999971, -28.282676399999957 ], [ -52.346093499999938, -28.283557 ], [ -52.345759699999974, -28.284334599999966 ], [ -52.345751299999961, -28.285045899999943 ], [ -52.345778799999948, -28.285287599999947 ], [ -52.350923599999931, -28.289068399999962 ], [ -52.351249499999938, -28.289409599999942 ] ] ] } },
{ "type": "Feature", "properties": { "id": "431410005140002", "cn22_pop03_20a59_tot_2": null, "bas.v0001": 46, "dem.v01035": null, "dem.v01036": null, "dem.v01037": null, "dem.v01038": null, "dem.v01039": null, "cn22_pop01_res_tot_0": 46, "cn22_pop03_20a59_tot_1": null }, "geometry": { "type": "Polygon", "coordinates": [ [ [ -52.344380299999955, -28.295329899999956 ], [ -52.344584899999973, -28.295145599999955 ], [ -52.345171, -28.294634799999983 ], [ -52.345810599999936, -28.294114699999966 ], [ -52.346328099999937, -28.293702199999927 ], [ -52.347036099999968, -28.293134899999984 ], [ -52.347464799999955, -28.292836499999964 ], [ -52.347736899999973, -28.29267729999998 ], [ -52.347995199999957, -28.292549799999961 ], [ -52.348381699999948, -28.292388899999935 ], [ -52.348676499999954, -28.292298099999982 ], [ -52.34918719999996, -28.292166299999963 ], [ -52.350736099999949, -28.291781699999945 ], [ -52.352376499999934, -28.291356 ], [ -52.353000799999961, -28.291190699999959 ], [ -52.352853699999969, -28.290924799999971 ], [ -52.352176899999961, -28.290240399999959 ], [ -52.351249499999938, -28.289409599999942 ], [ -52.346416799999986, -28.290722899999935 ], [ -52.342797099999984, -28.293048099999965 ], [ -52.344380299999955, -28.295329899999956 ] ] ] } },
{ "type": "Feature", "properties": { "id": "431410005150001", "cn22_pop03_20a59_tot_2": 0.55057803468208089, "bas.v0001": 692, "dem.v01035": 43, "dem.v01036": 51, "dem.v01037": 84, "dem.v01038": 98, "dem.v01039": 105, "cn22_pop01_res_tot_0": 692, "cn22_pop03_20a59_tot_1": 381 }, "geometry": { "type": "Polygon", "coordinates": [ [ [ -52.404357699999935, -28.247790099999975 ], [ -52.403746399999932, -28.248444099999972 ], [ -52.403192699999977, -28.249025299999971 ], [ -52.40428019999996, -28.249847599999953 ], [ -52.405440399999975, -28.250733699999955 ], [ -52.40661369999998, -28.251608699999963 ], [ -52.406718499999954, -28.251428699999963 ], [ -52.406704699999977, -28.250687299999981 ], [ -52.406723899999974, -28.250287 ], [ -52.407406799999933, -28.250545599999953 ], [ -52.407296799999983, -28.249292299999979 ], [ -52.407288499999936, -28.249105699999973 ], [ -52.407702499999971, -28.248262 ], [ -52.408145899999965, -28.24740509999998 ], [ -52.408272799999963, -28.247100199999977 ], [ -52.406463199999962, -28.24751619999995 ], [ -52.406102099999941, -28.247600099999943 ], [ -52.405406, -28.247741 ], [ -52.404695, -28.24778509999993 ], [ -52.404357699999935, -28.247790099999975 ] ] ] } },
{ "type": "Feature", "properties": { "id": "431410005150002", "cn22_pop03_20a59_tot_2": 0.50840336134453779, "bas.v0001": 476, "dem.v01035": 18, "dem.v01036": 28, "dem.v01037": 59, "dem.v01038": 65, "dem.v01039": 72, "cn22_pop01_res_tot_0": 476, "cn22_pop03_20a59_tot_1": 242 }, "geometry": { "type": "Polygon", "coordinates": [ [ [ -52.397270399999968, -28.25101479999995 ], [ -52.39780479999996, -28.251423299999942 ], [ -52.39866029999996, -28.252070299999957 ], [ -52.399391199999968, -28.252611299999955 ], [ -52.400175499999932, -28.251790599999936 ], [ -52.400450299999932, -28.251507899999979 ], [ -52.401328399999954, -28.250617399999953 ], [ -52.402595699999949, -28.251564 ], [ -52.403158799999972, -28.250987699999939 ], [ -52.403709499999934, -28.250437599999941 ], [ -52.40428019999996, -28.249847599999953 ], [ -52.403192699999977, -28.249025299999971 ], [ -52.403746399999932, -28.248444099999972 ], [ -52.404357699999935, -28.247790099999975 ], [ -52.403492699999958, -28.247669899999948 ], [ -52.403048, -28.247596199999975 ], [ -52.402252199999964, -28.247314199999948 ], [ -52.401824099999942, -28.247151299999928 ], [ -52.401446099999987, -28.246986299999946 ], [ -52.401310199999955, -28.247178 ], [ -52.400656399999946, -28.247355899999945 ], [ -52.399513, -28.247391899999968 ], [ -52.399163099999953, -28.247466499999973 ], [ -52.398898199999962, -28.247806499999967 ], [ -52.398635599999977, -28.24808059999998 ], [ -52.398162, -28.249249899999938 ], [ -52.398049, -28.249522599999978 ], [ -52.397736499999951, -28.250117599999953 ], [ -52.397527899999943, -28.250489199999947 ], [ -52.397270399999968, -28.25101479999995 ] ] ] } },
{ "type": "Feature", "properties": { "id": "431410005150003", "cn22_pop03_20a59_tot_2": 0.62288930581613511, "bas.v0001": 533, "dem.v01035": 37, "dem.v01036": 48, "dem.v01037": 82, "dem.v01038": 94, "dem.v01039": 71, "cn22_pop01_res_tot_0": 533, "cn22_pop03_20a59_tot_1": 332 }, "geometry": { "type": "Polygon", "coordinates": [ [ [ -52.402595699999949, -28.251564 ], [ -52.40377239999998, -28.252456399999971 ], [ -52.404976699999963, -28.253368 ], [ -52.405498499999965, -28.25281039999993 ], [ -52.406074699999976, -28.252204 ], [ -52.40661369999998, -28.251608699999963 ], [ -52.405440399999975, -28.250733699999955 ], [ -52.40428019999996, -28.249847599999953 ], [ -52.403709499999934, -28.250437599999941 ], [ -52.403158799999972, -28.250987699999939 ], [ -52.402595699999949, -28.251564 ] ] ] } },
{ "type": "Feature", "properties": { "id": "431410005150004", "cn22_pop03_20a59_tot_2": 0.57104913678618863, "bas.v0001": 753, "dem.v01035": 53, "dem.v01036": 53, "dem.v01037": 96, "dem.v01038": 117, "dem.v01039": 111, "cn22_pop01_res_tot_0": 753, "cn22_pop03_20a59_tot_1": 430 }, "geometry": { "type": "Polygon", "coordinates": [ [ [ -52.411130799999967, -28.246398099999965 ], [ -52.408272799999963, -28.247100199999977 ], [ -52.408145899999965, -28.24740509999998 ], [ -52.407702499999971, -28.248262 ], [ -52.407288499999936, -28.249105699999973 ], [ -52.407296799999983, -28.249292299999979 ], [ -52.407406799999933, -28.250545599999953 ], [ -52.408017299999983, -28.25077959999993 ], [ -52.409271599999954, -28.251268399999958 ], [ -52.410748499999954, -28.248319099999947 ], [ -52.411079, -28.247667099999944 ], [ -52.411394899999948, -28.247041599999932 ], [ -52.412551699999938, -28.247486099999946 ], [ -52.413079599999946, -28.246354 ], [ -52.413251199999934, -28.245998499999928 ], [ -52.413418199999967, -28.245829599999979 ], [ -52.411781799999972, -28.246223 ], [ -52.411130799999967, -28.246398099999965 ] ] ] } },
{ "type": "Feature", "properties": { "id": "431410005150008", "cn22_pop03_20a59_tot_2": 0.56468172484599588, "bas.v0001": 487, "dem.v01035": 25, "dem.v01036": 25, "dem.v01037": 68, "dem.v01038": 82, "dem.v01039": 75, "cn22_pop01_res_tot_0": 487, "cn22_pop03_20a59_tot_1": 275 }, "geometry": { "type": "Polygon", "coordinates": [ [ [ -52.40661369999998, -28.251608699999963 ], [ -52.406074699999976, -28.252204 ], [ -52.405498499999965, -28.25281039999993 ], [ -52.406624799999975, -28.25364819999993 ], [ -52.407216399999982, -28.25304 ], [ -52.407494, -28.252684 ], [ -52.407339499999978, -28.252157899999929 ], [ -52.407536, -28.251747699999953 ], [ -52.408794899999975, -28.252236499999981 ], [ -52.41006, -28.252719799999966 ], [ -52.411347099999944, -28.253209599999934 ], [ -52.413080199999968, -28.252727 ], [ -52.411813099999961, -28.252241899999945 ], [ -52.410523399999931, -28.251771099999928 ], [ -52.409271599999954, -28.251268399999958 ], [ -52.408017299999983, -28.25077959999993 ], [ -52.407406799999933, -28.250545599999953 ], [ -52.406723899999974, -28.250287 ], [ -52.406704699999977, -28.250687299999981 ], [ -52.406718499999954, -28.251428699999963 ], [ -52.40661369999998, -28.251608699999963 ] ] ] } },
{ "type": "Feature", "properties": { "id": "431410005150009", "cn22_pop03_20a59_tot_2": 0.76923076923076927, "bas.v0001": 169, "dem.v01035": 17, "dem.v01036": 20, "dem.v01037": 53, "dem.v01038": 27, "dem.v01039": 13, "cn22_pop01_res_tot_0": 169, "cn22_pop03_20a59_tot_1": 130 }, "geometry": { "type": "Polygon", "coordinates": [ [ [ -52.404976699999963, -28.253368 ], [ -52.406080899999949, -28.254205899999931 ], [ -52.406624799999975, -28.25364819999993 ], [ -52.405498499999965, -28.25281039999993 ], [ -52.404976699999963, -28.253368 ] ] ] } },
{ "type": "Feature", "properties": { "id": "431410005150010", "cn22_pop03_20a59_tot_2": 0.52391304347826084, "bas.v0001": 460, "dem.v01035": 32, "dem.v01036": 22, "dem.v01037": 52, "dem.v01038": 56, "dem.v01039": 79, "cn22_pop01_res_tot_0": 460, "cn22_pop03_20a59_tot_1": 241 }, "geometry": { "type": "Polygon", "coordinates": [ [ [ -52.410748499999954, -28.248319099999947 ], [ -52.411998599999947, -28.24881019999998 ], [ -52.412241399999971, -28.248905499999978 ], [ -52.412550299999964, -28.248247599999956 ], [ -52.414050499999973, -28.24883669999997 ], [ -52.415623399999959, -28.24945809999997 ], [ -52.417195899999967, -28.250078199999962 ], [ -52.417708299999958, -28.249382 ], [ -52.418363199999931, -28.248361199999977 ], [ -52.41723369999994, -28.247938399999953 ], [ -52.416431499999931, -28.247637399999974 ], [ -52.415664399999969, -28.247337 ], [ -52.415138399999933, -28.248478299999931 ], [ -52.414376499999946, -28.248186 ], [ -52.413251399999979, -28.247753699999976 ], [ -52.412879099999941, -28.247609899999929 ], [ -52.412551699999938, -28.247486099999946 ], [ -52.411394899999948, -28.247041599999932 ], [ -52.411079, -28.247667099999944 ], [ -52.410748499999954, -28.248319099999947 ] ] ] } },
{ "type": "Feature", "properties": { "id": "431410005160001", "cn22_pop03_20a59_tot_2": 0.5308343409915357, "bas.v0001": 827, "dem.v01035": 66, "dem.v01036": 79, "dem.v01037": 133, "dem.v01038": 93, "dem.v01039": 68, "cn22_pop01_res_tot_0": 827, "cn22_pop03_20a59_tot_1": 439 }, "geometry": { "type": "Polygon", "coordinates": [ [ [ -52.434242599999948, -28.219823599999984 ], [ -52.435252899999966, -28.220838299999969 ], [ -52.436342899999943, -28.221974 ], [ -52.436492299999941, -28.222071699999958 ], [ -52.437363399999981, -28.222711699999934 ], [ -52.436975899999936, -28.223063699999955 ], [ -52.438050099999941, -28.223826299999928 ], [ -52.43849119999993, -28.22414079999993 ], [ -52.439174899999955, -28.224346399999945 ], [ -52.439742899999942, -28.224500099999943 ], [ -52.439977599999963, -28.224575699999946 ], [ -52.440454, -28.224696599999959 ], [ -52.440934, -28.224835199999973 ], [ -52.441449599999942, -28.224988099999962 ], [ -52.442487799999981, -28.222409099999936 ], [ -52.442878499999949, -28.221438599999942 ], [ -52.44338259999995, -28.220357 ], [ -52.43536, -28.218369699999982 ], [ -52.435543499999937, -28.218760499999973 ], [ -52.435448399999984, -28.219041199999936 ], [ -52.435365799999943, -28.21914 ], [ -52.435025, -28.219085199999938 ], [ -52.43445719999994, -28.21932 ], [ -52.434242599999948, -28.219823599999984 ] ] ] } },
{ "type": "Feature", "properties": { "id": "431410005160002", "cn22_pop03_20a59_tot_2": 0.54172185430463571, "bas.v0001": 755, "dem.v01035": 66, "dem.v01036": 47, "dem.v01037": 93, "dem.v01038": 108, "dem.v01039": 95, "cn22_pop01_res_tot_0": 755, "cn22_pop03_20a59_tot_1": 409 }, "geometry": { "type": "Polygon", "coordinates": [ [ [ -52.437989499999958, -28.227666199999931 ], [ -52.439484599999957, -28.228106499999967 ], [ -52.439671799999985, -28.228072499999939 ], [ -52.440141199999971, -28.228353399999946 ], [ -52.440323499999977, -28.22791959999995 ], [ -52.440766899999971, -28.226709 ], [ -52.441449599999942, -28.224988099999962 ], [ -52.440934, -28.224835199999973 ], [ -52.440454, -28.224696599999959 ], [ -52.439977599999963, -28.224575699999946 ], [ -52.439742899999942, -28.224500099999943 ], [ -52.439174899999955, -28.224346399999945 ], [ -52.43849119999993, -28.22414079999993 ], [ -52.438050099999941, -28.223826299999928 ], [ -52.437707199999977, -28.224197699999934 ], [ -52.437383399999931, -28.224539499999935 ], [ -52.437050499999941, -28.224894799999959 ], [ -52.437786499999959, -28.22539519999998 ], [ -52.438701199999969, -28.225642299999947 ], [ -52.438547399999948, -28.226083199999948 ], [ -52.438392799999974, -28.226516 ], [ -52.438252899999952, -28.22690979999993 ], [ -52.438153399999976, -28.22719109999997 ], [ -52.438134799999943, -28.227241799999945 ], [ -52.437989499999958, -28.227666199999931 ] ] ] } },
{ "type": "Feature", "properties": { "id": "431410005160003", "cn22_pop03_20a59_tot_2": 0.57225913621262459, "bas.v0001": 1204, "dem.v01035": 104, "dem.v01036": 104, "dem.v01037": 200, "dem.v01038": 151, "dem.v01039": 130, "cn22_pop01_res_tot_0": 1204, "cn22_pop03_20a59_tot_1": 689 }, "geometry": { "type": "Polygon", "coordinates": [ [ [ -52.433133599999962, -28.226458199999968 ], [ -52.435733899999946, -28.226999599999942 ], [ -52.436558699999978, -28.22721649999994 ], [ -52.437519799999961, -28.22753339999997 ], [ -52.437989499999958, -28.227666199999931 ], [ -52.438134799999943, -28.227241799999945 ], [ -52.438153399999976, -28.22719109999997 ], [ -52.438252899999952, -28.22690979999993 ], [ -52.438392799999974, -28.226516 ], [ -52.438547399999948, -28.226083199999948 ], [ -52.438701199999969, -28.225642299999947 ], [ -52.437786499999959, -28.22539519999998 ], [ -52.437050499999941, -28.224894799999959 ], [ -52.437383399999931, -28.224539499999935 ], [ -52.437707199999977, -28.224197699999934 ], [ -52.438050099999941, -28.223826299999928 ], [ -52.436975899999936, -28.223063699999955 ], [ -52.437363399999981, -28.222711699999934 ], [ -52.436492299999941, -28.222071699999958 ], [ -52.436342899999943, -28.221974 ], [ -52.435252899999966, -28.220838299999969 ], [ -52.434242599999948, -28.219823599999984 ], [ -52.434193299999947, -28.219935 ], [ -52.433651499999939, -28.220419899999968 ], [ -52.432968799999969, -28.220592899999929 ], [ -52.432599899999957, -28.220868 ], [ -52.432678599999974, -28.221268799999962 ], [ -52.432939499999975, -28.221726299999943 ], [ -52.432953699999985, -28.222184699999957 ], [ -52.43246309999995, -28.222451499999977 ], [ -52.432282899999962, -28.222841499999959 ], [ -52.432466499999975, -28.223472299999969 ], [ -52.43283109999993, -28.224066799999946 ], [ -52.433066199999985, -28.224651 ], [ -52.432950299999959, -28.225053 ], [ -52.432810299999971, -28.225558 ], [ -52.433133599999962, -28.226458199999968 ] ] ] } },
{ "type": "Feature", "properties": { "id": "431410005160004", "cn22_pop03_20a59_tot_2": 0.6387096774193548, "bas.v0001": 310, "dem.v01035": 23, "dem.v01036": 29, "dem.v01037": 79, "dem.v01038": 38, "dem.v01039": 29, "cn22_pop01_res_tot_0": 310, "cn22_pop03_20a59_tot_1": 198 }, "geometry": { "type": "Polygon", "coordinates": [ [ [ -52.424165, -28.233753599999943 ], [ -52.424887399999932, -28.234423299999946 ], [ -52.425461899999959, -28.234919799999943 ], [ -52.425634499999944, -28.235124399999961 ], [ -52.425761899999941, -28.235330799999929 ], [ -52.425924, -28.235718399999939 ], [ -52.426173399999982, -28.236418199999946 ], [ -52.426249399999961, -28.236558899999977 ], [ -52.426935599999979, -28.236463 ], [ -52.427373899999964, -28.236355699999933 ], [ -52.42879419999997, -28.235855599999979 ], [ -52.429995299999973, -28.235418399999958 ], [ -52.431180199999972, -28.234988499999929 ], [ -52.432477799999958, -28.234550399999932 ], [ -52.432740699999954, -28.234431399999949 ], [ -52.432985299999984, -28.234300399999938 ], [ -52.43541369999997, -28.232982 ], [ -52.439049, -28.231035099999929 ], [ -52.439199099999939, -28.230957799999942 ], [ -52.440646299999969, -28.230183299999965 ], [ -52.441069299999981, -28.229952099999934 ], [ -52.441352699999982, -28.229797799999972 ], [ -52.441406, -28.229566699999964 ], [ -52.441384699999958, -28.229164899999944 ], [ -52.441345599999977, -28.229065399999968 ], [ -52.440141199999971, -28.228353399999946 ], [ -52.439671799999985, -28.228072499999939 ], [ -52.439484599999957, -28.228106499999967 ], [ -52.437989499999958, -28.227666199999931 ], [ -52.437519799999961, -28.22753339999997 ], [ -52.436558699999978, -28.22721649999994 ], [ -52.435733899999946, -28.226999599999942 ], [ -52.433133599999962, -28.226458199999968 ], [ -52.433255199999962, -28.226652799999954 ], [ -52.433554099999981, -28.22737879999994 ], [ -52.433703399999956, -28.227905499999963 ], [ -52.434071, -28.228509899999949 ], [ -52.434044399999948, -28.228651 ], [ -52.433718399999975, -28.228815499999939 ], [ -52.433222099999966, -28.228823299999931 ], [ -52.432991799999968, -28.228937799999983 ], [ -52.432728, -28.229080299999964 ], [ -52.432755899999961, -28.229364499999974 ], [ -52.431901499999981, -28.229707799999971 ], [ -52.431471099999953, -28.230078799999944 ], [ -52.430964199999949, -28.230795799999953 ], [ -52.430286399999943, -28.231404599999962 ], [ -52.429765599999939, -28.232057899999973 ], [ -52.429606299999932, -28.232472399999949 ], [ -52.42959929999995, -28.232663399999979 ], [ -52.429156699999965, -28.232953099999975 ], [ -52.428779599999984, -28.232936799999948 ], [ -52.428587299999947, -28.233106899999939 ], [ -52.428661199999965, -28.233345699999973 ], [ -52.428760899999986, -28.233455699999979 ], [ -52.428636499999982, -28.233540799999957 ], [ -52.428433799999937, -28.233523 ], [ -52.427910199999985, -28.233728799999938 ], [ -52.427436399999976, -28.234237499999949 ], [ -52.427472399999942, -28.234432699999957 ], [ -52.427476299999967, -28.234589599999936 ], [ -52.427373099999954, -28.234694 ], [ -52.426882899999953, -28.234802099999968 ], [ -52.426798299999973, -28.234791899999948 ], [ -52.42659569999995, -28.234738399999969 ], [ -52.426498199999969, -28.234678499999973 ], [ -52.425619299999937, -28.23392 ], [ -52.42542039999995, -28.233863699999972 ], [ -52.425315799999964, -28.233874299999968 ], [ -52.425257099999953, -28.233875399999931 ], [ -52.425216499999976, -28.233852599999977 ], [ -52.425128, -28.233749 ], [ -52.425081099999943, -28.23359929999998 ], [ -52.425060499999972, -28.233486399999947 ], [ -52.425021699999945, -28.233197 ], [ -52.424987099999953, -28.233130499999959 ], [ -52.42493879999995, -28.233101699999963 ], [ -52.424807299999941, -28.23312 ], [ -52.424702499999967, -28.233198499999958 ], [ -52.424570499999959, -28.233354099999929 ], [ -52.424366299999974, -28.23358769999993 ], [ -52.424165, -28.233753599999943 ] ] ] } },
{ "type": "Feature", "properties": { "id": "431410005160005", "cn22_pop03_20a59_tot_2": null, "bas.v0001": 0, "dem.v01035": null, "dem.v01036": null, "dem.v01037": null, "dem.v01038": null, "dem.v01039": null, "cn22_pop01_res_tot_0": 0, "cn22_pop03_20a59_tot_1": null }, "geometry": { "type": "Polygon", "coordinates": [ [ [ -52.422665599999959, -28.235598 ], [ -52.422822499999938, -28.235563899999931 ], [ -52.423098, -28.235667399999954 ], [ -52.423202799999956, -28.235740399999941 ], [ -52.423235699999964, -28.235807399999942 ], [ -52.42323209999995, -28.235890199999972 ], [ -52.423254899999961, -28.235946299999966 ], [ -52.423364599999957, -28.236042099999963 ], [ -52.423609399999975, -28.23613649999993 ], [ -52.423652699999934, -28.236188199999958 ], [ -52.423662799999931, -28.236298099999942 ], [ -52.423641299999986, -28.236363899999958 ], [ -52.423613899999964, -28.236463499999957 ], [ -52.423884899999962, -28.236491899999976 ], [ -52.424510399999974, -28.236560199999928 ], [ -52.425262399999951, -28.236603899999977 ], [ -52.425743399999931, -28.236598499999957 ], [ -52.426249399999961, -28.236558899999977 ], [ -52.426173399999982, -28.236418199999946 ], [ -52.425924, -28.235718399999939 ], [ -52.425761899999941, -28.235330799999929 ], [ -52.425634499999944, -28.235124399999961 ], [ -52.425461899999959, -28.234919799999943 ], [ -52.424887399999932, -28.234423299999946 ], [ -52.424165, -28.233753599999943 ], [ -52.424105499999939, -28.233805199999949 ], [ -52.423878799999954, -28.233947899999976 ], [ -52.423703399999965, -28.234046599999942 ], [ -52.423526299999935, -28.234141 ], [ -52.423450699999933, -28.23417459999996 ], [ -52.423297099999957, -28.234197699999982 ], [ -52.42321869999995, -28.234203299999933 ], [ -52.42317479999997, -28.234221299999945 ], [ -52.423144099999945, -28.234268 ], [ -52.423137199999985, -28.234300299999973 ], [ -52.423159899999973, -28.234357899999964 ], [ -52.423215899999946, -28.234407199999964 ], [ -52.42335, -28.234466399999974 ], [ -52.423466599999983, -28.234529099999975 ], [ -52.423515099999975, -28.234562899999958 ], [ -52.423617799999931, -28.234665099999972 ], [ -52.42363789999996, -28.234693199999981 ], [ -52.423646899999937, -28.234746899999948 ], [ -52.423623599999985, -28.234824 ], [ -52.423597799999982, -28.23486349999996 ], [ -52.423572299999933, -28.234973699999955 ], [ -52.423581199999944, -28.235076899999967 ], [ -52.423603899999932, -28.235111699999948 ], [ -52.423795599999949, -28.235215699999969 ], [ -52.423954499999979, -28.235384199999942 ], [ -52.423980599999936, -28.235434099999964 ], [ -52.423992599999963, -28.235531 ], [ -52.42396569999994, -28.235564799999963 ], [ -52.42386879999998, -28.235628299999973 ], [ -52.423789399999976, -28.235645799999929 ], [ -52.423713799999973, -28.235674899999935 ], [ -52.423499, -28.23570159999997 ], [ -52.423369399999956, -28.235651599999983 ], [ -52.423193, -28.235427699999946 ], [ -52.423009399999955, -28.235326499999928 ], [ -52.422900099999936, -28.235308799999927 ], [ -52.422771899999987, -28.235350299999936 ], [ -52.422723099999985, -28.235417199999972 ], [ -52.422665599999959, -28.235598 ] ] ] } },
{ "type": "Feature", "properties": { "id": "431410005170008", "cn22_pop03_20a59_tot_2": null, "bas.v0001": 3, "dem.v01035": null, "dem.v01036": null, "dem.v01037": null, "dem.v01038": null, "dem.v01039": null, "cn22_pop01_res_tot_0": 3, "cn22_pop03_20a59_tot_1": null }, "geometry": { "type": "Polygon", "coordinates": [ [ [ -52.476836099999957, -28.23159069999997 ], [ -52.477653799999985, -28.232261299999948 ], [ -52.478574499999979, -28.234266099999957 ], [ -52.479117599999938, -28.235424299999977 ], [ -52.480176699999959, -28.237094399999933 ], [ -52.481557, -28.236310199999934 ], [ -52.484464699999933, -28.233853 ], [ -52.486600899999985, -28.230402499999968 ], [ -52.487995399999932, -28.226925799999947 ], [ -52.481883399999958, -28.224703699999964 ], [ -52.481377899999984, -28.224539799999945 ], [ -52.480190399999969, -28.227070899999944 ], [ -52.479892899999982, -28.227745699999957 ], [ -52.479463, -28.228649799999971 ], [ -52.478814099999965, -28.229898 ], [ -52.47839659999994, -28.230399599999942 ], [ -52.478149199999962, -28.230629299999976 ], [ -52.476836099999957, -28.23159069999997 ] ] ] } },
{ "type": "Feature", "properties": { "id": "431410005160006", "cn22_pop03_20a59_tot_2": 0.53164556962025311, "bas.v0001": 237, "dem.v01035": 3, "dem.v01036": 10, "dem.v01037": 35, "dem.v01038": 60, "dem.v01039": 18, "cn22_pop01_res_tot_0": 237, "cn22_pop03_20a59_tot_1": 126 }, "geometry": { "type": "Polygon", "coordinates": [ [ [ -52.414870399999984, -28.235351899999955 ], [ -52.415945799999974, -28.235488 ], [ -52.416509599999983, -28.235551699999974 ], [ -52.417154299999936, -28.235624599999937 ], [ -52.418782499999963, -28.235837099999969 ], [ -52.42273229999995, -28.236339899999962 ], [ -52.423495199999934, -28.236446399999977 ], [ -52.423613899999964, -28.236463499999957 ], [ -52.423641299999986, -28.236363899999958 ], [ -52.423662799999931, -28.236298099999942 ], [ -52.423652699999934, -28.236188199999958 ], [ -52.423609399999975, -28.23613649999993 ], [ -52.423364599999957, -28.236042099999963 ], [ -52.423254899999961, -28.235946299999966 ], [ -52.42323209999995, -28.235890199999972 ], [ -52.423235699999964, -28.235807399999942 ], [ -52.423202799999956, -28.235740399999941 ], [ -52.423098, -28.235667399999954 ], [ -52.422822499999938, -28.235563899999931 ], [ -52.422665599999959, -28.235598 ], [ -52.422115199999951, -28.235274699999934 ], [ -52.421744699999977, -28.235152899999946 ], [ -52.421109099999967, -28.234868899999981 ], [ -52.420564, -28.234573099999977 ], [ -52.420303899999965, -28.234092 ], [ -52.42030079999995, -28.233243699999946 ], [ -52.420260199999973, -28.232796399999984 ], [ -52.420090799999969, -28.232315299999982 ], [ -52.419675299999938, -28.232030799999961 ], [ -52.41904059999996, -28.23173509999998 ], [ -52.418625, -28.231438799999978 ], [ -52.418091899999979, -28.230741299999977 ], [ -52.417805399999963, -28.230422099999942 ], [ -52.417287499999986, -28.230172 ], [ -52.416937099999984, -28.229955399999938 ], [ -52.416378899999984, -28.229430499999978 ], [ -52.415587799999969, -28.22910109999998 ], [ -52.415133399999945, -28.228954199999976 ], [ -52.414708, -28.22883859999996 ], [ -52.414564299999938, -28.229071099999942 ], [ -52.414474799999937, -28.229392399999938 ], [ -52.414488799999958, -28.229759599999966 ], [ -52.414464799999962, -28.230333899999948 ], [ -52.413921499999958, -28.230554299999937 ], [ -52.412964399999964, -28.230696 ], [ -52.412433699999951, -28.230709599999955 ], [ -52.411219199999948, -28.230739 ], [ -52.411275899999964, -28.230941099999939 ], [ -52.411512799999969, -28.231195699999944 ], [ -52.411693699999944, -28.231341 ], [ -52.412138599999935, -28.231833799999947 ], [ -52.412154099999952, -28.232004899999936 ], [ -52.412085299999944, -28.232516499999974 ], [ -52.411849099999984, -28.232854399999951 ], [ -52.411955199999966, -28.23315139999994 ], [ -52.412290199999973, -28.233256499999982 ], [ -52.412427299999933, -28.233430699999928 ], [ -52.412368599999979, -28.233574499999975 ], [ -52.412470499999984, -28.233713699999953 ], [ -52.412727599999982, -28.233803099999932 ], [ -52.413003899999978, -28.233810399999982 ], [ -52.413859599999967, -28.233721399999979 ], [ -52.414769399999955, -28.233632399999976 ], [ -52.415240599999947, -28.233752899999956 ], [ -52.415331599999945, -28.23379639999996 ], [ -52.415388899999982, -28.233835499999941 ], [ -52.415476, -28.233928499999934 ], [ -52.41550239999998, -28.233974499999931 ], [ -52.415515299999981, -28.234025699999961 ], [ -52.41553209999995, -28.23412819999993 ], [ -52.415530299999944, -28.234196099999963 ], [ -52.415489, -28.234342699999956 ], [ -52.415432199999941, -28.234443899999974 ], [ -52.415366899999981, -28.234588299999928 ], [ -52.414910199999952, -28.235221299999978 ], [ -52.414887, -28.235263499999974 ], [ -52.414873699999987, -28.235304399999961 ], [ -52.414870399999984, -28.235351899999955 ] ] ] } },
{ "type": "Feature", "properties": { "id": "431410005160008", "cn22_pop03_20a59_tot_2": 0.49514563106796117, "bas.v0001": 103, "dem.v01035": 8, "dem.v01036": 7, "dem.v01037": 16, "dem.v01038": 15, "dem.v01039": 5, "cn22_pop01_res_tot_0": 103, "cn22_pop03_20a59_tot_1": 51 }, "geometry": { "type": "Polygon", "coordinates": [ [ [ -52.442487799999981, -28.222409099999936 ], [ -52.442558099999985, -28.222453099999939 ], [ -52.442567599999961, -28.223039599999936 ], [ -52.442766199999937, -28.223399099999938 ], [ -52.443106799999953, -28.22358829999996 ], [ -52.443598699999939, -28.224420799999962 ], [ -52.444138, -28.224818099999936 ], [ -52.444913699999972, -28.224893799999961 ], [ -52.447751699999969, -28.224222099999963 ], [ -52.448461299999963, -28.224108599999965 ], [ -52.448688299999958, -28.223664 ], [ -52.449028899999973, -28.22358829999996 ], [ -52.449378899999942, -28.224241 ], [ -52.448726099999931, -28.225187099999971 ], [ -52.448470699999973, -28.225451899999939 ], [ -52.448707199999944, -28.225849299999936 ], [ -52.442377299999976, -28.229243399999973 ], [ -52.442311299999972, -28.229284799999959 ], [ -52.444153799999981, -28.230371099999957 ], [ -52.445038699999941, -28.230901099999983 ], [ -52.446283699999981, -28.232169099999965 ], [ -52.446941, -28.23220189999995 ], [ -52.447659399999964, -28.232281399999977 ], [ -52.448100699999941, -28.232058099999961 ], [ -52.449399899999946, -28.231451 ], [ -52.450616099999934, -28.230848799999933 ], [ -52.452172799999971, -28.230117499999949 ], [ -52.453429799999981, -28.229560099999958 ], [ -52.454750299999944, -28.228946399999984 ], [ -52.45605779999994, -28.228322499999933 ], [ -52.45727839999995, -28.227734099999964 ], [ -52.458292099999937, -28.227553599999965 ], [ -52.459999, -28.227448 ], [ -52.461423499999967, -28.22728909999995 ], [ -52.462633899999958, -28.227173 ], [ -52.463263899999959, -28.227068299999928 ], [ -52.46780629999995, -28.226177099999973 ], [ -52.469360299999948, -28.226236699999959 ], [ -52.469570299999987, -28.226233399999956 ], [ -52.469873899999982, -28.226212799999928 ], [ -52.470124899999973, -28.226155299999959 ], [ -52.470392199999935, -28.226076199999966 ], [ -52.471503299999938, -28.226292799999953 ], [ -52.472395, -28.226544699999977 ], [ -52.472848, -28.226720099999966 ], [ -52.47383519999994, -28.227975099999981 ], [ -52.475366099999974, -28.22999429999993 ], [ -52.475921699999958, -28.230773899999974 ], [ -52.476836099999957, -28.23159069999997 ], [ -52.478149199999962, -28.230629299999976 ], [ -52.47839659999994, -28.230399599999942 ], [ -52.478814099999965, -28.229898 ], [ -52.479463, -28.228649799999971 ], [ -52.479892899999982, -28.227745699999957 ], [ -52.480190399999969, -28.227070899999944 ], [ -52.481377899999984, -28.224539799999945 ], [ -52.475059299999941, -28.221671199999946 ], [ -52.466603499999962, -28.217566699999963 ], [ -52.465238599999964, -28.216782399999943 ], [ -52.46476389999998, -28.216677799999957 ], [ -52.461144199999978, -28.216364099999964 ], [ -52.456070699999941, -28.217305299999964 ], [ -52.452183899999966, -28.218534 ], [ -52.445300599999939, -28.22133139999994 ], [ -52.44338259999995, -28.220357 ], [ -52.442878499999949, -28.221438599999942 ], [ -52.442487799999981, -28.222409099999936 ] ] ] } },
{ "type": "Feature", "properties": { "id": "431410005160009", "cn22_pop03_20a59_tot_2": 0.53712190650779101, "bas.v0001": 1091, "dem.v01035": 110, "dem.v01036": 109, "dem.v01037": 170, "dem.v01038": 121, "dem.v01039": 76, "cn22_pop01_res_tot_0": 1091, "cn22_pop03_20a59_tot_1": 586 }, "geometry": { "type": "Polygon", "coordinates": [ [ [ -52.442311299999972, -28.229284799999959 ], [ -52.442377299999976, -28.229243399999973 ], [ -52.448707199999944, -28.225849299999936 ], [ -52.448470699999973, -28.225451899999939 ], [ -52.448726099999931, -28.225187099999971 ], [ -52.449378899999942, -28.224241 ], [ -52.449028899999973, -28.22358829999996 ], [ -52.448688299999958, -28.223664 ], [ -52.448461299999963, -28.224108599999965 ], [ -52.447751699999969, -28.224222099999963 ], [ -52.444913699999972, -28.224893799999961 ], [ -52.444138, -28.224818099999936 ], [ -52.443598699999939, -28.224420799999962 ], [ -52.443106799999953, -28.22358829999996 ], [ -52.442766199999937, -28.223399099999938 ], [ -52.442567599999961, -28.223039599999936 ], [ -52.442558099999985, -28.222453099999939 ], [ -52.442487799999981, -28.222409099999936 ], [ -52.441449599999942, -28.224988099999962 ], [ -52.440766899999971, -28.226709 ], [ -52.440323499999977, -28.22791959999995 ], [ -52.440141199999971, -28.228353399999946 ], [ -52.441345599999977, -28.229065399999968 ], [ -52.441384699999958, -28.229164899999944 ], [ -52.441406, -28.229566699999964 ], [ -52.441352699999982, -28.229797799999972 ], [ -52.442311299999972, -28.229284799999959 ] ] ] } },
{ "type": "Feature", "properties": { "id": "431410005170003", "cn22_pop03_20a59_tot_2": 0.57491289198606277, "bas.v0001": 287, "dem.v01035": 25, "dem.v01036": 27, "dem.v01037": 50, "dem.v01038": 41, "dem.v01039": 22, "cn22_pop01_res_tot_0": 287, "cn22_pop03_20a59_tot_1": 165 }, "geometry": { "type": "Polygon", "coordinates": [ [ [ -52.429995299999973, -28.235418399999958 ], [ -52.431139099999939, -28.237787399999945 ], [ -52.431761699999981, -28.239513899999963 ], [ -52.431773499999963, -28.239625 ], [ -52.432053799999949, -28.242254499999945 ], [ -52.432453899999985, -28.242328499999928 ], [ -52.432606599999986, -28.24233959999998 ], [ -52.432881699999939, -28.24235989999994 ], [ -52.433190699999955, -28.242297099999973 ], [ -52.43359479999998, -28.242171499999984 ], [ -52.433997599999941, -28.241820699999948 ], [ -52.434173899999962, -28.24155769999993 ], [ -52.43435809999994, -28.241183099999944 ], [ -52.434522199999947, -28.240820799999938 ], [ -52.434766599999932, -28.240317699999935 ], [ -52.434887799999956, -28.240155299999969 ], [ -52.434702399999935, -28.240044099999977 ], [ -52.433549099999937, -28.239033799999959 ], [ -52.433006, -28.238510699999949 ], [ -52.432429599999978, -28.237976599999968 ], [ -52.431907, -28.237506799999949 ], [ -52.433828499999947, -28.235850399999947 ], [ -52.434734499999934, -28.235060399999952 ], [ -52.435358099999974, -28.234512499999937 ], [ -52.435883199999978, -28.235029899999972 ], [ -52.439685599999962, -28.231724899999961 ], [ -52.439092, -28.231119699999965 ], [ -52.439049, -28.231035099999929 ], [ -52.43541369999997, -28.232982 ], [ -52.432985299999984, -28.234300399999938 ], [ -52.432740699999954, -28.234431399999949 ], [ -52.432477799999958, -28.234550399999932 ], [ -52.431180199999972, -28.234988499999929 ], [ -52.429995299999973, -28.235418399999958 ] ] ] } },
{ "type": "Feature", "properties": { "id": "431410005170004", "cn22_pop03_20a59_tot_2": 0.59249329758713132, "bas.v0001": 746, "dem.v01035": 62, "dem.v01036": 47, "dem.v01037": 110, "dem.v01038": 108, "dem.v01039": 115, "cn22_pop01_res_tot_0": 746, "cn22_pop03_20a59_tot_1": 442 }, "geometry": { "type": "Polygon", "coordinates": [ [ [ -52.441463, -28.239609599999937 ], [ -52.442240599999934, -28.23957189999993 ], [ -52.44300869999995, -28.239524599999982 ], [ -52.443752599999982, -28.239509099999964 ], [ -52.444514799999979, -28.239537599999949 ], [ -52.444292799999971, -28.237936399999967 ], [ -52.44425769999998, -28.236692099999971 ], [ -52.444280899999967, -28.23584539999996 ], [ -52.443531, -28.235763599999927 ], [ -52.442804499999966, -28.235719399999937 ], [ -52.442037, -28.235654 ], [ -52.441122599999971, -28.235575099999949 ], [ -52.441142, -28.235673299999974 ], [ -52.441236199999935, -28.23596509999993 ], [ -52.441255899999931, -28.23604169999993 ], [ -52.441277299999967, -28.236139199999968 ], [ -52.441288, -28.236209599999938 ], [ -52.441300599999977, -28.236361299999942 ], [ -52.441292899999951, -28.236502399999949 ], [ -52.441273399999943, -28.236666699999944 ], [ -52.441250599999933, -28.236796199999958 ], [ -52.441209499999957, -28.237015 ], [ -52.44112, -28.23754839999998 ], [ -52.441118099999983, -28.23767289999995 ], [ -52.441463, -28.239609599999937 ] ] ] } },
{ "type": "Feature", "properties": { "id": "431410005170006", "cn22_pop03_20a59_tot_2": 0.57688634192932187, "bas.v0001": 1047, "dem.v01035": 85, "dem.v01036": 66, "dem.v01037": 193, "dem.v01038": 140, "dem.v01039": 120, "cn22_pop01_res_tot_0": 1047, "cn22_pop03_20a59_tot_1": 604 }, "geometry": { "type": "Polygon", "coordinates": [ [ [ -52.441463, -28.239609599999937 ], [ -52.441794, -28.241567699999962 ], [ -52.441757099999961, -28.242368699999929 ], [ -52.442944599999976, -28.242803399999957 ], [ -52.442294599999968, -28.243724899999961 ], [ -52.443578899999977, -28.244841099999974 ], [ -52.443829, -28.24506139999994 ], [ -52.444960599999945, -28.246034399999928 ], [ -52.445158, -28.246169499999951 ], [ -52.445367899999951, -28.245911199999966 ], [ -52.44578139999993, -28.245381 ], [ -52.446178499999974, -28.245073699999978 ], [ -52.446679099999983, -28.245011699999964 ], [ -52.447009699999967, -28.244663299999957 ], [ -52.446919899999955, -28.244501299999968 ], [ -52.446844499999941, -28.24430209999997 ], [ -52.446719, -28.244059199999981 ], [ -52.446563599999934, -28.243784199999936 ], [ -52.446505499999944, -28.243504899999948 ], [ -52.446352499999932, -28.243332599999974 ], [ -52.446201899999949, -28.243247399999973 ], [ -52.446096799999964, -28.242975199999933 ], [ -52.446163399999932, -28.242574099999956 ], [ -52.446057, -28.242382199999952 ], [ -52.445782799999961, -28.242373399999963 ], [ -52.445627299999956, -28.242193399999962 ], [ -52.445691599999975, -28.241917199999932 ], [ -52.446072799999968, -28.241549599999928 ], [ -52.446112099999937, -28.241168099999982 ], [ -52.446083299999941, -28.240674499999955 ], [ -52.446203499999967, -28.240297299999952 ], [ -52.446349199999986, -28.23998789999996 ], [ -52.446578299999942, -28.239614199999949 ], [ -52.44661439999993, -28.239282199999934 ], [ -52.446287199999972, -28.239063599999952 ], [ -52.445856599999956, -28.238638299999934 ], [ -52.445701199999974, -28.238331699999947 ], [ -52.445663399999944, -28.237975399999982 ], [ -52.445636899999954, -28.237051 ], [ -52.445496799999944, -28.236570899999947 ], [ -52.44537889999998, -28.235949299999959 ], [ -52.444280899999967, -28.23584539999996 ], [ -52.44425769999998, -28.236692099999971 ], [ -52.444292799999971, -28.237936399999967 ], [ -52.444514799999979, -28.239537599999949 ], [ -52.443752599999982, -28.239509099999964 ], [ -52.44300869999995, -28.239524599999982 ], [ -52.442240599999934, -28.23957189999993 ], [ -52.441463, -28.239609599999937 ] ] ] } },
{ "type": "Feature", "properties": { "id": "431410005170007", "cn22_pop03_20a59_tot_2": null, "bas.v0001": 2, "dem.v01035": null, "dem.v01036": null, "dem.v01037": null, "dem.v01038": null, "dem.v01039": null, "cn22_pop01_res_tot_0": 2, "cn22_pop03_20a59_tot_1": null }, "geometry": { "type": "Polygon", "coordinates": [ [ [ -52.462132199999985, -28.252405299999964 ], [ -52.462476099999947, -28.25235859999998 ], [ -52.462629899999968, -28.252485699999966 ], [ -52.462662, -28.252679899999976 ], [ -52.462462699999946, -28.252990599999976 ], [ -52.462156, -28.253384499999981 ], [ -52.462375299999962, -28.253963699999929 ], [ -52.463016399999958, -28.254146099999957 ], [ -52.463788599999987, -28.254273699999942 ], [ -52.463946199999953, -28.254582 ], [ -52.463913699999978, -28.25508949999994 ], [ -52.464094499999931, -28.255730699999958 ], [ -52.464391699999965, -28.256078599999967 ], [ -52.464326399999948, -28.25684 ], [ -52.465505699999937, -28.25520709999995 ], [ -52.467819899999938, -28.252175499999964 ], [ -52.470015499999931, -28.247941499999968 ], [ -52.471202299999959, -28.245171 ], [ -52.472745099999941, -28.241825399999982 ], [ -52.474287899999979, -28.240204799999958 ], [ -52.480176699999959, -28.237094399999933 ], [ -52.479117599999938, -28.235424299999977 ], [ -52.478574499999979, -28.234266099999957 ], [ -52.477257899999984, -28.234846 ], [ -52.475920599999938, -28.23526929999997 ], [ -52.475090899999941, -28.235559899999942 ], [ -52.474170699999945, -28.23608059999998 ], [ -52.472750699999949, -28.236645599999974 ], [ -52.471779199999958, -28.237065799999982 ], [ -52.471139299999948, -28.23737049999994 ], [ -52.471072699999979, -28.237494 ], [ -52.470748199999946, -28.238282599999934 ], [ -52.470225199999959, -28.239306299999953 ], [ -52.469750499999975, -28.240292499999953 ], [ -52.469292899999971, -28.240958899999953 ], [ -52.46912059999994, -28.241398499999946 ], [ -52.469003799999939, -28.241874499999938 ], [ -52.468902599999979, -28.242445099999941 ], [ -52.46823379999995, -28.244293399999947 ], [ -52.466289499999959, -28.246921699999973 ], [ -52.465279199999941, -28.247941599999933 ], [ -52.464693299999965, -28.248923499999933 ], [ -52.464086399999985, -28.250007599999947 ], [ -52.463273299999969, -28.251074099999983 ], [ -52.462587199999973, -28.251955 ], [ -52.462132199999985, -28.252405299999964 ] ] ] } },
{ "type": "Feature", "properties": { "id": "431410005170009", "cn22_pop03_20a59_tot_2": 0.56058394160583946, "bas.v0001": 685, "dem.v01035": 72, "dem.v01036": 56, "dem.v01037": 113, "dem.v01038": 90, "dem.v01039": 53, "cn22_pop01_res_tot_0": 685, "cn22_pop03_20a59_tot_1": 384 }, "geometry": { "type": "Polygon", "coordinates": [ [ [ -52.444589299999961, -28.232973899999934 ], [ -52.445288799999958, -28.235340099999974 ], [ -52.442878599999972, -28.235186799999951 ], [ -52.442860399999972, -28.235329799999931 ], [ -52.440998399999955, -28.235186 ], [ -52.440999, -28.235192799999936 ], [ -52.441030399999931, -28.235321599999963 ], [ -52.441051499999958, -28.235389699999928 ], [ -52.441122599999971, -28.235575099999949 ], [ -52.442037, -28.235654 ], [ -52.442804499999966, -28.235719399999937 ], [ -52.443531, -28.235763599999927 ], [ -52.444280899999967, -28.23584539999996 ], [ -52.44537889999998, -28.235949299999959 ], [ -52.445496799999944, -28.236570899999947 ], [ -52.445636899999954, -28.237051 ], [ -52.445663399999944, -28.237975399999982 ], [ -52.445701199999974, -28.238331699999947 ], [ -52.445856599999956, -28.238638299999934 ], [ -52.446287199999972, -28.239063599999952 ], [ -52.44661439999993, -28.239282199999934 ], [ -52.446578299999942, -28.239614199999949 ], [ -52.446349199999986, -28.23998789999996 ], [ -52.446203499999967, -28.240297299999952 ], [ -52.446083299999941, -28.240674499999955 ], [ -52.446112099999937, -28.241168099999982 ], [ -52.446072799999968, -28.241549599999928 ], [ -52.445691599999975, -28.241917199999932 ], [ -52.445627299999956, -28.242193399999962 ], [ -52.445782799999961, -28.242373399999963 ], [ -52.446057, -28.242382199999952 ], [ -52.446163399999932, -28.242574099999956 ], [ -52.446096799999964, -28.242975199999933 ], [ -52.446201899999949, -28.243247399999973 ], [ -52.446352499999932, -28.243332599999974 ], [ -52.446505499999944, -28.243504899999948 ], [ -52.446563599999934, -28.243784199999936 ], [ -52.446719, -28.244059199999981 ], [ -52.446844499999941, -28.24430209999997 ], [ -52.446919899999955, -28.244501299999968 ], [ -52.447009699999967, -28.244663299999957 ], [ -52.447152899999935, -28.244744899999944 ], [ -52.447507899999948, -28.244985199999974 ], [ -52.447962, -28.24509089999998 ], [ -52.448594899999932, -28.245007799999939 ], [ -52.448981299999957, -28.24535949999995 ], [ -52.449510699999962, -28.245739499999956 ], [ -52.450158099999953, -28.245849499999963 ], [ -52.450441499999954, -28.246527299999968 ], [ -52.450537899999972, -28.24682329999996 ], [ -52.451303099999961, -28.247517 ], [ -52.451444099999947, -28.248019299999953 ], [ -52.451838899999984, -28.248349899999937 ], [ -52.452309599999978, -28.248817 ], [ -52.452410899999961, -28.248968699999978 ], [ -52.453400399999964, -28.249127399999963 ], [ -52.454281099999946, -28.248620599999981 ], [ -52.454824099999939, -28.248762799999952 ], [ -52.455321499999968, -28.249419399999965 ], [ -52.455749899999944, -28.249428699999953 ], [ -52.456525599999964, -28.24850749999996 ], [ -52.457383899999968, -28.247652799999969 ], [ -52.458501299999966, -28.247067299999969 ], [ -52.460126299999956, -28.247272099999975 ], [ -52.460915699999987, -28.24775649999998 ], [ -52.46111929999995, -28.248202799999945 ], [ -52.461361499999953, -28.248513 ], [ -52.461803299999985, -28.249125699999979 ], [ -52.461934, -28.249578199999974 ], [ -52.461572099999955, -28.25016439999996 ], [ -52.461462399999959, -28.250380299999961 ], [ -52.461411, -28.250683599999945 ], [ -52.46199729999995, -28.251265699999976 ], [ -52.461924899999985, -28.252328699999964 ], [ -52.462132199999985, -28.252405299999964 ], [ -52.462587199999973, -28.251955 ], [ -52.463273299999969, -28.251074099999983 ], [ -52.464086399999985, -28.250007599999947 ], [ -52.464693299999965, -28.248923499999933 ], [ -52.465279199999941, -28.247941599999933 ], [ -52.466289499999959, -28.246921699999973 ], [ -52.46823379999995, -28.244293399999947 ], [ -52.468902599999979, -28.242445099999941 ], [ -52.469003799999939, -28.241874499999938 ], [ -52.46912059999994, -28.241398499999946 ], [ -52.469292899999971, -28.240958899999953 ], [ -52.469750499999975, -28.240292499999953 ], [ -52.470225199999959, -28.239306299999953 ], [ -52.470748199999946, -28.238282599999934 ], [ -52.471072699999979, -28.237494 ], [ -52.471139299999948, -28.23737049999994 ], [ -52.471779199999958, -28.237065799999982 ], [ -52.472750699999949, -28.236645599999974 ], [ -52.474170699999945, -28.23608059999998 ], [ -52.475090899999941, -28.235559899999942 ], [ -52.475920599999938, -28.23526929999997 ], [ -52.477257899999984, -28.234846 ], [ -52.478574499999979, -28.234266099999957 ], [ -52.477653799999985, -28.232261299999948 ], [ -52.476836099999957, -28.23159069999997 ], [ -52.475921699999958, -28.230773899999974 ], [ -52.475366099999974, -28.22999429999993 ], [ -52.47383519999994, -28.227975099999981 ], [ -52.472848, -28.226720099999966 ], [ -52.472395, -28.226544699999977 ], [ -52.471503299999938, -28.226292799999953 ], [ -52.470392199999935, -28.226076199999966 ], [ -52.470124899999973, -28.226155299999959 ], [ -52.469873899999982, -28.226212799999928 ], [ -52.469570299999987, -28.226233399999956 ], [ -52.469360299999948, -28.226236699999959 ], [ -52.46780629999995, -28.226177099999973 ], [ -52.463263899999959, -28.227068299999928 ], [ -52.462633899999958, -28.227173 ], [ -52.461423499999967, -28.22728909999995 ], [ -52.459999, -28.227448 ], [ -52.458292099999937, -28.227553599999965 ], [ -52.45727839999995, -28.227734099999964 ], [ -52.45605779999994, -28.228322499999933 ], [ -52.454750299999944, -28.228946399999984 ], [ -52.453429799999981, -28.229560099999958 ], [ -52.452172799999971, -28.230117499999949 ], [ -52.450616099999934, -28.230848799999933 ], [ -52.449399899999946, -28.231451 ], [ -52.448100699999941, -28.232058099999961 ], [ -52.447659399999964, -28.232281399999977 ], [ -52.447274099999959, -28.232495099999937 ], [ -52.446759499999985, -28.232664599999964 ], [ -52.445879899999966, -28.232794899999931 ], [ -52.445223599999963, -28.232883399999935 ], [ -52.444623899999954, -28.232968 ], [ -52.444589299999961, -28.232973899999934 ] ] ] } },
{ "type": "Feature", "properties": { "id": "431410005170010", "cn22_pop03_20a59_tot_2": 0.5625, "bas.v0001": 320, "dem.v01035": 36, "dem.v01036": 32, "dem.v01037": 49, "dem.v01038": 42, "dem.v01039": 21, "cn22_pop01_res_tot_0": 320, "cn22_pop03_20a59_tot_1": 180 }, "geometry": { "type": "Polygon", "coordinates": [ [ [ -52.440998399999955, -28.235186 ], [ -52.442860399999972, -28.235329799999931 ], [ -52.442878599999972, -28.235186799999951 ], [ -52.445288799999958, -28.235340099999974 ], [ -52.444589299999961, -28.232973899999934 ], [ -52.444266899999946, -28.233029299999941 ], [ -52.443816499999969, -28.233122199999968 ], [ -52.443393599999979, -28.233223799999962 ], [ -52.442066299999965, -28.23384539999995 ], [ -52.44199969999994, -28.233877599999971 ], [ -52.441605399999958, -28.234090799999933 ], [ -52.441414, -28.234218299999952 ], [ -52.441342899999938, -28.234278 ], [ -52.441219299999943, -28.234393199999943 ], [ -52.441168599999969, -28.234450299999935 ], [ -52.441056599999968, -28.234671299999945 ], [ -52.440989799999954, -28.234922199999971 ], [ -52.440988499999946, -28.235077599999954 ], [ -52.440998399999955, -28.235186 ] ] ] } },
{ "type": "Feature", "properties": { "id": "431410005170011", "cn22_pop03_20a59_tot_2": 0.55704697986577179, "bas.v0001": 894, "dem.v01035": 70, "dem.v01036": 69, "dem.v01037": 152, "dem.v01038": 109, "dem.v01039": 98, "cn22_pop01_res_tot_0": 894, "cn22_pop03_20a59_tot_1": 498 }, "geometry": { "type": "Polygon", "coordinates": [ [ [ -52.441209499999957, -28.237015 ], [ -52.441038599999956, -28.237041099999942 ], [ -52.440981299999976, -28.237185799999963 ], [ -52.440790499999935, -28.237515199999962 ], [ -52.440719399999978, -28.237589799999967 ], [ -52.440481499999976, -28.237839799999961 ], [ -52.440029899999956, -28.238122399999952 ], [ -52.439777899999967, -28.238267099999973 ], [ -52.439332, -28.23837489999994 ], [ -52.439085699999964, -28.238398199999949 ], [ -52.43883429999994, -28.238414099999943 ], [ -52.438593199999957, -28.23841079999994 ], [ -52.438528399999939, -28.23871319999995 ], [ -52.438366499999972, -28.239315399999953 ], [ -52.438238799999965, -28.239752099999976 ], [ -52.437972799999955, -28.240675499999952 ], [ -52.438045799999941, -28.240695099999982 ], [ -52.439562799999976, -28.241048599999942 ], [ -52.440677899999969, -28.241293499999983 ], [ -52.441794, -28.241567699999962 ], [ -52.441463, -28.239609599999937 ], [ -52.441118099999983, -28.23767289999995 ], [ -52.44112, -28.23754839999998 ], [ -52.441209499999957, -28.237015 ] ] ] } },
{ "type": "Feature", "properties": { "id": "431410005170012", "cn22_pop03_20a59_tot_2": null, "bas.v0001": 7, "dem.v01035": null, "dem.v01036": null, "dem.v01037": null, "dem.v01038": null, "dem.v01039": null, "cn22_pop01_res_tot_0": 7, "cn22_pop03_20a59_tot_1": null }, "geometry": { "type": "Polygon", "coordinates": [ [ [ -52.444921199999953, -28.232397299999946 ], [ -52.445518299999947, -28.232262099999957 ], [ -52.446183899999937, -28.232198199999971 ], [ -52.446283699999981, -28.232169099999965 ], [ -52.445038699999941, -28.230901099999983 ], [ -52.444153799999981, -28.230371099999957 ], [ -52.442311299999972, -28.229284799999959 ], [ -52.441352699999982, -28.229797799999972 ], [ -52.441069299999981, -28.229952099999934 ], [ -52.444875, -28.232368 ], [ -52.444921199999953, -28.232397299999946 ] ] ] } },
{ "type": "Feature", "properties": { "id": "431410005170013", "cn22_pop03_20a59_tot_2": 0.57978723404255317, "bas.v0001": 940, "dem.v01035": 73, "dem.v01036": 71, "dem.v01037": 159, "dem.v01038": 145, "dem.v01039": 97, "cn22_pop01_res_tot_0": 940, "cn22_pop03_20a59_tot_1": 545 }, "geometry": { "type": "Polygon", "coordinates": [ [ [ -52.440719399999978, -28.237589799999967 ], [ -52.440715, -28.237585499999966 ], [ -52.439888399999973, -28.237089699999956 ], [ -52.440201799999954, -28.236576 ], [ -52.440432899999962, -28.235642899999959 ], [ -52.440511399999934, -28.235045499999956 ], [ -52.440746799999943, -28.234435099999928 ], [ -52.440998299999933, -28.234061599999961 ], [ -52.441396499999939, -28.233689499999969 ], [ -52.441909599999974, -28.233316 ], [ -52.442572299999938, -28.233060899999941 ], [ -52.443381099999954, -28.232818899999984 ], [ -52.444844, -28.232407899999941 ], [ -52.444875, -28.232368 ], [ -52.441069299999981, -28.229952099999934 ], [ -52.440646299999969, -28.230183299999965 ], [ -52.439199099999939, -28.230957799999942 ], [ -52.439049, -28.231035099999929 ], [ -52.439092, -28.231119699999965 ], [ -52.439685599999962, -28.231724899999961 ], [ -52.435883199999978, -28.235029899999972 ], [ -52.435358099999974, -28.234512499999937 ], [ -52.434734499999934, -28.235060399999952 ], [ -52.433828499999947, -28.235850399999947 ], [ -52.431907, -28.237506799999949 ], [ -52.432429599999978, -28.237976599999968 ], [ -52.433006, -28.238510699999949 ], [ -52.433549099999937, -28.239033799999959 ], [ -52.434702399999935, -28.240044099999977 ], [ -52.434887799999956, -28.240155299999969 ], [ -52.43512069999997, -28.239881199999957 ], [ -52.435247499999946, -28.239771 ], [ -52.435465599999986, -28.239588099999935 ], [ -52.435716199999945, -28.239394799999957 ], [ -52.435930199999973, -28.23924 ], [ -52.436400299999946, -28.238922499999944 ], [ -52.436697799999934, -28.238731199999961 ], [ -52.437051899999972, -28.238568899999962 ], [ -52.43734139999998, -28.238481 ], [ -52.437690299999986, -28.238427499999943 ], [ -52.438104599999974, -28.238403499999947 ], [ -52.438593199999957, -28.23841079999994 ], [ -52.43883429999994, -28.238414099999943 ], [ -52.439085699999964, -28.238398199999949 ], [ -52.439332, -28.23837489999994 ], [ -52.439777899999967, -28.238267099999973 ], [ -52.440029899999956, -28.238122399999952 ], [ -52.440481499999976, -28.237839799999961 ], [ -52.440719399999978, -28.237589799999967 ] ] ] } },
{ "type": "Feature", "properties": { "id": "431410005170014", "cn22_pop03_20a59_tot_2": 0.53913043478260869, "bas.v0001": 230, "dem.v01035": 19, "dem.v01036": 17, "dem.v01037": 40, "dem.v01038": 17, "dem.v01039": 31, "cn22_pop01_res_tot_0": 230, "cn22_pop03_20a59_tot_1": 124 }, "geometry": { "type": "Polygon", "coordinates": [ [ [ -52.444875, -28.232368 ], [ -52.444844, -28.232407899999941 ], [ -52.443381099999954, -28.232818899999984 ], [ -52.442572299999938, -28.233060899999941 ], [ -52.441909599999974, -28.233316 ], [ -52.441396499999939, -28.233689499999969 ], [ -52.440998299999933, -28.234061599999961 ], [ -52.440746799999943, -28.234435099999928 ], [ -52.440511399999934, -28.235045499999956 ], [ -52.440432899999962, -28.235642899999959 ], [ -52.440201799999954, -28.236576 ], [ -52.439888399999973, -28.237089699999956 ], [ -52.440715, -28.237585499999966 ], [ -52.440719399999978, -28.237589799999967 ], [ -52.440790499999935, -28.237515199999962 ], [ -52.440981299999976, -28.237185799999963 ], [ -52.441038599999956, -28.237041099999942 ], [ -52.441209499999957, -28.237015 ], [ -52.441250599999933, -28.236796199999958 ], [ -52.441273399999943, -28.236666699999944 ], [ -52.441292899999951, -28.236502399999949 ], [ -52.441300599999977, -28.236361299999942 ], [ -52.441288, -28.236209599999938 ], [ -52.441277299999967, -28.236139199999968 ], [ -52.441255899999931, -28.23604169999993 ], [ -52.441236199999935, -28.23596509999993 ], [ -52.441142, -28.235673299999974 ], [ -52.441122599999971, -28.235575099999949 ], [ -52.441051499999958, -28.235389699999928 ], [ -52.441030399999931, -28.235321599999963 ], [ -52.440999, -28.235192799999936 ], [ -52.440998399999955, -28.235186 ], [ -52.440988499999946, -28.235077599999954 ], [ -52.440989799999954, -28.234922199999971 ], [ -52.441056599999968, -28.234671299999945 ], [ -52.441168599999969, -28.234450299999935 ], [ -52.441219299999943, -28.234393199999943 ], [ -52.441342899999938, -28.234278 ], [ -52.441414, -28.234218299999952 ], [ -52.441605399999958, -28.234090799999933 ], [ -52.44199969999994, -28.233877599999971 ], [ -52.442066299999965, -28.23384539999995 ], [ -52.443393599999979, -28.233223799999962 ], [ -52.443816499999969, -28.233122199999968 ], [ -52.444266899999946, -28.233029299999941 ], [ -52.444589299999961, -28.232973899999934 ], [ -52.444623899999954, -28.232968 ], [ -52.445223599999963, -28.232883399999935 ], [ -52.445879899999966, -28.232794899999931 ], [ -52.446759499999985, -28.232664599999964 ], [ -52.447274099999959, -28.232495099999937 ], [ -52.447659399999964, -28.232281399999977 ], [ -52.446941, -28.23220189999995 ], [ -52.446283699999981, -28.232169099999965 ], [ -52.446183899999937, -28.232198199999971 ], [ -52.445518299999947, -28.232262099999957 ], [ -52.444921199999953, -28.232397299999946 ], [ -52.444875, -28.232368 ] ] ] } },
{ "type": "Feature", "properties": { "id": "431410005180001", "cn22_pop03_20a59_tot_2": 0.55932203389830504, "bas.v0001": 649, "dem.v01035": 49, "dem.v01036": 47, "dem.v01037": 83, "dem.v01038": 101, "dem.v01039": 83, "cn22_pop01_res_tot_0": 649, "cn22_pop03_20a59_tot_1": 363 }, "geometry": { "type": "Polygon", "coordinates": [ [ [ -52.407591, -28.275328399999978 ], [ -52.406639599999949, -28.276081799999929 ], [ -52.406578499999966, -28.27648789999995 ], [ -52.406706799999938, -28.276775 ], [ -52.406882499999938, -28.276936499999977 ], [ -52.407150299999955, -28.27718189999996 ], [ -52.407441499999948, -28.27768 ], [ -52.407555399999978, -28.278419299999939 ], [ -52.407541099999946, -28.279530899999941 ], [ -52.407414199999948, -28.280399399999965 ], [ -52.407131199999981, -28.281121599999949 ], [ -52.406858, -28.282009599999981 ], [ -52.406740899999932, -28.282731699999943 ], [ -52.406443799999977, -28.283760399999949 ], [ -52.406877399999985, -28.283552 ], [ -52.407470599999954, -28.283199199999956 ], [ -52.408603, -28.282513799999947 ], [ -52.409493399999974, -28.281930599999953 ], [ -52.410423299999934, -28.281292299999961 ], [ -52.411408399999971, -28.280685499999947 ], [ -52.412094, -28.280267899999956 ], [ -52.412855199999967, -28.279885099999944 ], [ -52.412922799999933, -28.279675899999972 ], [ -52.413001899999983, -28.279307199999948 ], [ -52.413080199999968, -28.27886 ], [ -52.413059399999952, -28.278649 ], [ -52.412964599999952, -28.278355899999951 ], [ -52.412841199999946, -28.27797929999997 ], [ -52.412373099999968, -28.276718099999982 ], [ -52.411837799999944, -28.276920599999983 ], [ -52.411543499999937, -28.27708279999996 ], [ -52.410845199999983, -28.277609499999983 ], [ -52.410338699999954, -28.277786799999944 ], [ -52.409468799999956, -28.27812229999995 ], [ -52.409219199999939, -28.278102399999966 ], [ -52.408912, -28.277243799999951 ], [ -52.40857479999994, -28.276154499999961 ], [ -52.408282399999962, -28.275176299999941 ], [ -52.408191599999952, -28.275072499999965 ], [ -52.407591, -28.275328399999978 ] ] ] } },
{ "type": "Feature", "properties": { "id": "431410005180002", "cn22_pop03_20a59_tot_2": 0.57692307692307687, "bas.v0001": 234, "dem.v01035": 16, "dem.v01036": 17, "dem.v01037": 28, "dem.v01038": 34, "dem.v01039": 40, "cn22_pop01_res_tot_0": 234, "cn22_pop03_20a59_tot_1": 135 }, "geometry": { "type": "Polygon", "coordinates": [ [ [ -52.41695059999995, -28.275957099999971 ], [ -52.417193099999963, -28.27666279999994 ], [ -52.417325499999947, -28.277030099999934 ], [ -52.41732879999995, -28.277798899999937 ], [ -52.417311, -28.278670799999929 ], [ -52.417310799999939, -28.279202599999962 ], [ -52.418288, -28.279336199999932 ], [ -52.418654699999934, -28.279409 ], [ -52.418650699999944, -28.279161099999953 ], [ -52.41867179999997, -28.277882199999965 ], [ -52.418655199999932, -28.277415099999928 ], [ -52.418020299999966, -28.275771099999929 ], [ -52.41695059999995, -28.275957099999971 ] ] ] } },
{ "type": "Feature", "properties": { "id": "431410005180003", "cn22_pop03_20a59_tot_2": 0.5258103241296519, "bas.v0001": 833, "dem.v01035": 58, "dem.v01036": 38, "dem.v01037": 120, "dem.v01038": 118, "dem.v01039": 104, "cn22_pop01_res_tot_0": 833, "cn22_pop03_20a59_tot_1": 438 }, "geometry": { "type": "Polygon", "coordinates": [ [ [ -52.413035499999978, -28.273405599999933 ], [ -52.413554099999942, -28.274865699999964 ], [ -52.413629399999934, -28.275121899999931 ], [ -52.413825599999939, -28.27523709999997 ], [ -52.414057499999956, -28.275390099999981 ], [ -52.414322299999981, -28.275678899999946 ], [ -52.41444249999995, -28.275854299999935 ], [ -52.414464, -28.276057599999945 ], [ -52.414495599999952, -28.276346899999965 ], [ -52.415083, -28.276257799999939 ], [ -52.416009499999973, -28.276106399999946 ], [ -52.41695059999995, -28.275957099999971 ], [ -52.418020299999966, -28.275771099999929 ], [ -52.417664799999955, -28.274563599999965 ], [ -52.417719199999965, -28.274117499999932 ], [ -52.417625599999951, -28.273768899999936 ], [ -52.417548699999941, -28.273618399999975 ], [ -52.41731029999994, -28.272924199999977 ], [ -52.417066799999986, -28.272245199999929 ], [ -52.41644139999994, -28.272469499999943 ], [ -52.415771499999948, -28.272654299999942 ], [ -52.414161699999966, -28.273093499999959 ], [ -52.413035499999978, -28.273405599999933 ] ] ] } },
{ "type": "Feature", "properties": { "id": "431410005180004", "cn22_pop03_20a59_tot_2": 0.57085020242914974, "bas.v0001": 247, "dem.v01035": 12, "dem.v01036": 22, "dem.v01037": 33, "dem.v01038": 36, "dem.v01039": 38, "cn22_pop01_res_tot_0": 247, "cn22_pop03_20a59_tot_1": 141 }, "geometry": { "type": "Polygon", "coordinates": [ [ [ -52.416555599999981, -28.270811399999957 ], [ -52.416949399999964, -28.27192649999995 ], [ -52.417066799999986, -28.272245199999929 ], [ -52.41731029999994, -28.272924199999977 ], [ -52.417548699999941, -28.273618399999975 ], [ -52.417625599999951, -28.273768899999936 ], [ -52.417755799999952, -28.273725799999966 ], [ -52.417874599999948, -28.273689299999944 ], [ -52.417975599999977, -28.273639199999934 ], [ -52.418073599999957, -28.273572099999967 ], [ -52.418094199999985, -28.273421 ], [ -52.418076299999939, -28.273267399999952 ], [ -52.418069099999968, -28.273120499999948 ], [ -52.417945599999939, -28.27257469999995 ], [ -52.418054099999949, -28.272388899999953 ], [ -52.418867499999976, -28.271049499999947 ], [ -52.41872479999995, -28.271074499999941 ], [ -52.417894199999978, -28.270676499999979 ], [ -52.417235799999958, -28.270369199999948 ], [ -52.417070399999943, -28.270620299999962 ], [ -52.41688019999998, -28.270712299999957 ], [ -52.416555599999981, -28.270811399999957 ] ] ] } },
{ "type": "Feature", "properties": { "id": "431410005180005", "cn22_pop03_20a59_tot_2": 0.5741935483870968, "bas.v0001": 310, "dem.v01035": 23, "dem.v01036": 19, "dem.v01037": 55, "dem.v01038": 39, "dem.v01039": 42, "cn22_pop01_res_tot_0": 310, "cn22_pop03_20a59_tot_1": 178 }, "geometry": { "type": "Polygon", "coordinates": [ [ [ -52.416555599999981, -28.270811399999957 ], [ -52.41688019999998, -28.270712299999957 ], [ -52.417070399999943, -28.270620299999962 ], [ -52.417235799999958, -28.270369199999948 ], [ -52.417894199999978, -28.270676499999979 ], [ -52.41872479999995, -28.271074499999941 ], [ -52.418867499999976, -28.271049499999947 ], [ -52.419131099999959, -28.270598 ], [ -52.418171499999971, -28.270157499999982 ], [ -52.417526599999974, -28.269853 ], [ -52.416757699999948, -28.269489799999974 ], [ -52.415545299999962, -28.268922499999974 ], [ -52.414986799999951, -28.269818699999973 ], [ -52.415661, -28.270155199999977 ], [ -52.416180299999951, -28.270419899999979 ], [ -52.416368799999987, -28.270604699999978 ], [ -52.416555599999981, -28.270811399999957 ] ] ] } },
{ "type": "Feature", "properties": { "id": "431410005180006", "cn22_pop03_20a59_tot_2": 0.54211956521739135, "bas.v0001": 736, "dem.v01035": 51, "dem.v01036": 46, "dem.v01037": 106, "dem.v01038": 93, "dem.v01039": 103, "cn22_pop01_res_tot_0": 736, "cn22_pop03_20a59_tot_1": 399 }, "geometry": { "type": "Polygon", "coordinates": [ [ [ -52.411518199999932, -28.269007699999975 ], [ -52.411942799999963, -28.270185 ], [ -52.412039099999959, -28.270470499999931 ], [ -52.412626699999976, -28.270324499999958 ], [ -52.412862599999983, -28.270328699999936 ], [ -52.413060799999982, -28.270439599999975 ], [ -52.413277699999981, -28.270649699999979 ], [ -52.413384899999983, -28.27084519999994 ], [ -52.413662099999954, -28.271645199999966 ], [ -52.415318, -28.271217899999954 ], [ -52.416555599999981, -28.270811399999957 ], [ -52.416368799999987, -28.270604699999978 ], [ -52.416180299999951, -28.270419899999979 ], [ -52.415661, -28.270155199999977 ], [ -52.414986799999951, -28.269818699999973 ], [ -52.415545299999962, -28.268922499999974 ], [ -52.414473399999963, -28.268398399999967 ], [ -52.413333499999965, -28.267857699999979 ], [ -52.412202199999967, -28.267322699999966 ], [ -52.411645199999953, -28.268242199999975 ], [ -52.411462799999981, -28.268556499999931 ], [ -52.411484199999961, -28.268964399999959 ], [ -52.411518199999932, -28.269007699999975 ] ] ] } },
{ "type": "Feature", "properties": { "id": "431410005180007", "cn22_pop03_20a59_tot_2": 0.59, "bas.v0001": 500, "dem.v01035": 40, "dem.v01036": 32, "dem.v01037": 72, "dem.v01038": 77, "dem.v01039": 74, "cn22_pop01_res_tot_0": 500, "cn22_pop03_20a59_tot_1": 295 }, "geometry": { "type": "Polygon", "coordinates": [ [ [ -52.408107599999937, -28.267242099999976 ], [ -52.40809489999998, -28.267876399999977 ], [ -52.408350799999937, -28.267903699999977 ], [ -52.408834699999943, -28.26820639999994 ], [ -52.409291, -28.268557399999963 ], [ -52.409669899999983, -28.268830499999979 ], [ -52.409888, -28.269437299999936 ], [ -52.411518199999932, -28.269007699999975 ], [ -52.411484199999961, -28.268964399999959 ], [ -52.411462799999981, -28.268556499999931 ], [ -52.411645199999953, -28.268242199999975 ], [ -52.412202199999967, -28.267322699999966 ], [ -52.411083899999937, -28.266785499999969 ], [ -52.409989399999972, -28.26628009999996 ], [ -52.408936199999971, -28.265809499999932 ], [ -52.408107599999937, -28.267242099999976 ] ] ] } },
{ "type": "Feature", "properties": { "id": "431410005180008", "cn22_pop03_20a59_tot_2": 0.66666666666666663, "bas.v0001": 96, "dem.v01035": 6, "dem.v01036": 8, "dem.v01037": 24, "dem.v01038": 11, "dem.v01039": 15, "cn22_pop01_res_tot_0": 96, "cn22_pop03_20a59_tot_1": 64 }, "geometry": { "type": "Polygon", "coordinates": [ [ [ -52.406679, -28.267771899999957 ], [ -52.40809489999998, -28.267876399999977 ], [ -52.408107599999937, -28.267242099999976 ], [ -52.407459099999983, -28.266945699999951 ], [ -52.406784799999969, -28.266817499999945 ], [ -52.406679, -28.267771899999957 ] ] ] } },
{ "type": "Feature", "properties": { "id": "431410005180009", "cn22_pop03_20a59_tot_2": 0.54710144927536231, "bas.v0001": 552, "dem.v01035": 35, "dem.v01036": 33, "dem.v01037": 85, "dem.v01038": 78, "dem.v01039": 71, "cn22_pop01_res_tot_0": 552, "cn22_pop03_20a59_tot_1": 302 }, "geometry": { "type": "Polygon", "coordinates": [ [ [ -52.406541, -28.269328199999961 ], [ -52.406664199999966, -28.27013919999996 ], [ -52.406836299999952, -28.270875 ], [ -52.407047399999954, -28.27125419999993 ], [ -52.409321299999931, -28.271173699999963 ], [ -52.409586799999943, -28.271145799999942 ], [ -52.410372, -28.27091189999993 ], [ -52.409888, -28.269437299999936 ], [ -52.409669899999983, -28.268830499999979 ], [ -52.409291, -28.268557399999963 ], [ -52.408834699999943, -28.26820639999994 ], [ -52.408350799999937, -28.267903699999977 ], [ -52.40809489999998, -28.267876399999977 ], [ -52.406679, -28.267771899999957 ], [ -52.406582699999944, -28.268838199999948 ], [ -52.406541, -28.269328199999961 ] ] ] } },
{ "type": "Feature", "properties": { "id": "431410005180010", "cn22_pop03_20a59_tot_2": 0.53888888888888886, "bas.v0001": 360, "dem.v01035": 21, "dem.v01036": 23, "dem.v01037": 62, "dem.v01038": 49, "dem.v01039": 39, "cn22_pop01_res_tot_0": 360, "cn22_pop03_20a59_tot_1": 194 }, "geometry": { "type": "Polygon", "coordinates": [ [ [ -52.407047399999954, -28.27125419999993 ], [ -52.407740099999955, -28.272248399999967 ], [ -52.408369799999946, -28.273177199999964 ], [ -52.408758, -28.273758099999952 ], [ -52.408439299999941, -28.274331699999948 ], [ -52.408358099999987, -28.274658099999954 ], [ -52.409741699999984, -28.274275899999964 ], [ -52.411383499999943, -28.27383059999994 ], [ -52.410882599999979, -28.27238019999993 ], [ -52.410372, -28.27091189999993 ], [ -52.409586799999943, -28.271145799999942 ], [ -52.409321299999931, -28.271173699999963 ], [ -52.407047399999954, -28.27125419999993 ] ] ] } },
{ "type": "Feature", "properties": { "id": "431410005180011", "cn22_pop03_20a59_tot_2": 0.59447513812154695, "bas.v0001": 905, "dem.v01035": 52, "dem.v01036": 68, "dem.v01037": 214, "dem.v01038": 116, "dem.v01039": 88, "cn22_pop01_res_tot_0": 905, "cn22_pop03_20a59_tot_1": 538 }, "geometry": { "type": "Polygon", "coordinates": [ [ [ -52.411383499999943, -28.27383059999994 ], [ -52.409741699999984, -28.274275899999964 ], [ -52.408358099999987, -28.274658099999954 ], [ -52.408285099999944, -28.274926 ], [ -52.408191599999952, -28.275072499999965 ], [ -52.408282399999962, -28.275176299999941 ], [ -52.40857479999994, -28.276154499999961 ], [ -52.408912, -28.277243799999951 ], [ -52.409219199999939, -28.278102399999966 ], [ -52.409468799999956, -28.27812229999995 ], [ -52.410338699999954, -28.277786799999944 ], [ -52.410845199999983, -28.277609499999983 ], [ -52.411543499999937, -28.27708279999996 ], [ -52.411837799999944, -28.276920599999983 ], [ -52.412373099999968, -28.276718099999982 ], [ -52.413072599999964, -28.276572 ], [ -52.414495599999952, -28.276346899999965 ], [ -52.414464, -28.276057599999945 ], [ -52.41444249999995, -28.275854299999935 ], [ -52.414322299999981, -28.275678899999946 ], [ -52.414057499999956, -28.275390099999981 ], [ -52.413825599999939, -28.27523709999997 ], [ -52.413629399999934, -28.275121899999931 ], [ -52.413554099999942, -28.274865699999964 ], [ -52.413035499999978, -28.273405599999933 ], [ -52.411383499999943, -28.27383059999994 ] ] ] } },
{ "type": "Feature", "properties": { "id": "431410005180012", "cn22_pop03_20a59_tot_2": 0.53151010701545776, "bas.v0001": 841, "dem.v01035": 47, "dem.v01036": 44, "dem.v01037": 123, "dem.v01038": 121, "dem.v01039": 112, "cn22_pop01_res_tot_0": 841, "cn22_pop03_20a59_tot_1": 447 }, "geometry": { "type": "Polygon", "coordinates": [ [ [ -52.409888, -28.269437299999936 ], [ -52.410372, -28.27091189999993 ], [ -52.410882599999979, -28.27238019999993 ], [ -52.411383499999943, -28.27383059999994 ], [ -52.413035499999978, -28.273405599999933 ], [ -52.414161699999966, -28.273093499999959 ], [ -52.415771499999948, -28.272654299999942 ], [ -52.41644139999994, -28.272469499999943 ], [ -52.417066799999986, -28.272245199999929 ], [ -52.416949399999964, -28.27192649999995 ], [ -52.416555599999981, -28.270811399999957 ], [ -52.415318, -28.271217899999954 ], [ -52.413662099999954, -28.271645199999966 ], [ -52.413384899999983, -28.27084519999994 ], [ -52.413277699999981, -28.270649699999979 ], [ -52.413060799999982, -28.270439599999975 ], [ -52.412862599999983, -28.270328699999936 ], [ -52.412626699999976, -28.270324499999958 ], [ -52.412039099999959, -28.270470499999931 ], [ -52.411942799999963, -28.270185 ], [ -52.411518199999932, -28.269007699999975 ], [ -52.409888, -28.269437299999936 ] ] ] } },
{ "type": "Feature", "properties": { "id": "431410005180013", "cn22_pop03_20a59_tot_2": 0.53500897666068226, "bas.v0001": 1114, "dem.v01035": 93, "dem.v01036": 85, "dem.v01037": 157, "dem.v01038": 143, "dem.v01039": 118, "cn22_pop01_res_tot_0": 1114, "cn22_pop03_20a59_tot_1": 596 }, "geometry": { "type": "Polygon", "coordinates": [ [ [ -52.414495599999952, -28.276346899999965 ], [ -52.413072599999964, -28.276572 ], [ -52.412373099999968, -28.276718099999982 ], [ -52.412841199999946, -28.27797929999997 ], [ -52.412964599999952, -28.278355899999951 ], [ -52.413059399999952, -28.278649 ], [ -52.413080199999968, -28.27886 ], [ -52.413001899999983, -28.279307199999948 ], [ -52.412922799999933, -28.279675899999972 ], [ -52.412855199999967, -28.279885099999944 ], [ -52.412094, -28.280267899999956 ], [ -52.411408399999971, -28.280685499999947 ], [ -52.410423299999934, -28.281292299999961 ], [ -52.409493399999974, -28.281930599999953 ], [ -52.408603, -28.282513799999947 ], [ -52.407470599999954, -28.283199199999956 ], [ -52.406877399999985, -28.283552 ], [ -52.406443799999977, -28.283760399999949 ], [ -52.406222599999978, -28.284104399999933 ], [ -52.406192899999951, -28.284509 ], [ -52.406305, -28.285147199999983 ], [ -52.406474799999955, -28.285926599999982 ], [ -52.406282099999942, -28.286836699999981 ], [ -52.406049199999984, -28.287703299999976 ], [ -52.407797399999936, -28.286770299999944 ], [ -52.408823899999959, -28.286268699999937 ], [ -52.409926599999949, -28.285673 ], [ -52.410905499999956, -28.284986899999979 ], [ -52.411915099999931, -28.284306799999968 ], [ -52.41299829999997, -28.283656899999983 ], [ -52.414113599999951, -28.283085399999948 ], [ -52.415128, -28.282648599999959 ], [ -52.416122799999982, -28.282409299999983 ], [ -52.416748699999971, -28.282383899999957 ], [ -52.416704099999947, -28.281760399999939 ], [ -52.416681399999959, -28.280535499999928 ], [ -52.416684199999963, -28.27949689999997 ], [ -52.417299799999967, -28.279526799999928 ], [ -52.417310799999939, -28.279202599999962 ], [ -52.417311, -28.278670799999929 ], [ -52.41732879999995, -28.277798899999937 ], [ -52.417325499999947, -28.277030099999934 ], [ -52.417193099999963, -28.27666279999994 ], [ -52.41695059999995, -28.275957099999971 ], [ -52.416009499999973, -28.276106399999946 ], [ -52.415083, -28.276257799999939 ], [ -52.414495599999952, -28.276346899999965 ] ] ] } },
{ "type": "Feature", "properties": { "id": "431410005190002", "cn22_pop03_20a59_tot_2": 0.59195402298850575, "bas.v0001": 870, "dem.v01035": 43, "dem.v01036": 48, "dem.v01037": 140, "dem.v01038": 162, "dem.v01039": 122, "cn22_pop01_res_tot_0": 870, "cn22_pop03_20a59_tot_1": 515 }, "geometry": { "type": "Polygon", "coordinates": [ [ [ -52.397427299999947, -28.259247599999981 ], [ -52.397050099999944, -28.259285199999965 ], [ -52.396891399999959, -28.259326399999964 ], [ -52.396736899999951, -28.259382499999958 ], [ -52.396450799999968, -28.259496899999931 ], [ -52.396084299999984, -28.259694799999977 ], [ -52.395712099999969, -28.259914299999934 ], [ -52.395376799999951, -28.260112699999979 ], [ -52.395501199999956, -28.26082 ], [ -52.39570939999993, -28.261881799999969 ], [ -52.395905699999958, -28.262924799999951 ], [ -52.396097199999986, -28.26398329999995 ], [ -52.396289199999956, -28.265043099999957 ], [ -52.397475399999962, -28.264870099999939 ], [ -52.398464499999932, -28.264719299999967 ], [ -52.398275499999954, -28.263666099999966 ], [ -52.398071899999934, -28.262586 ], [ -52.399081599999931, -28.262438599999939 ], [ -52.39889, -28.261383799999976 ], [ -52.398705099999972, -28.260322899999949 ], [ -52.398489899999959, -28.259288199999958 ], [ -52.398273899999936, -28.259249699999941 ], [ -52.398159199999952, -28.259236499999929 ], [ -52.39803859999995, -28.259228399999984 ], [ -52.397839399999953, -28.259227799999962 ], [ -52.397732, -28.259230699999932 ], [ -52.397427299999947, -28.259247599999981 ] ] ] } },
{ "type": "Feature", "properties": { "id": "431410005190003", "cn22_pop03_20a59_tot_2": 0.62318840579710144, "bas.v0001": 69, "dem.v01035": 6, "dem.v01036": 6, "dem.v01037": 9, "dem.v01038": 11, "dem.v01039": 11, "cn22_pop01_res_tot_0": 69, "cn22_pop03_20a59_tot_1": 43 }, "geometry": { "type": "Polygon", "coordinates": [ [ [ -52.397427299999947, -28.259247599999981 ], [ -52.397732, -28.259230699999932 ], [ -52.397839399999953, -28.259227799999962 ], [ -52.39803859999995, -28.259228399999984 ], [ -52.398159199999952, -28.259236499999929 ], [ -52.398273899999936, -28.259249699999941 ], [ -52.398489899999959, -28.259288199999958 ], [ -52.398418799999945, -28.258807099999956 ], [ -52.397786399999973, -28.258626 ], [ -52.397381799999948, -28.259035799999936 ], [ -52.397427299999947, -28.259247599999981 ] ] ] } },
{ "type": "Feature", "properties": { "id": "431410005190004", "cn22_pop03_20a59_tot_2": 0.49397590361445781, "bas.v0001": 83, "dem.v01035": 0, "dem.v01036": 5, "dem.v01037": 9, "dem.v01038": 17, "dem.v01039": 10, "cn22_pop01_res_tot_0": 83, "cn22_pop03_20a59_tot_1": 41 }, "geometry": { "type": "Polygon", "coordinates": [ [ [ -52.396450799999968, -28.259496899999931 ], [ -52.396736899999951, -28.259382499999958 ], [ -52.396891399999959, -28.259326399999964 ], [ -52.397050099999944, -28.259285199999965 ], [ -52.397427299999947, -28.259247599999981 ], [ -52.397381799999948, -28.259035799999936 ], [ -52.397786399999973, -28.258626 ], [ -52.396428399999934, -28.258225699999969 ], [ -52.396242799999982, -28.25841859999997 ], [ -52.39640959999997, -28.259296 ], [ -52.396450799999968, -28.259496899999931 ] ] ] } },
{ "type": "Feature", "properties": { "id": "431410005190005", "cn22_pop03_20a59_tot_2": 0.49306930693069306, "bas.v0001": 505, "dem.v01035": 25, "dem.v01036": 33, "dem.v01037": 77, "dem.v01038": 68, "dem.v01039": 46, "cn22_pop01_res_tot_0": 505, "cn22_pop03_20a59_tot_1": 249 }, "geometry": { "type": "Polygon", "coordinates": [ [ [ -52.391131199999961, -28.257099699999969 ], [ -52.392572199999961, -28.258223299999941 ], [ -52.393187499999954, -28.258692099999962 ], [ -52.39345579999997, -28.258899699999972 ], [ -52.392721399999971, -28.259689099999946 ], [ -52.392486499999961, -28.259933399999966 ], [ -52.391529099999957, -28.26099929999998 ], [ -52.392018199999939, -28.261198899999954 ], [ -52.392364099999952, -28.261305299999947 ], [ -52.392651899999976, -28.26133 ], [ -52.392945199999986, -28.261329799999942 ], [ -52.39323539999998, -28.261279899999977 ], [ -52.393374799999947, -28.261257899999976 ], [ -52.393646799999942, -28.261144399999978 ], [ -52.394277899999963, -28.260802499999954 ], [ -52.394731099999944, -28.260516699999982 ], [ -52.395376799999951, -28.260112699999979 ], [ -52.395712099999969, -28.259914299999934 ], [ -52.396084299999984, -28.259694799999977 ], [ -52.396450799999968, -28.259496899999931 ], [ -52.39640959999997, -28.259296 ], [ -52.396242799999982, -28.25841859999997 ], [ -52.396428399999934, -28.258225699999969 ], [ -52.395910699999945, -28.25788289999997 ], [ -52.395074499999964, -28.257253799999944 ], [ -52.394167, -28.256579199999976 ], [ -52.394930099999954, -28.25580169999995 ], [ -52.394115, -28.255177599999968 ], [ -52.39378819999996, -28.254927399999929 ], [ -52.393751299999963, -28.25506809999996 ], [ -52.393717399999957, -28.255387299999938 ], [ -52.393681499999957, -28.255524699999967 ], [ -52.393619699999931, -28.255643 ], [ -52.39353559999995, -28.255736099999979 ], [ -52.392855299999951, -28.256233 ], [ -52.392279099999939, -28.256444 ], [ -52.392098099999941, -28.256523299999969 ], [ -52.39172149999996, -28.256837499999961 ], [ -52.391131199999961, -28.257099699999969 ] ] ] } },
{ "type": "Feature", "properties": { "id": "431410005190007", "cn22_pop03_20a59_tot_2": 0.52968036529680362, "bas.v0001": 219, "dem.v01035": 6, "dem.v01036": 19, "dem.v01037": 35, "dem.v01038": 25, "dem.v01039": 31, "cn22_pop01_res_tot_0": 219, "cn22_pop03_20a59_tot_1": 116 }, "geometry": { "type": "Polygon", "coordinates": [ [ [ -52.389718499999958, -28.261714299999937 ], [ -52.390009599999985, -28.263285799999949 ], [ -52.390062399999977, -28.263596699999937 ], [ -52.390113399999962, -28.263808199999971 ], [ -52.390201799999943, -28.263783199999978 ], [ -52.391278099999965, -28.263623399999972 ], [ -52.392433599999947, -28.263462899999979 ], [ -52.392228199999977, -28.262399 ], [ -52.392058399999939, -28.261446 ], [ -52.391861799999958, -28.261407599999984 ], [ -52.39087, -28.261542899999938 ], [ -52.389718499999958, -28.261714299999937 ] ] ] } },
{ "type": "Feature", "properties": { "id": "431410005190008", "cn22_pop03_20a59_tot_2": 0.57516339869281041, "bas.v0001": 153, "dem.v01035": 6, "dem.v01036": 7, "dem.v01037": 13, "dem.v01038": 36, "dem.v01039": 26, "cn22_pop01_res_tot_0": 153, "cn22_pop03_20a59_tot_1": 88 }, "geometry": { "type": "Polygon", "coordinates": [ [ [ -52.390113399999962, -28.263808199999971 ], [ -52.390532699999937, -28.265895499999942 ], [ -52.391690899999958, -28.265737299999955 ], [ -52.392813399999966, -28.265561599999955 ], [ -52.392603299999962, -28.264447299999972 ], [ -52.392433599999947, -28.263462899999979 ], [ -52.391278099999965, -28.263623399999972 ], [ -52.390201799999943, -28.263783199999978 ], [ -52.390113399999962, -28.263808199999971 ] ] ] } },
{ "type": "Feature", "properties": { "id": "431410005190009", "cn22_pop03_20a59_tot_2": 0.45360824742268041, "bas.v0001": 97, "dem.v01035": 7, "dem.v01036": 3, "dem.v01037": 6, "dem.v01038": 14, "dem.v01039": 14, "cn22_pop01_res_tot_0": 97, "cn22_pop03_20a59_tot_1": 44 }, "geometry": { "type": "Polygon", "coordinates": [ [ [ -52.392813399999966, -28.265561599999955 ], [ -52.391690899999958, -28.265737299999955 ], [ -52.390532699999937, -28.265895499999942 ], [ -52.390864699999952, -28.267561899999976 ], [ -52.390998099999933, -28.268235299999958 ], [ -52.391083299999934, -28.268240599999956 ], [ -52.391150799999934, -28.268266 ], [ -52.391229899999985, -28.268299099999979 ], [ -52.392578299999968, -28.267834199999982 ], [ -52.39226229999997, -28.267161499999929 ], [ -52.393401, -28.266614 ], [ -52.393202, -28.265503199999955 ], [ -52.392813399999966, -28.265561599999955 ] ] ] } },
{ "type": "Feature", "properties": { "id": "431410005190010", "cn22_pop03_20a59_tot_2": 0.56321839080459768, "bas.v0001": 174, "dem.v01035": 14, "dem.v01036": 11, "dem.v01037": 29, "dem.v01038": 21, "dem.v01039": 23, "cn22_pop01_res_tot_0": 174, "cn22_pop03_20a59_tot_1": 98 }, "geometry": { "type": "Polygon", "coordinates": [ [ [ -52.393401, -28.266614 ], [ -52.39226229999997, -28.267161499999929 ], [ -52.392578299999968, -28.267834199999982 ], [ -52.393861099999981, -28.267306599999984 ], [ -52.394734299999982, -28.266801899999962 ], [ -52.395017099999961, -28.266673199999957 ], [ -52.395426099999952, -28.266566399999931 ], [ -52.396530699999971, -28.266321 ], [ -52.396289199999956, -28.265043099999957 ], [ -52.395125099999973, -28.265215599999976 ], [ -52.395214099999976, -28.265701499999977 ], [ -52.394141699999977, -28.266231799999957 ], [ -52.393401, -28.266614 ] ] ] } },
{ "type": "Feature", "properties": { "id": "431410005190011", "cn22_pop03_20a59_tot_2": 0.5935828877005348, "bas.v0001": 374, "dem.v01035": 36, "dem.v01036": 21, "dem.v01037": 63, "dem.v01038": 59, "dem.v01039": 43, "cn22_pop01_res_tot_0": 374, "cn22_pop03_20a59_tot_1": 222 }, "geometry": { "type": "Polygon", "coordinates": [ [ [ -52.398464499999932, -28.264719299999967 ], [ -52.397475399999962, -28.264870099999939 ], [ -52.396289199999956, -28.265043099999957 ], [ -52.396530699999971, -28.266321 ], [ -52.396844299999941, -28.266260899999963 ], [ -52.398737199999971, -28.265858299999934 ], [ -52.399253599999952, -28.265744899999959 ], [ -52.400423299999943, -28.265504399999941 ], [ -52.400229299999978, -28.26444859999998 ], [ -52.398464499999932, -28.264719299999967 ] ] ] } },
{ "type": "Feature", "properties": { "id": "431410005190012", "cn22_pop03_20a59_tot_2": 0.59634888438133871, "bas.v0001": 493, "dem.v01035": 34, "dem.v01036": 36, "dem.v01037": 75, "dem.v01038": 76, "dem.v01039": 73, "cn22_pop01_res_tot_0": 493, "cn22_pop03_20a59_tot_1": 294 }, "geometry": { "type": "Polygon", "coordinates": [ [ [ -52.392433599999947, -28.263462899999979 ], [ -52.392603299999962, -28.264447299999972 ], [ -52.392813399999966, -28.265561599999955 ], [ -52.393202, -28.265503199999955 ], [ -52.393401, -28.266614 ], [ -52.394141699999977, -28.266231799999957 ], [ -52.395214099999976, -28.265701499999977 ], [ -52.395125099999973, -28.265215599999976 ], [ -52.396289199999956, -28.265043099999957 ], [ -52.396097199999986, -28.26398329999995 ], [ -52.395905699999958, -28.262924799999951 ], [ -52.394709199999966, -28.263107699999978 ], [ -52.393569299999967, -28.263296899999943 ], [ -52.392433599999947, -28.263462899999979 ] ] ] } },
{ "type": "Feature", "properties": { "id": "431410005190013", "cn22_pop03_20a59_tot_2": 0.53258845437616387, "bas.v0001": 537, "dem.v01035": 34, "dem.v01036": 31, "dem.v01037": 79, "dem.v01038": 74, "dem.v01039": 68, "cn22_pop01_res_tot_0": 537, "cn22_pop03_20a59_tot_1": 286 }, "geometry": { "type": "Polygon", "coordinates": [ [ [ -52.392018199999939, -28.261198899999954 ], [ -52.392058399999939, -28.261446 ], [ -52.392228199999977, -28.262399 ], [ -52.392433599999947, -28.263462899999979 ], [ -52.393569299999967, -28.263296899999943 ], [ -52.394709199999966, -28.263107699999978 ], [ -52.395905699999958, -28.262924799999951 ], [ -52.39570939999993, -28.261881799999969 ], [ -52.395501199999956, -28.26082 ], [ -52.395376799999951, -28.260112699999979 ], [ -52.394731099999944, -28.260516699999982 ], [ -52.394277899999963, -28.260802499999954 ], [ -52.393646799999942, -28.261144399999978 ], [ -52.393374799999947, -28.261257899999976 ], [ -52.39323539999998, -28.261279899999977 ], [ -52.392945199999986, -28.261329799999942 ], [ -52.392651899999976, -28.26133 ], [ -52.392364099999952, -28.261305299999947 ], [ -52.392018199999939, -28.261198899999954 ] ] ] } },
{ "type": "Feature", "properties": { "id": "431410005190014", "cn22_pop03_20a59_tot_2": 0.54373927958833623, "bas.v0001": 583, "dem.v01035": 37, "dem.v01036": 51, "dem.v01037": 92, "dem.v01038": 73, "dem.v01039": 64, "cn22_pop01_res_tot_0": 583, "cn22_pop03_20a59_tot_1": 317 }, "geometry": { "type": "Polygon", "coordinates": [ [ [ -52.398464499999932, -28.264719299999967 ], [ -52.400229299999978, -28.26444859999998 ], [ -52.400061899999969, -28.263415799999962 ], [ -52.400574199999937, -28.26334369999995 ], [ -52.400384899999949, -28.262242399999934 ], [ -52.400351799999953, -28.261994199999947 ], [ -52.400265799999943, -28.261484699999983 ], [ -52.400206799999978, -28.26112749999993 ], [ -52.400165899999934, -28.260902299999941 ], [ -52.400143, -28.26080879999995 ], [ -52.400115299999982, -28.260714 ], [ -52.399944399999981, -28.260382099999958 ], [ -52.399790899999971, -28.260195199999941 ], [ -52.399647099999981, -28.26002109999996 ], [ -52.399277899999959, -28.259668699999963 ], [ -52.399020599999972, -28.25951729999997 ], [ -52.398779399999967, -28.25938489999993 ], [ -52.398489899999959, -28.259288199999958 ], [ -52.398705099999972, -28.260322899999949 ], [ -52.39889, -28.261383799999976 ], [ -52.399081599999931, -28.262438599999939 ], [ -52.398071899999934, -28.262586 ], [ -52.398275499999954, -28.263666099999966 ], [ -52.398464499999932, -28.264719299999967 ] ] ] } },
{ "type": "Feature", "properties": { "id": "431410005210003", "cn22_pop03_20a59_tot_2": 0.56457564575645758, "bas.v0001": 813, "dem.v01035": 82, "dem.v01036": 56, "dem.v01037": 117, "dem.v01038": 112, "dem.v01039": 92, "cn22_pop01_res_tot_0": 813, "cn22_pop03_20a59_tot_1": 459 }, "geometry": { "type": "Polygon", "coordinates": [ [ [ -52.378118499999971, -28.280472599999939 ], [ -52.378304, -28.280722699999956 ], [ -52.380023299999948, -28.280585 ], [ -52.383410899999944, -28.280147499999941 ], [ -52.385115299999939, -28.279932699999961 ], [ -52.38499429999996, -28.279601499999956 ], [ -52.384242399999948, -28.278802199999973 ], [ -52.383792399999948, -28.27877529999995 ], [ -52.383450099999948, -28.278115399999933 ], [ -52.383111099999951, -28.278026599999976 ], [ -52.382755499999973, -28.277928399999951 ], [ -52.381955099999971, -28.277666299999964 ], [ -52.380863599999941, -28.278668599999946 ], [ -52.380660099999943, -28.278971199999944 ], [ -52.38046449999996, -28.279174799999964 ], [ -52.380197599999974, -28.279269199999931 ], [ -52.379158399999938, -28.27982609999998 ], [ -52.378118499999971, -28.280472599999939 ] ] ] } },
{ "type": "Feature", "properties": { "id": "431410005190015", "cn22_pop03_20a59_tot_2": 0.55555555555555558, "bas.v0001": 189, "dem.v01035": 18, "dem.v01036": 7, "dem.v01037": 25, "dem.v01038": 30, "dem.v01039": 25, "cn22_pop01_res_tot_0": 189, "cn22_pop03_20a59_tot_1": 105 }, "geometry": { "type": "Polygon", "coordinates": [ [ [ -52.39006859999995, -28.257664599999941 ], [ -52.390910899999938, -28.258309299999951 ], [ -52.390165499999966, -28.259118699999931 ], [ -52.391051899999979, -28.259797399999968 ], [ -52.390345699999955, -28.260495799999944 ], [ -52.389848599999937, -28.260236599999928 ], [ -52.389357299999972, -28.259940699999959 ], [ -52.389249, -28.259884299999953 ], [ -52.38937059999995, -28.26010279999997 ], [ -52.389399699999956, -28.260161099999948 ], [ -52.389428499999951, -28.260242199999936 ], [ -52.389446799999973, -28.260301 ], [ -52.389463499999977, -28.260378399999979 ], [ -52.389512099999934, -28.260671799999955 ], [ -52.389718499999958, -28.261714299999937 ], [ -52.39087, -28.261542899999938 ], [ -52.391861799999958, -28.261407599999984 ], [ -52.392058399999939, -28.261446 ], [ -52.392018199999939, -28.261198899999954 ], [ -52.391529099999957, -28.26099929999998 ], [ -52.392486499999961, -28.259933399999966 ], [ -52.392721399999971, -28.259689099999946 ], [ -52.39345579999997, -28.258899699999972 ], [ -52.393187499999954, -28.258692099999962 ], [ -52.392572199999961, -28.258223299999941 ], [ -52.391131199999961, -28.257099699999969 ], [ -52.390948499999979, -28.257230599999957 ], [ -52.390696599999956, -28.257483599999944 ], [ -52.390225799999939, -28.257659799999942 ], [ -52.39006859999995, -28.257664599999941 ] ] ] } },
{ "type": "Feature", "properties": { "id": "431410005190016", "cn22_pop03_20a59_tot_2": 0.58823529411764708, "bas.v0001": 272, "dem.v01035": 18, "dem.v01036": 26, "dem.v01037": 40, "dem.v01038": 40, "dem.v01039": 36, "cn22_pop01_res_tot_0": 272, "cn22_pop03_20a59_tot_1": 160 }, "geometry": { "type": "Polygon", "coordinates": [ [ [ -52.389249, -28.259884299999953 ], [ -52.389357299999972, -28.259940699999959 ], [ -52.389848599999937, -28.260236599999928 ], [ -52.390345699999955, -28.260495799999944 ], [ -52.391051899999979, -28.259797399999968 ], [ -52.390165499999966, -28.259118699999931 ], [ -52.390910899999938, -28.258309299999951 ], [ -52.39006859999995, -28.257664599999941 ], [ -52.389615099999958, -28.257390899999962 ], [ -52.389446099999986, -28.257293 ], [ -52.389058899999952, -28.25774569999993 ], [ -52.389008799999942, -28.257820599999945 ], [ -52.388965799999937, -28.257901199999935 ], [ -52.388920299999938, -28.257985899999937 ], [ -52.388858099999936, -28.258130899999969 ], [ -52.38881989999993, -28.258303199999943 ], [ -52.388799899999981, -28.258458699999949 ], [ -52.388788, -28.258630099999948 ], [ -52.388786799999934, -28.258793799999978 ], [ -52.388802099999964, -28.258899 ], [ -52.38881779999997, -28.259007499999939 ], [ -52.388863699999945, -28.25918009999998 ], [ -52.389020099999982, -28.259479699999929 ], [ -52.389120099999957, -28.25966029999995 ], [ -52.389249, -28.259884299999953 ] ] ] } },
{ "type": "Feature", "properties": { "id": "431410005200001", "cn22_pop03_20a59_tot_2": 0.5636363636363636, "bas.v0001": 55, "dem.v01035": 5, "dem.v01036": 3, "dem.v01037": 6, "dem.v01038": 9, "dem.v01039": 8, "cn22_pop01_res_tot_0": 55, "cn22_pop03_20a59_tot_1": 31 }, "geometry": { "type": "Polygon", "coordinates": [ [ [ -52.382326499999976, -28.259483099999954 ], [ -52.382568, -28.259983899999952 ], [ -52.383645599999966, -28.259505399999966 ], [ -52.383806399999969, -28.259445399999947 ], [ -52.384294899999986, -28.259341099999972 ], [ -52.385153899999978, -28.259184 ], [ -52.385144599999933, -28.259056499999929 ], [ -52.385163799999987, -28.258942399999967 ], [ -52.385214599999983, -28.258829299999945 ], [ -52.385346099999936, -28.258642499999951 ], [ -52.385363199999972, -28.258476199999961 ], [ -52.385194699999943, -28.258546699999954 ], [ -52.383667399999979, -28.259036399999957 ], [ -52.382628199999942, -28.259387499999946 ], [ -52.382326499999976, -28.259483099999954 ] ] ] } },
{ "type": "Feature", "properties": { "id": "431410005200002", "cn22_pop03_20a59_tot_2": 0.55279503105590067, "bas.v0001": 805, "dem.v01035": 61, "dem.v01036": 57, "dem.v01037": 120, "dem.v01038": 102, "dem.v01039": 105, "cn22_pop01_res_tot_0": 805, "cn22_pop03_20a59_tot_1": 445 }, "geometry": { "type": "Polygon", "coordinates": [ [ [ -52.376046599999938, -28.263088399999958 ], [ -52.376223099999947, -28.263226 ], [ -52.376583, -28.263378899999964 ], [ -52.377740599999981, -28.263686799999959 ], [ -52.378798899999936, -28.263994399999945 ], [ -52.38040669999998, -28.264696499999957 ], [ -52.381186699999944, -28.26334479999997 ], [ -52.382223, -28.261536099999944 ], [ -52.382285699999954, -28.2615 ], [ -52.381769899999938, -28.260311699999932 ], [ -52.381583399999954, -28.260336399999971 ], [ -52.380663699999957, -28.260712399999932 ], [ -52.380440199999953, -28.260271899999964 ], [ -52.379569199999935, -28.260682699999961 ], [ -52.378487, -28.261300299999959 ], [ -52.377905, -28.261726099999976 ], [ -52.377330499999971, -28.262115699999981 ], [ -52.376046599999938, -28.263088399999958 ] ] ] } },
{ "type": "Feature", "properties": { "id": "431410005200003", "cn22_pop03_20a59_tot_2": 0.52083333333333337, "bas.v0001": 48, "dem.v01035": 3, "dem.v01036": null, "dem.v01037": 7, "dem.v01038": 9, "dem.v01039": 6, "cn22_pop01_res_tot_0": 48, "cn22_pop03_20a59_tot_1": 25 }, "geometry": { "type": "Polygon", "coordinates": [ [ [ -52.374983399999962, -28.263926099999935 ], [ -52.375166399999955, -28.264292799999964 ], [ -52.375217599999985, -28.264436499999931 ], [ -52.376583, -28.263378899999964 ], [ -52.376223099999947, -28.263226 ], [ -52.376046599999938, -28.263088399999958 ], [ -52.374983399999962, -28.263926099999935 ] ] ] } },
{ "type": "Feature", "properties": { "id": "431410005200004", "cn22_pop03_20a59_tot_2": 0.54084798345398144, "bas.v0001": 967, "dem.v01035": 71, "dem.v01036": 70, "dem.v01037": 120, "dem.v01038": 132, "dem.v01039": 130, "cn22_pop01_res_tot_0": 967, "cn22_pop03_20a59_tot_1": 523 }, "geometry": { "type": "Polygon", "coordinates": [ [ [ -52.375217599999985, -28.264436499999931 ], [ -52.377450399999987, -28.266643299999942 ], [ -52.377857099999972, -28.267086399999982 ], [ -52.377947499999948, -28.267194 ], [ -52.380128699999943, -28.267906599999947 ], [ -52.381184699999949, -28.266083299999934 ], [ -52.381660199999942, -28.265219699999932 ], [ -52.38040669999998, -28.264696499999957 ], [ -52.378798899999936, -28.263994399999945 ], [ -52.377740599999981, -28.263686799999959 ], [ -52.376583, -28.263378899999964 ], [ -52.375217599999985, -28.264436499999931 ] ] ] } },
{ "type": "Feature", "properties": { "id": "431410005200005", "cn22_pop03_20a59_tot_2": 0.59842519685039375, "bas.v0001": 1143, "dem.v01035": 63, "dem.v01036": 98, "dem.v01037": 236, "dem.v01038": 147, "dem.v01039": 140, "cn22_pop01_res_tot_0": 1143, "cn22_pop03_20a59_tot_1": 684 }, "geometry": { "type": "Polygon", "coordinates": [ [ [ -52.381660199999942, -28.265219699999932 ], [ -52.381184699999949, -28.266083299999934 ], [ -52.380128699999943, -28.267906599999947 ], [ -52.381522199999949, -28.268347799999958 ], [ -52.38239539999995, -28.268616499999951 ], [ -52.383577799999955, -28.269045199999937 ], [ -52.384933099999955, -28.266614299999958 ], [ -52.385664099999985, -28.265339199999971 ], [ -52.385634399999958, -28.265157199999976 ], [ -52.385514599999965, -28.264489 ], [ -52.384655299999963, -28.264613099999963 ], [ -52.384358099999986, -28.264655699999935 ], [ -52.384216599999945, -28.264671899999939 ], [ -52.384098199999983, -28.264646599999935 ], [ -52.383775299999968, -28.264514299999973 ], [ -52.382371099999943, -28.263905299999976 ], [ -52.381660199999942, -28.265219699999932 ] ] ] } },
{ "type": "Feature", "properties": { "id": "431410005200006", "cn22_pop03_20a59_tot_2": 0.55275590551181097, "bas.v0001": 635, "dem.v01035": 32, "dem.v01036": 42, "dem.v01037": 96, "dem.v01038": 82, "dem.v01039": 99, "cn22_pop01_res_tot_0": 635, "cn22_pop03_20a59_tot_1": 351 }, "geometry": { "type": "Polygon", "coordinates": [ [ [ -52.385664099999985, -28.265339199999971 ], [ -52.384933099999955, -28.266614299999958 ], [ -52.383577799999955, -28.269045199999937 ], [ -52.386169799999948, -28.270026399999949 ], [ -52.387421399999937, -28.267684199999962 ], [ -52.388230199999953, -28.266251699999941 ], [ -52.388024, -28.265236799999968 ], [ -52.386015199999974, -28.265506899999934 ], [ -52.385881099999949, -28.265503099999933 ], [ -52.385790899999961, -28.265476399999955 ], [ -52.385664099999985, -28.265339199999971 ] ] ] } },
{ "type": "Feature", "properties": { "id": "431410005200007", "cn22_pop03_20a59_tot_2": 0.53030303030303028, "bas.v0001": 132, "dem.v01035": 12, "dem.v01036": 10, "dem.v01037": 14, "dem.v01038": 22, "dem.v01039": 12, "cn22_pop01_res_tot_0": 132, "cn22_pop03_20a59_tot_1": 70 }, "geometry": { "type": "Polygon", "coordinates": [ [ [ -52.388230199999953, -28.266251699999941 ], [ -52.387421399999937, -28.267684199999962 ], [ -52.388400499999932, -28.268123799999955 ], [ -52.38869619999997, -28.267890699999953 ], [ -52.388909199999944, -28.267723199999978 ], [ -52.389320699999985, -28.267385499999932 ], [ -52.389596499999982, -28.267051399999957 ], [ -52.389369399999964, -28.266096 ], [ -52.388230199999953, -28.266251699999941 ] ] ] } },
{ "type": "Feature", "properties": { "id": "431410005200008", "cn22_pop03_20a59_tot_2": 0.56185567010309279, "bas.v0001": 776, "dem.v01035": 47, "dem.v01036": 64, "dem.v01037": 127, "dem.v01038": 103, "dem.v01039": 95, "cn22_pop01_res_tot_0": 776, "cn22_pop03_20a59_tot_1": 436 }, "geometry": { "type": "Polygon", "coordinates": [ [ [ -52.382326499999976, -28.259483099999954 ], [ -52.381536399999959, -28.259773499999937 ], [ -52.381003699999951, -28.260003299999937 ], [ -52.380495399999973, -28.260246299999949 ], [ -52.380440199999953, -28.260271899999964 ], [ -52.380663699999957, -28.260712399999932 ], [ -52.381583399999954, -28.260336399999971 ], [ -52.381769899999938, -28.260311699999932 ], [ -52.382285699999954, -28.2615 ], [ -52.382223, -28.261536099999944 ], [ -52.381186699999944, -28.26334479999997 ], [ -52.38040669999998, -28.264696499999957 ], [ -52.381660199999942, -28.265219699999932 ], [ -52.382371099999943, -28.263905299999976 ], [ -52.383775299999968, -28.264514299999973 ], [ -52.383784799999944, -28.264463299999932 ], [ -52.383586099999945, -28.264112099999977 ], [ -52.383546399999943, -28.263972799999976 ], [ -52.383703599999933, -28.263779199999931 ], [ -52.383654799999931, -28.263456599999984 ], [ -52.383621499999947, -28.263222199999973 ], [ -52.383555299999955, -28.263016 ], [ -52.383352299999956, -28.262644399999942 ], [ -52.383320099999935, -28.262517 ], [ -52.383374499999945, -28.262201499999946 ], [ -52.383356599999956, -28.262005199999976 ], [ -52.383209099999931, -28.261763099999939 ], [ -52.383079099999975, -28.261765399999945 ], [ -52.383010099999979, -28.261702499999956 ], [ -52.383131699999979, -28.261607699999956 ], [ -52.383604499999933, -28.261295099999984 ], [ -52.384010699999976, -28.261157 ], [ -52.384756399999958, -28.260959 ], [ -52.38490939999997, -28.260907599999939 ], [ -52.385211099999935, -28.260808499999939 ], [ -52.385288099999968, -28.260698399999967 ], [ -52.385332699999935, -28.26029879999993 ], [ -52.385290599999962, -28.260086199999932 ], [ -52.385283499999957, -28.25987 ], [ -52.385222599999963, -28.259460499999932 ], [ -52.385153899999978, -28.259184 ], [ -52.384294899999986, -28.259341099999972 ], [ -52.383806399999969, -28.259445399999947 ], [ -52.383645599999966, -28.259505399999966 ], [ -52.382568, -28.259983899999952 ], [ -52.382326499999976, -28.259483099999954 ] ] ] } },
{ "type": "Feature", "properties": { "id": "431410005210001", "cn22_pop03_20a59_tot_2": 0.52109181141439209, "bas.v0001": 403, "dem.v01035": 17, "dem.v01036": 29, "dem.v01037": 52, "dem.v01038": 49, "dem.v01039": 63, "cn22_pop01_res_tot_0": 403, "cn22_pop03_20a59_tot_1": 210 }, "geometry": { "type": "Polygon", "coordinates": [ [ [ -52.384875099999931, -28.274474099999964 ], [ -52.385725599999944, -28.275464199999931 ], [ -52.386338899999942, -28.275033899999983 ], [ -52.387297, -28.274389299999939 ], [ -52.388124399999981, -28.275348899999983 ], [ -52.388528599999972, -28.27580869999997 ], [ -52.389005599999962, -28.276329499999974 ], [ -52.389539, -28.276949499999944 ], [ -52.38977559999995, -28.277208899999948 ], [ -52.38995209999996, -28.27667189999994 ], [ -52.390000399999963, -28.27594629999993 ], [ -52.389995499999941, -28.27565009999995 ], [ -52.389076799999941, -28.274674499999946 ], [ -52.388204599999938, -28.273715599999946 ], [ -52.387368399999957, -28.272747199999969 ], [ -52.386436199999935, -28.273404099999937 ], [ -52.385466099999974, -28.274055899999951 ], [ -52.384875099999931, -28.274474099999964 ] ] ] } },
{ "type": "Feature", "properties": { "id": "431410005210002", "cn22_pop03_20a59_tot_2": 0.58616647127784294, "bas.v0001": 853, "dem.v01035": 55, "dem.v01036": 40, "dem.v01037": 129, "dem.v01038": 135, "dem.v01039": 141, "cn22_pop01_res_tot_0": 853, "cn22_pop03_20a59_tot_1": 500 }, "geometry": { "type": "Polygon", "coordinates": [ [ [ -52.384875099999931, -28.274474099999964 ], [ -52.384504599999957, -28.274749799999938 ], [ -52.383626699999979, -28.275576399999977 ], [ -52.382663499999978, -28.276467399999945 ], [ -52.382354099999986, -28.276755299999934 ], [ -52.382306799999981, -28.276824699999963 ], [ -52.382173399999942, -28.277259099999981 ], [ -52.38212649999997, -28.277412099999935 ], [ -52.381955099999971, -28.277666299999964 ], [ -52.382755499999973, -28.277928399999951 ], [ -52.383111099999951, -28.278026599999976 ], [ -52.383450099999948, -28.278115399999933 ], [ -52.383792399999948, -28.27877529999995 ], [ -52.384242399999948, -28.278802199999973 ], [ -52.384840399999973, -28.278835699999945 ], [ -52.384189899999967, -28.27808 ], [ -52.384793599999966, -28.277679699999965 ], [ -52.3854, -28.277246099999957 ], [ -52.385982099999978, -28.276829499999963 ], [ -52.386588199999949, -28.276416199999971 ], [ -52.387423699999943, -28.277401599999962 ], [ -52.387998299999936, -28.27804 ], [ -52.388898799999936, -28.279060799999968 ], [ -52.389310299999977, -28.278444299999933 ], [ -52.38977559999995, -28.277208899999948 ], [ -52.389539, -28.276949499999944 ], [ -52.389005599999962, -28.276329499999974 ], [ -52.388528599999972, -28.27580869999997 ], [ -52.388124399999981, -28.275348899999983 ], [ -52.387297, -28.274389299999939 ], [ -52.386338899999942, -28.275033899999983 ], [ -52.385725599999944, -28.275464199999931 ], [ -52.384875099999931, -28.274474099999964 ] ] ] } },
{ "type": "Feature", "properties": { "id": "431410005210004", "cn22_pop03_20a59_tot_2": 0.44102564102564101, "bas.v0001": 195, "dem.v01035": 12, "dem.v01036": 16, "dem.v01037": 17, "dem.v01038": 15, "dem.v01039": 26, "cn22_pop01_res_tot_0": 195, "cn22_pop03_20a59_tot_1": 86 }, "geometry": { "type": "Polygon", "coordinates": [ [ [ -52.378304, -28.280722699999956 ], [ -52.377077399999962, -28.281575399999952 ], [ -52.378093599999943, -28.282837699999959 ], [ -52.378374699999938, -28.283201599999984 ], [ -52.378374699999938, -28.283199399999944 ], [ -52.378737099999967, -28.283165699999984 ], [ -52.379868499999986, -28.282928699999957 ], [ -52.380309099999977, -28.282807 ], [ -52.380534099999977, -28.282639399999937 ], [ -52.380832699999985, -28.282501299999979 ], [ -52.38092469999998, -28.28268259999993 ], [ -52.381019599999945, -28.282653799999935 ], [ -52.381432599999982, -28.282543399999952 ], [ -52.38165749999996, -28.282457299999976 ], [ -52.382253699999978, -28.283226599999978 ], [ -52.38248939999994, -28.283569399999976 ], [ -52.382946899999979, -28.284163799999931 ], [ -52.383579199999986, -28.28378639999994 ], [ -52.382888599999944, -28.28283319999997 ], [ -52.38239249999998, -28.282202799999936 ], [ -52.382284499999969, -28.28169749999995 ], [ -52.383109299999944, -28.281588099999965 ], [ -52.383591299999978, -28.28147759999996 ], [ -52.383410899999944, -28.280147499999941 ], [ -52.380023299999948, -28.280585 ], [ -52.378304, -28.280722699999956 ] ] ] } },
{ "type": "Feature", "properties": { "id": "431410005210005", "cn22_pop03_20a59_tot_2": 0.59854677565849224, "bas.v0001": 1101, "dem.v01035": 80, "dem.v01036": 77, "dem.v01037": 175, "dem.v01038": 183, "dem.v01039": 144, "cn22_pop01_res_tot_0": 1101, "cn22_pop03_20a59_tot_1": 659 }, "geometry": { "type": "Polygon", "coordinates": [ [ [ -52.378374699999938, -28.283201599999984 ], [ -52.378305499999954, -28.283366799999953 ], [ -52.377751799999942, -28.283605499999965 ], [ -52.37746089999996, -28.283631499999956 ], [ -52.377192499999978, -28.283737499999972 ], [ -52.376920799999937, -28.283942299999978 ], [ -52.375608499999942, -28.284083599999974 ], [ -52.375840699999969, -28.284447299999954 ], [ -52.37641629999996, -28.284465099999977 ], [ -52.377057, -28.284728499999972 ], [ -52.37761809999995, -28.28499359999995 ], [ -52.378219399999978, -28.285210499999948 ], [ -52.37901949999997, -28.285426199999961 ], [ -52.379236499999934, -28.285807599999941 ], [ -52.379614199999935, -28.286238799999978 ], [ -52.380071099999952, -28.286645799999974 ], [ -52.380489799999964, -28.28717039999998 ], [ -52.380524, -28.287764 ], [ -52.380675799999949, -28.288150499999972 ], [ -52.381015, -28.288676 ], [ -52.381050699999946, -28.288757799999928 ], [ -52.381508, -28.289188199999955 ], [ -52.381790699999954, -28.289526499999965 ], [ -52.381863499999952, -28.289775099999929 ], [ -52.386325899999974, -28.288346899999965 ], [ -52.385234, -28.287252899999942 ], [ -52.384660499999939, -28.286526099999946 ], [ -52.383635699999957, -28.285056699999927 ], [ -52.382946899999979, -28.284163799999931 ], [ -52.38248939999994, -28.283569399999976 ], [ -52.382253699999978, -28.283226599999978 ], [ -52.38165749999996, -28.282457299999976 ], [ -52.381432599999982, -28.282543399999952 ], [ -52.381019599999945, -28.282653799999935 ], [ -52.38092469999998, -28.28268259999993 ], [ -52.380832699999985, -28.282501299999979 ], [ -52.380534099999977, -28.282639399999937 ], [ -52.380309099999977, -28.282807 ], [ -52.379868499999986, -28.282928699999957 ], [ -52.378737099999967, -28.283165699999984 ], [ -52.378374699999938, -28.283199399999944 ], [ -52.378374699999938, -28.283201599999984 ] ] ] } },
{ "type": "Feature", "properties": { "id": "431410005210006", "cn22_pop03_20a59_tot_2": 0.55229142185663926, "bas.v0001": 851, "dem.v01035": 84, "dem.v01036": 48, "dem.v01037": 124, "dem.v01038": 115, "dem.v01039": 99, "cn22_pop01_res_tot_0": 851, "cn22_pop03_20a59_tot_1": 470 }, "geometry": { "type": "Polygon", "coordinates": [ [ [ -52.386791199999948, -28.284450299999946 ], [ -52.386148099999957, -28.284824699999945 ], [ -52.385537699999986, -28.285196499999984 ], [ -52.385345399999949, -28.285295 ], [ -52.385780499999953, -28.285862699999939 ], [ -52.38514379999998, -28.286243299999967 ], [ -52.384660499999939, -28.286526099999946 ], [ -52.385234, -28.287252899999942 ], [ -52.386325899999974, -28.288346899999965 ], [ -52.387013499999966, -28.288132899999937 ], [ -52.387863899999957, -28.287943799999937 ], [ -52.388294199999962, -28.287863899999934 ], [ -52.388603199999977, -28.287820299999964 ], [ -52.388953399999934, -28.287778299999957 ], [ -52.389149499999974, -28.287759799999947 ], [ -52.390093499999978, -28.287727399999937 ], [ -52.390167699999949, -28.287725599999931 ], [ -52.393859299999974, -28.287672399999963 ], [ -52.393131199999971, -28.287344399999938 ], [ -52.392435599999942, -28.286626799999965 ], [ -52.392333599999972, -28.286076399999956 ], [ -52.392124, -28.285476499999959 ], [ -52.391996499999948, -28.285318099999984 ], [ -52.391655699999944, -28.284903699999973 ], [ -52.389702699999987, -28.281861699999979 ], [ -52.389348899999959, -28.281856699999935 ], [ -52.38906529999997, -28.28174329999996 ], [ -52.388621099999966, -28.281529299999931 ], [ -52.387895799999967, -28.281150799999978 ], [ -52.386490299999934, -28.281815499999936 ], [ -52.387031599999943, -28.282770199999959 ], [ -52.387111899999979, -28.282914799999958 ], [ -52.387073799999939, -28.283008699999982 ], [ -52.386801099999957, -28.283233299999949 ], [ -52.387388399999963, -28.284110099999964 ], [ -52.386791199999948, -28.284450299999946 ] ] ] } },
{ "type": "Feature", "properties": { "id": "431410005210007", "cn22_pop03_20a59_tot_2": 0.55472636815920395, "bas.v0001": 1206, "dem.v01035": 115, "dem.v01036": 115, "dem.v01037": 164, "dem.v01038": 151, "dem.v01039": 124, "cn22_pop01_res_tot_0": 1206, "cn22_pop03_20a59_tot_1": 669 }, "geometry": { "type": "Polygon", "coordinates": [ [ [ -52.38977559999995, -28.277208899999948 ], [ -52.389310299999977, -28.278444299999933 ], [ -52.388898799999936, -28.279060799999968 ], [ -52.388540499999976, -28.279514 ], [ -52.38839859999996, -28.279609899999969 ], [ -52.387860299999943, -28.280025299999977 ], [ -52.387227099999961, -28.28046489999997 ], [ -52.387136699999985, -28.280523699999947 ], [ -52.387895799999967, -28.281150799999978 ], [ -52.388621099999966, -28.281529299999931 ], [ -52.38906529999997, -28.28174329999996 ], [ -52.389348899999959, -28.281856699999935 ], [ -52.389702699999987, -28.281861699999979 ], [ -52.390230199999962, -28.28182819999995 ], [ -52.390338, -28.281421599999931 ], [ -52.391174299999932, -28.280518299999983 ], [ -52.392095099999949, -28.279496599999959 ], [ -52.392506, -28.278637599999968 ], [ -52.39070369999996, -28.276497399999982 ], [ -52.39056549999998, -28.276311699999951 ], [ -52.389995499999941, -28.27565009999995 ], [ -52.390000399999963, -28.27594629999993 ], [ -52.38995209999996, -28.27667189999994 ], [ -52.38977559999995, -28.277208899999948 ] ] ] } },
{ "type": "Feature", "properties": { "id": "431410005210008", "cn22_pop03_20a59_tot_2": 0.5419906687402799, "bas.v0001": 1286, "dem.v01035": 82, "dem.v01036": 91, "dem.v01037": 219, "dem.v01038": 160, "dem.v01039": 145, "cn22_pop01_res_tot_0": 1286, "cn22_pop03_20a59_tot_1": 697 }, "geometry": { "type": "Polygon", "coordinates": [ [ [ -52.384242399999948, -28.278802199999973 ], [ -52.38499429999996, -28.279601499999956 ], [ -52.385115299999939, -28.279932699999961 ], [ -52.383410899999944, -28.280147499999941 ], [ -52.383591299999978, -28.28147759999996 ], [ -52.383109299999944, -28.281588099999965 ], [ -52.383171799999957, -28.281971399999975 ], [ -52.383477499999969, -28.282479599999931 ], [ -52.384217099999944, -28.283406 ], [ -52.384488599999941, -28.283262599999944 ], [ -52.384665799999937, -28.283123499999931 ], [ -52.38490829999995, -28.283122599999956 ], [ -52.385729199999957, -28.28305759999995 ], [ -52.386791199999948, -28.284450299999946 ], [ -52.387388399999963, -28.284110099999964 ], [ -52.386801099999957, -28.283233299999949 ], [ -52.387073799999939, -28.283008699999982 ], [ -52.387111899999979, -28.282914799999958 ], [ -52.387031599999943, -28.282770199999959 ], [ -52.386490299999934, -28.281815499999936 ], [ -52.387895799999967, -28.281150799999978 ], [ -52.387136699999985, -28.280523699999947 ], [ -52.387227099999961, -28.28046489999997 ], [ -52.387860299999943, -28.280025299999977 ], [ -52.38839859999996, -28.279609899999969 ], [ -52.388540499999976, -28.279514 ], [ -52.388898799999936, -28.279060799999968 ], [ -52.387998299999936, -28.27804 ], [ -52.387423699999943, -28.277401599999962 ], [ -52.386588199999949, -28.276416199999971 ], [ -52.385982099999978, -28.276829499999963 ], [ -52.3854, -28.277246099999957 ], [ -52.384793599999966, -28.277679699999965 ], [ -52.384189899999967, -28.27808 ], [ -52.384840399999973, -28.278835699999945 ], [ -52.384242399999948, -28.278802199999973 ] ] ] } },
{ "type": "Feature", "properties": { "id": "431410005210009", "cn22_pop03_20a59_tot_2": 0.51620370370370372, "bas.v0001": 432, "dem.v01035": 34, "dem.v01036": 25, "dem.v01037": 65, "dem.v01038": 47, "dem.v01039": 52, "cn22_pop01_res_tot_0": 432, "cn22_pop03_20a59_tot_1": 223 }, "geometry": { "type": "Polygon", "coordinates": [ [ [ -52.382946899999979, -28.284163799999931 ], [ -52.383635699999957, -28.285056699999927 ], [ -52.384660499999939, -28.286526099999946 ], [ -52.38514379999998, -28.286243299999967 ], [ -52.385780499999953, -28.285862699999939 ], [ -52.385345399999949, -28.285295 ], [ -52.385537699999986, -28.285196499999984 ], [ -52.386148099999957, -28.284824699999945 ], [ -52.386791199999948, -28.284450299999946 ], [ -52.385729199999957, -28.28305759999995 ], [ -52.38490829999995, -28.283122599999956 ], [ -52.384665799999937, -28.283123499999931 ], [ -52.384488599999941, -28.283262599999944 ], [ -52.384217099999944, -28.283406 ], [ -52.383477499999969, -28.282479599999931 ], [ -52.383171799999957, -28.281971399999975 ], [ -52.383109299999944, -28.281588099999965 ], [ -52.382284499999969, -28.28169749999995 ], [ -52.38239249999998, -28.282202799999936 ], [ -52.382888599999944, -28.28283319999997 ], [ -52.383579199999986, -28.28378639999994 ], [ -52.382946899999979, -28.284163799999931 ] ] ] } },
{ "type": "Feature", "properties": { "id": "431410005220001", "cn22_pop03_20a59_tot_2": 0.57922419460881003, "bas.v0001": 1521, "dem.v01035": 122, "dem.v01036": 113, "dem.v01037": 247, "dem.v01038": 206, "dem.v01039": 193, "cn22_pop01_res_tot_0": 1521, "cn22_pop03_20a59_tot_1": 881 }, "geometry": { "type": "Polygon", "coordinates": [ [ [ -52.445158, -28.246169499999951 ], [ -52.445010399999944, -28.246362799999929 ], [ -52.444906, -28.246596499999953 ], [ -52.444685899999968, -28.24684 ], [ -52.444073599999967, -28.247337499999958 ], [ -52.443087599999956, -28.248238299999969 ], [ -52.442927199999986, -28.248815599999944 ], [ -52.442809799999964, -28.249322799999959 ], [ -52.442857, -28.249761199999966 ], [ -52.442792399999973, -28.249873 ], [ -52.442228199999931, -28.25032159999995 ], [ -52.442087299999969, -28.250915299999974 ], [ -52.441809, -28.251092299999982 ], [ -52.44150209999998, -28.251997099999983 ], [ -52.441700199999957, -28.252584199999944 ], [ -52.441698799999983, -28.25288379999995 ], [ -52.441698299999985, -28.252997 ], [ -52.441534199999978, -28.253412099999935 ], [ -52.441060799999946, -28.253458399999943 ], [ -52.441381199999967, -28.254746 ], [ -52.441868899999974, -28.256893599999955 ], [ -52.442247699999939, -28.258668099999966 ], [ -52.442565399999978, -28.260131899999976 ], [ -52.443557199999987, -28.259954599999958 ], [ -52.443725299999983, -28.260119799999984 ], [ -52.44382939999997, -28.260205099999951 ], [ -52.444011699999976, -28.260318299999938 ], [ -52.444346699999983, -28.260475699999972 ], [ -52.444508, -28.259772399999974 ], [ -52.445966599999963, -28.260309799999959 ], [ -52.446200899999951, -28.260564199999976 ], [ -52.446421799999939, -28.260391799999979 ], [ -52.446712299999945, -28.260238499999957 ], [ -52.44713749999994, -28.260006 ], [ -52.447969799999953, -28.259577699999966 ], [ -52.450339299999939, -28.258371899999929 ], [ -52.451579099999947, -28.257739899999933 ], [ -52.452551799999981, -28.257257 ], [ -52.453156599999943, -28.256907199999944 ], [ -52.453559699999971, -28.25665829999997 ], [ -52.453913099999966, -28.256398599999955 ], [ -52.454143, -28.256236799999954 ], [ -52.454504799999938, -28.255938799999967 ], [ -52.454739, -28.25573449999996 ], [ -52.454968799999961, -28.255513099999973 ], [ -52.455311499999937, -28.255159799999944 ], [ -52.45561749999996, -28.254820499999937 ], [ -52.455958599999974, -28.254376 ], [ -52.456545499999947, -28.253551899999934 ], [ -52.457307899999932, -28.252495799999963 ], [ -52.457670199999939, -28.251995699999952 ], [ -52.458070299999974, -28.251458399999933 ], [ -52.458501499999954, -28.250977199999966 ], [ -52.458920199999966, -28.250583499999948 ], [ -52.459667199999956, -28.249928899999929 ], [ -52.460294499999975, -28.249433899999929 ], [ -52.460964399999966, -28.248861399999953 ], [ -52.461298899999974, -28.248571499999969 ], [ -52.461361499999953, -28.248513 ], [ -52.46111929999995, -28.248202799999945 ], [ -52.460915699999987, -28.24775649999998 ], [ -52.460126299999956, -28.247272099999975 ], [ -52.458501299999966, -28.247067299999969 ], [ -52.457383899999968, -28.247652799999969 ], [ -52.456525599999964, -28.24850749999996 ], [ -52.455749899999944, -28.249428699999953 ], [ -52.455321499999968, -28.249419399999965 ], [ -52.454824099999939, -28.248762799999952 ], [ -52.454281099999946, -28.248620599999981 ], [ -52.453400399999964, -28.249127399999963 ], [ -52.452410899999961, -28.248968699999978 ], [ -52.452309599999978, -28.248817 ], [ -52.451838899999984, -28.248349899999937 ], [ -52.451444099999947, -28.248019299999953 ], [ -52.451303099999961, -28.247517 ], [ -52.450537899999972, -28.24682329999996 ], [ -52.450441499999954, -28.246527299999968 ], [ -52.450158099999953, -28.245849499999963 ], [ -52.449510699999962, -28.245739499999956 ], [ -52.448981299999957, -28.24535949999995 ], [ -52.448594899999932, -28.245007799999939 ], [ -52.447962, -28.24509089999998 ], [ -52.447507899999948, -28.244985199999974 ], [ -52.447152899999935, -28.244744899999944 ], [ -52.447009699999967, -28.244663299999957 ], [ -52.446679099999983, -28.245011699999964 ], [ -52.446178499999974, -28.245073699999978 ], [ -52.44578139999993, -28.245381 ], [ -52.445367899999951, -28.245911199999966 ], [ -52.445158, -28.246169499999951 ] ] ] } },
{ "type": "Feature", "properties": { "id": "431410005220002", "cn22_pop03_20a59_tot_2": 0.57739557739557734, "bas.v0001": 1628, "dem.v01035": 99, "dem.v01036": 139, "dem.v01037": 289, "dem.v01038": 245, "dem.v01039": 168, "cn22_pop01_res_tot_0": 1628, "cn22_pop03_20a59_tot_1": 940 }, "geometry": { "type": "Polygon", "coordinates": [ [ [ -52.436371, -28.254847 ], [ -52.436054499999955, -28.255165 ], [ -52.435592699999972, -28.255372699999953 ], [ -52.435194899999942, -28.255447799999956 ], [ -52.43496289999996, -28.255510299999969 ], [ -52.435144, -28.256277699999941 ], [ -52.435252099999957, -28.256982199999982 ], [ -52.43538129999996, -28.257783099999983 ], [ -52.436280299999964, -28.257662499999981 ], [ -52.436272899999949, -28.257259599999941 ], [ -52.436957899999982, -28.257133299999964 ], [ -52.436921799999936, -28.260187599999938 ], [ -52.436912799999959, -28.260811199999978 ], [ -52.438774099999932, -28.260849399999984 ], [ -52.438343299999985, -28.260198899999978 ], [ -52.438341299999934, -28.260156499999937 ], [ -52.440301599999941, -28.260252499999979 ], [ -52.442123899999956, -28.260203399999966 ], [ -52.442565399999978, -28.260131899999976 ], [ -52.442247699999939, -28.258668099999966 ], [ -52.441868899999974, -28.256893599999955 ], [ -52.441381199999967, -28.254746 ], [ -52.441060799999946, -28.253458399999943 ], [ -52.440815599999951, -28.253470099999959 ], [ -52.440400199999942, -28.253520599999945 ], [ -52.440149899999938, -28.253528199999948 ], [ -52.440033699999958, -28.253652599999953 ], [ -52.439942799999983, -28.253753499999959 ], [ -52.439615199999935, -28.253795699999955 ], [ -52.439449499999967, -28.25368659999998 ], [ -52.439056799999946, -28.253485799999964 ], [ -52.438659599999937, -28.253280099999984 ], [ -52.43854239999996, -28.253212 ], [ -52.438470799999948, -28.253432 ], [ -52.438634099999945, -28.253912499999956 ], [ -52.437800399999958, -28.253948299999934 ], [ -52.437321499999939, -28.25392549999998 ], [ -52.436878799999931, -28.254172399999959 ], [ -52.436565099999939, -28.254653699999949 ], [ -52.436371, -28.254847 ] ] ] } },
{ "type": "Feature", "properties": { "id": "431410005220003", "cn22_pop03_20a59_tot_2": 0.57171514543630897, "bas.v0001": 997, "dem.v01035": 51, "dem.v01036": 69, "dem.v01037": 175, "dem.v01038": 137, "dem.v01039": 138, "cn22_pop01_res_tot_0": 997, "cn22_pop03_20a59_tot_1": 570 }, "geometry": { "type": "Polygon", "coordinates": [ [ [ -52.442565399999978, -28.260131899999976 ], [ -52.442123899999956, -28.260203399999966 ], [ -52.440301599999941, -28.260252499999979 ], [ -52.438341299999934, -28.260156499999937 ], [ -52.438343299999985, -28.260198899999978 ], [ -52.438774099999932, -28.260849399999984 ], [ -52.438920699999983, -28.260909499999968 ], [ -52.43896129999996, -28.261475 ], [ -52.439042499999971, -28.261543599999982 ], [ -52.43919109999996, -28.262253199999975 ], [ -52.439345099999969, -28.262970499999938 ], [ -52.440743899999973, -28.262940299999968 ], [ -52.442699199999936, -28.26292019999994 ], [ -52.44394159999996, -28.26271829999996 ], [ -52.444606399999941, -28.262899299999958 ], [ -52.444885199999931, -28.262217199999952 ], [ -52.445125699999949, -28.262533799999972 ], [ -52.445427299999949, -28.261844899999971 ], [ -52.445932899999946, -28.26092929999993 ], [ -52.446200899999951, -28.260564199999976 ], [ -52.445966599999963, -28.260309799999959 ], [ -52.444508, -28.259772399999974 ], [ -52.444346699999983, -28.260475699999972 ], [ -52.444011699999976, -28.260318299999938 ], [ -52.44382939999997, -28.260205099999951 ], [ -52.443725299999983, -28.260119799999984 ], [ -52.443557199999987, -28.259954599999958 ], [ -52.442565399999978, -28.260131899999976 ] ] ] } },
{ "type": "Feature", "properties": { "id": "431410005220004", "cn22_pop03_20a59_tot_2": 0.54976303317535546, "bas.v0001": 844, "dem.v01035": 62, "dem.v01036": 47, "dem.v01037": 118, "dem.v01038": 115, "dem.v01039": 122, "cn22_pop01_res_tot_0": 844, "cn22_pop03_20a59_tot_1": 464 }, "geometry": { "type": "Polygon", "coordinates": [ [ [ -52.439345099999969, -28.262970499999938 ], [ -52.43963309999998, -28.264305299999933 ], [ -52.439783599999942, -28.265017899999975 ], [ -52.439911599999959, -28.265624199999934 ], [ -52.439965899999947, -28.265845699999943 ], [ -52.440053199999966, -28.266257699999983 ], [ -52.440109699999937, -28.266512 ], [ -52.440986399999986, -28.266507699999977 ], [ -52.441294299999981, -28.266522399999928 ], [ -52.441822599999966, -28.266610699999944 ], [ -52.442532799999981, -28.266758299999935 ], [ -52.442387199999985, -28.267161399999964 ], [ -52.442658, -28.267082499999958 ], [ -52.442746799999952, -28.267102399999942 ], [ -52.442844499999978, -28.267132599999968 ], [ -52.442922899999985, -28.267179499999941 ], [ -52.442983499999968, -28.267288599999972 ], [ -52.443051199999957, -28.267408 ], [ -52.443159799999933, -28.267108899999982 ], [ -52.443839599999933, -28.26571389999998 ], [ -52.443532799999957, -28.265873699999929 ], [ -52.444178499999964, -28.264236299999936 ], [ -52.444606399999941, -28.262899299999958 ], [ -52.44394159999996, -28.26271829999996 ], [ -52.442699199999936, -28.26292019999994 ], [ -52.440743899999973, -28.262940299999968 ], [ -52.439345099999969, -28.262970499999938 ] ] ] } },
{ "type": "Feature", "properties": { "id": "431410010000001", "cn22_pop03_20a59_tot_2": 0.41666666666666669, "bas.v0001": 84, "dem.v01035": 5, "dem.v01036": 4, "dem.v01037": 4, "dem.v01038": 9, "dem.v01039": 13, "cn22_pop01_res_tot_0": 84, "cn22_pop03_20a59_tot_1": 35 }, "geometry": { "type": "Polygon", "coordinates": [ [ [ -52.543773399999964, -28.182036599999947 ], [ -52.544348399999933, -28.182218899999953 ], [ -52.546283799999969, -28.181489599999964 ], [ -52.545694799999978, -28.17928779999994 ], [ -52.54505039999998, -28.177579 ], [ -52.544755099999975, -28.177057899999966 ], [ -52.542272799999978, -28.178446299999962 ], [ -52.540685499999938, -28.179060199999981 ], [ -52.539535799999953, -28.179574699999932 ], [ -52.539421499999946, -28.180069599999968 ], [ -52.540463699999975, -28.180227399999978 ], [ -52.542314899999951, -28.181335399999966 ], [ -52.543773399999964, -28.182036599999947 ] ] ] } },
{ "type": "Feature", "properties": { "id": "431410010000002", "cn22_pop03_20a59_tot_2": 0.52459016393442626, "bas.v0001": 305, "dem.v01035": 17, "dem.v01036": 19, "dem.v01037": 35, "dem.v01038": 43, "dem.v01039": 46, "cn22_pop01_res_tot_0": 305, "cn22_pop03_20a59_tot_1": 160 }, "geometry": { "type": "Polygon", "coordinates": [ [ [ -52.631288, -28.173930599999949 ], [ -52.630956899999944, -28.171843399999943 ], [ -52.630900499999939, -28.171591699999965 ], [ -52.630891799999972, -28.171357399999977 ], [ -52.630926599999952, -28.171110099999964 ], [ -52.63105239999993, -28.170880099999977 ], [ -52.631304099999966, -28.170480899999973 ], [ -52.631586099999936, -28.170181499999956 ], [ -52.631408199999953, -28.169977499999959 ], [ -52.631223799999987, -28.169819199999949 ], [ -52.631117499999959, -28.169706299999973 ], [ -52.631076299999961, -28.169626099999959 ], [ -52.631095799999969, -28.169526299999973 ], [ -52.631176099999948, -28.169415599999979 ], [ -52.631306199999983, -28.169320199999959 ], [ -52.631581799999935, -28.169205199999965 ], [ -52.631850799999938, -28.169049 ], [ -52.631950599999982, -28.168944799999963 ], [ -52.631976599999973, -28.168797299999937 ], [ -52.631885499999953, -28.16867579999996 ], [ -52.631742299999985, -28.168606399999931 ], [ -52.631347499999947, -28.168610699999931 ], [ -52.631147899999974, -28.168606399999931 ], [ -52.630952599999944, -28.168528299999934 ], [ -52.630770299999938, -28.168385099999966 ], [ -52.630631499999936, -28.16818109999997 ], [ -52.630466599999977, -28.16781229999998 ], [ -52.630293, -28.167538899999954 ], [ -52.63027569999997, -28.167200499999979 ], [ -52.630345099999943, -28.166870699999947 ], [ -52.630332099999976, -28.166666699999951 ], [ -52.630271299999947, -28.166501899999957 ], [ -52.630141199999969, -28.166363 ], [ -52.629867799999943, -28.166250199999979 ], [ -52.629724599999975, -28.166146 ], [ -52.629238599999951, -28.165642699999978 ], [ -52.628535699999986, -28.165174099999945 ], [ -52.627841399999966, -28.164800899999932 ], [ -52.627390099999957, -28.164089299999944 ], [ -52.627303299999937, -28.16369439999994 ], [ -52.627095099999963, -28.163347299999941 ], [ -52.626728399999934, -28.163091299999962 ], [ -52.626277099999982, -28.162943699999971 ], [ -52.625908299999935, -28.162900299999933 ], [ -52.62555679999997, -28.16291769999998 ], [ -52.625350699999956, -28.163011 ], [ -52.625131599999975, -28.163165 ], [ -52.624981899999966, -28.16319539999995 ], [ -52.624836499999958, -28.163169399999958 ], [ -52.624589199999946, -28.163034799999934 ], [ -52.624272399999938, -28.162804899999969 ], [ -52.62396, -28.162574899999981 ], [ -52.623734399999933, -28.162292799999932 ], [ -52.623317799999938, -28.16138159999997 ], [ -52.622854399999937, -28.160773099999972 ], [ -52.622348, -28.160340199999951 ], [ -52.621940099999961, -28.159880299999941 ], [ -52.621254499999964, -28.159437699999955 ], [ -52.62089, -28.159203299999945 ], [ -52.620742499999949, -28.159036299999968 ], [ -52.620579799999973, -28.158906099999967 ], [ -52.620367199999976, -28.158910499999934 ], [ -52.62018919999997, -28.158984199999963 ], [ -52.620117599999958, -28.159092699999974 ], [ -52.620050399999968, -28.159253199999966 ], [ -52.619911499999944, -28.159435499999972 ], [ -52.619727099999977, -28.159500599999944 ], [ -52.619547, -28.159513599999968 ], [ -52.619347399999981, -28.15947019999993 ], [ -52.619225899999947, -28.159383399999967 ], [ -52.619184699999948, -28.159242399999982 ], [ -52.619197699999972, -28.15906229999996 ], [ -52.619252, -28.158715199999961 ], [ -52.619223799999986, -28.158402799999976 ], [ -52.619156499999974, -28.158159799999964 ], [ -52.618933099999936, -28.157973199999958 ], [ -52.618696599999964, -28.157856 ], [ -52.618397199999947, -28.157777899999928 ], [ -52.618184499999984, -28.157682499999964 ], [ -52.618097799999987, -28.157504599999982 ], [ -52.618097799999987, -28.157309299999952 ], [ -52.618154199999935, -28.157131399999969 ], [ -52.618288699999937, -28.156962199999953 ], [ -52.618592399999955, -28.156858 ], [ -52.619069699999955, -28.156779899999947 ], [ -52.619356099999948, -28.15667579999996 ], [ -52.61951229999994, -28.156589 ], [ -52.619590399999936, -28.156458799999939 ], [ -52.619555699999978, -28.156285199999957 ], [ -52.619460299999957, -28.156129 ], [ -52.619229299999972, -28.155916799999943 ], [ -52.618583699999931, -28.155669099999955 ], [ -52.618045699999982, -28.155243799999937 ], [ -52.617481599999962, -28.154836 ], [ -52.616943499999934, -28.154627699999935 ], [ -52.616527, -28.154584299999954 ], [ -52.616257899999937, -28.154480099999944 ], [ -52.616101699999945, -28.154291399999977 ], [ -52.615954199999976, -28.153657899999928 ], [ -52.615754599999946, -28.153388799999959 ], [ -52.615529, -28.153215299999943 ], [ -52.615320699999984, -28.153197899999952 ], [ -52.615095, -28.15325 ], [ -52.61461769999994, -28.153414899999973 ], [ -52.614366099999984, -28.153545099999974 ], [ -52.61424459999995, -28.153718599999934 ], [ -52.614079699999934, -28.154117799999938 ], [ -52.613992899999971, -28.154235 ], [ -52.61388009999996, -28.154308699999945 ], [ -52.613747699999976, -28.154321799999934 ], [ -52.613619699999958, -28.154300099999944 ], [ -52.613211799999931, -28.154169899999943 ], [ -52.612561, -28.154152499999952 ], [ -52.611771199999964, -28.154265399999929 ], [ -52.610964099999933, -28.154655899999966 ], [ -52.610500199999933, -28.154758799999968 ], [ -52.61002689999998, -28.154742699999929 ], [ -52.609574399999985, -28.154715899999928 ], [ -52.609146, -28.154608199999927 ], [ -52.608733799999982, -28.154291399999977 ], [ -52.608391, -28.153879199999949 ], [ -52.608009199999969, -28.153523399999983 ], [ -52.607540499999971, -28.153323799999953 ], [ -52.607089199999962, -28.153245599999934 ], [ -52.606850599999973, -28.153171899999961 ], [ -52.606646699999942, -28.153028699999936 ], [ -52.606460099999936, -28.152811699999972 ], [ -52.60636889999995, -28.152568699999961 ], [ -52.606349399999942, -28.152056699999946 ], [ -52.606505599999934, -28.151084699999956 ], [ -52.606462199999953, -28.150555399999973 ], [ -52.606418799999972, -28.150370899999928 ], [ -52.606323399999951, -28.150216899999975 ], [ -52.606154199999935, -28.150106199999982 ], [ -52.605984899999953, -28.150034699999935 ], [ -52.605798299999947, -28.149969599999963 ], [ -52.605620399999964, -28.149947899999972 ], [ -52.60543819999998, -28.149986899999931 ], [ -52.605255899999975, -28.150052 ], [ -52.605065, -28.150091099999941 ], [ -52.604874099999961, -28.150086699999974 ], [ -52.604596399999934, -28.149999899999955 ], [ -52.604336, -28.149852399999929 ], [ -52.603639199999975, -28.149481599999945 ], [ -52.603364099999965, -28.149401099999977 ], [ -52.603103699999963, -28.149375099999929 ], [ -52.60283469999996, -28.149427199999934 ], [ -52.602602, -28.149536 ], [ -52.601467799999966, -28.150321 ], [ -52.600795299999959, -28.150650799999937 ], [ -52.600309299999935, -28.150911199999939 ], [ -52.599832, -28.151032699999973 ], [ -52.599508699999944, -28.151004499999942 ], [ -52.598970599999973, -28.150900299999932 ], [ -52.598467299999982, -28.150709399999982 ], [ -52.598256799999945, -28.150663799999961 ], [ -52.598050699999931, -28.150674699999968 ], [ -52.597616799999969, -28.15084829999995 ], [ -52.597501799999975, -28.150858 ], [ -52.597399799999948, -28.150839599999983 ], [ -52.597349899999983, -28.150768 ], [ -52.597321699999952, -28.150674699999968 ], [ -52.597289199999977, -28.150498899999945 ], [ -52.597287, -28.15033619999997 ], [ -52.597434599999985, -28.149885 ], [ -52.597469299999943, -28.149720099999968 ], [ -52.597425899999962, -28.149576899999943 ], [ -52.597239299999956, -28.149459699999966 ], [ -52.597018, -28.149399 ], [ -52.596488599999986, -28.149316499999941 ], [ -52.595742299999984, -28.149173299999973 ], [ -52.595334399999956, -28.149221099999977 ], [ -52.595134799999983, -28.149238399999945 ], [ -52.594978599999934, -28.149195 ], [ -52.594922199999985, -28.149116899999967 ], [ -52.594904799999938, -28.148995399999933 ], [ -52.594917799999962, -28.148756799999944 ], [ -52.594974199999967, -28.148518099999933 ], [ -52.595134799999983, -28.148309799999936 ], [ -52.595421199999976, -28.148114599999928 ], [ -52.595768299999975, -28.147975699999961 ], [ -52.596093799999949, -28.147676299999944 ], [ -52.596384499999942, -28.147429 ], [ -52.596549399999958, -28.147138199999972 ], [ -52.59657, -28.146960299999932 ], [ -52.59650709999994, -28.146880099999976 ], [ -52.596404, -28.146847499999978 ], [ -52.596221799999967, -28.146845399999961 ], [ -52.595881099999986, -28.14693 ], [ -52.595573099999967, -28.147025399999961 ], [ -52.595273599999985, -28.147025399999961 ], [ -52.595091399999944, -28.146934299999941 ], [ -52.594961199999943, -28.14678239999995 ], [ -52.594852699999933, -28.146600199999966 ], [ -52.594805, -28.146383199999946 ], [ -52.59476159999997, -28.145636899999943 ], [ -52.59467479999995, -28.145194299999957 ], [ -52.594544699999972, -28.144855799999959 ], [ -52.594345099999941, -28.144690899999944 ], [ -52.594110699999931, -28.14459549999998 ], [ -52.593659499999944, -28.144474 ], [ -52.593425199999956, -28.144361199999935 ], [ -52.593251599999974, -28.144170199999962 ], [ -52.592982599999971, -28.143727599999977 ], [ -52.592726499999969, -28.143584499999974 ], [ -52.592435799999976, -28.143502 ], [ -52.591871699999956, -28.143441299999949 ], [ -52.591082, -28.143128799999943 ], [ -52.589476499999932, -28.142729599999939 ], [ -52.588565299999971, -28.142313099999967 ], [ -52.587758199999939, -28.141696899999943 ], [ -52.587020499999937, -28.14056 ], [ -52.586282899999958, -28.139683499999933 ], [ -52.585935699999936, -28.139180199999942 ], [ -52.585783899999967, -28.138525 ], [ -52.585779499999944, -28.137991199999931 ], [ -52.585671, -28.13754 ], [ -52.585488799999951, -28.137197199999946 ], [ -52.585219799999948, -28.136945499999968 ], [ -52.584807499999954, -28.136242599999946 ], [ -52.584694699999943, -28.136090699999954 ], [ -52.584525499999984, -28.135982199999944 ], [ -52.584152299999971, -28.1358 ], [ -52.583905, -28.13576089999998 ], [ -52.583766099999934, -28.13566979999996 ], [ -52.583714099999952, -28.135509199999944 ], [ -52.583662, -28.135175099999969 ], [ -52.583601199999976, -28.134979899999962 ], [ -52.58356219999996, -28.134914799999933 ], [ -52.583505799999955, -28.134871399999952 ], [ -52.583390799999961, -28.134873499999969 ], [ -52.583267099999944, -28.134901699999944 ], [ -52.582828899999981, -28.135018899999977 ], [ -52.582666099999983, -28.135034099999928 ], [ -52.582507799999973, -28.13500149999993 ], [ -52.582180199999982, -28.134860499999945 ], [ -52.581687699999975, -28.134749899999974 ], [ -52.581206, -28.134585 ], [ -52.58095869999994, -28.134346299999947 ], [ -52.58078949999998, -28.134038199999964 ], [ -52.58050309999993, -28.13337869999998 ], [ -52.58007779999997, -28.132536899999934 ], [ -52.579687299999932, -28.131938099999957 ], [ -52.579296799999952, -28.131434699999943 ], [ -52.578862899999933, -28.131148399999972 ], [ -52.578580799999941, -28.130831599999965 ], [ -52.578290099999947, -28.130553899999938 ], [ -52.578060099999959, -28.13041069999997 ], [ -52.577825799999971, -28.130284899999936 ], [ -52.577673899999979, -28.130185099999949 ], [ -52.577561099999969, -28.129959399999962 ], [ -52.577543699999978, -28.129707699999983 ], [ -52.577548099999944, -28.129490799999928 ], [ -52.57760449999995, -28.129273799999964 ], [ -52.577556799999968, -28.129030799999953 ], [ -52.577352799999971, -28.128649 ], [ -52.577179199999932, -28.128024099999948 ], [ -52.577027399999963, -28.127685699999972 ], [ -52.576958, -28.127000099999975 ], [ -52.576927599999976, -28.126865599999974 ], [ -52.576827799999933, -28.126774499999954 ], [ -52.576350499999933, -28.126670299999944 ], [ -52.576111799999978, -28.126553199999933 ], [ -52.575916499999948, -28.126366599999983 ], [ -52.575439199999948, -28.125472699999932 ], [ -52.575330799999961, -28.125251399999968 ], [ -52.57527, -28.125166799999931 ], [ -52.575196199999937, -28.125108199999943 ], [ -52.575035699999944, -28.125112499999943 ], [ -52.574823099999946, -28.125186299999939 ], [ -52.574128799999983, -28.125637599999948 ], [ -52.573937899999976, -28.125698299999954 ], [ -52.573742599999946, -28.125659299999938 ], [ -52.573308699999984, -28.125472699999932 ], [ -52.572900799999957, -28.125147299999981 ], [ -52.572202199999936, -28.124413899999979 ], [ -52.571655499999963, -28.124023399999942 ], [ -52.571360399999946, -28.123758699999939 ], [ -52.571182499999964, -28.123628499999938 ], [ -52.570987199999934, -28.12358949999998 ], [ -52.570722499999931, -28.123637199999962 ], [ -52.570457899999951, -28.123737 ], [ -52.569954499999938, -28.124110199999961 ], [ -52.569138699999939, -28.124509399999965 ], [ -52.56831429999994, -28.124813099999983 ], [ -52.567090599999972, -28.125273099999959 ], [ -52.566326899999979, -28.125359899999978 ], [ -52.565745499999935, -28.12551609999997 ], [ -52.564990499999965, -28.125620199999958 ], [ -52.564027199999941, -28.125698299999954 ], [ -52.56340229999995, -28.12595 ], [ -52.562499799999955, -28.126175599999954 ], [ -52.561909699999944, -28.126531499999942 ], [ -52.561163299999976, -28.12685259999995 ], [ -52.56043429999994, -28.127251799999954 ], [ -52.560117599999955, -28.127611899999977 ], [ -52.559876799999984, -28.127761599999928 ], [ -52.559523099999979, -28.127798499999983 ], [ -52.559141299999965, -28.127737799999977 ], [ -52.558366699999965, -28.127336399999933 ], [ -52.557802599999945, -28.127162799999951 ], [ -52.557516199999952, -28.127162799999951 ], [ -52.557255899999973, -28.127214899999956 ], [ -52.557160399999987, -28.127208399999972 ], [ -52.557078, -28.127149799999984 ], [ -52.556926099999941, -28.126980599999968 ], [ -52.556691799999953, -28.126616099999978 ], [ -52.556483499999956, -28.126433799999973 ], [ -52.556205799999987, -28.126303699999937 ], [ -52.55571109999994, -28.12618219999996 ], [ -52.554964799999937, -28.125843699999962 ], [ -52.554600299999947, -28.125765599999966 ], [ -52.554218499999934, -28.125748199999975 ], [ -52.553793199999973, -28.125843699999962 ], [ -52.553480799999932, -28.126008599999977 ], [ -52.552864599999964, -28.126459899999929 ], [ -52.55209229999997, -28.126989199999969 ], [ -52.551701699999967, -28.127310299999976 ], [ -52.551267799999948, -28.127466599999934 ], [ -52.550790499999948, -28.127648799999974 ], [ -52.550304499999982, -28.12770949999998 ], [ -52.550065899999936, -28.127674799999966 ], [ -52.549801199999933, -28.12770949999998 ], [ -52.549610199999961, -28.127748599999961 ], [ -52.549254399999938, -28.127978599999949 ], [ -52.54901579999995, -28.128048 ], [ -52.548777099999938, -28.128074 ], [ -52.548568799999941, -28.128022 ], [ -52.548421299999973, -28.127922199999944 ], [ -52.546902599999953, -28.130113499999936 ], [ -52.546967699999982, -28.129623099999947 ], [ -52.546928599999944, -28.129202199999952 ], [ -52.546872199999939, -28.128915799999959 ], [ -52.546776799999975, -28.128711899999928 ], [ -52.54663359999995, -28.128408199999967 ], [ -52.546442599999978, -28.128117399999951 ], [ -52.546204, -28.127796299999943 ], [ -52.545731, -28.12741879999993 ], [ -52.545370899999966, -28.127258299999937 ], [ -52.545032399999968, -28.127162799999951 ], [ -52.544242699999984, -28.12705 ], [ -52.543635199999983, -28.127037 ], [ -52.54316659999995, -28.12711939999997 ], [ -52.542619799999954, -28.127258299999937 ], [ -52.542264, -28.127431799999954 ], [ -52.541873499999951, -28.127822399999957 ], [ -52.54115319999994, -28.128230299999927 ], [ -52.540129099999945, -28.128820399999938 ], [ -52.539261299999964, -28.129653499999961 ], [ -52.538445499999966, -28.130573399999946 ], [ -52.538037599999939, -28.131627799999933 ], [ -52.537378099999955, -28.132495699999936 ], [ -52.536232499999983, -28.133502399999941 ], [ -52.535121699999934, -28.13432679999994 ], [ -52.534062899999981, -28.135142599999938 ], [ -52.532969499999979, -28.135724 ], [ -52.532605, -28.136001699999952 ], [ -52.532362, -28.136383599999931 ], [ -52.532153699999981, -28.137199299999963 ], [ -52.532032199999946, -28.137876299999959 ], [ -52.531615599999952, -28.138258099999973 ], [ -52.531077599999946, -28.138449 ], [ -52.530331199999978, -28.138449 ], [ -52.529098899999951, -28.138344899999936 ], [ -52.528022799999974, -28.138119299999971 ], [ -52.526634299999955, -28.137824199999955 ], [ -52.525106899999969, -28.137286099999983 ], [ -52.523874499999977, -28.136939 ], [ -52.52167019999996, -28.136262099999954 ], [ -52.520594099999983, -28.136071199999947 ], [ -52.519708899999955, -28.135637199999962 ], [ -52.518563399999948, -28.134561099999928 ], [ -52.517869099999984, -28.133675899999957 ], [ -52.517266, -28.133263699999929 ], [ -52.516198499999973, -28.133168199999943 ], [ -52.515469499999938, -28.132821099999944 ], [ -52.515157099999954, -28.132769 ], [ -52.514627699999949, -28.132977299999936 ], [ -52.51430229999994, -28.132973 ], [ -52.513881399999946, -28.132838499999934 ], [ -52.513195799999949, -28.132682299999942 ], [ -52.512623, -28.1325 ], [ -52.512032899999951, -28.132430599999964 ], [ -52.511468799999932, -28.132482699999969 ], [ -52.511260499999935, -28.132621499999971 ], [ -52.510974099999942, -28.132977299999936 ], [ -52.510705099999939, -28.133090099999947 ], [ -52.510424299999954, -28.133045899999956 ], [ -52.510219099999972, -28.132743 ], [ -52.510054199999956, -28.132274399999972 ], [ -52.50958559999998, -28.131640799999957 ], [ -52.508978099999979, -28.131397899999968 ], [ -52.508301199999948, -28.13117219999998 ], [ -52.507985299999973, -28.131125699999927 ], [ -52.507650299999966, -28.131259 ], [ -52.507259799999986, -28.131493299999931 ], [ -52.506817199999944, -28.131571399999928 ], [ -52.506070899999941, -28.131614799999966 ], [ -52.50542, -28.131545399999936 ], [ -52.504808199999957, -28.131436899999983 ], [ -52.504027099999973, -28.131185199999948 ], [ -52.503779799999961, -28.13109849999995 ], [ -52.50354109999995, -28.130933599999935 ], [ -52.502985699999954, -28.130334799999957 ], [ -52.502721, -28.130100399999947 ], [ -52.50249969999993, -28.130013699999949 ], [ -52.502261099999942, -28.130013699999949 ], [ -52.501818499999956, -28.130165499999976 ], [ -52.501488699999982, -28.130165499999976 ], [ -52.501345499999957, -28.130078699999956 ], [ -52.501215299999956, -28.129922499999964 ], [ -52.500994, -28.129592799999955 ], [ -52.500846499999966, -28.12945389999993 ], [ -52.500499399999967, -28.129358399999944 ], [ -52.500069799999949, -28.129297699999938 ], [ -52.49963589999993, -28.129210899999975 ], [ -52.499171599999954, -28.129210899999975 ], [ -52.498138799999936, -28.129254299999957 ], [ -52.497783, -28.129184899999927 ], [ -52.49758339999994, -28.129028699999935 ], [ -52.497488, -28.128846399999929 ], [ -52.497431499999948, -28.128555699999936 ], [ -52.497327399999961, -28.12837559999997 ], [ -52.496329399999979, -28.127516499999956 ], [ -52.496121099999982, -28.127503399999966 ], [ -52.495839099999955, -28.127633599999967 ], [ -52.495630799999958, -28.127616299999943 ], [ -52.495361799999955, -28.127386299999955 ], [ -52.495294499999943, -28.127273499999944 ], [ -52.495279299999936, -28.127152 ], [ -52.495335699999941, -28.126930699999946 ], [ -52.495314, -28.126726699999949 ], [ -52.495105699999954, -28.126423 ], [ -52.49483239999995, -28.126171299999953 ], [ -52.494645799999944, -28.126032499999951 ], [ -52.494376799999941, -28.12588489999996 ], [ -52.493990599999961, -28.12577639999995 ], [ -52.493526299999985, -28.125754699999959 ], [ -52.493344, -28.125694 ], [ -52.492771299999959, -28.125182 ], [ -52.492267899999945, -28.124513699999966 ], [ -52.491764599999954, -28.124244699999963 ], [ -52.491512899999975, -28.123993 ], [ -52.49147819999996, -28.123550399999942 ], [ -52.491634399999953, -28.12254379999996 ], [ -52.491599699999938, -28.12196229999995 ], [ -52.491287299999954, -28.121406899999954 ], [ -52.490853299999969, -28.12099029999996 ], [ -52.490185099999962, -28.120434899999964 ], [ -52.48981189999995, -28.120226599999967 ], [ -52.48944849999998, -28.12014309999995 ], [ -52.489170799999954, -28.120542299999954 ], [ -52.489023299999985, -28.120915499999967 ], [ -52.488939799999969, -28.121029399999941 ], [ -52.488832399999978, -28.12111509999994 ], [ -52.488727099999949, -28.121166099999982 ], [ -52.488606699999934, -28.12118449999997 ], [ -52.488530799999978, -28.121156299999939 ], [ -52.488460299999986, -28.121103099999971 ], [ -52.488337699999931, -28.120976199999973 ], [ -52.487999199999933, -28.120490199999949 ], [ -52.487626099999943, -28.120255899999961 ], [ -52.487469899999951, -28.120171299999981 ], [ -52.487388499999952, -28.120157199999937 ], [ -52.487313699999959, -28.120169099999941 ], [ -52.487260499999934, -28.12021139999996 ], [ -52.487224699999956, -28.120273299999951 ], [ -52.487166099999968, -28.12040339999993 ], [ -52.487122699999986, -28.120776599999942 ], [ -52.486957799999971, -28.121826699999929 ], [ -52.48565549999995, -28.123796099999936 ], [ -52.481490199999939, -28.122999399999969 ], [ -52.478680599999961, -28.12539419999996 ], [ -52.47925429999998, -28.126144 ], [ -52.481347199999959, -28.124550499999941 ], [ -52.481701899999962, -28.126906399999939 ], [ -52.484284, -28.128086099999962 ], [ -52.480833799999971, -28.131362499999966 ], [ -52.479942, -28.133244499999932 ], [ -52.486486899999932, -28.135687799999971 ], [ -52.487266099999943, -28.136893599999951 ], [ -52.487118499999951, -28.137471199999936 ], [ -52.487935199999981, -28.137720599999966 ], [ -52.488393099999939, -28.141632 ], [ -52.49024819999994, -28.147526299999981 ], [ -52.490332699999954, -28.148987499999976 ], [ -52.491108399999973, -28.149924899999974 ], [ -52.491642099999979, -28.153301399999975 ], [ -52.491884299999981, -28.155444399999965 ], [ -52.492209199999934, -28.156891499999972 ], [ -52.492633799999965, -28.157702699999959 ], [ -52.494142499999953, -28.158337299999971 ], [ -52.494444399999963, -28.158985399999949 ], [ -52.494298299999969, -28.160516499999972 ], [ -52.495062299999972, -28.161535299999969 ], [ -52.496103599999969, -28.162065 ], [ -52.497162699999933, -28.16252819999994 ], [ -52.497704899999974, -28.163417099999947 ], [ -52.498415499999965, -28.164693599999964 ], [ -52.499282199999982, -28.165113899999938 ], [ -52.500032199999964, -28.166536599999972 ], [ -52.50098939999998, -28.168634699999927 ], [ -52.50082139999995, -28.170003299999962 ], [ -52.500948699999981, -28.170248299999969 ], [ -52.5015, -28.170641399999965 ], [ -52.501622199999986, -28.17150769999995 ], [ -52.501910499999951, -28.172827699999971 ], [ -52.502049099999965, -28.174583899999959 ], [ -52.502114899999981, -28.175929599999961 ], [ -52.502508, -28.177137899999934 ], [ -52.50266929999998, -28.178673599999968 ], [ -52.503043599999955, -28.179582399999958 ], [ -52.503566099999944, -28.179975499999955 ], [ -52.505216699999949, -28.180577199999959 ], [ -52.506617699999936, -28.181262799999956 ], [ -52.507317499999942, -28.181110699999977 ], [ -52.509271, -28.179995299999973 ], [ -52.510016399999984, -28.180007 ], [ -52.510854699999982, -28.180432899999971 ], [ -52.514880299999959, -28.179348 ], [ -52.515558499999941, -28.179427499999974 ], [ -52.516597399999966, -28.17939709999996 ], [ -52.517371599999933, -28.17936839999993 ], [ -52.519363699999985, -28.179951499999959 ], [ -52.520850399999972, -28.180593199999976 ], [ -52.521558499999969, -28.181844499999954 ], [ -52.521848499999976, -28.183669599999973 ], [ -52.523422799999935, -28.185585899999978 ], [ -52.523596699999985, -28.186461599999973 ], [ -52.52437, -28.188719899999967 ], [ -52.525383899999952, -28.189350799999943 ], [ -52.527095199999962, -28.190991699999984 ], [ -52.528848, -28.191832699999964 ], [ -52.529731, -28.191832699999964 ], [ -52.529619599999933, -28.192630899999983 ], [ -52.531469899999934, -28.193191399999932 ], [ -52.532784599999957, -28.194427399999938 ], [ -52.533876099999986, -28.194666699999971 ], [ -52.536049899999966, -28.195545799999934 ], [ -52.537365399999942, -28.196062799999936 ], [ -52.538467699999956, -28.195942099999968 ], [ -52.540943499999969, -28.196934499999941 ], [ -52.542096899999933, -28.198417599999971 ], [ -52.543369499999983, -28.198588599999937 ], [ -52.544736899999975, -28.196716599999945 ], [ -52.546111799999949, -28.195935 ], [ -52.546425099999965, -28.195669499999951 ], [ -52.546784699999932, -28.195663399999944 ], [ -52.547652099999937, -28.195391099999938 ], [ -52.548652799999957, -28.195540799999947 ], [ -52.552474399999937, -28.194801599999948 ], [ -52.553116299999942, -28.195217199999945 ], [ -52.554205499999966, -28.195437 ], [ -52.554883399999937, -28.19581519999997 ], [ -52.555047799999954, -28.197456599999953 ], [ -52.555790399999978, -28.198419 ], [ -52.556664199999943, -28.198447299999941 ], [ -52.557507799999939, -28.198294 ], [ -52.558517699999982, -28.198078799999962 ], [ -52.560073199999977, -28.198939799999948 ], [ -52.560789099999965, -28.198882599999934 ], [ -52.561174299999948, -28.198906099999931 ], [ -52.562531599999943, -28.198659699999951 ], [ -52.563385699999969, -28.198106299999949 ], [ -52.563746799999933, -28.198225599999944 ], [ -52.564220599999942, -28.198817899999938 ], [ -52.564482699999985, -28.199146799999937 ], [ -52.565093499999932, -28.200175199999933 ], [ -52.565746899999965, -28.200454899999954 ], [ -52.56640509999994, -28.199981099999945 ], [ -52.56720439999998, -28.201255199999935 ], [ -52.567243699999949, -28.202541499999938 ], [ -52.567695299999968, -28.202491099999975 ], [ -52.56831429999994, -28.202363699999978 ], [ -52.568586399999958, -28.202997299999936 ], [ -52.569333499999971, -28.20310859999995 ], [ -52.570088299999952, -28.202781 ], [ -52.571821299999954, -28.202065499999946 ], [ -52.573122699999942, -28.202314699999931 ], [ -52.57453529999998, -28.202250099999958 ], [ -52.574640699999975, -28.203182499999969 ], [ -52.575058499999955, -28.203542199999958 ], [ -52.575105099999973, -28.204466399999944 ], [ -52.576259, -28.204781 ], [ -52.576775399999974, -28.204245299999968 ], [ -52.577371, -28.204885 ], [ -52.577973099999952, -28.204807599999981 ], [ -52.578694499999983, -28.205088799999942 ], [ -52.578982, -28.205924699999969 ], [ -52.579533499999968, -28.206036499999982 ], [ -52.579980499999976, -28.206730499999935 ], [ -52.579904399999975, -28.207582499999944 ], [ -52.580271299999936, -28.208523899999932 ], [ -52.581097, -28.209140899999966 ], [ -52.581201299999975, -28.210026 ], [ -52.581218799999931, -28.210840399999938 ], [ -52.581847699999969, -28.210819499999957 ], [ -52.582294699999977, -28.211071499999946 ], [ -52.582888399999945, -28.211476 ], [ -52.583222399999954, -28.212232499999971 ], [ -52.583733299999949, -28.21231419999998 ], [ -52.584501699999976, -28.212131599999964 ], [ -52.585274599999934, -28.211738799999978 ], [ -52.585995, -28.21129069999995 ], [ -52.587175, -28.210482799999966 ], [ -52.587179499999934, -28.209411599999953 ], [ -52.587860599999942, -28.208749799999964 ], [ -52.588346799999954, -28.208839699999942 ], [ -52.588682199999937, -28.209681499999931 ], [ -52.588571399999978, -28.211002899999983 ], [ -52.588594799999953, -28.211779099999944 ], [ -52.589307199999951, -28.212360899999965 ], [ -52.589459499999975, -28.212998599999935 ], [ -52.590480599999978, -28.213333699999964 ], [ -52.591603799999973, -28.212949 ], [ -52.591625699999952, -28.213564099999928 ], [ -52.592279899999937, -28.21434789999995 ], [ -52.592534499999942, -28.21559 ], [ -52.593416499999933, -28.216196399999944 ], [ -52.595151899999962, -28.215928899999938 ], [ -52.595640499999945, -28.215786099999946 ], [ -52.596228499999938, -28.216270899999984 ], [ -52.597012899999982, -28.216988499999957 ], [ -52.598794899999973, -28.217105699999934 ], [ -52.599749699999961, -28.217403499999932 ], [ -52.600173699999971, -28.218130899999949 ], [ -52.600822299999948, -28.218616099999963 ], [ -52.601400899999931, -28.218483899999967 ], [ -52.601907, -28.218456899999978 ], [ -52.602668299999948, -28.219638199999963 ], [ -52.603473799999961, -28.220050499999957 ], [ -52.605864399999973, -28.216483199999971 ], [ -52.60560339999995, -28.214146599999935 ], [ -52.607204499999966, -28.210952 ], [ -52.607541399999945, -28.205639699999949 ], [ -52.610494899999935, -28.20174789999993 ], [ -52.611715699999934, -28.198559299999943 ], [ -52.617459799999949, -28.204074799999944 ], [ -52.63770569999997, -28.191280699999936 ], [ -52.6343, -28.187660599999958 ], [ -52.636102599999958, -28.18052229999995 ], [ -52.631288, -28.173930599999949 ] ], [ [ -52.543773399999964, -28.182036599999947 ], [ -52.542314899999951, -28.181335399999966 ], [ -52.540463699999975, -28.180227399999978 ], [ -52.539421499999946, -28.180069599999968 ], [ -52.539535799999953, -28.179574699999932 ], [ -52.540685499999938, -28.179060199999981 ], [ -52.542272799999978, -28.178446299999962 ], [ -52.544755099999975, -28.177057899999966 ], [ -52.54505039999998, -28.177579 ], [ -52.545694799999978, -28.17928779999994 ], [ -52.546283799999969, -28.181489599999964 ], [ -52.544348399999933, -28.182218899999953 ], [ -52.543773399999964, -28.182036599999947 ] ] ] } },
{ "type": "Feature", "properties": { "id": "431410017000001", "cn22_pop03_20a59_tot_2": 0.53409090909090906, "bas.v0001": 352, "dem.v01035": 32, "dem.v01036": 26, "dem.v01037": 41, "dem.v01038": 48, "dem.v01039": 41, "cn22_pop01_res_tot_0": 352, "cn22_pop03_20a59_tot_1": 188 }, "geometry": { "type": "Polygon", "coordinates": [ [ [ -52.48391909999998, -28.314635499999952 ], [ -52.482004899999936, -28.316155299999934 ], [ -52.481444799999963, -28.315746899999965 ], [ -52.480788799999971, -28.316977399999928 ], [ -52.479106099999967, -28.315066299999955 ], [ -52.478368199999977, -28.315566899999965 ], [ -52.477712199999985, -28.315941099999975 ], [ -52.477569799999969, -28.316005399999938 ], [ -52.476915799999972, -28.316096099999982 ], [ -52.477156099999945, -28.316461299999958 ], [ -52.476961099999983, -28.316604 ], [ -52.479895699999986, -28.320253299999933 ], [ -52.481414599999937, -28.322117599999956 ], [ -52.481693699999937, -28.32251709999997 ], [ -52.481793499999981, -28.322679499999936 ], [ -52.482890299999951, -28.324629 ], [ -52.485912199999973, -28.330180599999949 ], [ -52.48629939999995, -28.330145399999935 ], [ -52.486384499999986, -28.330148699999938 ], [ -52.488798899999949, -28.330773299999976 ], [ -52.488594499999977, -28.328516499999978 ], [ -52.488454, -28.32687489999995 ], [ -52.48865, -28.325802299999964 ], [ -52.489281399999982, -28.323553299999958 ], [ -52.489546099999984, -28.322612399999969 ], [ -52.490066199999944, -28.320941599999969 ], [ -52.490157599999975, -28.32073719999994 ], [ -52.490978699999971, -28.319821599999955 ], [ -52.491586899999959, -28.318292399999962 ], [ -52.490184199999931, -28.317778399999952 ], [ -52.489261399999975, -28.318095099999937 ], [ -52.484971099999939, -28.316072 ], [ -52.485691599999939, -28.315476299999943 ], [ -52.48391909999998, -28.314635499999952 ] ] ] } },
{ "type": "Feature", "properties": { "id": "431410040000001", "cn22_pop03_20a59_tot_2": null, "bas.v0001": 10, "dem.v01035": null, "dem.v01036": null, "dem.v01037": null, "dem.v01038": null, "dem.v01039": null, "cn22_pop01_res_tot_0": 10, "cn22_pop03_20a59_tot_1": null }, "geometry": { "type": "Polygon", "coordinates": [ [ [ -52.384987499999966, -28.32079 ], [ -52.385916799999961, -28.322295499999939 ], [ -52.386983, -28.32177379999996 ], [ -52.387677899999971, -28.321640399999978 ], [ -52.389127799999983, -28.321763799999928 ], [ -52.390195799999958, -28.321458699999937 ], [ -52.390506899999934, -28.321309299999939 ], [ -52.390781299999958, -28.321318 ], [ -52.393740399999956, -28.321411699999942 ], [ -52.393798699999934, -28.32111139999995 ], [ -52.393883799999969, -28.320514 ], [ -52.393916899999965, -28.319928799999957 ], [ -52.393861299999969, -28.319653199999948 ], [ -52.39305319999994, -28.319395199999974 ], [ -52.392468399999984, -28.31936509999997 ], [ -52.39140539999994, -28.31966019999993 ], [ -52.39069029999996, -28.31958149999997 ], [ -52.390119699999957, -28.319153899999947 ], [ -52.388836399999946, -28.313866799999971 ], [ -52.387795199999971, -28.31383059999996 ], [ -52.38473689999995, -28.31373519999994 ], [ -52.384487899999954, -28.315299099999947 ], [ -52.385887599999933, -28.315645 ], [ -52.38619719999997, -28.316160799999977 ], [ -52.386424099999942, -28.316982499999938 ], [ -52.38643529999996, -28.317849799999976 ], [ -52.387095399999964, -28.318884599999933 ], [ -52.387667499999964, -28.319468 ], [ -52.386616299999957, -28.319557499999974 ], [ -52.385702799999933, -28.319957399999964 ], [ -52.384769699999936, -28.320437099999936 ], [ -52.384987499999966, -28.32079 ] ] ] } },
{ "type": "Feature", "properties": { "id": "431410040000002", "cn22_pop03_20a59_tot_2": 0.49655172413793103, "bas.v0001": 145, "dem.v01035": 8, "dem.v01036": 4, "dem.v01037": 20, "dem.v01038": 17, "dem.v01039": 23, "cn22_pop01_res_tot_0": 145, "cn22_pop03_20a59_tot_1": 72 }, "geometry": { "type": "Polygon", "coordinates": [ [ [ -52.370829699999945, -28.334023799999954 ], [ -52.368654299999946, -28.338095899999928 ], [ -52.36776, -28.339133199999935 ], [ -52.367934499999933, -28.340363799999977 ], [ -52.36691959999996, -28.342048 ], [ -52.366605399999969, -28.34252 ], [ -52.365576, -28.347005499999966 ], [ -52.365089499999954, -28.347947599999941 ], [ -52.363418899999942, -28.349934899999937 ], [ -52.363327699999957, -28.35052989999997 ], [ -52.364004499999965, -28.352170899999976 ], [ -52.363854899999978, -28.353973599999961 ], [ -52.363705699999969, -28.356703699999969 ], [ -52.363104099999987, -28.357956399999978 ], [ -52.361610199999973, -28.358610499999941 ], [ -52.361220599999967, -28.359137299999929 ], [ -52.362226, -28.360171299999934 ], [ -52.36211789999993, -28.361853699999983 ], [ -52.36265659999998, -28.363425099999972 ], [ -52.361446699999931, -28.364384799999982 ], [ -52.361328499999956, -28.365912099999946 ], [ -52.360799799999938, -28.366652399999964 ], [ -52.361283699999944, -28.369039599999951 ], [ -52.360355699999957, -28.370145399999956 ], [ -52.36043189999998, -28.372037299999931 ], [ -52.360841599999958, -28.372811199999944 ], [ -52.361658499999976, -28.373815599999944 ], [ -52.362409, -28.376515299999937 ], [ -52.362065599999937, -28.377586199999939 ], [ -52.361097399999949, -28.380001599999957 ], [ -52.361712099999977, -28.379639099999963 ], [ -52.363829399999986, -28.380366399999957 ], [ -52.365909299999942, -28.379537 ], [ -52.367505599999959, -28.38037079999998 ], [ -52.368875199999934, -28.379090799999972 ], [ -52.370989099999974, -28.379637499999944 ], [ -52.371192399999984, -28.377617399999963 ], [ -52.372847799999931, -28.376853199999971 ], [ -52.373258499999963, -28.377154899999937 ], [ -52.373755, -28.376514 ], [ -52.374010799999951, -28.375576299999977 ], [ -52.374243599999943, -28.375206599999956 ], [ -52.374006399999985, -28.375117699999976 ], [ -52.373738699999933, -28.375294899999972 ], [ -52.373309799999959, -28.375231399999961 ], [ -52.37289839999994, -28.375039899999933 ], [ -52.372837199999935, -28.374487699999975 ], [ -52.373162299999933, -28.374370399999975 ], [ -52.373588199999972, -28.37414949999993 ], [ -52.373811399999965, -28.373888299999976 ], [ -52.373726, -28.37311509999995 ], [ -52.374059, -28.37293429999994 ], [ -52.374563399999943, -28.372986499999968 ], [ -52.37477679999995, -28.372684499999934 ], [ -52.374784799999986, -28.372391 ], [ -52.374597399999971, -28.372087399999941 ], [ -52.375488699999948, -28.372079099999951 ], [ -52.377410299999951, -28.373259399999938 ], [ -52.378926899999954, -28.37370059999995 ], [ -52.379840799999954, -28.373647399999982 ], [ -52.381433099999981, -28.372935599999948 ], [ -52.383445599999959, -28.37141859999997 ], [ -52.387229599999955, -28.36985 ], [ -52.387867599999936, -28.369214599999964 ], [ -52.387830399999984, -28.36835 ], [ -52.387987799999962, -28.367686799999944 ], [ -52.389689, -28.365890199999967 ], [ -52.390195199999937, -28.364964399999963 ], [ -52.391071, -28.362750199999937 ], [ -52.391133199999956, -28.362057399999969 ], [ -52.391323799999952, -28.361305399999935 ], [ -52.392421899999931, -28.360962499999971 ], [ -52.393114799999978, -28.360384499999952 ], [ -52.394063099999983, -28.359954199999947 ], [ -52.394707899999958, -28.359337099999948 ], [ -52.394655499999942, -28.358481499999982 ], [ -52.394465599999933, -28.357746 ], [ -52.393729199999939, -28.357209199999943 ], [ -52.39307169999995, -28.35628719999994 ], [ -52.393210899999985, -28.355059 ], [ -52.393934199999933, -28.354009099999928 ], [ -52.394604399999935, -28.352109699999971 ], [ -52.394460199999969, -28.351252 ], [ -52.394859099999962, -28.350680699999941 ], [ -52.396078399999965, -28.350230499999952 ], [ -52.396429199999943, -28.34980969999998 ], [ -52.396699199999944, -28.349155699999983 ], [ -52.396594099999959, -28.348075699999981 ], [ -52.396531099999947, -28.347084499999937 ], [ -52.395925799999986, -28.345759199999975 ], [ -52.396150899999952, -28.344292499999938 ], [ -52.397651199999984, -28.342347099999984 ], [ -52.398869899999966, -28.340542299999981 ], [ -52.398999, -28.339721099999963 ], [ -52.398726299999964, -28.338827 ], [ -52.397628599999962, -28.337842799999976 ], [ -52.39687239999995, -28.336686899999961 ], [ -52.394935499999974, -28.336336 ], [ -52.393468499999983, -28.336409199999935 ], [ -52.392152299999964, -28.334947599999964 ], [ -52.390310499999941, -28.333450899999946 ], [ -52.390166199999953, -28.331522299999961 ], [ -52.39053789999997, -28.330675099999951 ], [ -52.391534399999955, -28.329316499999948 ], [ -52.392227199999979, -28.328593799999965 ], [ -52.392653199999984, -28.326670499999977 ], [ -52.39283359999996, -28.324239 ], [ -52.391940299999931, -28.322657399999969 ], [ -52.390781299999958, -28.321318 ], [ -52.390506899999934, -28.321309299999939 ], [ -52.390195799999958, -28.321458699999937 ], [ -52.389127799999983, -28.321763799999928 ], [ -52.387677899999971, -28.321640399999978 ], [ -52.386983, -28.32177379999996 ], [ -52.385916799999961, -28.322295499999939 ], [ -52.384987499999966, -28.32079 ], [ -52.384426, -28.321179799999982 ], [ -52.383227499999975, -28.322604799999965 ], [ -52.382971899999973, -28.323551 ], [ -52.382290199999943, -28.324657 ], [ -52.381425399999955, -28.326163399999928 ], [ -52.381136199999958, -28.326365499999952 ], [ -52.379400299999986, -28.326935599999956 ], [ -52.379027899999983, -28.32729519999998 ], [ -52.378491499999939, -28.327764599999966 ], [ -52.378294399999959, -28.328000499999973 ], [ -52.376872499999934, -28.328803099999959 ], [ -52.376383299999986, -28.329349699999966 ], [ -52.376261099999965, -28.330528899999933 ], [ -52.375988399999983, -28.331390799999951 ], [ -52.375081699999953, -28.332180299999948 ], [ -52.373917099999971, -28.332863199999963 ], [ -52.372242399999948, -28.333483699999931 ], [ -52.370829699999945, -28.334023799999954 ] ] ] } },
{ "type": "Feature", "properties": { "id": "431410045000001", "cn22_pop03_20a59_tot_2": 0.45535714285714285, "bas.v0001": 112, "dem.v01035": 8, "dem.v01036": 5, "dem.v01037": 11, "dem.v01038": 16, "dem.v01039": 11, "cn22_pop01_res_tot_0": 112, "cn22_pop03_20a59_tot_1": 51 }, "geometry": { "type": "Polygon", "coordinates": [ [ [ -52.25013569999993, -28.380501699999968 ], [ -52.249403099999938, -28.381801199999984 ], [ -52.25038509999996, -28.38271229999998 ], [ -52.250652199999934, -28.382717699999944 ], [ -52.251042199999972, -28.382880099999966 ], [ -52.251442899999972, -28.382804299999975 ], [ -52.251777899999979, -28.382648 ], [ -52.252038599999935, -28.382425199999943 ], [ -52.252320299999951, -28.382273599999962 ], [ -52.252365699999984, -28.382282699999962 ], [ -52.252411099999961, -28.382291899999927 ], [ -52.252515599999981, -28.382357 ], [ -52.25262, -28.382422 ], [ -52.253403399999968, -28.383118399999944 ], [ -52.253934099999981, -28.383519199999967 ], [ -52.254356499999972, -28.38380079999996 ], [ -52.25467059999994, -28.383887399999935 ], [ -52.25494139999995, -28.383757499999945 ], [ -52.255190499999969, -28.383389199999954 ], [ -52.255233799999985, -28.382847599999934 ], [ -52.255038899999931, -28.382425199999943 ], [ -52.255359699999985, -28.381907699999942 ], [ -52.255773899999951, -28.381620899999973 ], [ -52.256331399999965, -28.381557199999975 ], [ -52.256554499999936, -28.381605 ], [ -52.257032299999935, -28.381684699999937 ], [ -52.25864729999995, -28.377420499999971 ], [ -52.258694599999956, -28.377295799999956 ], [ -52.258848299999954, -28.376889899999981 ], [ -52.255929199999969, -28.376257299999963 ], [ -52.255691099999979, -28.37637639999997 ], [ -52.25562229999997, -28.376418799999954 ], [ -52.254590699999937, -28.377056 ], [ -52.253967599999953, -28.377595299999939 ], [ -52.253745899999956, -28.377912799999933 ], [ -52.253512299999954, -28.378338199999973 ], [ -52.252747699999986, -28.379085299999929 ], [ -52.251951799999972, -28.379614499999946 ], [ -52.251726899999937, -28.379700199999945 ], [ -52.251497099999938, -28.379804099999944 ], [ -52.25133459999995, -28.379966599999932 ], [ -52.251161299999978, -28.380009899999948 ], [ -52.250868899999944, -28.380064 ], [ -52.250641399999949, -28.380183199999976 ], [ -52.250327299999981, -28.380334799999957 ], [ -52.25013569999993, -28.380501699999968 ] ] ] } },
{ "type": "Feature", "properties": { "id": "431410010000003", "cn22_pop03_20a59_tot_2": 0.54166666666666663, "bas.v0001": 192, "dem.v01035": 7, "dem.v01036": 15, "dem.v01037": 25, "dem.v01038": 30, "dem.v01039": 27, "cn22_pop01_res_tot_0": 192, "cn22_pop03_20a59_tot_1": 104 }, "geometry": { "type": "Polygon", "coordinates": [ [ [ -52.510854699999982, -28.180432899999971 ], [ -52.506182299999978, -28.184597 ], [ -52.504893399999958, -28.185460399999954 ], [ -52.502734399999952, -28.186008699999945 ], [ -52.500703, -28.18627859999998 ], [ -52.498992399999963, -28.187191599999949 ], [ -52.497971599999971, -28.188738299999955 ], [ -52.495685799999933, -28.192174899999941 ], [ -52.493984699999942, -28.194288899999947 ], [ -52.493195, -28.195549799999981 ], [ -52.492969, -28.196443099999954 ], [ -52.493393599999933, -28.199981099999945 ], [ -52.493309699999941, -28.200862699999959 ], [ -52.492768399999932, -28.201513699999964 ], [ -52.49193379999997, -28.201992399999938 ], [ -52.490600499999971, -28.202764599999966 ], [ -52.489209199999948, -28.204032599999948 ], [ -52.485816599999964, -28.208140899999933 ], [ -52.484751899999935, -28.208505099999968 ], [ -52.482693899999958, -28.209800599999937 ], [ -52.481928799999935, -28.210841799999969 ], [ -52.482051599999977, -28.21480239999994 ], [ -52.482157799999982, -28.218725 ], [ -52.482197099999951, -28.220369 ], [ -52.482227099999932, -28.221984099999929 ], [ -52.482043299999987, -28.222901 ], [ -52.481826499999954, -28.223593899999969 ], [ -52.481377899999984, -28.224539799999945 ], [ -52.481883399999958, -28.224703699999964 ], [ -52.487995399999932, -28.226925799999947 ], [ -52.486600899999985, -28.230402499999968 ], [ -52.484464699999933, -28.233853 ], [ -52.481557, -28.236310199999934 ], [ -52.480176699999959, -28.237094399999933 ], [ -52.481173399999932, -28.238288299999965 ], [ -52.484154099999955, -28.237455399999931 ], [ -52.48538, -28.236979299999973 ], [ -52.487352599999952, -28.236645799999962 ], [ -52.488003, -28.236159699999973 ], [ -52.490187799999944, -28.235224499999958 ], [ -52.491552399999932, -28.234707899999933 ], [ -52.492672899999945, -28.234681599999931 ], [ -52.495285099999933, -28.234586 ], [ -52.496116499999971, -28.234158 ], [ -52.49682, -28.234153 ], [ -52.497621699999968, -28.233934099999942 ], [ -52.498389199999963, -28.233909299999937 ], [ -52.49936409999998, -28.234150899999975 ], [ -52.50029829999994, -28.233994699999982 ], [ -52.50235349999997, -28.235426099999984 ], [ -52.502829599999984, -28.236072199999967 ], [ -52.503395899999987, -28.236415799999975 ], [ -52.504268, -28.236935799999969 ], [ -52.505186499999979, -28.23656619999997 ], [ -52.505933299999981, -28.236012099999982 ], [ -52.506849099999954, -28.236024599999951 ], [ -52.50769269999995, -28.236375099999975 ], [ -52.509095299999956, -28.236128899999983 ], [ -52.509477499999946, -28.235783699999956 ], [ -52.51053079999997, -28.235678499999949 ], [ -52.511097499999948, -28.235953799999947 ], [ -52.511407, -28.236263899999983 ], [ -52.511580599999945, -28.236725199999967 ], [ -52.511928299999965, -28.237160199999948 ], [ -52.512946099999965, -28.237186 ], [ -52.513552599999969, -28.237402 ], [ -52.513833499999976, -28.237663299999952 ], [ -52.513957299999959, -28.238370399999951 ], [ -52.514295199999935, -28.23864709999998 ], [ -52.514745599999969, -28.238753199999962 ], [ -52.514755699999967, -28.239231899999936 ], [ -52.514878, -28.23949609999994 ], [ -52.515499499999976, -28.23959549999995 ], [ -52.515549599999986, -28.239883199999952 ], [ -52.515849799999955, -28.240066099999979 ], [ -52.516077699999983, -28.240133 ], [ -52.516389899999979, -28.240496899999982 ], [ -52.517125399999941, -28.240969599999971 ], [ -52.518400699999972, -28.240787399999931 ], [ -52.518685799999957, -28.240874 ], [ -52.519061699999952, -28.241142899999943 ], [ -52.519516499999952, -28.241362799999933 ], [ -52.520152899999971, -28.241391499999963 ], [ -52.520515599999953, -28.241224099999954 ], [ -52.520868899999982, -28.240888799999937 ], [ -52.521109, -28.241039499999943 ], [ -52.521763899999939, -28.242102899999963 ], [ -52.521890099999951, -28.242674 ], [ -52.522260099999983, -28.243403499999943 ], [ -52.522330499999953, -28.244125899999972 ], [ -52.522635, -28.244690799999944 ], [ -52.523230399999932, -28.245077799999933 ], [ -52.523625899999956, -28.245119399999965 ], [ -52.524053899999956, -28.245359299999961 ], [ -52.524132799999961, -28.245866699999965 ], [ -52.524175799999966, -28.246594799999968 ], [ -52.52562329999995, -28.248056299999973 ], [ -52.526236599999947, -28.249211199999934 ], [ -52.526945799999964, -28.249768699999947 ], [ -52.52757749999995, -28.250001399999974 ], [ -52.528202599999986, -28.250096799999938 ], [ -52.528903, -28.249764399999947 ], [ -52.529957699999954, -28.249062599999945 ], [ -52.530435, -28.248807199999931 ], [ -52.531484799999987, -28.248625599999968 ], [ -52.532286899999974, -28.248872699999936 ], [ -52.533104099999946, -28.249384099999929 ], [ -52.533820899999967, -28.249707399999977 ], [ -52.534113299999945, -28.250238599999932 ], [ -52.534293199999979, -28.251226599999939 ], [ -52.534609599999953, -28.251305199999933 ], [ -52.53518159999993, -28.251790899999946 ], [ -52.535721099999932, -28.251776499999949 ], [ -52.536300399999959, -28.251524599999982 ], [ -52.536696899999981, -28.251499499999966 ], [ -52.537195899999972, -28.251435899999933 ], [ -52.538048199999935, -28.251043599999946 ], [ -52.539044199999978, -28.251492399999961 ], [ -52.539999799999975, -28.251197799999943 ], [ -52.540893099999948, -28.251598399999978 ], [ -52.541258899999946, -28.251585099999943 ], [ -52.541694199999938, -28.251374 ], [ -52.542251599999986, -28.251691799999946 ], [ -52.542871099999957, -28.251685 ], [ -52.543295899999976, -28.251452599999936 ], [ -52.544350799999961, -28.251649799999939 ], [ -52.544885699999952, -28.252215699999965 ], [ -52.545131399999946, -28.252612 ], [ -52.545518499999957, -28.252867299999934 ], [ -52.546615499999973, -28.252869799999928 ], [ -52.547042399999953, -28.252744899999982 ], [ -52.54760129999994, -28.25241879999993 ], [ -52.547880899999939, -28.250967799999955 ], [ -52.54886369999997, -28.250555299999974 ], [ -52.549474, -28.250646599999982 ], [ -52.550828199999955, -28.25157269999994 ], [ -52.551050499999974, -28.251922899999954 ], [ -52.551440499999956, -28.252156899999932 ], [ -52.551723199999969, -28.252706699999976 ], [ -52.552092199999947, -28.253044099999954 ], [ -52.552227099999982, -28.253916599999968 ], [ -52.552660199999934, -28.254227899999933 ], [ -52.554053899999985, -28.254201499999965 ], [ -52.554777599999966, -28.253941699999928 ], [ -52.555266699999947, -28.253947099999948 ], [ -52.555528099999947, -28.253884199999959 ], [ -52.555919599999982, -28.253681399999948 ], [ -52.556191399999932, -28.253769399999953 ], [ -52.556918399999972, -28.25424529999998 ], [ -52.557580199999961, -28.254122299999949 ], [ -52.558225, -28.253370699999948 ], [ -52.559085399999958, -28.253932199999952 ], [ -52.559581899999955, -28.253411899999946 ], [ -52.559835699999951, -28.252750799999944 ], [ -52.560471299999961, -28.252219099999934 ], [ -52.560730699999965, -28.251775 ], [ -52.561485, -28.251054199999942 ], [ -52.561857099999941, -28.250652499999944 ], [ -52.562628399999937, -28.249614599999973 ], [ -52.563261199999943, -28.249389699999938 ], [ -52.563687799999968, -28.249734299999943 ], [ -52.563829599999963, -28.250128699999948 ], [ -52.564502399999981, -28.251391599999977 ], [ -52.564736599999947, -28.251968499999975 ], [ -52.564464399999963, -28.252845299999933 ], [ -52.564444199999969, -28.253549699999951 ], [ -52.564939299999935, -28.254308899999955 ], [ -52.565280099999939, -28.254596099999958 ], [ -52.565925199999981, -28.255855599999961 ], [ -52.566204099999936, -28.256071799999972 ], [ -52.566749399999935, -28.256174099999953 ], [ -52.567362499999945, -28.25588259999995 ], [ -52.567690499999969, -28.25552689999995 ], [ -52.567818399999965, -28.255080499999963 ], [ -52.568067499999984, -28.254943799999978 ], [ -52.568421599999965, -28.255056199999956 ], [ -52.568852299999946, -28.255209099999945 ], [ -52.569382299999972, -28.254974299999958 ], [ -52.569960599999945, -28.254971799999964 ], [ -52.570626399999981, -28.25537049999997 ], [ -52.571319899999935, -28.256305199999929 ], [ -52.572274, -28.257492899999932 ], [ -52.572782099999984, -28.258086099999957 ], [ -52.573576299999957, -28.258175399999971 ], [ -52.574829099999931, -28.25874129999994 ], [ -52.575680899999952, -28.258825799999954 ], [ -52.576121099999966, -28.259161399999982 ], [ -52.577055899999948, -28.259254099999964 ], [ -52.577577299999973, -28.259043299999973 ], [ -52.578331099999957, -28.259098399999971 ], [ -52.579136, -28.259556199999963 ], [ -52.579411599999958, -28.260245099999963 ], [ -52.579877299999964, -28.260581499999944 ], [ -52.580604499999936, -28.260411499999975 ], [ -52.581561599999986, -28.260822699999949 ], [ -52.582358799999952, -28.260699699999975 ], [ -52.583199299999933, -28.260845399999937 ], [ -52.583776099999966, -28.261333799999932 ], [ -52.583827, -28.26249189999993 ], [ -52.583549699999935, -28.26338579999998 ], [ -52.581717199999957, -28.265425799999946 ], [ -52.581493499999965, -28.266224199999954 ], [ -52.58107659999996, -28.266893099999947 ], [ -52.58150569999998, -28.268030099999976 ], [ -52.582130399999983, -28.268673899999953 ], [ -52.582664499999964, -28.26925 ], [ -52.58351319999997, -28.269624199999953 ], [ -52.583756, -28.270475499999975 ], [ -52.583675599999935, -28.271460099999956 ], [ -52.583785499999976, -28.272001099999954 ], [ -52.583952799999963, -28.272454499999981 ], [ -52.584224899999981, -28.272599 ], [ -52.584969, -28.272635599999944 ], [ -52.585690299999953, -28.272656299999937 ], [ -52.586452399999985, -28.272407099999953 ], [ -52.587000399999965, -28.272938599999975 ], [ -52.587533099999973, -28.273501299999964 ], [ -52.588282399999969, -28.273169199999984 ], [ -52.589069799999947, -28.273772899999983 ], [ -52.589753599999938, -28.274566199999981 ], [ -52.590542299999981, -28.274849699999947 ], [ -52.591021799999965, -28.274733499999968 ], [ -52.591143, -28.274497199999928 ], [ -52.591159599999969, -28.27370209999998 ], [ -52.591937299999984, -28.273004499999956 ], [ -52.592306699999938, -28.27246649999995 ], [ -52.592438699999946, -28.272081199999946 ], [ -52.592552099999978, -28.271819599999958 ], [ -52.592761499999938, -28.27220589999996 ], [ -52.593071699999939, -28.272442599999977 ], [ -52.593565599999977, -28.272424399999977 ], [ -52.593922099999986, -28.272618799999975 ], [ -52.594179499999939, -28.272800699999948 ], [ -52.594168, -28.273220099999946 ], [ -52.59385, -28.274258699999962 ], [ -52.594642399999941, -28.275621499999943 ], [ -52.594792199999972, -28.276203 ], [ -52.595082099999956, -28.276249199999938 ], [ -52.595414099999971, -28.276499799999954 ], [ -52.59599819999994, -28.27659669999997 ], [ -52.596312799999964, -28.276260399999956 ], [ -52.596574399999952, -28.276402399999938 ], [ -52.596609199999932, -28.276717599999984 ], [ -52.596729899999957, -28.276890699999967 ], [ -52.597447399999965, -28.276972499999943 ], [ -52.598231, -28.277082899999982 ], [ -52.598530199999971, -28.277475299999935 ], [ -52.598062099999936, -28.278096599999969 ], [ -52.598113599999976, -28.278602699999965 ], [ -52.59849909999997, -28.278891699999974 ], [ -52.599413, -28.279075 ], [ -52.599598, -28.280166399999928 ], [ -52.599668599999973, -28.280931299999963 ], [ -52.599990399999967, -28.281607199999939 ], [ -52.600851299999931, -28.281746 ], [ -52.601576, -28.282413099999928 ], [ -52.602242, -28.282737199999929 ], [ -52.602791, -28.282465 ], [ -52.602916299999947, -28.282465099999968 ], [ -52.602524899999935, -28.282816699999955 ], [ -52.602509, -28.283626599999934 ], [ -52.603129599999932, -28.284322299999928 ], [ -52.60350109999996, -28.28434539999995 ], [ -52.604008499999964, -28.284028399999954 ], [ -52.604443799999956, -28.283198699999957 ], [ -52.605721799999969, -28.284066199999984 ], [ -52.605648899999949, -28.284623799999963 ], [ -52.605800599999952, -28.284786699999984 ], [ -52.605708599999957, -28.285117599999978 ], [ -52.605456799999956, -28.285561899999948 ], [ -52.605476099999976, -28.286066299999959 ], [ -52.605861599999969, -28.286185599999953 ], [ -52.605637799999954, -28.286343199999976 ], [ -52.605275699999936, -28.286427799999956 ], [ -52.604939, -28.286780199999953 ], [ -52.605263499999978, -28.287610499999971 ], [ -52.605240899999956, -28.288231 ], [ -52.605237899999963, -28.288995299999954 ], [ -52.60779139999994, -28.296860299999935 ], [ -52.608659, -28.296162 ], [ -52.60965989999994, -28.295746099999974 ], [ -52.610589199999936, -28.295538099999931 ], [ -52.611421, -28.295557599999938 ], [ -52.612480399999981, -28.295960499999978 ], [ -52.612883299999964, -28.295921499999963 ], [ -52.614899499999979, -28.300460399999963 ], [ -52.618316299999947, -28.30367519999993 ], [ -52.620746399999973, -28.302696499999968 ], [ -52.624766099999931, -28.302501599999971 ], [ -52.627935899999954, -28.300912299999936 ], [ -52.629065299999979, -28.298391199999969 ], [ -52.630745399999967, -28.297679099999982 ], [ -52.632035799999983, -28.295713499999977 ], [ -52.634260599999948, -28.300728499999934 ], [ -52.636786499999971, -28.300935899999956 ], [ -52.637266799999963, -28.298290099999974 ], [ -52.641600699999969, -28.293965799999967 ], [ -52.642826699999944, -28.290063399999951 ], [ -52.644420099999934, -28.288616799999943 ], [ -52.648316, -28.287921899999958 ], [ -52.647365399999956, -28.285058799999945 ], [ -52.64763709999994, -28.282834899999955 ], [ -52.651487399999951, -28.278703899999982 ], [ -52.657582599999955, -28.278343499999949 ], [ -52.660985899999957, -28.273150499999929 ], [ -52.661862799999938, -28.272879399999965 ], [ -52.663131699999951, -28.272646399999928 ], [ -52.665066, -28.271036899999956 ], [ -52.666791099999955, -28.271079 ], [ -52.668378099999984, -28.272148199999947 ], [ -52.673464799999977, -28.270218299999954 ], [ -52.675884399999973, -28.26858169999997 ], [ -52.677123499999936, -28.268768699999953 ], [ -52.670881799999961, -28.261358 ], [ -52.665659099999971, -28.265237 ], [ -52.663584399999934, -28.265205899999955 ], [ -52.662110599999949, -28.262106 ], [ -52.660904499999958, -28.261646699999972 ], [ -52.657464, -28.261300799999958 ], [ -52.654632099999958, -28.264591199999984 ], [ -52.653851299999985, -28.264598 ], [ -52.653436599999964, -28.263046599999939 ], [ -52.650967699999967, -28.262351099999933 ], [ -52.648981499999934, -28.266133299999979 ], [ -52.648378099999945, -28.264918399999942 ], [ -52.646562399999937, -28.264715499999966 ], [ -52.646376799999985, -28.263188 ], [ -52.647958199999948, -28.260717199999931 ], [ -52.647011299999974, -28.258063499999935 ], [ -52.640462099999979, -28.25582339999994 ], [ -52.636015699999973, -28.251172499999939 ], [ -52.634666299999935, -28.251744499999973 ], [ -52.628396899999984, -28.250543199999981 ], [ -52.628227199999969, -28.245647099999928 ], [ -52.627481199999977, -28.243896599999971 ], [ -52.627989599999978, -28.242554699999971 ], [ -52.626777299999958, -28.2399 ], [ -52.617594599999961, -28.23434119999996 ], [ -52.615839299999948, -28.235891399999957 ], [ -52.615262, -28.237755799999945 ], [ -52.614255699999944, -28.237718599999937 ], [ -52.613747099999955, -28.236547799999983 ], [ -52.615088699999944, -28.232628699999964 ], [ -52.614106199999981, -28.231230299999936 ], [ -52.612515199999962, -28.231503799999928 ], [ -52.611556399999984, -28.233240699999953 ], [ -52.608132399999931, -28.233817599999952 ], [ -52.60751259999995, -28.232981199999983 ], [ -52.608347599999945, -28.230588099999977 ], [ -52.607003, -28.227889499999947 ], [ -52.604202699999973, -28.228083799999979 ], [ -52.603610499999945, -28.229197399999975 ], [ -52.602311099999952, -28.227111799999932 ], [ -52.602711799999952, -28.226065699999936 ], [ -52.604524099999935, -28.225621399999966 ], [ -52.605304799999942, -28.224504299999978 ], [ -52.605104499999982, -28.222667199999933 ], [ -52.603473799999961, -28.220050499999957 ], [ -52.602668299999948, -28.219638199999963 ], [ -52.601907, -28.218456899999978 ], [ -52.601400899999931, -28.218483899999967 ], [ -52.600822299999948, -28.218616099999963 ], [ -52.600173699999971, -28.218130899999949 ], [ -52.599749699999961, -28.217403499999932 ], [ -52.598794899999973, -28.217105699999934 ], [ -52.597012899999982, -28.216988499999957 ], [ -52.596228499999938, -28.216270899999984 ], [ -52.595640499999945, -28.215786099999946 ], [ -52.595151899999962, -28.215928899999938 ], [ -52.593416499999933, -28.216196399999944 ], [ -52.592534499999942, -28.21559 ], [ -52.592279899999937, -28.21434789999995 ], [ -52.591625699999952, -28.213564099999928 ], [ -52.591603799999973, -28.212949 ], [ -52.590480599999978, -28.213333699999964 ], [ -52.589459499999975, -28.212998599999935 ], [ -52.589307199999951, -28.212360899999965 ], [ -52.588594799999953, -28.211779099999944 ], [ -52.588571399999978, -28.211002899999983 ], [ -52.588682199999937, -28.209681499999931 ], [ -52.588346799999954, -28.208839699999942 ], [ -52.587860599999942, -28.208749799999964 ], [ -52.587179499999934, -28.209411599999953 ], [ -52.587175, -28.210482799999966 ], [ -52.585995, -28.21129069999995 ], [ -52.585274599999934, -28.211738799999978 ], [ -52.584501699999976, -28.212131599999964 ], [ -52.583733299999949, -28.21231419999998 ], [ -52.583222399999954, -28.212232499999971 ], [ -52.582888399999945, -28.211476 ], [ -52.582294699999977, -28.211071499999946 ], [ -52.581847699999969, -28.210819499999957 ], [ -52.581218799999931, -28.210840399999938 ], [ -52.581201299999975, -28.210026 ], [ -52.581097, -28.209140899999966 ], [ -52.580271299999936, -28.208523899999932 ], [ -52.579904399999975, -28.207582499999944 ], [ -52.579980499999976, -28.206730499999935 ], [ -52.579533499999968, -28.206036499999982 ], [ -52.578982, -28.205924699999969 ], [ -52.578694499999983, -28.205088799999942 ], [ -52.577973099999952, -28.204807599999981 ], [ -52.577371, -28.204885 ], [ -52.576775399999974, -28.204245299999968 ], [ -52.576259, -28.204781 ], [ -52.575105099999973, -28.204466399999944 ], [ -52.575058499999955, -28.203542199999958 ], [ -52.574640699999975, -28.203182499999969 ], [ -52.57453529999998, -28.202250099999958 ], [ -52.573122699999942, -28.202314699999931 ], [ -52.571821299999954, -28.202065499999946 ], [ -52.570088299999952, -28.202781 ], [ -52.569333499999971, -28.20310859999995 ], [ -52.568586399999958, -28.202997299999936 ], [ -52.56831429999994, -28.202363699999978 ], [ -52.567695299999968, -28.202491099999975 ], [ -52.567243699999949, -28.202541499999938 ], [ -52.56720439999998, -28.201255199999935 ], [ -52.56640509999994, -28.199981099999945 ], [ -52.565746899999965, -28.200454899999954 ], [ -52.565093499999932, -28.200175199999933 ], [ -52.564482699999985, -28.199146799999937 ], [ -52.564220599999942, -28.198817899999938 ], [ -52.563746799999933, -28.198225599999944 ], [ -52.563385699999969, -28.198106299999949 ], [ -52.562531599999943, -28.198659699999951 ], [ -52.561174299999948, -28.198906099999931 ], [ -52.560789099999965, -28.198882599999934 ], [ -52.560073199999977, -28.198939799999948 ], [ -52.558517699999982, -28.198078799999962 ], [ -52.557507799999939, -28.198294 ], [ -52.556664199999943, -28.198447299999941 ], [ -52.555790399999978, -28.198419 ], [ -52.555047799999954, -28.197456599999953 ], [ -52.554883399999937, -28.19581519999997 ], [ -52.554205499999966, -28.195437 ], [ -52.553116299999942, -28.195217199999945 ], [ -52.552474399999937, -28.194801599999948 ], [ -52.548652799999957, -28.195540799999947 ], [ -52.547652099999937, -28.195391099999938 ], [ -52.546784699999932, -28.195663399999944 ], [ -52.546425099999965, -28.195669499999951 ], [ -52.546111799999949, -28.195935 ], [ -52.544736899999975, -28.196716599999945 ], [ -52.543369499999983, -28.198588599999937 ], [ -52.542096899999933, -28.198417599999971 ], [ -52.540943499999969, -28.196934499999941 ], [ -52.538467699999956, -28.195942099999968 ], [ -52.537365399999942, -28.196062799999936 ], [ -52.536049899999966, -28.195545799999934 ], [ -52.533876099999986, -28.194666699999971 ], [ -52.532784599999957, -28.194427399999938 ], [ -52.531469899999934, -28.193191399999932 ], [ -52.529619599999933, -28.192630899999983 ], [ -52.529731, -28.191832699999964 ], [ -52.528848, -28.191832699999964 ], [ -52.527095199999962, -28.190991699999984 ], [ -52.525383899999952, -28.189350799999943 ], [ -52.52437, -28.188719899999967 ], [ -52.523596699999985, -28.186461599999973 ], [ -52.523422799999935, -28.185585899999978 ], [ -52.521848499999976, -28.183669599999973 ], [ -52.521558499999969, -28.181844499999954 ], [ -52.520850399999972, -28.180593199999976 ], [ -52.519363699999985, -28.179951499999959 ], [ -52.517371599999933, -28.17936839999993 ], [ -52.516597399999966, -28.17939709999996 ], [ -52.515558499999941, -28.179427499999974 ], [ -52.514880299999959, -28.179348 ], [ -52.510854699999982, -28.180432899999971 ] ] ] } },
{ "type": "Feature", "properties": { "id": "431410017000002", "cn22_pop03_20a59_tot_2": 0.55112881806108893, "bas.v0001": 753, "dem.v01035": 50, "dem.v01036": 44, "dem.v01037": 105, "dem.v01038": 113, "dem.v01039": 103, "cn22_pop01_res_tot_0": 753, "cn22_pop03_20a59_tot_1": 415 }, "geometry": { "type": "Polygon", "coordinates": [ [ [ -52.460356099999956, -28.291372899999942 ], [ -52.458374099999958, -28.293019699999945 ], [ -52.455934399999933, -28.295046799999966 ], [ -52.447676599999966, -28.298678499999937 ], [ -52.447265199999947, -28.298160799999948 ], [ -52.44666449999994, -28.297379699999965 ], [ -52.445856699999979, -28.296366599999942 ], [ -52.445711299999971, -28.296177499999942 ], [ -52.445629099999962, -28.295986399999947 ], [ -52.445620199999951, -28.295936599999948 ], [ -52.445615399999951, -28.295894099999941 ], [ -52.445655199999976, -28.295511499999975 ], [ -52.445649299999957, -28.295346299999949 ], [ -52.445597599999985, -28.295123699999976 ], [ -52.445441899999935, -28.294887299999971 ], [ -52.445230599999945, -28.294465799999955 ], [ -52.445092, -28.29429829999998 ], [ -52.443873799999949, -28.297921499999973 ], [ -52.443840399999942, -28.298604099999977 ], [ -52.444102499999985, -28.299161899999945 ], [ -52.444835099999978, -28.299822499999948 ], [ -52.44566279999998, -28.300255899999968 ], [ -52.445912199999952, -28.300639399999966 ], [ -52.44591719999994, -28.300923699999942 ], [ -52.445564099999956, -28.301154199999928 ], [ -52.444796199999985, -28.300957799999935 ], [ -52.443924699999968, -28.301148199999943 ], [ -52.441879399999948, -28.300524 ], [ -52.440819399999953, -28.300493899999935 ], [ -52.439994, -28.300185899999974 ], [ -52.438569899999948, -28.298703599999953 ], [ -52.437594499999932, -28.29861219999998 ], [ -52.436907599999984, -28.29886259999995 ], [ -52.436042199999974, -28.300805499999967 ], [ -52.435871499999962, -28.302609399999938 ], [ -52.436263599999961, -28.303253599999948 ], [ -52.436711699999933, -28.303717499999948 ], [ -52.436825699999986, -28.304593699999941 ], [ -52.436058799999955, -28.305073599999957 ], [ -52.436144799999965, -28.306410799999981 ], [ -52.436542799999984, -28.307710899999961 ], [ -52.436470499999984, -28.308402899999976 ], [ -52.436789, -28.308659099999943 ], [ -52.43710619999996, -28.309278 ], [ -52.437627299999974, -28.309415699999931 ], [ -52.438427299999944, -28.309024299999976 ], [ -52.439233499999943, -28.309047 ], [ -52.43962259999995, -28.309424099999944 ], [ -52.441041299999938, -28.309717199999966 ], [ -52.441865499999949, -28.311059099999966 ], [ -52.444206099999974, -28.312084499999969 ], [ -52.444881099999975, -28.31251629999997 ], [ -52.444830699999955, -28.313587299999938 ], [ -52.44537889999998, -28.314247599999931 ], [ -52.445533599999976, -28.316081399999973 ], [ -52.446639199999936, -28.317448499999955 ], [ -52.446757199999979, -28.318373399999928 ], [ -52.447519899999975, -28.319494899999938 ], [ -52.447756599999934, -28.320050199999969 ], [ -52.44832219999995, -28.321581199999969 ], [ -52.448946499999977, -28.32260059999993 ], [ -52.449138399999981, -28.323038499999939 ], [ -52.449255499999936, -28.323687099999972 ], [ -52.448942399999964, -28.32444229999993 ], [ -52.448697, -28.324700299999961 ], [ -52.446769399999937, -28.325631499999929 ], [ -52.445818699999961, -28.32615549999997 ], [ -52.445609899999965, -28.326352099999951 ], [ -52.446048699999949, -28.326753899999972 ], [ -52.447981899999945, -28.32685639999994 ], [ -52.448362799999984, -28.327217099999928 ], [ -52.448201599999948, -28.327669399999934 ], [ -52.447680299999945, -28.328224699999964 ], [ -52.4472, -28.328504299999963 ], [ -52.445821299999977, -28.328489499999932 ], [ -52.443661599999984, -28.327695399999982 ], [ -52.443122199999948, -28.328043799999932 ], [ -52.44224829999996, -28.328617299999962 ], [ -52.441333399999962, -28.330270399999961 ], [ -52.441149, -28.330815899999948 ], [ -52.441359099999943, -28.331159699999944 ], [ -52.442419899999948, -28.331574599999954 ], [ -52.443815099999938, -28.33203229999998 ], [ -52.444265199999961, -28.332741499999941 ], [ -52.44529609999995, -28.333170499999937 ], [ -52.444658, -28.333670699999971 ], [ -52.444542, -28.334665899999948 ], [ -52.443886299999974, -28.334606899999983 ], [ -52.443660399999942, -28.335375299999953 ], [ -52.443000599999948, -28.336147799999935 ], [ -52.442422299999976, -28.337130799999954 ], [ -52.442220299999974, -28.33846269999998 ], [ -52.44098409999998, -28.338039199999969 ], [ -52.440130799999963, -28.338115899999934 ], [ -52.439083899999957, -28.338606699999957 ], [ -52.437927599999966, -28.339193299999977 ], [ -52.437886299999946, -28.339670099999978 ], [ -52.437995499999943, -28.340074799999968 ], [ -52.438233799999978, -28.340465499999937 ], [ -52.438914899999986, -28.340658899999937 ], [ -52.439302299999952, -28.340810399999953 ], [ -52.439257399999974, -28.34157579999993 ], [ -52.439645199999973, -28.342052 ], [ -52.440838, -28.342107799999951 ], [ -52.442020499999956, -28.342680299999984 ], [ -52.442293799999959, -28.343375499999979 ], [ -52.443100499999957, -28.345266099999947 ], [ -52.443476299999986, -28.348312399999941 ], [ -52.444213399999967, -28.348571099999958 ], [ -52.444821799999943, -28.349589699999967 ], [ -52.444943, -28.350208299999963 ], [ -52.444619899999964, -28.350823799999944 ], [ -52.445250399999964, -28.351555299999973 ], [ -52.44447189999994, -28.352362599999935 ], [ -52.444544299999961, -28.352645399999972 ], [ -52.444762799999978, -28.353195899999946 ], [ -52.44526019999995, -28.353079799999932 ], [ -52.445220599999971, -28.353549299999941 ], [ -52.445094799999936, -28.354026599999941 ], [ -52.444900799999971, -28.354852 ], [ -52.444560199999955, -28.355269399999941 ], [ -52.443958399999985, -28.355831699999953 ], [ -52.443556299999955, -28.35672169999998 ], [ -52.443821899999932, -28.357487799999944 ], [ -52.444002699999942, -28.357994299999973 ], [ -52.443874, -28.358352399999944 ], [ -52.443566199999964, -28.358906599999955 ], [ -52.443930399999942, -28.359808799999939 ], [ -52.443918899999971, -28.360590799999954 ], [ -52.444337599999983, -28.361116 ], [ -52.444838899999979, -28.361369 ], [ -52.44776029999997, -28.361614699999961 ], [ -52.448660899999936, -28.361262699999941 ], [ -52.44981219999994, -28.361328399999934 ], [ -52.450168399999939, -28.361550099999931 ], [ -52.449784199999954, -28.36261339999993 ], [ -52.449324299999944, -28.363112699999931 ], [ -52.449194299999931, -28.363494699999933 ], [ -52.449155, -28.364565899999945 ], [ -52.44871779999994, -28.366228399999954 ], [ -52.44773239999995, -28.367129599999942 ], [ -52.446877299999983, -28.367538 ], [ -52.443372699999941, -28.367278899999974 ], [ -52.44350959999997, -28.367805 ], [ -52.443897599999957, -28.368629899999974 ], [ -52.445572499999969, -28.369152199999974 ], [ -52.445555099999979, -28.369917199999975 ], [ -52.44480219999997, -28.370976 ], [ -52.444746, -28.372004299999958 ], [ -52.443927299999984, -28.372419499999978 ], [ -52.444021899999939, -28.373196199999938 ], [ -52.444943299999977, -28.373581299999955 ], [ -52.444107699999961, -28.375225199999932 ], [ -52.44432379999995, -28.375754799999982 ], [ -52.445399499999951, -28.376192 ], [ -52.444932899999969, -28.376479399999937 ], [ -52.444445199999961, -28.376983299999949 ], [ -52.444743099999982, -28.377277799999945 ], [ -52.446081399999969, -28.377376099999935 ], [ -52.447020599999973, -28.377863299999945 ], [ -52.447947899999974, -28.378086399999972 ], [ -52.448581499999932, -28.378585499999929 ], [ -52.44862349999994, -28.378854799999942 ], [ -52.44732259999995, -28.379574799999943 ], [ -52.447196599999984, -28.379871199999968 ], [ -52.447373599999935, -28.380188099999941 ], [ -52.44821, -28.381197 ], [ -52.448425699999973, -28.381591 ], [ -52.448238599999968, -28.381897399999957 ], [ -52.447340399999973, -28.382337399999983 ], [ -52.447186099999954, -28.38279719999997 ], [ -52.447263599999985, -28.383116399999949 ], [ -52.447981299999981, -28.383400199999983 ], [ -52.447172499999965, -28.384041299999978 ], [ -52.446095, -28.384135599999979 ], [ -52.445348299999978, -28.384015 ], [ -52.445128799999964, -28.383574499999952 ], [ -52.444737399999951, -28.383493499999929 ], [ -52.443614399999944, -28.383825 ], [ -52.443038, -28.38416559999996 ], [ -52.442928799999947, -28.384726499999942 ], [ -52.442859299999952, -28.385276 ], [ -52.443333899999971, -28.386182799999972 ], [ -52.443498199999965, -28.387272099999961 ], [ -52.443218299999955, -28.387667099999931 ], [ -52.442894899999942, -28.388970399999948 ], [ -52.442901199999937, -28.38954769999998 ], [ -52.441766299999983, -28.390896299999952 ], [ -52.441957099999968, -28.391490099999942 ], [ -52.442128499999967, -28.391749799999957 ], [ -52.442855399999985, -28.391800099999955 ], [ -52.443148699999938, -28.392138 ], [ -52.443234699999948, -28.392741599999965 ], [ -52.443131599999958, -28.39316539999993 ], [ -52.44285, -28.393221599999947 ], [ -52.442352, -28.393065099999944 ], [ -52.441287, -28.39292869999997 ], [ -52.440882399999964, -28.393029599999977 ], [ -52.440487299999972, -28.393464399999971 ], [ -52.439782, -28.394537299999968 ], [ -52.439307199999973, -28.394990399999983 ], [ -52.438534499999946, -28.395315799999935 ], [ -52.437984899999947, -28.395912099999975 ], [ -52.437871299999983, -28.396420499999977 ], [ -52.441380799999934, -28.399071399999968 ], [ -52.439545599999974, -28.399856099999965 ], [ -52.439305299999944, -28.400868199999934 ], [ -52.437226599999974, -28.400926499999969 ], [ -52.439315499999964, -28.403091199999949 ], [ -52.439888699999983, -28.405624599999953 ], [ -52.441225299999985, -28.405931299999963 ], [ -52.442159299999958, -28.40410339999994 ], [ -52.44367, -28.404159499999935 ], [ -52.444628199999954, -28.401437 ], [ -52.446718, -28.400481099999979 ], [ -52.445382, -28.398111299999982 ], [ -52.445099199999959, -28.393997899999931 ], [ -52.449743199999943, -28.39176029999993 ], [ -52.456731, -28.382408699999928 ], [ -52.461519, -28.379834899999935 ], [ -52.468845599999952, -28.38795719999996 ], [ -52.472769699999958, -28.384215899999958 ], [ -52.474440399999935, -28.386402399999952 ], [ -52.475265099999945, -28.389880399999981 ], [ -52.478123699999969, -28.389425199999948 ], [ -52.478957799999932, -28.392828299999962 ], [ -52.482900299999983, -28.393220499999984 ], [ -52.485598699999969, -28.396932199999981 ], [ -52.489402699999971, -28.395815099999936 ], [ -52.491429299999936, -28.398124499999938 ], [ -52.495832199999938, -28.400190399999929 ], [ -52.495576199999959, -28.401697699999943 ], [ -52.497739899999942, -28.402627399999972 ], [ -52.497274499999946, -28.403855499999963 ], [ -52.49783519999994, -28.404120599999942 ], [ -52.500139199999978, -28.407339499999978 ], [ -52.503827299999955, -28.408377 ], [ -52.503396299999963, -28.40949089999998 ], [ -52.50533779999995, -28.411648499999956 ], [ -52.506801099999961, -28.412250899999947 ], [ -52.509682, -28.410237299999949 ], [ -52.510351799999967, -28.405475 ], [ -52.509244799999976, -28.399836199999982 ], [ -52.509976, -28.39885449999997 ], [ -52.508861299999978, -28.398513899999955 ], [ -52.510447499999941, -28.396298499999943 ], [ -52.508410799999979, -28.394753399999956 ], [ -52.509653199999946, -28.392754299999979 ], [ -52.508227199999965, -28.39118069999995 ], [ -52.510513099999969, -28.388833 ], [ -52.509461, -28.387889599999937 ], [ -52.510521199999971, -28.387163199999975 ], [ -52.509933599999954, -28.386276299999963 ], [ -52.510656099999949, -28.386123599999962 ], [ -52.509649899999943, -28.385036399999933 ], [ -52.509747799999957, -28.382561899999928 ], [ -52.508194, -28.380360799999949 ], [ -52.508774899999935, -28.378731599999981 ], [ -52.507792099999961, -28.376702699999953 ], [ -52.508807699999977, -28.375074599999948 ], [ -52.508023399999956, -28.37257429999994 ], [ -52.51100109999993, -28.370414599999947 ], [ -52.510473899999965, -28.368930299999931 ], [ -52.512093099999959, -28.364754699999935 ], [ -52.511846899999966, -28.362807 ], [ -52.515838, -28.357516099999941 ], [ -52.514684799999941, -28.354980199999943 ], [ -52.513134799999932, -28.352967699999965 ], [ -52.515135199999975, -28.350175699999966 ], [ -52.516820699999982, -28.349783599999967 ], [ -52.52044159999997, -28.350541 ], [ -52.522384, -28.349566099999947 ], [ -52.525265899999965, -28.342307799999958 ], [ -52.530469599999947, -28.338838299999964 ], [ -52.537412099999983, -28.337069799999938 ], [ -52.550185499999941, -28.335267399999964 ], [ -52.552740899999947, -28.329132699999946 ], [ -52.556590299999982, -28.323811899999953 ], [ -52.556992499999978, -28.321589599999982 ], [ -52.557932699999981, -28.320760499999949 ], [ -52.557417899999962, -28.320674799999949 ], [ -52.557094199999938, -28.319862099999966 ], [ -52.556276699999955, -28.319605299999978 ], [ -52.554814599999986, -28.320443499999953 ], [ -52.553095, -28.322046099999966 ], [ -52.552332799999931, -28.322153699999944 ], [ -52.551321599999937, -28.322386199999983 ], [ -52.550748, -28.321413799999959 ], [ -52.549095099999931, -28.315830499999947 ], [ -52.548411599999952, -28.314885299999958 ], [ -52.547352599999954, -28.314438699999982 ], [ -52.546397499999955, -28.314627499999972 ], [ -52.545992099999978, -28.315653899999973 ], [ -52.545265399999948, -28.315877399999977 ], [ -52.544972, -28.31616 ], [ -52.544444099999964, -28.317503699999975 ], [ -52.543985499999962, -28.317735399999947 ], [ -52.543058, -28.317703599999959 ], [ -52.541978899999947, -28.317205599999966 ], [ -52.540709099999958, -28.317315899999983 ], [ -52.538739699999951, -28.319213299999944 ], [ -52.53776849999997, -28.31922979999996 ], [ -52.536236799999983, -28.319305499999928 ], [ -52.535175199999969, -28.318959599999971 ], [ -52.533445099999938, -28.317412899999965 ], [ -52.530921599999942, -28.315133699999933 ], [ -52.529560799999956, -28.31449669999995 ], [ -52.528440499999931, -28.313958699999944 ], [ -52.527642299999968, -28.312762499999963 ], [ -52.526436, -28.311367399999938 ], [ -52.526208699999984, -28.310109 ], [ -52.525134699999967, -28.309500599999978 ], [ -52.523907799999961, -28.30801839999998 ], [ -52.523859199999947, -28.306637099999932 ], [ -52.524253, -28.305120199999976 ], [ -52.523283, -28.304634699999951 ], [ -52.523131699999965, -28.30394229999996 ], [ -52.521334099999933, -28.303696899999977 ], [ -52.521008499999937, -28.302856299999974 ], [ -52.521852399999943, -28.300193299999933 ], [ -52.521259, -28.298675699999933 ], [ -52.520478699999956, -28.295473699999945 ], [ -52.518867899999975, -28.293307099999936 ], [ -52.517904699999974, -28.292654099999936 ], [ -52.51728259999993, -28.29297269999995 ], [ -52.516422, -28.29308229999998 ], [ -52.515488499999947, -28.292950299999973 ], [ -52.514156399999933, -28.292265699999973 ], [ -52.513185099999987, -28.291669799999966 ], [ -52.511831, -28.28805959999994 ], [ -52.511772199999939, -28.287496799999928 ], [ -52.511274499999956, -28.28683209999997 ], [ -52.509527699999978, -28.286608199999932 ], [ -52.507447699999943, -28.285722499999963 ], [ -52.506835299999977, -28.284643899999935 ], [ -52.505822699999953, -28.283789799999965 ], [ -52.504351299999939, -28.281484499999976 ], [ -52.503095599999938, -28.281238499999972 ], [ -52.500151199999948, -28.281101199999966 ], [ -52.498350499999958, -28.280731499999945 ], [ -52.496574499999952, -28.28049649999997 ], [ -52.487636699999939, -28.279723099999956 ], [ -52.487366099999974, -28.280504 ], [ -52.487369, -28.281869299999983 ], [ -52.48749429999998, -28.282955799999968 ], [ -52.486262899999986, -28.285418599999957 ], [ -52.486092199999973, -28.286313899999982 ], [ -52.485671399999944, -28.286551699999961 ], [ -52.48405189999994, -28.28650179999994 ], [ -52.483209899999963, -28.286795799999936 ], [ -52.483009299999935, -28.287475399999948 ], [ -52.48225089999994, -28.288154199999951 ], [ -52.481221599999969, -28.288547899999969 ], [ -52.481186699999967, -28.289273799999933 ], [ -52.480537699999957, -28.290134499999965 ], [ -52.479630399999962, -28.291049699999974 ], [ -52.479888399999936, -28.291828399999929 ], [ -52.479484699999944, -28.292278299999964 ], [ -52.478980299999932, -28.293462 ], [ -52.478872, -28.293790399999978 ], [ -52.478419, -28.293666199999961 ], [ -52.477873699999975, -28.293772399999966 ], [ -52.476838599999951, -28.293227 ], [ -52.475755599999957, -28.292634 ], [ -52.474824799999965, -28.292028799999969 ], [ -52.474060799999961, -28.291755399999943 ], [ -52.473201399999937, -28.291833 ], [ -52.471896799999968, -28.292519399999946 ], [ -52.471064499999954, -28.292542 ], [ -52.47012129999996, -28.292363699999953 ], [ -52.46857209999996, -28.29229289999995 ], [ -52.466519699999935, -28.291593499999976 ], [ -52.465170399999977, -28.291611599999953 ], [ -52.462981799999966, -28.292423699999972 ], [ -52.460356099999956, -28.291372899999942 ] ], [ [ -52.48391909999998, -28.314635499999952 ], [ -52.485691599999939, -28.315476299999943 ], [ -52.484971099999939, -28.316072 ], [ -52.489261399999975, -28.318095099999937 ], [ -52.490184199999931, -28.317778399999952 ], [ -52.491586899999959, -28.318292399999962 ], [ -52.490978699999971, -28.319821599999955 ], [ -52.490157599999975, -28.32073719999994 ], [ -52.490066199999944, -28.320941599999969 ], [ -52.489546099999984, -28.322612399999969 ], [ -52.489281399999982, -28.323553299999958 ], [ -52.48865, -28.325802299999964 ], [ -52.488454, -28.32687489999995 ], [ -52.488594499999977, -28.328516499999978 ], [ -52.488798899999949, -28.330773299999976 ], [ -52.486384499999986, -28.330148699999938 ], [ -52.48629939999995, -28.330145399999935 ], [ -52.485912199999973, -28.330180599999949 ], [ -52.482890299999951, -28.324629 ], [ -52.481793499999981, -28.322679499999936 ], [ -52.481693699999937, -28.32251709999997 ], [ -52.481414599999937, -28.322117599999956 ], [ -52.479895699999986, -28.320253299999933 ], [ -52.476961099999983, -28.316604 ], [ -52.477156099999945, -28.316461299999958 ], [ -52.476915799999972, -28.316096099999982 ], [ -52.477569799999969, -28.316005399999938 ], [ -52.477712199999985, -28.315941099999975 ], [ -52.478368199999977, -28.315566899999965 ], [ -52.479106099999967, -28.315066299999955 ], [ -52.480788799999971, -28.316977399999928 ], [ -52.481444799999963, -28.315746899999965 ], [ -52.482004899999936, -28.316155299999934 ], [ -52.48391909999998, -28.314635499999952 ] ] ] } },
{ "type": "Feature", "properties": { "id": "431410035000001", "cn22_pop03_20a59_tot_2": 0.5, "bas.v0001": 114, "dem.v01035": 4, "dem.v01036": null, "dem.v01037": 18, "dem.v01038": 14, "dem.v01039": 21, "cn22_pop01_res_tot_0": 114, "cn22_pop03_20a59_tot_1": 57 }, "geometry": { "type": "Polygon", "coordinates": [ [ [ -52.564690799999937, -28.287315299999932 ], [ -52.564034299999946, -28.288299299999949 ], [ -52.563737799999956, -28.28908249999995 ], [ -52.563124, -28.28984939999998 ], [ -52.562208799999951, -28.291127899999935 ], [ -52.561571299999969, -28.291598199999953 ], [ -52.560299899999961, -28.292094599999928 ], [ -52.559205499999962, -28.292072799999971 ], [ -52.559177499999976, -28.294347399999936 ], [ -52.562069799999961, -28.294249399999956 ], [ -52.562382499999956, -28.296249399999965 ], [ -52.567365199999983, -28.29650179999993 ], [ -52.567436799999939, -28.293112099999973 ], [ -52.568105, -28.293137 ], [ -52.568092099999944, -28.289472099999955 ], [ -52.56764979999997, -28.288655 ], [ -52.567002099999968, -28.287939499999936 ], [ -52.565912399999945, -28.287883399999942 ], [ -52.565375499999959, -28.288053799999943 ], [ -52.564690799999937, -28.287315299999932 ] ] ] } },
{ "type": "Feature", "properties": { "id": "431410035000002", "cn22_pop03_20a59_tot_2": 0.52788104089219334, "bas.v0001": 269, "dem.v01035": 13, "dem.v01036": 13, "dem.v01037": 43, "dem.v01038": 25, "dem.v01039": 48, "cn22_pop01_res_tot_0": 269, "cn22_pop03_20a59_tot_1": 142 }, "geometry": { "type": "Polygon", "coordinates": [ [ [ -52.480176699999959, -28.237094399999933 ], [ -52.474287899999979, -28.240204799999958 ], [ -52.472745099999941, -28.241825399999982 ], [ -52.471202299999959, -28.245171 ], [ -52.470015499999931, -28.247941499999968 ], [ -52.467819899999938, -28.252175499999964 ], [ -52.465505699999937, -28.25520709999995 ], [ -52.464326399999948, -28.25684 ], [ -52.464512099999979, -28.257002799999952 ], [ -52.464967799999954, -28.25753659999998 ], [ -52.465624199999979, -28.258092599999941 ], [ -52.465984699999979, -28.258300299999974 ], [ -52.466178499999955, -28.258535299999949 ], [ -52.46586689999998, -28.259017599999936 ], [ -52.465526399999931, -28.259335799999974 ], [ -52.465556399999969, -28.259563399999934 ], [ -52.465341699999954, -28.259712899999954 ], [ -52.464751399999955, -28.259809399999938 ], [ -52.464189799999986, -28.260117699999967 ], [ -52.46403319999996, -28.260331099999974 ], [ -52.464013799999975, -28.260601699999938 ], [ -52.464269099999967, -28.26102359999993 ], [ -52.464468, -28.262034599999936 ], [ -52.464260099999933, -28.262543 ], [ -52.46425069999998, -28.262802499999964 ], [ -52.464643299999977, -28.263040399999966 ], [ -52.465110699999968, -28.263191799999959 ], [ -52.466036799999983, -28.263134199999968 ], [ -52.466294599999969, -28.263270699999964 ], [ -52.466277799999943, -28.26341089999994 ], [ -52.465327299999956, -28.263768 ], [ -52.465035799999953, -28.264041499999962 ], [ -52.464799399999947, -28.264511399999947 ], [ -52.464796799999931, -28.264973599999962 ], [ -52.464527399999952, -28.265564199999972 ], [ -52.464481099999944, -28.266104599999949 ], [ -52.464470399999982, -28.266188199999931 ], [ -52.464448899999979, -28.266277699999932 ], [ -52.464645299999972, -28.26668989999996 ], [ -52.465091799999982, -28.267032699999959 ], [ -52.465318, -28.26750329999993 ], [ -52.465058699999986, -28.26814909999996 ], [ -52.465310699999975, -28.268769499999962 ], [ -52.465675899999951, -28.26903 ], [ -52.463266, -28.270686399999931 ], [ -52.462842799999976, -28.270943699999975 ], [ -52.460099299999968, -28.272706599999935 ], [ -52.458644499999934, -28.273681899999929 ], [ -52.459470599999975, -28.27479029999995 ], [ -52.460550799999965, -28.280633 ], [ -52.455231499999968, -28.28153089999995 ], [ -52.455726699999957, -28.282859499999972 ], [ -52.456373599999949, -28.28431379999995 ], [ -52.456489799999986, -28.284569 ], [ -52.456577, -28.284760399999982 ], [ -52.456898, -28.285465299999942 ], [ -52.457028099999945, -28.285864499999946 ], [ -52.457147, -28.286229699999978 ], [ -52.457324399999948, -28.287053699999944 ], [ -52.457644499999958, -28.28779069999996 ], [ -52.457725499999981, -28.287977199999943 ], [ -52.458093099999985, -28.288510599999938 ], [ -52.458216399999969, -28.288689399999953 ], [ -52.458452899999941, -28.288942099999929 ], [ -52.45881449999996, -28.289328399999931 ], [ -52.460773899999936, -28.291025799999943 ], [ -52.460742, -28.291052299999933 ], [ -52.460356099999956, -28.291372899999942 ], [ -52.462981799999966, -28.292423699999972 ], [ -52.465170399999977, -28.291611599999953 ], [ -52.466519699999935, -28.291593499999976 ], [ -52.46857209999996, -28.29229289999995 ], [ -52.47012129999996, -28.292363699999953 ], [ -52.471064499999954, -28.292542 ], [ -52.471896799999968, -28.292519399999946 ], [ -52.473201399999937, -28.291833 ], [ -52.474060799999961, -28.291755399999943 ], [ -52.474824799999965, -28.292028799999969 ], [ -52.475755599999957, -28.292634 ], [ -52.476838599999951, -28.293227 ], [ -52.477873699999975, -28.293772399999966 ], [ -52.478419, -28.293666199999961 ], [ -52.478872, -28.293790399999978 ], [ -52.478980299999932, -28.293462 ], [ -52.479484699999944, -28.292278299999964 ], [ -52.479888399999936, -28.291828399999929 ], [ -52.479630399999962, -28.291049699999974 ], [ -52.480537699999957, -28.290134499999965 ], [ -52.481186699999967, -28.289273799999933 ], [ -52.481221599999969, -28.288547899999969 ], [ -52.48225089999994, -28.288154199999951 ], [ -52.483009299999935, -28.287475399999948 ], [ -52.483209899999963, -28.286795799999936 ], [ -52.48405189999994, -28.28650179999994 ], [ -52.485671399999944, -28.286551699999961 ], [ -52.486092199999973, -28.286313899999982 ], [ -52.486262899999986, -28.285418599999957 ], [ -52.48749429999998, -28.282955799999968 ], [ -52.487369, -28.281869299999983 ], [ -52.487366099999974, -28.280504 ], [ -52.487636699999939, -28.279723099999956 ], [ -52.496574499999952, -28.28049649999997 ], [ -52.498350499999958, -28.280731499999945 ], [ -52.500151199999948, -28.281101199999966 ], [ -52.503095599999938, -28.281238499999972 ], [ -52.504351299999939, -28.281484499999976 ], [ -52.505822699999953, -28.283789799999965 ], [ -52.506835299999977, -28.284643899999935 ], [ -52.507447699999943, -28.285722499999963 ], [ -52.509527699999978, -28.286608199999932 ], [ -52.511274499999956, -28.28683209999997 ], [ -52.511772199999939, -28.287496799999928 ], [ -52.511831, -28.28805959999994 ], [ -52.513185099999987, -28.291669799999966 ], [ -52.514156399999933, -28.292265699999973 ], [ -52.515488499999947, -28.292950299999973 ], [ -52.516422, -28.29308229999998 ], [ -52.51728259999993, -28.29297269999995 ], [ -52.517904699999974, -28.292654099999936 ], [ -52.518867899999975, -28.293307099999936 ], [ -52.520478699999956, -28.295473699999945 ], [ -52.521259, -28.298675699999933 ], [ -52.521852399999943, -28.300193299999933 ], [ -52.521008499999937, -28.302856299999974 ], [ -52.521334099999933, -28.303696899999977 ], [ -52.523131699999965, -28.30394229999996 ], [ -52.523283, -28.304634699999951 ], [ -52.524253, -28.305120199999976 ], [ -52.523859199999947, -28.306637099999932 ], [ -52.523907799999961, -28.30801839999998 ], [ -52.525134699999967, -28.309500599999978 ], [ -52.526208699999984, -28.310109 ], [ -52.526436, -28.311367399999938 ], [ -52.527642299999968, -28.312762499999963 ], [ -52.528440499999931, -28.313958699999944 ], [ -52.529560799999956, -28.31449669999995 ], [ -52.530921599999942, -28.315133699999933 ], [ -52.533445099999938, -28.317412899999965 ], [ -52.535175199999969, -28.318959599999971 ], [ -52.536236799999983, -28.319305499999928 ], [ -52.53776849999997, -28.31922979999996 ], [ -52.538739699999951, -28.319213299999944 ], [ -52.540709099999958, -28.317315899999983 ], [ -52.541978899999947, -28.317205599999966 ], [ -52.543058, -28.317703599999959 ], [ -52.543985499999962, -28.317735399999947 ], [ -52.544444099999964, -28.317503699999975 ], [ -52.544972, -28.31616 ], [ -52.545265399999948, -28.315877399999977 ], [ -52.545992099999978, -28.315653899999973 ], [ -52.546397499999955, -28.314627499999972 ], [ -52.547352599999954, -28.314438699999982 ], [ -52.548411599999952, -28.314885299999958 ], [ -52.549095099999931, -28.315830499999947 ], [ -52.550748, -28.321413799999959 ], [ -52.551321599999937, -28.322386199999983 ], [ -52.552332799999931, -28.322153699999944 ], [ -52.553095, -28.322046099999966 ], [ -52.554814599999986, -28.320443499999953 ], [ -52.556276699999955, -28.319605299999978 ], [ -52.557094199999938, -28.319862099999966 ], [ -52.557417899999962, -28.320674799999949 ], [ -52.557932699999981, -28.320760499999949 ], [ -52.558780099999979, -28.32001159999993 ], [ -52.560150199999953, -28.321177299999931 ], [ -52.562503399999969, -28.319462699999974 ], [ -52.564352199999973, -28.320531399999936 ], [ -52.564576799999941, -28.32066089999995 ], [ -52.566555, -28.320746699999972 ], [ -52.568108499999937, -28.323840299999972 ], [ -52.57131389999995, -28.324889699999972 ], [ -52.572308499999963, -28.327000399999974 ], [ -52.576644899999962, -28.326992399999938 ], [ -52.579106899999942, -28.327904 ], [ -52.580710699999941, -28.326935499999934 ], [ -52.582842099999937, -28.327241 ], [ -52.585462599999971, -28.330353599999967 ], [ -52.586829899999941, -28.33084139999994 ], [ -52.587554499999953, -28.332963599999971 ], [ -52.590762299999938, -28.334646799999973 ], [ -52.592500399999949, -28.334626799999967 ], [ -52.595801199999983, -28.331489699999963 ], [ -52.598212499999931, -28.332787499999938 ], [ -52.59982569999994, -28.331952399999977 ], [ -52.600733899999966, -28.332684299999983 ], [ -52.600437, -28.330981599999973 ], [ -52.598489599999937, -28.328304699999933 ], [ -52.596645599999931, -28.318762399999969 ], [ -52.593962599999941, -28.315820699999961 ], [ -52.591243199999951, -28.31070619999997 ], [ -52.59046879999994, -28.309861499999954 ], [ -52.590858799999978, -28.308275799999933 ], [ -52.591404699999941, -28.307288 ], [ -52.592522499999973, -28.30617019999994 ], [ -52.593198299999983, -28.304740399999957 ], [ -52.593528099999958, -28.303957199999957 ], [ -52.594407099999955, -28.303453699999977 ], [ -52.596051299999942, -28.303200199999935 ], [ -52.596850699999948, -28.30301819999994 ], [ -52.597659599999986, -28.302701199999944 ], [ -52.599099299999978, -28.301848499999949 ], [ -52.601542799999947, -28.301179099999956 ], [ -52.602455499999962, -28.300821199999973 ], [ -52.604525799999976, -28.300009299999942 ], [ -52.605630599999984, -28.299547899999936 ], [ -52.606280499999968, -28.298956499999974 ], [ -52.606995299999937, -28.297955699999932 ], [ -52.60779139999994, -28.296860299999935 ], [ -52.605237899999963, -28.288995299999954 ], [ -52.605240899999956, -28.288231 ], [ -52.605263499999978, -28.287610499999971 ], [ -52.604939, -28.286780199999953 ], [ -52.605275699999936, -28.286427799999956 ], [ -52.605637799999954, -28.286343199999976 ], [ -52.605861599999969, -28.286185599999953 ], [ -52.605476099999976, -28.286066299999959 ], [ -52.605456799999956, -28.285561899999948 ], [ -52.605708599999957, -28.285117599999978 ], [ -52.605800599999952, -28.284786699999984 ], [ -52.605648899999949, -28.284623799999963 ], [ -52.605721799999969, -28.284066199999984 ], [ -52.604443799999956, -28.283198699999957 ], [ -52.604008499999964, -28.284028399999954 ], [ -52.60350109999996, -28.28434539999995 ], [ -52.603129599999932, -28.284322299999928 ], [ -52.602509, -28.283626599999934 ], [ -52.602524899999935, -28.282816699999955 ], [ -52.602916299999947, -28.282465099999968 ], [ -52.602791, -28.282465 ], [ -52.602242, -28.282737199999929 ], [ -52.601576, -28.282413099999928 ], [ -52.600851299999931, -28.281746 ], [ -52.599990399999967, -28.281607199999939 ], [ -52.599668599999973, -28.280931299999963 ], [ -52.599598, -28.280166399999928 ], [ -52.599413, -28.279075 ], [ -52.59849909999997, -28.278891699999974 ], [ -52.598113599999976, -28.278602699999965 ], [ -52.598062099999936, -28.278096599999969 ], [ -52.598530199999971, -28.277475299999935 ], [ -52.598231, -28.277082899999982 ], [ -52.597447399999965, -28.276972499999943 ], [ -52.596729899999957, -28.276890699999967 ], [ -52.596609199999932, -28.276717599999984 ], [ -52.596574399999952, -28.276402399999938 ], [ -52.596312799999964, -28.276260399999956 ], [ -52.59599819999994, -28.27659669999997 ], [ -52.595414099999971, -28.276499799999954 ], [ -52.595082099999956, -28.276249199999938 ], [ -52.594792199999972, -28.276203 ], [ -52.594642399999941, -28.275621499999943 ], [ -52.59385, -28.274258699999962 ], [ -52.594168, -28.273220099999946 ], [ -52.594179499999939, -28.272800699999948 ], [ -52.593922099999986, -28.272618799999975 ], [ -52.593565599999977, -28.272424399999977 ], [ -52.593071699999939, -28.272442599999977 ], [ -52.592761499999938, -28.27220589999996 ], [ -52.592552099999978, -28.271819599999958 ], [ -52.592438699999946, -28.272081199999946 ], [ -52.592306699999938, -28.27246649999995 ], [ -52.591937299999984, -28.273004499999956 ], [ -52.591159599999969, -28.27370209999998 ], [ -52.591143, -28.274497199999928 ], [ -52.591021799999965, -28.274733499999968 ], [ -52.590542299999981, -28.274849699999947 ], [ -52.589753599999938, -28.274566199999981 ], [ -52.589069799999947, -28.273772899999983 ], [ -52.588282399999969, -28.273169199999984 ], [ -52.587533099999973, -28.273501299999964 ], [ -52.587000399999965, -28.272938599999975 ], [ -52.586452399999985, -28.272407099999953 ], [ -52.585690299999953, -28.272656299999937 ], [ -52.584969, -28.272635599999944 ], [ -52.584224899999981, -28.272599 ], [ -52.583952799999963, -28.272454499999981 ], [ -52.583785499999976, -28.272001099999954 ], [ -52.583675599999935, -28.271460099999956 ], [ -52.583756, -28.270475499999975 ], [ -52.58351319999997, -28.269624199999953 ], [ -52.582664499999964, -28.26925 ], [ -52.582130399999983, -28.268673899999953 ], [ -52.58150569999998, -28.268030099999976 ], [ -52.58107659999996, -28.266893099999947 ], [ -52.581493499999965, -28.266224199999954 ], [ -52.581717199999957, -28.265425799999946 ], [ -52.583549699999935, -28.26338579999998 ], [ -52.583827, -28.26249189999993 ], [ -52.583776099999966, -28.261333799999932 ], [ -52.583199299999933, -28.260845399999937 ], [ -52.582358799999952, -28.260699699999975 ], [ -52.581561599999986, -28.260822699999949 ], [ -52.580604499999936, -28.260411499999975 ], [ -52.579877299999964, -28.260581499999944 ], [ -52.579411599999958, -28.260245099999963 ], [ -52.579136, -28.259556199999963 ], [ -52.578331099999957, -28.259098399999971 ], [ -52.577577299999973, -28.259043299999973 ], [ -52.577055899999948, -28.259254099999964 ], [ -52.576121099999966, -28.259161399999982 ], [ -52.575680899999952, -28.258825799999954 ], [ -52.574829099999931, -28.25874129999994 ], [ -52.573576299999957, -28.258175399999971 ], [ -52.572782099999984, -28.258086099999957 ], [ -52.572274, -28.257492899999932 ], [ -52.571319899999935, -28.256305199999929 ], [ -52.570626399999981, -28.25537049999997 ], [ -52.569960599999945, -28.254971799999964 ], [ -52.569382299999972, -28.254974299999958 ], [ -52.568852299999946, -28.255209099999945 ], [ -52.568421599999965, -28.255056199999956 ], [ -52.568067499999984, -28.254943799999978 ], [ -52.567818399999965, -28.255080499999963 ], [ -52.567690499999969, -28.25552689999995 ], [ -52.567362499999945, -28.25588259999995 ], [ -52.566749399999935, -28.256174099999953 ], [ -52.566204099999936, -28.256071799999972 ], [ -52.565925199999981, -28.255855599999961 ], [ -52.565280099999939, -28.254596099999958 ], [ -52.564939299999935, -28.254308899999955 ], [ -52.564444199999969, -28.253549699999951 ], [ -52.564464399999963, -28.252845299999933 ], [ -52.564736599999947, -28.251968499999975 ], [ -52.564502399999981, -28.251391599999977 ], [ -52.563829599999963, -28.250128699999948 ], [ -52.563687799999968, -28.249734299999943 ], [ -52.563261199999943, -28.249389699999938 ], [ -52.562628399999937, -28.249614599999973 ], [ -52.561857099999941, -28.250652499999944 ], [ -52.561485, -28.251054199999942 ], [ -52.560730699999965, -28.251775 ], [ -52.560471299999961, -28.252219099999934 ], [ -52.559835699999951, -28.252750799999944 ], [ -52.559581899999955, -28.253411899999946 ], [ -52.559085399999958, -28.253932199999952 ], [ -52.558225, -28.253370699999948 ], [ -52.557580199999961, -28.254122299999949 ], [ -52.556918399999972, -28.25424529999998 ], [ -52.556191399999932, -28.253769399999953 ], [ -52.555919599999982, -28.253681399999948 ], [ -52.555528099999947, -28.253884199999959 ], [ -52.555266699999947, -28.253947099999948 ], [ -52.554777599999966, -28.253941699999928 ], [ -52.554053899999985, -28.254201499999965 ], [ -52.552660199999934, -28.254227899999933 ], [ -52.552227099999982, -28.253916599999968 ], [ -52.552092199999947, -28.253044099999954 ], [ -52.551723199999969, -28.252706699999976 ], [ -52.551440499999956, -28.252156899999932 ], [ -52.551050499999974, -28.251922899999954 ], [ -52.550828199999955, -28.25157269999994 ], [ -52.549474, -28.250646599999982 ], [ -52.54886369999997, -28.250555299999974 ], [ -52.547880899999939, -28.250967799999955 ], [ -52.54760129999994, -28.25241879999993 ], [ -52.547042399999953, -28.252744899999982 ], [ -52.546615499999973, -28.252869799999928 ], [ -52.545518499999957, -28.252867299999934 ], [ -52.545131399999946, -28.252612 ], [ -52.544885699999952, -28.252215699999965 ], [ -52.544350799999961, -28.251649799999939 ], [ -52.543295899999976, -28.251452599999936 ], [ -52.542871099999957, -28.251685 ], [ -52.542251599999986, -28.251691799999946 ], [ -52.541694199999938, -28.251374 ], [ -52.541258899999946, -28.251585099999943 ], [ -52.540893099999948, -28.251598399999978 ], [ -52.539999799999975, -28.251197799999943 ], [ -52.539044199999978, -28.251492399999961 ], [ -52.538048199999935, -28.251043599999946 ], [ -52.537195899999972, -28.251435899999933 ], [ -52.536696899999981, -28.251499499999966 ], [ -52.536300399999959, -28.251524599999982 ], [ -52.535721099999932, -28.251776499999949 ], [ -52.53518159999993, -28.251790899999946 ], [ -52.534609599999953, -28.251305199999933 ], [ -52.534293199999979, -28.251226599999939 ], [ -52.534113299999945, -28.250238599999932 ], [ -52.533820899999967, -28.249707399999977 ], [ -52.533104099999946, -28.249384099999929 ], [ -52.532286899999974, -28.248872699999936 ], [ -52.531484799999987, -28.248625599999968 ], [ -52.530435, -28.248807199999931 ], [ -52.529957699999954, -28.249062599999945 ], [ -52.528903, -28.249764399999947 ], [ -52.528202599999986, -28.250096799999938 ], [ -52.52757749999995, -28.250001399999974 ], [ -52.526945799999964, -28.249768699999947 ], [ -52.526236599999947, -28.249211199999934 ], [ -52.52562329999995, -28.248056299999973 ], [ -52.524175799999966, -28.246594799999968 ], [ -52.524132799999961, -28.245866699999965 ], [ -52.524053899999956, -28.245359299999961 ], [ -52.523625899999956, -28.245119399999965 ], [ -52.523230399999932, -28.245077799999933 ], [ -52.522635, -28.244690799999944 ], [ -52.522330499999953, -28.244125899999972 ], [ -52.522260099999983, -28.243403499999943 ], [ -52.521890099999951, -28.242674 ], [ -52.521763899999939, -28.242102899999963 ], [ -52.521109, -28.241039499999943 ], [ -52.520868899999982, -28.240888799999937 ], [ -52.520515599999953, -28.241224099999954 ], [ -52.520152899999971, -28.241391499999963 ], [ -52.519516499999952, -28.241362799999933 ], [ -52.519061699999952, -28.241142899999943 ], [ -52.518685799999957, -28.240874 ], [ -52.518400699999972, -28.240787399999931 ], [ -52.517125399999941, -28.240969599999971 ], [ -52.516389899999979, -28.240496899999982 ], [ -52.516077699999983, -28.240133 ], [ -52.515849799999955, -28.240066099999979 ], [ -52.515549599999986, -28.239883199999952 ], [ -52.515499499999976, -28.23959549999995 ], [ -52.514878, -28.23949609999994 ], [ -52.514755699999967, -28.239231899999936 ], [ -52.514745599999969, -28.238753199999962 ], [ -52.514295199999935, -28.23864709999998 ], [ -52.513957299999959, -28.238370399999951 ], [ -52.513833499999976, -28.237663299999952 ], [ -52.513552599999969, -28.237402 ], [ -52.512946099999965, -28.237186 ], [ -52.511928299999965, -28.237160199999948 ], [ -52.511580599999945, -28.236725199999967 ], [ -52.511407, -28.236263899999983 ], [ -52.511097499999948, -28.235953799999947 ], [ -52.51053079999997, -28.235678499999949 ], [ -52.509477499999946, -28.235783699999956 ], [ -52.509095299999956, -28.236128899999983 ], [ -52.50769269999995, -28.236375099999975 ], [ -52.506849099999954, -28.236024599999951 ], [ -52.505933299999981, -28.236012099999982 ], [ -52.505186499999979, -28.23656619999997 ], [ -52.504268, -28.236935799999969 ], [ -52.503395899999987, -28.236415799999975 ], [ -52.502829599999984, -28.236072199999967 ], [ -52.50235349999997, -28.235426099999984 ], [ -52.50029829999994, -28.233994699999982 ], [ -52.49936409999998, -28.234150899999975 ], [ -52.498389199999963, -28.233909299999937 ], [ -52.497621699999968, -28.233934099999942 ], [ -52.49682, -28.234153 ], [ -52.496116499999971, -28.234158 ], [ -52.495285099999933, -28.234586 ], [ -52.492672899999945, -28.234681599999931 ], [ -52.491552399999932, -28.234707899999933 ], [ -52.490187799999944, -28.235224499999958 ], [ -52.488003, -28.236159699999973 ], [ -52.487352599999952, -28.236645799999962 ], [ -52.48538, -28.236979299999973 ], [ -52.484154099999955, -28.237455399999931 ], [ -52.481173399999932, -28.238288299999965 ], [ -52.480176699999959, -28.237094399999933 ] ], [ [ -52.564690799999937, -28.287315299999932 ], [ -52.565375499999959, -28.288053799999943 ], [ -52.565912399999945, -28.287883399999942 ], [ -52.567002099999968, -28.287939499999936 ], [ -52.56764979999997, -28.288655 ], [ -52.568092099999944, -28.289472099999955 ], [ -52.568105, -28.293137 ], [ -52.567436799999939, -28.293112099999973 ], [ -52.567365199999983, -28.29650179999993 ], [ -52.562382499999956, -28.296249399999965 ], [ -52.562069799999961, -28.294249399999956 ], [ -52.559177499999976, -28.294347399999936 ], [ -52.559205499999962, -28.292072799999971 ], [ -52.560299899999961, -28.292094599999928 ], [ -52.561571299999969, -28.291598199999953 ], [ -52.562208799999951, -28.291127899999935 ], [ -52.563124, -28.28984939999998 ], [ -52.563737799999956, -28.28908249999995 ], [ -52.564034299999946, -28.288299299999949 ], [ -52.564690799999937, -28.287315299999932 ] ] ] } },
{ "type": "Feature", "properties": { "id": "431410040000003", "cn22_pop03_20a59_tot_2": 0.46753246753246752, "bas.v0001": 462, "dem.v01035": 19, "dem.v01036": 17, "dem.v01037": 66, "dem.v01038": 63, "dem.v01039": 51, "cn22_pop01_res_tot_0": 462, "cn22_pop03_20a59_tot_1": 216 }, "geometry": { "type": "Polygon", "coordinates": [ [ [ -52.334257399999956, -28.300218299999983 ], [ -52.334279699999968, -28.300654899999984 ], [ -52.333776799999953, -28.301451099999952 ], [ -52.331949299999962, -28.304891099999963 ], [ -52.331489499999975, -28.305999899999961 ], [ -52.330177799999944, -28.308913599999983 ], [ -52.329363599999965, -28.311058099999968 ], [ -52.32652029999997, -28.314048399999933 ], [ -52.326607899999942, -28.314916199999971 ], [ -52.327222099999972, -28.316251399999942 ], [ -52.328602599999954, -28.317328399999951 ], [ -52.328686499999947, -28.318420599999968 ], [ -52.328939499999933, -28.319410299999959 ], [ -52.329005199999983, -28.320272299999942 ], [ -52.328346199999942, -28.323800699999936 ], [ -52.328549499999951, -28.324345899999969 ], [ -52.329769, -28.325498299999936 ], [ -52.330737699999986, -28.326558299999931 ], [ -52.331350599999951, -28.327347799999984 ], [ -52.331426099999931, -28.32801 ], [ -52.330461899999932, -28.330733099999975 ], [ -52.329667, -28.332126099999982 ], [ -52.329304299999933, -28.333421899999962 ], [ -52.326704899999982, -28.336172799999929 ], [ -52.325695499999938, -28.337342199999966 ], [ -52.324937, -28.338134399999944 ], [ -52.324712699999964, -28.338984599999947 ], [ -52.324689699999965, -28.339649899999984 ], [ -52.32570069999997, -28.340944299999933 ], [ -52.325907, -28.341850699999952 ], [ -52.324801899999954, -28.34410349999996 ], [ -52.32371569999998, -28.344573299999979 ], [ -52.322616099999948, -28.344665599999928 ], [ -52.321444699999972, -28.344618 ], [ -52.321013899999969, -28.344965099999968 ], [ -52.320216499999958, -28.346238199999959 ], [ -52.319336, -28.346689499999968 ], [ -52.318313299999943, -28.347743499999979 ], [ -52.318106299999954, -28.348848199999964 ], [ -52.318123499999956, -28.350035899999966 ], [ -52.317575799999986, -28.351497199999983 ], [ -52.317637899999966, -28.35260489999996 ], [ -52.316115299999979, -28.35382119999997 ], [ -52.314250299999969, -28.354503199999954 ], [ -52.313735799999961, -28.354878399999961 ], [ -52.31347089999997, -28.355708499999935 ], [ -52.313520899999958, -28.357005399999935 ], [ -52.314558299999931, -28.359088 ], [ -52.314381899999944, -28.360687199999973 ], [ -52.314169599999957, -28.362577299999941 ], [ -52.313382399999966, -28.364181 ], [ -52.312798499999985, -28.36622 ], [ -52.312342699999931, -28.367003899999929 ], [ -52.311141, -28.367255299999954 ], [ -52.310200099999975, -28.368668499999956 ], [ -52.308582699999931, -28.369128699999976 ], [ -52.307794, -28.368918 ], [ -52.306947499999978, -28.368541199999981 ], [ -52.305317099999968, -28.367920199999958 ], [ -52.304658599999982, -28.369020199999966 ], [ -52.304371699999933, -28.37014419999997 ], [ -52.303916099999981, -28.370366 ], [ -52.300927399999978, -28.370702299999948 ], [ -52.299312499999985, -28.372289699999953 ], [ -52.296102, -28.370547399999964 ], [ -52.294858499999975, -28.371875099999954 ], [ -52.295577099999946, -28.372874499999966 ], [ -52.294863499999963, -28.37418 ], [ -52.292336499999976, -28.374921499999971 ], [ -52.293305799999985, -28.376004399999943 ], [ -52.291489299999967, -28.379468199999963 ], [ -52.294632, -28.380609899999968 ], [ -52.294224299999939, -28.381543 ], [ -52.295351799999935, -28.382686599999943 ], [ -52.295541399999934, -28.385124599999983 ], [ -52.296902, -28.385675599999956 ], [ -52.295121, -28.389273499999945 ], [ -52.303159, -28.389655199999936 ], [ -52.304064099999948, -28.391327299999944 ], [ -52.305572599999948, -28.392080299999975 ], [ -52.305301799999938, -28.394091399999979 ], [ -52.306370699999945, -28.395924199999968 ], [ -52.308059799999967, -28.394693899999936 ], [ -52.310076699999968, -28.395119499999964 ], [ -52.310696599999972, -28.393932799999959 ], [ -52.311962199999982, -28.39366519999993 ], [ -52.311994699999957, -28.395088199999975 ], [ -52.314306399999964, -28.394236399999954 ], [ -52.316708299999959, -28.39464229999993 ], [ -52.318768499999976, -28.396850799999982 ], [ -52.320782, -28.397112899999968 ], [ -52.324971199999936, -28.394908199999975 ], [ -52.324239199999965, -28.392977799999983 ], [ -52.326264699999967, -28.393117199999949 ], [ -52.329463399999952, -28.395496499999979 ], [ -52.3307, -28.39479179999995 ], [ -52.331212099999959, -28.395456599999932 ], [ -52.335737199999983, -28.395443399999976 ], [ -52.336302399999965, -28.397214799999972 ], [ -52.338012, -28.39752969999995 ], [ -52.337798899999939, -28.395489299999952 ], [ -52.339532499999962, -28.394261899999947 ], [ -52.339062299999966, -28.393392899999981 ], [ -52.341725099999962, -28.393963799999938 ], [ -52.343942199999958, -28.390770299999929 ], [ -52.343633699999941, -28.388626699999975 ], [ -52.345844899999975, -28.388040099999955 ], [ -52.346620399999949, -28.386400499999979 ], [ -52.348314699999946, -28.386568099999977 ], [ -52.348490399999946, -28.388332 ], [ -52.350434399999983, -28.388656 ], [ -52.351394099999936, -28.386384299999975 ], [ -52.354124199999944, -28.387342 ], [ -52.355085199999962, -28.385703599999943 ], [ -52.356868099999986, -28.386347599999965 ], [ -52.357633, -28.384724899999981 ], [ -52.35726539999996, -28.38368209999993 ], [ -52.359842799999967, -28.382490799999971 ], [ -52.360261299999934, -28.380494 ], [ -52.361097399999949, -28.380001599999957 ], [ -52.362065599999937, -28.377586199999939 ], [ -52.362409, -28.376515299999937 ], [ -52.361658499999976, -28.373815599999944 ], [ -52.360841599999958, -28.372811199999944 ], [ -52.36043189999998, -28.372037299999931 ], [ -52.360355699999957, -28.370145399999956 ], [ -52.361283699999944, -28.369039599999951 ], [ -52.360799799999938, -28.366652399999964 ], [ -52.361328499999956, -28.365912099999946 ], [ -52.361446699999931, -28.364384799999982 ], [ -52.36265659999998, -28.363425099999972 ], [ -52.36211789999993, -28.361853699999983 ], [ -52.362226, -28.360171299999934 ], [ -52.361220599999967, -28.359137299999929 ], [ -52.361610199999973, -28.358610499999941 ], [ -52.363104099999987, -28.357956399999978 ], [ -52.363705699999969, -28.356703699999969 ], [ -52.363854899999978, -28.353973599999961 ], [ -52.364004499999965, -28.352170899999976 ], [ -52.363327699999957, -28.35052989999997 ], [ -52.363418899999942, -28.349934899999937 ], [ -52.365089499999954, -28.347947599999941 ], [ -52.365576, -28.347005499999966 ], [ -52.366605399999969, -28.34252 ], [ -52.36691959999996, -28.342048 ], [ -52.367934499999933, -28.340363799999977 ], [ -52.36776, -28.339133199999935 ], [ -52.368654299999946, -28.338095899999928 ], [ -52.370829699999945, -28.334023799999954 ], [ -52.36977509999997, -28.333493199999964 ], [ -52.36903209999997, -28.332573499999967 ], [ -52.369268399999953, -28.331136499999957 ], [ -52.368756899999937, -28.330662599999982 ], [ -52.367930299999955, -28.329758399999946 ], [ -52.367047699999944, -28.329425499999957 ], [ -52.36407509999998, -28.328256899999928 ], [ -52.362747499999955, -28.327373299999977 ], [ -52.360993699999938, -28.325920199999928 ], [ -52.359734899999978, -28.325150099999973 ], [ -52.358948099999964, -28.324669699999959 ], [ -52.35731, -28.323446599999954 ], [ -52.356270099999961, -28.32288669999997 ], [ -52.355246199999954, -28.321609299999977 ], [ -52.355114799999967, -28.320988799999952 ], [ -52.355536499999971, -28.318266699999981 ], [ -52.354637, -28.316283299999952 ], [ -52.353888899999959, -28.315606099999968 ], [ -52.352038099999959, -28.314083 ], [ -52.351374399999941, -28.313614199999961 ], [ -52.350618499999939, -28.313310899999976 ], [ -52.350268899999946, -28.313044599999955 ], [ -52.34999769999996, -28.312583599999982 ], [ -52.349920599999962, -28.312163599999963 ], [ -52.350295399999936, -28.310658 ], [ -52.350487, -28.309929 ], [ -52.350482699999986, -28.309393499999942 ], [ -52.350276399999984, -28.308620499999961 ], [ -52.350039899999956, -28.307818299999951 ], [ -52.349833199999978, -28.30744569999996 ], [ -52.349576299999967, -28.307217699999967 ], [ -52.347798899999987, -28.30651759999995 ], [ -52.347029199999952, -28.306173699999931 ], [ -52.346561599999973, -28.306017899999972 ], [ -52.346017499999959, -28.305760199999952 ], [ -52.34547, -28.305372599999941 ], [ -52.345008699999937, -28.305018299999972 ], [ -52.344442799999968, -28.30429479999998 ], [ -52.344164499999977, -28.303808199999935 ], [ -52.343822799999941, -28.303023799999949 ], [ -52.343803299999934, -28.302814399999932 ], [ -52.343821699999978, -28.302537199999961 ], [ -52.343897599999934, -28.302220899999952 ], [ -52.344119599999942, -28.301684899999941 ], [ -52.344309399999986, -28.301300699999956 ], [ -52.344550899999945, -28.300962499999969 ], [ -52.344816599999945, -28.300713299999984 ], [ -52.345169799999951, -28.300500099999965 ], [ -52.345878299999981, -28.300091799999961 ], [ -52.346106099999986, -28.299880099999939 ], [ -52.346231499999931, -28.299592599999983 ], [ -52.346292399999982, -28.299360199999967 ], [ -52.346479099999954, -28.298571 ], [ -52.346326699999963, -28.298057099999937 ], [ -52.345891499999937, -28.297529 ], [ -52.345835399999942, -28.297509799999943 ], [ -52.345474799999977, -28.296656 ], [ -52.345348599999966, -28.296418299999971 ], [ -52.345004899999935, -28.295998899999972 ], [ -52.344668, -28.295680699999934 ], [ -52.344380299999955, -28.295329899999956 ], [ -52.343580899999949, -28.295886199999984 ], [ -52.342511, -28.296499599999947 ], [ -52.342077, -28.296683199999961 ], [ -52.340323099999978, -28.297230799999966 ], [ -52.337866, -28.297700499999962 ], [ -52.336631, -28.298295 ], [ -52.335362099999941, -28.299333299999944 ], [ -52.334568, -28.300009499999931 ], [ -52.334257399999956, -28.300218299999983 ] ] ] } },
{ "type": "Feature", "properties": { "id": "431410040000006", "cn22_pop03_20a59_tot_2": 0.52721088435374153, "bas.v0001": 294, "dem.v01035": 10, "dem.v01036": 16, "dem.v01037": 43, "dem.v01038": 34, "dem.v01039": 52, "cn22_pop01_res_tot_0": 294, "cn22_pop03_20a59_tot_1": 155 }, "geometry": { "type": "Polygon", "coordinates": [ [ [ -52.346292399999982, -28.299360199999967 ], [ -52.347192, -28.299642799999958 ], [ -52.349182, -28.301442599999973 ], [ -52.350058099999956, -28.301347499999963 ], [ -52.35079159999998, -28.302407 ], [ -52.351124399999946, -28.304064099999948 ], [ -52.350547099999972, -28.304070899999942 ], [ -52.350457199999937, -28.304955599999971 ], [ -52.349514299999953, -28.305420899999945 ], [ -52.349329099999977, -28.305453099999966 ], [ -52.347645099999966, -28.305509399999949 ], [ -52.347551899999985, -28.305555499999969 ], [ -52.347029199999952, -28.306173699999931 ], [ -52.347798899999987, -28.30651759999995 ], [ -52.349576299999967, -28.307217699999967 ], [ -52.349833199999978, -28.30744569999996 ], [ -52.350039899999956, -28.307818299999951 ], [ -52.350276399999984, -28.308620499999961 ], [ -52.350482699999986, -28.309393499999942 ], [ -52.350487, -28.309929 ], [ -52.350295399999936, -28.310658 ], [ -52.349920599999962, -28.312163599999963 ], [ -52.34999769999996, -28.312583599999982 ], [ -52.350268899999946, -28.313044599999955 ], [ -52.350618499999939, -28.313310899999976 ], [ -52.351374399999941, -28.313614199999961 ], [ -52.352038099999959, -28.314083 ], [ -52.353888899999959, -28.315606099999968 ], [ -52.354637, -28.316283299999952 ], [ -52.355536499999971, -28.318266699999981 ], [ -52.355114799999967, -28.320988799999952 ], [ -52.355246199999954, -28.321609299999977 ], [ -52.356270099999961, -28.32288669999997 ], [ -52.35731, -28.323446599999954 ], [ -52.358948099999964, -28.324669699999959 ], [ -52.359734899999978, -28.325150099999973 ], [ -52.360993699999938, -28.325920199999928 ], [ -52.362747499999955, -28.327373299999977 ], [ -52.36407509999998, -28.328256899999928 ], [ -52.367047699999944, -28.329425499999957 ], [ -52.367930299999955, -28.329758399999946 ], [ -52.368756899999937, -28.330662599999982 ], [ -52.369268399999953, -28.331136499999957 ], [ -52.36903209999997, -28.332573499999967 ], [ -52.36977509999997, -28.333493199999964 ], [ -52.370829699999945, -28.334023799999954 ], [ -52.372242399999948, -28.333483699999931 ], [ -52.373917099999971, -28.332863199999963 ], [ -52.375081699999953, -28.332180299999948 ], [ -52.375988399999983, -28.331390799999951 ], [ -52.376261099999965, -28.330528899999933 ], [ -52.376383299999986, -28.329349699999966 ], [ -52.376872499999934, -28.328803099999959 ], [ -52.378294399999959, -28.328000499999973 ], [ -52.378491499999939, -28.327764599999966 ], [ -52.379027899999983, -28.32729519999998 ], [ -52.379400299999986, -28.326935599999956 ], [ -52.381136199999958, -28.326365499999952 ], [ -52.381425399999955, -28.326163399999928 ], [ -52.382290199999943, -28.324657 ], [ -52.382971899999973, -28.323551 ], [ -52.383227499999975, -28.322604799999965 ], [ -52.384426, -28.321179799999982 ], [ -52.384987499999966, -28.32079 ], [ -52.384769699999936, -28.320437099999936 ], [ -52.385702799999933, -28.319957399999964 ], [ -52.386616299999957, -28.319557499999974 ], [ -52.387667499999964, -28.319468 ], [ -52.387095399999964, -28.318884599999933 ], [ -52.38643529999996, -28.317849799999976 ], [ -52.386424099999942, -28.316982499999938 ], [ -52.38619719999997, -28.316160799999977 ], [ -52.385887599999933, -28.315645 ], [ -52.384487899999954, -28.315299099999947 ], [ -52.38473689999995, -28.31373519999994 ], [ -52.387795199999971, -28.31383059999996 ], [ -52.387888799999985, -28.313217399999928 ], [ -52.387755899999945, -28.31253959999998 ], [ -52.387126699999953, -28.310901599999966 ], [ -52.386517799999979, -28.309731399999976 ], [ -52.386372199999983, -28.309188 ], [ -52.386819099999968, -28.306222599999955 ], [ -52.386939299999938, -28.304951899999935 ], [ -52.386809299999982, -28.304426399999954 ], [ -52.38668819999998, -28.303183299999944 ], [ -52.386140399999931, -28.302213499999937 ], [ -52.386065699999961, -28.301678199999969 ], [ -52.386357699999962, -28.300263399999949 ], [ -52.386233599999969, -28.299487799999952 ], [ -52.385996299999931, -28.298743299999956 ], [ -52.385625399999981, -28.297998699999937 ], [ -52.385640199999955, -28.297175799999934 ], [ -52.385580899999979, -28.296836199999973 ], [ -52.385165499999971, -28.296104699999944 ], [ -52.384587, -28.295621399999959 ], [ -52.383845199999939, -28.292956699999934 ], [ -52.383379499999933, -28.292473199999961 ], [ -52.382520899999975, -28.292771799999969 ], [ -52.380494599999963, -28.293225499999949 ], [ -52.378567499999974, -28.293392099999949 ], [ -52.375481699999966, -28.292976499999952 ], [ -52.373807799999952, -28.292686499999945 ], [ -52.373421099999973, -28.292508 ], [ -52.372977299999945, -28.292487199999982 ], [ -52.372666199999969, -28.292485799999952 ], [ -52.372321899999974, -28.292585899999949 ], [ -52.37172419999996, -28.29273539999997 ], [ -52.371054699999945, -28.292849499999932 ], [ -52.370592399999964, -28.292897499999981 ], [ -52.370390899999961, -28.292927499999962 ], [ -52.369765599999937, -28.29306639999993 ], [ -52.36911779999997, -28.293126199999961 ], [ -52.368527799999981, -28.29315459999998 ], [ -52.367862199999934, -28.293168499999979 ], [ -52.366868199999942, -28.293103599999938 ], [ -52.36645249999998, -28.293054499999982 ], [ -52.365955099999951, -28.292991799999982 ], [ -52.365488099999936, -28.292912499999943 ], [ -52.365034299999934, -28.29282319999993 ], [ -52.364577299999951, -28.292729399999928 ], [ -52.364114899999947, -28.292613 ], [ -52.363729299999932, -28.292519399999946 ], [ -52.363422299999968, -28.292430399999944 ], [ -52.363065199999937, -28.292338299999983 ], [ -52.362499, -28.292151699999977 ], [ -52.362109199999963, -28.291967899999975 ], [ -52.361040899999978, -28.291911699999957 ], [ -52.352083, -28.294614 ], [ -52.349532099999976, -28.295503899999972 ], [ -52.347544199999959, -28.296601099999975 ], [ -52.345891499999937, -28.297529 ], [ -52.346326699999963, -28.298057099999937 ], [ -52.346479099999954, -28.298571 ], [ -52.346292399999982, -28.299360199999967 ] ] ] } },
{ "type": "Feature", "properties": { "id": "431410040000007", "cn22_pop03_20a59_tot_2": 0.60775862068965514, "bas.v0001": 464, "dem.v01035": 21, "dem.v01036": 20, "dem.v01037": 76, "dem.v01038": 103, "dem.v01039": 62, "cn22_pop01_res_tot_0": 464, "cn22_pop03_20a59_tot_1": 282 }, "geometry": { "type": "Polygon", "coordinates": [ [ [ -52.347029199999952, -28.306173699999931 ], [ -52.347551899999985, -28.305555499999969 ], [ -52.347645099999966, -28.305509399999949 ], [ -52.349329099999977, -28.305453099999966 ], [ -52.349514299999953, -28.305420899999945 ], [ -52.350457199999937, -28.304955599999971 ], [ -52.350547099999972, -28.304070899999942 ], [ -52.351124399999946, -28.304064099999948 ], [ -52.35079159999998, -28.302407 ], [ -52.350058099999956, -28.301347499999963 ], [ -52.349182, -28.301442599999973 ], [ -52.347192, -28.299642799999958 ], [ -52.346292399999982, -28.299360199999967 ], [ -52.346231499999931, -28.299592599999983 ], [ -52.346106099999986, -28.299880099999939 ], [ -52.345878299999981, -28.300091799999961 ], [ -52.345169799999951, -28.300500099999965 ], [ -52.344816599999945, -28.300713299999984 ], [ -52.344550899999945, -28.300962499999969 ], [ -52.344309399999986, -28.301300699999956 ], [ -52.344119599999942, -28.301684899999941 ], [ -52.343897599999934, -28.302220899999952 ], [ -52.343821699999978, -28.302537199999961 ], [ -52.343803299999934, -28.302814399999932 ], [ -52.343822799999941, -28.303023799999949 ], [ -52.344164499999977, -28.303808199999935 ], [ -52.344442799999968, -28.30429479999998 ], [ -52.345008699999937, -28.305018299999972 ], [ -52.34547, -28.305372599999941 ], [ -52.346017499999959, -28.305760199999952 ], [ -52.346561599999973, -28.306017899999972 ], [ -52.347029199999952, -28.306173699999931 ] ] ] } },
{ "type": "Feature", "properties": { "id": "431410045000002", "cn22_pop03_20a59_tot_2": 0.47142857142857142, "bas.v0001": 280, "dem.v01035": 9, "dem.v01036": 11, "dem.v01037": 39, "dem.v01038": 35, "dem.v01039": 38, "cn22_pop01_res_tot_0": 280, "cn22_pop03_20a59_tot_1": 132 }, "geometry": { "type": "Polygon", "coordinates": [ [ [ -52.271366299999954, -28.326198499999975 ], [ -52.269667099999936, -28.326592599999969 ], [ -52.26116, -28.328529 ], [ -52.258006, -28.329216699999961 ], [ -52.25651739999995, -28.329359099999976 ], [ -52.255545099999949, -28.329347299999938 ], [ -52.25307689999994, -28.329015499999969 ], [ -52.25166889999997, -28.328769399999942 ], [ -52.249386299999969, -28.328501899999935 ], [ -52.247908399999972, -28.328664699999933 ], [ -52.246501699999953, -28.329078099999947 ], [ -52.245089299999961, -28.329912899999954 ], [ -52.243863799999986, -28.330984199999932 ], [ -52.242515599999933, -28.332988099999966 ], [ -52.240359799999965, -28.336708599999952 ], [ -52.23911419999996, -28.338809099999935 ], [ -52.238563399999975, -28.339632 ], [ -52.237983799999938, -28.340334199999972 ], [ -52.237500799999964, -28.340899699999966 ], [ -52.236969099999953, -28.341421799999978 ], [ -52.235728299999948, -28.342320699999959 ], [ -52.234322499999962, -28.343149799999935 ], [ -52.231949099999952, -28.344419499999958 ], [ -52.230058699999972, -28.345488499999931 ], [ -52.225168799999949, -28.348278 ], [ -52.22176079999997, -28.350147899999968 ], [ -52.219816699999967, -28.351258799999982 ], [ -52.218783299999984, -28.351777499999969 ], [ -52.217732299999966, -28.352203 ], [ -52.216852199999948, -28.352431099999933 ], [ -52.215763399999958, -28.352628699999968 ], [ -52.213727199999937, -28.352794099999983 ], [ -52.212960599999974, -28.360407399999929 ], [ -52.21586869999993, -28.360192 ], [ -52.216109299999971, -28.361358799999948 ], [ -52.216714299999978, -28.364287699999977 ], [ -52.218681499999946, -28.364092399999947 ], [ -52.219320799999934, -28.364970299999982 ], [ -52.220142299999964, -28.363913899999943 ], [ -52.221739399999933, -28.364195399999971 ], [ -52.22232, -28.363209799999936 ], [ -52.224232899999947, -28.364006 ], [ -52.226607, -28.363326 ], [ -52.227097899999933, -28.363803299999972 ], [ -52.226435099999946, -28.364214199999935 ], [ -52.227885, -28.364938399999971 ], [ -52.230282099999954, -28.365581199999951 ], [ -52.232467799999938, -28.364447599999949 ], [ -52.232510099999956, -28.362022499999966 ], [ -52.234999499999958, -28.360533799999928 ], [ -52.235001, -28.362166599999966 ], [ -52.236464599999977, -28.363859799999943 ], [ -52.239257299999963, -28.362781799999937 ], [ -52.239157299999931, -28.363775499999974 ], [ -52.241648299999952, -28.364168499999948 ], [ -52.241864, -28.366308299999957 ], [ -52.245292, -28.366369599999928 ], [ -52.246139299999982, -28.368197299999963 ], [ -52.249411699999939, -28.367736899999954 ], [ -52.250957399999947, -28.368664199999955 ], [ -52.251867599999969, -28.374694599999941 ], [ -52.251320599999985, -28.375417699999957 ], [ -52.250669799999969, -28.376278199999945 ], [ -52.250053899999955, -28.377092499999947 ], [ -52.251549199999943, -28.377994 ], [ -52.25013569999993, -28.380501699999968 ], [ -52.250327299999981, -28.380334799999957 ], [ -52.250641399999949, -28.380183199999976 ], [ -52.250868899999944, -28.380064 ], [ -52.251161299999978, -28.380009899999948 ], [ -52.25133459999995, -28.379966599999932 ], [ -52.251497099999938, -28.379804099999944 ], [ -52.251726899999937, -28.379700199999945 ], [ -52.251951799999972, -28.379614499999946 ], [ -52.252747699999986, -28.379085299999929 ], [ -52.253512299999954, -28.378338199999973 ], [ -52.253745899999956, -28.377912799999933 ], [ -52.253967599999953, -28.377595299999939 ], [ -52.254590699999937, -28.377056 ], [ -52.25562229999997, -28.376418799999954 ], [ -52.255691099999979, -28.37637639999997 ], [ -52.255929199999969, -28.376257299999963 ], [ -52.258848299999954, -28.376889899999981 ], [ -52.258694599999956, -28.377295799999956 ], [ -52.25864729999995, -28.377420499999971 ], [ -52.257032299999935, -28.381684699999937 ], [ -52.256554499999936, -28.381605 ], [ -52.256331399999965, -28.381557199999975 ], [ -52.255773899999951, -28.381620899999973 ], [ -52.255359699999985, -28.381907699999942 ], [ -52.255038899999931, -28.382425199999943 ], [ -52.255233799999985, -28.382847599999934 ], [ -52.255190499999969, -28.383389199999954 ], [ -52.25494139999995, -28.383757499999945 ], [ -52.25467059999994, -28.383887399999935 ], [ -52.254356499999972, -28.38380079999996 ], [ -52.253934099999981, -28.383519199999967 ], [ -52.253403399999968, -28.383118399999944 ], [ -52.25262, -28.382422 ], [ -52.252515599999981, -28.382357 ], [ -52.252411099999961, -28.382291899999927 ], [ -52.252365699999984, -28.382282699999962 ], [ -52.252320299999951, -28.382273599999962 ], [ -52.252038599999935, -28.382425199999943 ], [ -52.251777899999979, -28.382648 ], [ -52.251442899999972, -28.382804299999975 ], [ -52.251042199999972, -28.382880099999966 ], [ -52.250652199999934, -28.382717699999944 ], [ -52.25038509999996, -28.38271229999998 ], [ -52.251231299999972, -28.383498 ], [ -52.251892699999985, -28.384111799999971 ], [ -52.250863799999934, -28.387177399999928 ], [ -52.271284599999944, -28.384666699999968 ], [ -52.270375399999978, -28.383722399999954 ], [ -52.269161, -28.383921699999973 ], [ -52.268627299999935, -28.382474299999956 ], [ -52.269135899999981, -28.381823099999963 ], [ -52.267862699999966, -28.379361399999937 ], [ -52.265565, -28.377215899999953 ], [ -52.26586, -28.372127299999931 ], [ -52.263853399999959, -28.369540699999959 ], [ -52.265173, -28.367010899999968 ], [ -52.261086, -28.368134299999952 ], [ -52.259134599999982, -28.367735899999957 ], [ -52.25873729999995, -28.365888799999937 ], [ -52.260066699999982, -28.363384399999973 ], [ -52.262295199999983, -28.361794499999974 ], [ -52.262449899999979, -28.359313899999961 ], [ -52.264328899999953, -28.357818699999939 ], [ -52.266491, -28.35276829999998 ], [ -52.269026499999939, -28.350972899999931 ], [ -52.271150299999931, -28.342975699999954 ], [ -52.275627399999962, -28.34125789999996 ], [ -52.276812899999982, -28.338140799999962 ], [ -52.280370499999947, -28.337128399999983 ], [ -52.282020299999942, -28.334938099999931 ], [ -52.285548399999982, -28.338802899999962 ], [ -52.288362, -28.339086299999963 ], [ -52.290492299999983, -28.340897299999938 ], [ -52.294688699999938, -28.341077 ], [ -52.296839399999953, -28.339573 ], [ -52.299400299999945, -28.339268499999946 ], [ -52.301650299999949, -28.34004159999995 ], [ -52.303970099999958, -28.339439899999945 ], [ -52.30479749999995, -28.34051919999996 ], [ -52.306382499999984, -28.340842899999927 ], [ -52.307132799999977, -28.342408299999931 ], [ -52.305625899999939, -28.3434 ], [ -52.306130499999938, -28.344442799999968 ], [ -52.30318079999995, -28.345842299999958 ], [ -52.30286, -28.347031799999968 ], [ -52.303562199999931, -28.347775699999943 ], [ -52.305365, -28.34685 ], [ -52.308926299999939, -28.346896 ], [ -52.30802239999997, -28.348898299999973 ], [ -52.30835959999996, -28.351503199999968 ], [ -52.30935089999997, -28.351963 ], [ -52.30984669999998, -28.353896899999938 ], [ -52.307155699999953, -28.355626199999961 ], [ -52.307305199999973, -28.356618599999933 ], [ -52.308745, -28.357885 ], [ -52.3096, -28.361093499999981 ], [ -52.307882399999983, -28.364219699999978 ], [ -52.301881499999979, -28.364737799999943 ], [ -52.301044399999967, -28.365600599999937 ], [ -52.301242499999944, -28.367257499999937 ], [ -52.304238399999974, -28.367868499999929 ], [ -52.30348749999996, -28.369340399999942 ], [ -52.303916099999981, -28.370366 ], [ -52.304371699999933, -28.37014419999997 ], [ -52.304658599999982, -28.369020199999966 ], [ -52.305317099999968, -28.367920199999958 ], [ -52.306947499999978, -28.368541199999981 ], [ -52.307794, -28.368918 ], [ -52.308582699999931, -28.369128699999976 ], [ -52.310200099999975, -28.368668499999956 ], [ -52.311141, -28.367255299999954 ], [ -52.312342699999931, -28.367003899999929 ], [ -52.312798499999985, -28.36622 ], [ -52.313382399999966, -28.364181 ], [ -52.314169599999957, -28.362577299999941 ], [ -52.314381899999944, -28.360687199999973 ], [ -52.314558299999931, -28.359088 ], [ -52.313520899999958, -28.357005399999935 ], [ -52.31347089999997, -28.355708499999935 ], [ -52.313735799999961, -28.354878399999961 ], [ -52.314250299999969, -28.354503199999954 ], [ -52.316115299999979, -28.35382119999997 ], [ -52.317637899999966, -28.35260489999996 ], [ -52.317575799999986, -28.351497199999983 ], [ -52.318123499999956, -28.350035899999966 ], [ -52.318106299999954, -28.348848199999964 ], [ -52.318313299999943, -28.347743499999979 ], [ -52.319336, -28.346689499999968 ], [ -52.320216499999958, -28.346238199999959 ], [ -52.321013899999969, -28.344965099999968 ], [ -52.321444699999972, -28.344618 ], [ -52.322616099999948, -28.344665599999928 ], [ -52.32371569999998, -28.344573299999979 ], [ -52.324801899999954, -28.34410349999996 ], [ -52.325907, -28.341850699999952 ], [ -52.32570069999997, -28.340944299999933 ], [ -52.324689699999965, -28.339649899999984 ], [ -52.324712699999964, -28.338984599999947 ], [ -52.324937, -28.338134399999944 ], [ -52.325695499999938, -28.337342199999966 ], [ -52.326704899999982, -28.336172799999929 ], [ -52.329304299999933, -28.333421899999962 ], [ -52.329667, -28.332126099999982 ], [ -52.330461899999932, -28.330733099999975 ], [ -52.331426099999931, -28.32801 ], [ -52.331350599999951, -28.327347799999984 ], [ -52.330737699999986, -28.326558299999931 ], [ -52.329769, -28.325498299999936 ], [ -52.328549499999951, -28.324345899999969 ], [ -52.328346199999942, -28.323800699999936 ], [ -52.329005199999983, -28.320272299999942 ], [ -52.328939499999933, -28.319410299999959 ], [ -52.328686499999947, -28.318420599999968 ], [ -52.328602599999954, -28.317328399999951 ], [ -52.327222099999972, -28.316251399999942 ], [ -52.326607899999942, -28.314916199999971 ], [ -52.32652029999997, -28.314048399999933 ], [ -52.329363599999965, -28.311058099999968 ], [ -52.330177799999944, -28.308913599999983 ], [ -52.331489499999975, -28.305999899999961 ], [ -52.331949299999962, -28.304891099999963 ], [ -52.333776799999953, -28.301451099999952 ], [ -52.334279699999968, -28.300654899999984 ], [ -52.334257399999956, -28.300218299999983 ], [ -52.332566099999951, -28.284388 ], [ -52.330361, -28.280340299999978 ], [ -52.328195199999982, -28.280118099999981 ], [ -52.325124499999959, -28.280265399999962 ], [ -52.321924899999942, -28.280046699999957 ], [ -52.320431699999972, -28.279386899999963 ], [ -52.318903199999966, -28.27837489999996 ], [ -52.31776439999993, -28.277798899999937 ], [ -52.316314099999943, -28.277460699999949 ], [ -52.313183599999945, -28.277330099999972 ], [ -52.311273, -28.277026 ], [ -52.307051299999955, -28.275511399999971 ], [ -52.305459599999949, -28.275409599999932 ], [ -52.302076299999953, -28.274576399999944 ], [ -52.295863, -28.273156799999981 ], [ -52.290902799999969, -28.273113299999977 ], [ -52.288585299999966, -28.272904899999958 ], [ -52.287806899999964, -28.272685899999942 ], [ -52.287067199999967, -28.272405299999946 ], [ -52.286599399999943, -28.273301299999957 ], [ -52.286711299999979, -28.273883 ], [ -52.287022699999966, -28.274332399999935 ], [ -52.287112799999932, -28.274837599999955 ], [ -52.287204699999961, -28.275683099999981 ], [ -52.287339, -28.276272 ], [ -52.287960299999952, -28.276766399999929 ], [ -52.288447699999949, -28.277461899999935 ], [ -52.288784199999952, -28.278113799999971 ], [ -52.289246699999978, -28.278633399999933 ], [ -52.289725199999964, -28.278765199999953 ], [ -52.290458899999976, -28.278651299999979 ], [ -52.291446099999973, -28.278267 ], [ -52.292038799999943, -28.278073799999959 ], [ -52.292453699999953, -28.278446499999973 ], [ -52.292628899999954, -28.278832799999975 ], [ -52.293082399999946, -28.279482 ], [ -52.293448399999932, -28.280048399999941 ], [ -52.293705, -28.280441 ], [ -52.29409389999995, -28.28061219999995 ], [ -52.294975599999987, -28.280985299999941 ], [ -52.295184799999959, -28.281435099999953 ], [ -52.295265, -28.281928199999982 ], [ -52.295146599999953, -28.282211099999984 ], [ -52.295238299999937, -28.282405099999949 ], [ -52.295289, -28.282824499999947 ], [ -52.295489399999951, -28.282943099999954 ], [ -52.295643299999938, -28.283412099999964 ], [ -52.295639, -28.283965399999943 ], [ -52.29587, -28.284713899999929 ], [ -52.295824599999946, -28.285218099999952 ], [ -52.295699899999931, -28.28568759999996 ], [ -52.295838099999969, -28.286393099999941 ], [ -52.296165899999949, -28.287257299999965 ], [ -52.296312199999932, -28.288431399999979 ], [ -52.296508699999947, -28.289845599999978 ], [ -52.297137099999986, -28.291138599999954 ], [ -52.298057, -28.291996 ], [ -52.298566899999969, -28.292120699999941 ], [ -52.298810399999979, -28.292223799999931 ], [ -52.298901399999977, -28.292506899999978 ], [ -52.299038399999972, -28.292895699999974 ], [ -52.299314299999935, -28.29330159999995 ], [ -52.299677599999939, -28.293390799999941 ], [ -52.300124, -28.293526399999962 ], [ -52.300827, -28.293452299999956 ], [ -52.301127599999973, -28.293546599999956 ], [ -52.301229199999966, -28.293794599999956 ], [ -52.301245599999959, -28.294325199999946 ], [ -52.301222399999972, -28.29470989999993 ], [ -52.301172299999962, -28.294920499999932 ], [ -52.301286299999958, -28.29510149999993 ], [ -52.301293399999963, -28.29535379999993 ], [ -52.301204699999971, -28.29552579999995 ], [ -52.301107099999967, -28.295821699999976 ], [ -52.301252699999964, -28.295989499999962 ], [ -52.301488599999971, -28.296176899999978 ], [ -52.30150569999995, -28.296484899999939 ], [ -52.30151479999995, -28.296637899999951 ], [ -52.30168969999994, -28.296691799999962 ], [ -52.301845499999956, -28.296902299999942 ], [ -52.301742, -28.297316199999955 ], [ -52.301658299999986, -28.297864 ], [ -52.301873899999975, -28.29813 ], [ -52.302149499999985, -28.298198499999955 ], [ -52.302505599999961, -28.298117 ], [ -52.302594699999986, -28.298213799999928 ], [ -52.302939799999933, -28.298907799999938 ], [ -52.303103499999963, -28.299508799999955 ], [ -52.303218, -28.299724099999935 ], [ -52.303432599999951, -28.30018519999993 ], [ -52.303514399999983, -28.300482599999953 ], [ -52.303871799999968, -28.30075949999997 ], [ -52.30410489999997, -28.300701299999957 ], [ -52.304286, -28.30076 ], [ -52.304441599999961, -28.300970199999938 ], [ -52.305087499999956, -28.30167 ], [ -52.304489599999954, -28.302191899999968 ], [ -52.303637399999957, -28.302929899999981 ], [ -52.303379899999982, -28.303176099999973 ], [ -52.302881799999966, -28.303619199999957 ], [ -52.302400199999965, -28.304049 ], [ -52.302080499999931, -28.304309799999942 ], [ -52.301654499999984, -28.304681099999982 ], [ -52.301123299999972, -28.305139199999928 ], [ -52.300664799999936, -28.305520799999954 ], [ -52.299892, -28.306177799999944 ], [ -52.299127299999952, -28.306849799999952 ], [ -52.298494, -28.307381 ], [ -52.297730599999966, -28.308057699999949 ], [ -52.29718859999997, -28.308533499999953 ], [ -52.296620899999937, -28.30901369999998 ], [ -52.295947899999931, -28.309594199999935 ], [ -52.295137199999942, -28.310302499999977 ], [ -52.294558599999959, -28.310805499999958 ], [ -52.294120699999951, -28.31117219999993 ], [ -52.293362499999944, -28.311835899999949 ], [ -52.293098699999973, -28.312076399999967 ], [ -52.292803799999945, -28.312335399999938 ], [ -52.292512699999975, -28.31257549999998 ], [ -52.292109499999981, -28.312932599999954 ], [ -52.291203699999983, -28.313719099999958 ], [ -52.290691799999934, -28.314166599999965 ], [ -52.290151, -28.314646799999935 ], [ -52.28958, -28.315145 ], [ -52.289264599999967, -28.315412499999979 ], [ -52.288443499999971, -28.31613219999997 ], [ -52.287720399999955, -28.316762499999982 ], [ -52.287317199999961, -28.317110499999956 ], [ -52.28698, -28.31740469999994 ], [ -52.286582399999986, -28.317765699999939 ], [ -52.286265199999946, -28.318024899999955 ], [ -52.285853399999951, -28.318383799999935 ], [ -52.285128099999952, -28.31902969999993 ], [ -52.284812499999987, -28.319313699999952 ], [ -52.284590299999934, -28.319511399999953 ], [ -52.284003699999971, -28.320012 ], [ -52.283840399999974, -28.320151 ], [ -52.283215799999937, -28.320682099999942 ], [ -52.282932, -28.320926899999961 ], [ -52.282489399999974, -28.32130079999996 ], [ -52.282150699999931, -28.321601599999951 ], [ -52.28188229999995, -28.321833099999935 ], [ -52.281580899999938, -28.322084099999984 ], [ -52.280989299999931, -28.32257809999993 ], [ -52.280814, -28.322732899999949 ], [ -52.28069279999994, -28.322860399999968 ], [ -52.280483199999935, -28.323040399999968 ], [ -52.280274799999972, -28.323195099999964 ], [ -52.279894599999977, -28.323470499999928 ], [ -52.279477799999938, -28.323717899999963 ], [ -52.27915889999997, -28.323922699999969 ], [ -52.278939599999944, -28.324042 ], [ -52.278793899999982, -28.324120499999935 ], [ -52.278168, -28.324428 ], [ -52.277195199999937, -28.324797199999978 ], [ -52.275733399999979, -28.325139799999931 ], [ -52.274037399999941, -28.325570599999935 ], [ -52.271366299999954, -28.326198499999975 ] ] ] } },
{ "type": "Feature", "properties": { "id": "431410050000001", "cn22_pop03_20a59_tot_2": null, "bas.v0001": 0, "dem.v01035": null, "dem.v01036": null, "dem.v01037": null, "dem.v01038": null, "dem.v01039": null, "cn22_pop01_res_tot_0": 0, "cn22_pop03_20a59_tot_1": null }, "geometry": { "type": "Polygon", "coordinates": [ [ [ -52.420452499999953, -28.337366499999973 ], [ -52.422792, -28.337861 ], [ -52.423253699999975, -28.336140499999942 ], [ -52.423484599999938, -28.334765499999946 ], [ -52.42126049999996, -28.334569 ], [ -52.421082499999955, -28.335928099999933 ], [ -52.420452499999953, -28.337366499999973 ] ] ] } },
{ "type": "Feature", "properties": { "id": "431410050000002", "cn22_pop03_20a59_tot_2": 0.51501154734411081, "bas.v0001": 433, "dem.v01035": 17, "dem.v01036": 23, "dem.v01037": 56, "dem.v01038": 64, "dem.v01039": 63, "cn22_pop01_res_tot_0": 433, "cn22_pop03_20a59_tot_1": 223 }, "geometry": { "type": "Polygon", "coordinates": [ [ [ -52.400878499999976, -28.292511299999944 ], [ -52.400725799999975, -28.29253529999994 ], [ -52.400262099999964, -28.292574699999932 ], [ -52.399927099999957, -28.292635799999971 ], [ -52.399585899999977, -28.292779499999938 ], [ -52.39933979999995, -28.292954 ], [ -52.399176199999943, -28.293014899999946 ], [ -52.399014599999987, -28.293017599999928 ], [ -52.398815199999945, -28.292961299999945 ], [ -52.398873199999969, -28.293083699999954 ], [ -52.398967899999946, -28.293160599999965 ], [ -52.399079699999959, -28.29327829999994 ], [ -52.399160499999937, -28.293375799999978 ], [ -52.399185699999975, -28.293428799999958 ], [ -52.399187099999949, -28.293540699999937 ], [ -52.399202599999967, -28.293711099999939 ], [ -52.399319699999978, -28.293853499999955 ], [ -52.399241299999971, -28.293937299999982 ], [ -52.399107899999933, -28.294111899999962 ], [ -52.399017299999969, -28.294352899999978 ], [ -52.398843599999964, -28.294640799999968 ], [ -52.398717599999941, -28.294982399999981 ], [ -52.398632099999986, -28.29523329999995 ], [ -52.398737599999947, -28.295735799999932 ], [ -52.398355599999945, -28.296305599999982 ], [ -52.398466799999937, -28.297177499999975 ], [ -52.398941599999944, -28.297882799999968 ], [ -52.400009699999941, -28.298771 ], [ -52.400721699999963, -28.299450199999967 ], [ -52.402323899999942, -28.30133109999997 ], [ -52.403392, -28.302820099999963 ], [ -52.403451399999938, -28.304074 ], [ -52.403273299999967, -28.304805499999929 ], [ -52.403362399999935, -28.305354 ], [ -52.404311799999959, -28.30645119999997 ], [ -52.404460099999937, -28.30726089999996 ], [ -52.404519499999935, -28.308253599999944 ], [ -52.404015099999981, -28.30974249999997 ], [ -52.40357, -28.310343299999943 ], [ -52.403214, -28.310722 ], [ -52.402976599999931, -28.311531799999955 ], [ -52.403243699999962, -28.312080299999934 ], [ -52.40354039999994, -28.312289299999975 ], [ -52.40357, -28.312837799999954 ], [ -52.403392, -28.313334099999963 ], [ -52.402858, -28.313569199999961 ], [ -52.402828299999953, -28.314169899999968 ], [ -52.402472299999943, -28.314666199999976 ], [ -52.402442599999972, -28.315084099999979 ], [ -52.402205199999969, -28.31542369999994 ], [ -52.401641499999982, -28.31552819999996 ], [ -52.401374499999974, -28.315737099999978 ], [ -52.401226099999974, -28.316102799999953 ], [ -52.401196499999969, -28.316337899999951 ], [ -52.401493199999948, -28.316572899999983 ], [ -52.401819499999931, -28.316781899999967 ], [ -52.401908499999934, -28.31688639999993 ], [ -52.401908499999934, -28.317095299999949 ], [ -52.40155249999998, -28.317696099999978 ], [ -52.401404099999979, -28.318349099999978 ], [ -52.400781099999961, -28.31881919999995 ], [ -52.400306399999977, -28.319002 ], [ -52.400009699999941, -28.31881919999995 ], [ -52.399772299999938, -28.318793099999937 ], [ -52.39867449999997, -28.31936769999993 ], [ -52.398348199999987, -28.319158699999946 ], [ -52.397992099999954, -28.318923699999971 ], [ -52.397725099999946, -28.31881919999995 ], [ -52.39787339999998, -28.318244599999957 ], [ -52.39787339999998, -28.317983399999946 ], [ -52.39754709999994, -28.31800949999996 ], [ -52.396894299999985, -28.318140099999937 ], [ -52.395826199999931, -28.318270699999971 ], [ -52.395232799999974, -28.318479599999932 ], [ -52.395054799999969, -28.318897499999935 ], [ -52.395054799999969, -28.319106499999975 ], [ -52.394817499999931, -28.319341599999973 ], [ -52.394402099999979, -28.319681099999968 ], [ -52.39466909999993, -28.320203499999934 ], [ -52.39443179999995, -28.320490799999959 ], [ -52.393883799999969, -28.320514 ], [ -52.393798699999934, -28.32111139999995 ], [ -52.393740399999956, -28.321411699999942 ], [ -52.390781299999958, -28.321318 ], [ -52.391940299999931, -28.322657399999969 ], [ -52.39283359999996, -28.324239 ], [ -52.392653199999984, -28.326670499999977 ], [ -52.392227199999979, -28.328593799999965 ], [ -52.391534399999955, -28.329316499999948 ], [ -52.39053789999997, -28.330675099999951 ], [ -52.390166199999953, -28.331522299999961 ], [ -52.390310499999941, -28.333450899999946 ], [ -52.392152299999964, -28.334947599999964 ], [ -52.393468499999983, -28.336409199999935 ], [ -52.394935499999974, -28.336336 ], [ -52.39687239999995, -28.336686899999961 ], [ -52.397628599999962, -28.337842799999976 ], [ -52.398726299999964, -28.338827 ], [ -52.398999, -28.339721099999963 ], [ -52.398869899999966, -28.340542299999981 ], [ -52.397651199999984, -28.342347099999984 ], [ -52.396150899999952, -28.344292499999938 ], [ -52.395925799999986, -28.345759199999975 ], [ -52.396531099999947, -28.347084499999937 ], [ -52.396594099999959, -28.348075699999981 ], [ -52.396699199999944, -28.349155699999983 ], [ -52.396429199999943, -28.34980969999998 ], [ -52.396078399999965, -28.350230499999952 ], [ -52.394859099999962, -28.350680699999941 ], [ -52.394460199999969, -28.351252 ], [ -52.394604399999935, -28.352109699999971 ], [ -52.393934199999933, -28.354009099999928 ], [ -52.393210899999985, -28.355059 ], [ -52.39307169999995, -28.35628719999994 ], [ -52.393729199999939, -28.357209199999943 ], [ -52.394465599999933, -28.357746 ], [ -52.394655499999942, -28.358481499999982 ], [ -52.394707899999958, -28.359337099999948 ], [ -52.394063099999983, -28.359954199999947 ], [ -52.393114799999978, -28.360384499999952 ], [ -52.392421899999931, -28.360962499999971 ], [ -52.391323799999952, -28.361305399999935 ], [ -52.391133199999956, -28.362057399999969 ], [ -52.391071, -28.362750199999937 ], [ -52.390195199999937, -28.364964399999963 ], [ -52.389689, -28.365890199999967 ], [ -52.387987799999962, -28.367686799999944 ], [ -52.387830399999984, -28.36835 ], [ -52.387867599999936, -28.369214599999964 ], [ -52.387229599999955, -28.36985 ], [ -52.383445599999959, -28.37141859999997 ], [ -52.381433099999981, -28.372935599999948 ], [ -52.379840799999954, -28.373647399999982 ], [ -52.378926899999954, -28.37370059999995 ], [ -52.377410299999951, -28.373259399999938 ], [ -52.375488699999948, -28.372079099999951 ], [ -52.374597399999971, -28.372087399999941 ], [ -52.374784799999986, -28.372391 ], [ -52.37477679999995, -28.372684499999934 ], [ -52.374563399999943, -28.372986499999968 ], [ -52.374059, -28.37293429999994 ], [ -52.373726, -28.37311509999995 ], [ -52.373811399999965, -28.373888299999976 ], [ -52.373588199999972, -28.37414949999993 ], [ -52.373162299999933, -28.374370399999975 ], [ -52.372837199999935, -28.374487699999975 ], [ -52.37289839999994, -28.375039899999933 ], [ -52.373309799999959, -28.375231399999961 ], [ -52.373738699999933, -28.375294899999972 ], [ -52.374006399999985, -28.375117699999976 ], [ -52.374243599999943, -28.375206599999956 ], [ -52.374010799999951, -28.375576299999977 ], [ -52.373755, -28.376514 ], [ -52.373258499999963, -28.377154899999937 ], [ -52.379347099999961, -28.381626199999971 ], [ -52.381477599999982, -28.38055449999996 ], [ -52.38375949999994, -28.381268099999943 ], [ -52.382224299999962, -28.383589099999938 ], [ -52.384518499999956, -28.383501699999954 ], [ -52.384928199999933, -28.384208399999977 ], [ -52.383831699999973, -28.385187799999983 ], [ -52.384793299999956, -28.385767499999929 ], [ -52.385088199999984, -28.387451599999963 ], [ -52.386418, -28.388247699999965 ], [ -52.387850499999956, -28.387718 ], [ -52.385977099999934, -28.391213199999981 ], [ -52.388167199999941, -28.391266199999961 ], [ -52.390276699999959, -28.39023919999994 ], [ -52.392272599999956, -28.387475199999983 ], [ -52.392132899999979, -28.386317 ], [ -52.393648399999961, -28.386104 ], [ -52.394587799999954, -28.387144399999954 ], [ -52.395377499999938, -28.386135199999956 ], [ -52.396958699999971, -28.387856099999965 ], [ -52.40007259999993, -28.388092 ], [ -52.401403399999936, -28.390258299999971 ], [ -52.404169399999944, -28.391303799999946 ], [ -52.402458899999942, -28.393088899999952 ], [ -52.403345699999932, -28.397716399999979 ], [ -52.404902899999968, -28.397994399999959 ], [ -52.414265599999965, -28.397488399999929 ], [ -52.415232599999968, -28.398341399999936 ], [ -52.415278499999943, -28.402867899999933 ], [ -52.417647699999975, -28.402215199999944 ], [ -52.418809899999985, -28.40401849999995 ], [ -52.421156899999971, -28.404797199999962 ], [ -52.424065799999937, -28.402437499999962 ], [ -52.425786199999948, -28.40410559999998 ], [ -52.428606399999978, -28.403463399999964 ], [ -52.430593, -28.401760499999966 ], [ -52.430295399999977, -28.399587399999973 ], [ -52.431211, -28.39874279999998 ], [ -52.430558, -28.397491199999934 ], [ -52.431729299999972, -28.397438799999975 ], [ -52.431965399999967, -28.39623359999996 ], [ -52.433072399999958, -28.396245399999941 ], [ -52.434336, -28.397480499999972 ], [ -52.437714899999946, -28.396302299999945 ], [ -52.437871299999983, -28.396420499999977 ], [ -52.437984899999947, -28.395912099999975 ], [ -52.438534499999946, -28.395315799999935 ], [ -52.439307199999973, -28.394990399999983 ], [ -52.439782, -28.394537299999968 ], [ -52.440487299999972, -28.393464399999971 ], [ -52.440882399999964, -28.393029599999977 ], [ -52.441287, -28.39292869999997 ], [ -52.442352, -28.393065099999944 ], [ -52.44285, -28.393221599999947 ], [ -52.443131599999958, -28.39316539999993 ], [ -52.443234699999948, -28.392741599999965 ], [ -52.443148699999938, -28.392138 ], [ -52.442855399999985, -28.391800099999955 ], [ -52.442128499999967, -28.391749799999957 ], [ -52.441957099999968, -28.391490099999942 ], [ -52.441766299999983, -28.390896299999952 ], [ -52.442901199999937, -28.38954769999998 ], [ -52.442894899999942, -28.388970399999948 ], [ -52.443218299999955, -28.387667099999931 ], [ -52.443498199999965, -28.387272099999961 ], [ -52.443333899999971, -28.386182799999972 ], [ -52.442859299999952, -28.385276 ], [ -52.442928799999947, -28.384726499999942 ], [ -52.443038, -28.38416559999996 ], [ -52.443614399999944, -28.383825 ], [ -52.444737399999951, -28.383493499999929 ], [ -52.445128799999964, -28.383574499999952 ], [ -52.445348299999978, -28.384015 ], [ -52.446095, -28.384135599999979 ], [ -52.447172499999965, -28.384041299999978 ], [ -52.447981299999981, -28.383400199999983 ], [ -52.447263599999985, -28.383116399999949 ], [ -52.447186099999954, -28.38279719999997 ], [ -52.447340399999973, -28.382337399999983 ], [ -52.448238599999968, -28.381897399999957 ], [ -52.448425699999973, -28.381591 ], [ -52.44821, -28.381197 ], [ -52.447373599999935, -28.380188099999941 ], [ -52.447196599999984, -28.379871199999968 ], [ -52.44732259999995, -28.379574799999943 ], [ -52.44862349999994, -28.378854799999942 ], [ -52.448581499999932, -28.378585499999929 ], [ -52.447947899999974, -28.378086399999972 ], [ -52.447020599999973, -28.377863299999945 ], [ -52.446081399999969, -28.377376099999935 ], [ -52.444743099999982, -28.377277799999945 ], [ -52.444445199999961, -28.376983299999949 ], [ -52.444932899999969, -28.376479399999937 ], [ -52.445399499999951, -28.376192 ], [ -52.44432379999995, -28.375754799999982 ], [ -52.444107699999961, -28.375225199999932 ], [ -52.444943299999977, -28.373581299999955 ], [ -52.444021899999939, -28.373196199999938 ], [ -52.443927299999984, -28.372419499999978 ], [ -52.444746, -28.372004299999958 ], [ -52.44480219999997, -28.370976 ], [ -52.445555099999979, -28.369917199999975 ], [ -52.445572499999969, -28.369152199999974 ], [ -52.443897599999957, -28.368629899999974 ], [ -52.44350959999997, -28.367805 ], [ -52.443372699999941, -28.367278899999974 ], [ -52.446877299999983, -28.367538 ], [ -52.44773239999995, -28.367129599999942 ], [ -52.44871779999994, -28.366228399999954 ], [ -52.449155, -28.364565899999945 ], [ -52.449194299999931, -28.363494699999933 ], [ -52.449324299999944, -28.363112699999931 ], [ -52.449784199999954, -28.36261339999993 ], [ -52.450168399999939, -28.361550099999931 ], [ -52.44981219999994, -28.361328399999934 ], [ -52.448660899999936, -28.361262699999941 ], [ -52.44776029999997, -28.361614699999961 ], [ -52.444838899999979, -28.361369 ], [ -52.444337599999983, -28.361116 ], [ -52.443918899999971, -28.360590799999954 ], [ -52.443930399999942, -28.359808799999939 ], [ -52.443566199999964, -28.358906599999955 ], [ -52.443874, -28.358352399999944 ], [ -52.444002699999942, -28.357994299999973 ], [ -52.443821899999932, -28.357487799999944 ], [ -52.443556299999955, -28.35672169999998 ], [ -52.443958399999985, -28.355831699999953 ], [ -52.444560199999955, -28.355269399999941 ], [ -52.444900799999971, -28.354852 ], [ -52.445094799999936, -28.354026599999941 ], [ -52.445220599999971, -28.353549299999941 ], [ -52.44526019999995, -28.353079799999932 ], [ -52.444762799999978, -28.353195899999946 ], [ -52.444544299999961, -28.352645399999972 ], [ -52.44447189999994, -28.352362599999935 ], [ -52.445250399999964, -28.351555299999973 ], [ -52.444619899999964, -28.350823799999944 ], [ -52.444943, -28.350208299999963 ], [ -52.444821799999943, -28.349589699999967 ], [ -52.444213399999967, -28.348571099999958 ], [ -52.443476299999986, -28.348312399999941 ], [ -52.443100499999957, -28.345266099999947 ], [ -52.442293799999959, -28.343375499999979 ], [ -52.442020499999956, -28.342680299999984 ], [ -52.440838, -28.342107799999951 ], [ -52.439645199999973, -28.342052 ], [ -52.439257399999974, -28.34157579999993 ], [ -52.439302299999952, -28.340810399999953 ], [ -52.438914899999986, -28.340658899999937 ], [ -52.438233799999978, -28.340465499999937 ], [ -52.437995499999943, -28.340074799999968 ], [ -52.437886299999946, -28.339670099999978 ], [ -52.437927599999966, -28.339193299999977 ], [ -52.439083899999957, -28.338606699999957 ], [ -52.440130799999963, -28.338115899999934 ], [ -52.44098409999998, -28.338039199999969 ], [ -52.442220299999974, -28.33846269999998 ], [ -52.442422299999976, -28.337130799999954 ], [ -52.443000599999948, -28.336147799999935 ], [ -52.443660399999942, -28.335375299999953 ], [ -52.443886299999974, -28.334606899999983 ], [ -52.444542, -28.334665899999948 ], [ -52.444658, -28.333670699999971 ], [ -52.44529609999995, -28.333170499999937 ], [ -52.444265199999961, -28.332741499999941 ], [ -52.443815099999938, -28.33203229999998 ], [ -52.442419899999948, -28.331574599999954 ], [ -52.441359099999943, -28.331159699999944 ], [ -52.441149, -28.330815899999948 ], [ -52.441333399999962, -28.330270399999961 ], [ -52.44224829999996, -28.328617299999962 ], [ -52.443122199999948, -28.328043799999932 ], [ -52.443661599999984, -28.327695399999982 ], [ -52.445821299999977, -28.328489499999932 ], [ -52.4472, -28.328504299999963 ], [ -52.447680299999945, -28.328224699999964 ], [ -52.448201599999948, -28.327669399999934 ], [ -52.448362799999984, -28.327217099999928 ], [ -52.447981899999945, -28.32685639999994 ], [ -52.446048699999949, -28.326753899999972 ], [ -52.445609899999965, -28.326352099999951 ], [ -52.445818699999961, -28.32615549999997 ], [ -52.446769399999937, -28.325631499999929 ], [ -52.448697, -28.324700299999961 ], [ -52.448942399999964, -28.32444229999993 ], [ -52.449255499999936, -28.323687099999972 ], [ -52.449138399999981, -28.323038499999939 ], [ -52.448946499999977, -28.32260059999993 ], [ -52.44832219999995, -28.321581199999969 ], [ -52.447756599999934, -28.320050199999969 ], [ -52.447519899999975, -28.319494899999938 ], [ -52.446757199999979, -28.318373399999928 ], [ -52.446639199999936, -28.317448499999955 ], [ -52.445533599999976, -28.316081399999973 ], [ -52.44537889999998, -28.314247599999931 ], [ -52.444830699999955, -28.313587299999938 ], [ -52.444881099999975, -28.31251629999997 ], [ -52.444206099999974, -28.312084499999969 ], [ -52.441865499999949, -28.311059099999966 ], [ -52.441041299999938, -28.309717199999966 ], [ -52.43962259999995, -28.309424099999944 ], [ -52.439233499999943, -28.309047 ], [ -52.438427299999944, -28.309024299999976 ], [ -52.437627299999974, -28.309415699999931 ], [ -52.43710619999996, -28.309278 ], [ -52.436789, -28.308659099999943 ], [ -52.436470499999984, -28.308402899999976 ], [ -52.436542799999984, -28.307710899999961 ], [ -52.436144799999965, -28.306410799999981 ], [ -52.436058799999955, -28.305073599999957 ], [ -52.436825699999986, -28.304593699999941 ], [ -52.436711699999933, -28.303717499999948 ], [ -52.436263599999961, -28.303253599999948 ], [ -52.435871499999962, -28.302609399999938 ], [ -52.436042199999974, -28.300805499999967 ], [ -52.436907599999984, -28.29886259999995 ], [ -52.437594499999932, -28.29861219999998 ], [ -52.438569899999948, -28.298703599999953 ], [ -52.439994, -28.300185899999974 ], [ -52.440819399999953, -28.300493899999935 ], [ -52.441879399999948, -28.300524 ], [ -52.443924699999968, -28.301148199999943 ], [ -52.444796199999985, -28.300957799999935 ], [ -52.445564099999956, -28.301154199999928 ], [ -52.44591719999994, -28.300923699999942 ], [ -52.445912199999952, -28.300639399999966 ], [ -52.44566279999998, -28.300255899999968 ], [ -52.444835099999978, -28.299822499999948 ], [ -52.444102499999985, -28.299161899999945 ], [ -52.443840399999942, -28.298604099999977 ], [ -52.443873799999949, -28.297921499999973 ], [ -52.445092, -28.29429829999998 ], [ -52.444833099999983, -28.294000099999948 ], [ -52.444455499999947, -28.29358069999995 ], [ -52.444080299999939, -28.293054199999972 ], [ -52.443518799999936, -28.29222 ], [ -52.44344, -28.292109299999936 ], [ -52.443213599999979, -28.291917499999954 ], [ -52.442544099999964, -28.291475199999979 ], [ -52.442445599999985, -28.291352699999948 ], [ -52.442103799999984, -28.290771799999959 ], [ -52.441796299999965, -28.290287099999944 ], [ -52.441725799999972, -28.290192399999967 ], [ -52.440251399999966, -28.290694199999962 ], [ -52.440017, -28.290776899999969 ], [ -52.439695099999938, -28.29095 ], [ -52.439372699999979, -28.291013 ], [ -52.439001299999973, -28.291071 ], [ -52.438732899999934, -28.291277799999932 ], [ -52.438328299999966, -28.291370599999937 ], [ -52.437591099999963, -28.291368399999953 ], [ -52.43737219999997, -28.291472699999929 ], [ -52.437291499999958, -28.29168379999993 ], [ -52.436961499999938, -28.291717099999971 ], [ -52.436723099999938, -28.291651 ], [ -52.436617099999978, -28.291425599999968 ], [ -52.436497699999961, -28.291422299999965 ], [ -52.436305599999969, -28.291388199999972 ], [ -52.436004799999978, -28.291164899999956 ], [ -52.435728899999958, -28.290962899999954 ], [ -52.435459699999967, -28.290662499999939 ], [ -52.435364399999969, -28.290394499999934 ], [ -52.435296799999946, -28.289991799999939 ], [ -52.435121399999957, -28.289610099999948 ], [ -52.434914699999979, -28.289179899999965 ], [ -52.434965, -28.288874599999929 ], [ -52.434368099999972, -28.28920119999998 ], [ -52.433482499999968, -28.288258499999984 ], [ -52.432213599999955, -28.288069899999982 ], [ -52.431920099999957, -28.28809339999998 ], [ -52.432514199999957, -28.28922 ], [ -52.428255899999954, -28.292825099999959 ], [ -52.428118899999959, -28.292954599999973 ], [ -52.427958399999966, -28.293031599999949 ], [ -52.427590599999974, -28.29313609999997 ], [ -52.427506499999936, -28.293179299999963 ], [ -52.427451599999984, -28.293241 ], [ -52.427346399999976, -28.293496399999981 ], [ -52.427270399999941, -28.293620399999952 ], [ -52.426979899999935, -28.29391389999995 ], [ -52.42673689999998, -28.294192599999974 ], [ -52.426545499999975, -28.294364399999949 ], [ -52.426281599999982, -28.294492799999944 ], [ -52.42591189999996, -28.294537 ], [ -52.425529799999936, -28.294513599999959 ], [ -52.425359799999967, -28.294462199999941 ], [ -52.425237299999935, -28.29437489999998 ], [ -52.425044899999932, -28.294121699999948 ], [ -52.424943499999983, -28.294052199999953 ], [ -52.424816099999987, -28.294022499999983 ], [ -52.424444599999958, -28.294002699999965 ], [ -52.424373799999955, -28.293385299999954 ], [ -52.424365899999941, -28.293200699999943 ], [ -52.424414399999932, -28.293018299999972 ], [ -52.424945599999944, -28.292170799999951 ], [ -52.424973, -28.29184639999994 ], [ -52.424853, -28.29156439999997 ], [ -52.424354599999958, -28.291220399999929 ], [ -52.424579199999982, -28.290822299999945 ], [ -52.424861799999974, -28.290409599999975 ], [ -52.424994699999957, -28.289931299999978 ], [ -52.425052899999969, -28.289459799999975 ], [ -52.425247299999967, -28.289063599999963 ], [ -52.42541609999995, -28.288366899999971 ], [ -52.425440899999955, -28.288129799999979 ], [ -52.425500099999965, -28.287805699999979 ], [ -52.425705599999958, -28.287299799999971 ], [ -52.425878899999987, -28.286960499999964 ], [ -52.426182599999947, -28.286514599999975 ], [ -52.426375299999961, -28.286039399999936 ], [ -52.426650699999982, -28.285112399999946 ], [ -52.426882399999954, -28.284660899999949 ], [ -52.427284699999973, -28.284125599999982 ], [ -52.427654899999936, -28.283816199999933 ], [ -52.426758199999938, -28.283770499999946 ], [ -52.425961299999983, -28.283752599999957 ], [ -52.42466369999994, -28.283756499999981 ], [ -52.423370199999965, -28.283708599999954 ], [ -52.422035799999946, -28.283496 ], [ -52.420572399999969, -28.283161899999982 ], [ -52.41937889999997, -28.282763099999954 ], [ -52.418242199999952, -28.282481 ], [ -52.417488299999945, -28.282419899999979 ], [ -52.416748699999971, -28.282383899999957 ], [ -52.416122799999982, -28.282409299999983 ], [ -52.415128, -28.282648599999959 ], [ -52.414113599999951, -28.283085399999948 ], [ -52.41299829999997, -28.283656899999983 ], [ -52.411915099999931, -28.284306799999968 ], [ -52.410905499999956, -28.284986899999979 ], [ -52.409926599999949, -28.285673 ], [ -52.408823899999959, -28.286268699999937 ], [ -52.407797399999936, -28.286770299999944 ], [ -52.406049199999984, -28.287703299999976 ], [ -52.405318599999987, -28.287731299999962 ], [ -52.405169199999932, -28.287850099999957 ], [ -52.404709699999955, -28.288131899999939 ], [ -52.404365399999961, -28.288346499999932 ], [ -52.404169299999978, -28.28851149999997 ], [ -52.404062799999963, -28.288662699999975 ], [ -52.404039, -28.288813 ], [ -52.404054599999938, -28.288986099999931 ], [ -52.403984899999955, -28.289237699999944 ], [ -52.40377, -28.289557299999956 ], [ -52.403048199999944, -28.290363799999966 ], [ -52.40270929999997, -28.291023699999982 ], [ -52.402173699999935, -28.291542399999969 ], [ -52.401654099999973, -28.291928199999973 ], [ -52.401227499999948, -28.292195299999946 ], [ -52.401007399999969, -28.292419 ], [ -52.400878499999976, -28.292511299999944 ] ], [ [ -52.420452499999953, -28.337366499999973 ], [ -52.421082499999955, -28.335928099999933 ], [ -52.42126049999996, -28.334569 ], [ -52.423484599999938, -28.334765499999946 ], [ -52.423253699999975, -28.336140499999942 ], [ -52.422792, -28.337861 ], [ -52.420452499999953, -28.337366499999973 ] ] ] } }
]
}
