{
"type": "FeatureCollection",
"name": "Estradas Municipais",
"crs": { "type": "name", "properties": { "name": "urn:ogc:def:crs:EPSG::31982" } },
"features": [
{ "type": "Feature", "properties": { "codTrechoR": null, "concession": null, "nrFaixas": 0, "nome": null, "d_geometri": null, "d_tipoTrec": "Acesso", "d_jurisdic": "Municipal", "d_administ": null, "d_revestim": "Desconhecido", "d_situacao": null, "d_trafego": null }, "geometry": { "type": "MultiLineString", "coordinates": [ [ [ 366462.75293501385022, 6870032.580088752321899 ], [ 366248.055715515161864, 6870085.713915623724461 ], [ 366180.540770143154077, 6870114.14737971033901 ], [ 366029.986905431840569, 6870177.550166290253401 ], [ 365857.461586695979349, 6870298.763622028753161 ], [ 365449.177549169049598, 6870585.597591960802674 ], [ 365255.613744629721623, 6870722.678294624201953 ], [ 364664.324353136587888, 6871160.613270189613104 ], [ 364648.092645466327667, 6871192.540860891342163 ], [ 364589.62244056595955, 6871307.550027037039399 ], [ 364565.409954852424562, 6871371.542568245902658 ], [ 364545.060449997952674, 6871425.325097743421793 ], [ 364535.798936607141513, 6871439.54419275932014 ], [ 364453.201955895347055, 6871554.27296310570091 ], [ 364275.73849665990565, 6871720.112037933431566 ], [ 364208.565318646491505, 6871737.865316336974502 ], [ 364187.357993514742702, 6871743.470169166103005 ], [ 364117.342521567014046, 6871812.799454979598522 ], [ 364080.063984491745941, 6871838.791269997134805 ], [ 363989.131910684693139, 6871951.655704806558788 ], [ 363935.11461872595828, 6872014.826103392057121 ], [ 363862.308951267390512, 6872099.96726194024086 ], [ 363774.354949113563634, 6872186.264931995421648 ], [ 363732.887981968582608, 6872217.740497970953584 ], [ 363698.173389750358183, 6872244.090545563027263 ] ] ] } },
{ "type": "Feature", "properties": { "codTrechoR": null, "concession": null, "nrFaixas": 0, "nome": null, "d_geometri": null, "d_tipoTrec": "Acesso", "d_jurisdic": "Municipal", "d_administ": null, "d_revestim": "Desconhecido", "d_situacao": null, "d_trafego": null }, "geometry": { "type": "MultiLineString", "coordinates": [ [ [ 362487.503313616500236, 6870297.421024290844798 ], [ 362486.441344549297355, 6870331.621353961527348 ], [ 362451.695307759568095, 6871450.550983628258109 ], [ 362517.029919360764325, 6871731.322216521948576 ], [ 362760.536484632350039, 6872565.931148959323764 ] ] ] } },
{ "type": "Feature", "properties": { "codTrechoR": null, "concession": null, "nrFaixas": 0, "nome": null, "d_geometri": null, "d_tipoTrec": "Acesso", "d_jurisdic": "Municipal", "d_administ": null, "d_revestim": "Desconhecido", "d_situacao": null, "d_trafego": null }, "geometry": { "type": "MultiLineString", "coordinates": [ [ [ 363698.175332790066022, 6872244.088990998454392 ], [ 363698.176537598250434, 6872244.091086901724339 ], [ 363664.065814939443953, 6872254.503645493648946 ], [ 363566.371435900859069, 6872287.493050267919898 ], [ 363480.463520222052466, 6872316.827032409608364 ], [ 363420.629425194230862, 6872340.301400994881988 ], [ 363376.830855063861236, 6872355.432016882114112 ], [ 363343.920462888549082, 6872372.109253533184528 ], [ 363298.803391077672131, 6872392.436044539324939 ], [ 363228.253852317982819, 6872435.685002768412232 ], [ 363198.703783748846035, 6872451.926808789372444 ], [ 363178.854782228823751, 6872463.542565675452352 ], [ 363163.668469216558151, 6872470.947997286915779 ], [ 363140.943607532884926, 6872477.318882947787642 ], [ 363110.6473946319893, 6872485.4975157789886 ], [ 363070.296111578820273, 6872492.612459856085479 ], [ 362869.665713539347053, 6872539.56904345843941 ], [ 362635.602015594253317, 6872593.715883450582623 ], [ 362592.673136798723135, 6872606.011049730703235 ], [ 362538.439027137937956, 6872616.516841885633767 ], [ 362519.796789179265033, 6872614.405703189782798 ], [ 362398.290379142505117, 6872584.096180917695165 ], [ 362160.801613451912999, 6872553.623001405969262 ], [ 362054.440067099232692, 6872537.699452608823776 ], [ 362012.47071974829305, 6872539.580363491550088 ], [ 361973.404213303700089, 6872544.337624984793365 ], [ 361949.044877774897031, 6872546.896950270980597 ], [ 361905.607688347110525, 6872566.764358464628458 ], [ 361884.405120497627649, 6872586.416671010665596 ], [ 361840.818937383592129, 6872655.082312661223114 ], [ 361760.416656814108137, 6872787.280377673916519 ], [ 361691.152545957826078, 6872899.471785049885511 ], [ 361663.618098495702725, 6872926.275871401652694 ], [ 361533.722197950701229, 6873148.020936205983162 ], [ 361507.263844069559127, 6873195.646072201430798 ], [ 361511.505002812016755, 6873223.920769122429192 ], [ 361515.201349969138391, 6873248.562857486307621 ], [ 361512.55553384590894, 6873349.104721961542964 ], [ 361501.576640015468001, 6873380.577840559184551 ], [ 361472.86791448952863, 6873462.875780781731009 ], [ 361353.805196030181833, 6873571.355113406665623 ], [ 361278.728211202193052, 6873596.381146909669042 ], [ 361187.117429928737693, 6873626.917705339379609 ], [ 361136.260721311089583, 6873600.83746226131916 ], [ 361083.929716110986192, 6873574.000942362472415 ], [ 361033.425525352940895, 6873646.583079503849149 ], [ 360972.653816649923101, 6873733.919795538298786 ], [ 360833.740854692121502, 6873933.549729779362679 ], [ 360603.178362705861218, 6874090.651824091561139 ], [ 360501.845163591147866, 6874150.793807057663798 ], [ 360466.232565602404065, 6874175.72266261652112 ], [ 360448.928371331072412, 6874187.835526096634567 ], [ 360402.85654026363045, 6874224.182038046419621 ], [ 360327.219828215194866, 6874349.231677869334817 ], [ 360241.826172522967681, 6874507.523034269921482 ], [ 360218.740442428097595, 6874550.315415667369962 ], [ 360090.47883402951993, 6874751.749450623989105 ], [ 359959.843661922262982, 6874966.671216668561101 ], [ 359978.425397000741214, 6875356.734836562536657 ], [ 359987.637003714917228, 6875526.123689610511065 ], [ 360055.294772542605642, 6875729.424367856234312 ], [ 360066.781197580159642, 6875749.255768759176135 ], [ 360074.906020863214508, 6875763.283379290252924 ] ] ] } },
{ "type": "Feature", "properties": { "codTrechoR": null, "concession": null, "nrFaixas": 0, "nome": null, "d_geometri": null, "d_tipoTrec": "Acesso", "d_jurisdic": "Municipal", "d_administ": null, "d_revestim": "Desconhecido", "d_situacao": null, "d_trafego": null }, "geometry": { "type": "MultiLineString", "coordinates": [ [ [ 365413.317381892353296, 6872907.468062993139029 ], [ 365321.735923866508529, 6873340.44756141025573 ], [ 365207.435720303328708, 6873816.698564250022173 ], [ 365016.93539214762859, 6873924.64871334657073 ], [ 364992.320707825361751, 6873947.933156409300864 ], [ 364938.618579025089275, 6873998.732211394235492 ], [ 364735.311878059874289, 6874239.449118565768003 ], [ 364666.117670756066218, 6874321.210978958755732 ], [ 364453.900878009269945, 6874568.116726116277277 ], [ 364168.372817358584143, 6874888.693508353084326 ] ] ] } },
{ "type": "Feature", "properties": { "codTrechoR": null, "concession": null, "nrFaixas": 0, "nome": null, "d_geometri": null, "d_tipoTrec": "Acesso", "d_jurisdic": "Municipal", "d_administ": null, "d_revestim": "Desconhecido", "d_situacao": null, "d_trafego": null }, "geometry": { "type": "MultiLineString", "coordinates": [ [ [ 365134.005193184944801, 6873049.825906361453235 ], [ 365068.388417154899798, 6872958.809028591960669 ], [ 365021.718046004942153, 6872881.561715411022305 ], [ 365007.00499467283953, 6872857.208855080418289 ], [ 364739.489979008620139, 6872772.528146495111287 ], [ 364712.787716840335634, 6872764.07530938833952 ], [ 364608.379459275514819, 6872708.348247703164816 ] ] ] } },
{ "type": "Feature", "properties": { "codTrechoR": null, "concession": null, "nrFaixas": 0, "nome": null, "d_geometri": null, "d_tipoTrec": "Acesso", "d_jurisdic": "Municipal", "d_administ": null, "d_revestim": "Desconhecido", "d_situacao": null, "d_trafego": null }, "geometry": { "type": "MultiLineString", "coordinates": [ [ [ 366125.630235046031885, 6875554.526716751046479 ], [ 366023.428262857021764, 6875695.034087816253304 ], [ 365983.261521352687851, 6875736.768135422840714 ], [ 365894.978584161493927, 6875800.370860113762319 ], [ 365816.212490627192892, 6875848.260257622227073 ], [ 365760.85341421776684, 6875891.140312179923058 ], [ 365741.862171168380883, 6875918.610968131572008 ], [ 365671.509890042769257, 6876048.332280958071351 ], [ 365582.432538992608897, 6876181.796342829242349 ], [ 365531.45733995171031, 6876249.773678354918957 ], [ 365449.934009234886616, 6876334.543357171118259 ], [ 365389.942310087673832, 6876373.489338520914316 ] ] ] } },
{ "type": "Feature", "properties": { "codTrechoR": null, "concession": null, "nrFaixas": 0, "nome": null, "d_geometri": null, "d_tipoTrec": "Acesso", "d_jurisdic": "Municipal", "d_administ": null, "d_revestim": "Desconhecido", "d_situacao": null, "d_trafego": null }, "geometry": { "type": "MultiLineString", "coordinates": [ [ [ 347908.586633599014021, 6881777.302427994087338 ], [ 347937.810204432287719, 6881771.457645609043539 ], [ 348204.510775288159493, 6881769.870144246146083 ], [ 348242.610851775156334, 6881771.457683532498777 ], [ 348263.374004746554419, 6881769.860553331673145 ], [ 348283.885921626235358, 6881768.282682148739696 ], [ 348323.573549462133087, 6881760.345171434804797 ], [ 348368.023569576558657, 6881749.232615093700588 ], [ 348414.0611660410068, 6881746.05764558725059 ], [ 348448.986273999267723, 6881755.582701386883855 ], [ 348493.436322889989242, 6881784.157749875448644 ], [ 348701.399263220489956, 6881907.453802890144289 ], [ 348718.332633208541665, 6881913.803853638470173 ], [ 348737.480108891031705, 6881926.291416877880692 ] ] ] } },
{ "type": "Feature", "properties": { "codTrechoR": null, "concession": null, "nrFaixas": 0, "nome": null, "d_geometri": null, "d_tipoTrec": "Acesso", "d_jurisdic": "Municipal", "d_administ": null, "d_revestim": "Desconhecido", "d_situacao": null, "d_trafego": null }, "geometry": { "type": "MultiLineString", "coordinates": [ [ [ 349163.836227328749374, 6884513.923236414790154 ], [ 349162.777823916170746, 6884488.55565168056637 ], [ 349171.029862900846638, 6884458.381819795817137 ], [ 349174.604102487093769, 6884426.576839920133352 ], [ 349189.169502374716103, 6884320.836211778223515 ], [ 349194.216026583511848, 6884254.451140576973557 ], [ 349189.388935215189122, 6884192.687443217262626 ], [ 349157.164174670819193, 6884135.323413025587797 ], [ 349110.89050580363255, 6884024.780376832932234 ], [ 349089.120895995525643, 6883972.294697067700326 ], [ 349026.506244982942007, 6883878.94754705298692 ], [ 348976.16881037526764, 6883812.651770146563649 ], [ 348915.028045851096977, 6883713.785137984901667 ], [ 348864.065335624036379, 6883635.67078049108386 ], [ 348851.110329063783865, 6883612.733801567927003 ], [ 348810.438697277102619, 6883559.12278868816793 ], [ 348700.827770344214514, 6883459.476237200200558 ], [ 348682.653473930899054, 6883440.568262243643403 ], [ 348473.241956676531117, 6883227.209132630378008 ], [ 348376.9622797453776, 6883130.925339726731181 ], [ 348355.545871427922975, 6883111.548440446145833 ], [ 348325.118695251876488, 6883090.381754800677299 ], [ 348319.827001697965898, 6883063.923441070131958 ], [ 348329.087427010410465, 6882995.673766031861305 ], [ 348333.347818554146215, 6882961.711441863328218 ], [ 348331.027664613968227, 6882923.710888976231217 ], [ 348324.788086348911747, 6882899.899473721161485 ], [ 348315.085770735284314, 6882854.421637182123959 ], [ 348314.046560137998313, 6882825.930082868784666 ], [ 348317.866183906677179, 6882808.575034166686237 ] ] ] } },
{ "type": "Feature", "properties": { "codTrechoR": null, "concession": null, "nrFaixas": 0, "nome": null, "d_geometri": null, "d_tipoTrec": "Acesso", "d_jurisdic": "Municipal", "d_administ": null, "d_revestim": "Desconhecido", "d_situacao": null, "d_trafego": null }, "geometry": { "type": "MultiLineString", "coordinates": [ [ [ 348317.866183906677179, 6882808.575034166686237 ], [ 348320.991093422577251, 6882794.375999194569886 ], [ 348337.780232441728003, 6882742.883936753496528 ], [ 348421.206595450639725, 6882578.666371665894985 ], [ 348473.688803070341237, 6882475.704767741262913 ], [ 348533.975318620796315, 6882352.385170948691666 ], [ 348539.431570275861304, 6882309.859442960470915 ], [ 348493.129416068084538, 6882259.588510499335825 ], [ 348479.548325840267353, 6882246.729901064187288 ], [ 348442.338307777303271, 6882211.499107109382749 ], [ 348400.811182807199657, 6882172.180543352849782 ], [ 348359.080167405307293, 6882132.639357017353177 ] ] ] } },
{ "type": "Feature", "properties": { "codTrechoR": null, "concession": null, "nrFaixas": 0, "nome": null, "d_geometri": null, "d_tipoTrec": "Rodovia", "d_jurisdic": "Municipal", "d_administ": null, "d_revestim": "Desconhecido", "d_situacao": null, "d_trafego": null }, "geometry": { "type": "MultiLineString", "coordinates": [ [ [ 352791.960903203813359, 6857935.156862994655967 ], [ 352814.233890152652748, 6858054.917164945974946 ], [ 352863.296125694061629, 6858215.97516056895256 ], [ 352889.254719397460576, 6858331.469381801784039 ], [ 352916.792453658999875, 6858415.320337628945708 ], [ 353012.997666563023813, 6858521.63074822165072 ], [ 353092.111747864633799, 6858589.021937777288258 ], [ 353276.904083834844641, 6858572.865022773854434 ], [ 353397.462821304856334, 6858572.53624128177762 ], [ 353524.994647990562953, 6858686.753063075244427 ], [ 353710.444110750861, 6858911.712356699630618 ], [ 353776.842122733942233, 6859040.4330690568313 ], [ 353803.16539083851967, 6859083.847786420024931 ], [ 353995.751165306079201, 6859451.907079143449664 ], [ 354013.112312926910818, 6859479.712351443246007 ], [ 354024.401553262432572, 6859485.671811634674668 ] ] ] } },
{ "type": "Feature", "properties": { "codTrechoR": null, "concession": null, "nrFaixas": 0, "nome": null, "d_geometri": null, "d_tipoTrec": "Rodovia", "d_jurisdic": "Municipal", "d_administ": null, "d_revestim": "Desconhecido", "d_situacao": null, "d_trafego": null }, "geometry": { "type": "MultiLineString", "coordinates": [ [ [ 360862.734814119990915, 6857163.248418238945305 ], [ 360862.52367338410113, 6857167.477949960157275 ], [ 360882.28598098247312, 6857218.675791334360838 ], [ 360890.44515233731363, 6857266.554690319113433 ], [ 360884.913061607745476, 6857375.347275365144014 ], [ 360862.929568663006648, 6857424.0908910818398 ], [ 360844.721998309716582, 6857446.332746805623174 ], [ 360834.099134017364122, 6857463.117384555749595 ], [ 360809.158803220489062, 6857495.212857335805893 ], [ 360777.260533732944168, 6857551.77077904343605 ], [ 360738.114920026913751, 6857647.614958673715591 ], [ 360724.809325899928808, 6857755.321723726578057 ], [ 360722.045667316124309, 6857810.690813286229968 ], [ 360751.05320903979009, 6857865.002478690817952 ], [ 360763.583082037977874, 6857931.707638923078775 ], [ 360751.462239441461861, 6858015.684764331206679 ], [ 360669.660226430918556, 6858214.804870431311429 ], [ 360670.151044996920973, 6858320.880212347954512 ], [ 360683.674095993977971, 6858771.964501038193703 ], [ 360689.180556925595738, 6858787.031611110083759 ], [ 360696.655149460711982, 6858808.363971458747983 ], [ 360698.554161793203093, 6858823.499205061234534 ], [ 360691.607896357250866, 6858962.713092010468245 ], [ 360606.832749905530363, 6859136.105751473456621 ], [ 360482.827660835464485, 6859332.916358383372426 ], [ 360411.024686702992767, 6859500.613470606505871 ], [ 360373.07155079767108, 6859625.593590995296836 ], [ 360384.479353068687487, 6859778.411036539822817 ], [ 360367.473596601281315, 6859918.778107667341828 ], [ 360375.270886209968012, 6859969.123552373610437 ] ] ] } },
{ "type": "Feature", "properties": { "codTrechoR": null, "concession": null, "nrFaixas": 0, "nome": null, "d_geometri": null, "d_tipoTrec": "Rodovia", "d_jurisdic": "Municipal", "d_administ": null, "d_revestim": "Desconhecido", "d_situacao": null, "d_trafego": null }, "geometry": { "type": "MultiLineString", "coordinates": [ [ [ 372107.134198630636092, 6858415.949992930516601 ], [ 372108.008086484216619, 6858424.542925782501698 ], [ 372122.003603603225201, 6858457.863165058195591 ] ] ] } },
{ "type": "Feature", "properties": { "codTrechoR": null, "concession": null, "nrFaixas": 0, "nome": null, "d_geometri": null, "d_tipoTrec": "Rodovia", "d_jurisdic": "Municipal", "d_administ": null, "d_revestim": "Desconhecido", "d_situacao": null, "d_trafego": null }, "geometry": { "type": "MultiLineString", "coordinates": [ [ [ 373037.081432210165076, 6858987.645572151988745 ], [ 373016.655879908590578, 6859021.428566250950098 ], [ 373011.206635870039463, 6859034.179900873452425 ], [ 372991.222994935116731, 6859080.941982327029109 ], [ 372960.052182854095008, 6859096.564187545329332 ], [ 372922.42243078770116, 6859109.221432907506824 ], [ 372826.555577801540494, 6859335.67608318477869 ], [ 372778.372636572923511, 6859445.169496952556074 ], [ 372750.276499545783736, 6859508.214639250189066 ], [ 372744.878230583562981, 6859563.44252220634371 ], [ 372743.224112170457374, 6859596.594758369959891 ], [ 372742.379219328635372, 6859613.52970789372921 ], [ 372769.404134661599528, 6859654.518887765705585 ], [ 372796.823723968234845, 6859687.599645090289414 ], [ 372809.714046886540018, 6859721.581619158387184 ], [ 372782.184625579044223, 6859788.010758907534182 ], [ 372743.142607253743336, 6859842.220876357518137 ], [ 372699.827771851560101, 6859872.239116126671433 ], [ 372674.279322914662771, 6859898.246769290417433 ], [ 372669.651761786604766, 6859914.842845414765179 ], [ 372646.116805360128637, 6859999.24748064763844 ], [ 372642.87258657917846, 6860041.601380025967956 ], [ 372628.287618509260938, 6860099.385130761191249 ], [ 372628.293687569967005, 6860152.239964483305812 ], [ 372620.39121735090157, 6860204.700334588065743 ], [ 372594.035677696228959, 6860256.24026579875499 ], [ 372565.043972446408588, 6860307.648647306486964 ], [ 372556.400765086407773, 6860324.9048858191818 ], [ 372538.945630811271258, 6860350.743653449229896 ], [ 372520.564390289306175, 6860401.360022949054837 ], [ 372593.920119438087568, 6860440.696019752882421 ], [ 372513.527055642800406, 6860657.08524464070797 ], [ 372440.142854933103081, 6860745.397735370323062 ], [ 372411.00286545191193, 6860804.21892567537725 ], [ 372396.064108518883586, 6860834.373702125623822 ] ] ] } },
{ "type": "Feature", "properties": { "codTrechoR": null, "concession": null, "nrFaixas": 0, "nome": null, "d_geometri": null, "d_tipoTrec": "Rodovia", "d_jurisdic": "Municipal", "d_administ": null, "d_revestim": "Desconhecido", "d_situacao": null, "d_trafego": null }, "geometry": { "type": "MultiLineString", "coordinates": [ [ [ 377339.809936170931906, 6859729.366899093613029 ], [ 377234.862591141893063, 6859659.434320760890841 ], [ 377239.35870504315244, 6859636.203756233677268 ], [ 377272.960845001623966, 6859575.349430335685611 ], [ 377286.19006458419608, 6859533.016030132770538 ], [ 377304.710955736692995, 6859505.234724032692611 ], [ 377319.263064252678305, 6859441.734546473249793 ], [ 377347.044381715473719, 6859400.724088368937373 ], [ 377374.825723729736637, 6859341.192692030221224 ], [ 377382.763226944487542, 6859300.182239011861384 ], [ 377362.07778824964771, 6859281.883663242682815 ] ] ] } },
{ "type": "Feature", "properties": { "codTrechoR": null, "concession": null, "nrFaixas": 0, "nome": null, "d_geometri": null, "d_tipoTrec": "Rodovia", "d_jurisdic": "Municipal", "d_administ": null, "d_revestim": "Desconhecido", "d_situacao": null, "d_trafego": null }, "geometry": { "type": "MultiLineString", "coordinates": [ [ [ 360848.005984038929455, 6862781.020406415686011 ], [ 360876.534098095609806, 6862819.036607829853892 ], [ 360902.801918270706665, 6862864.751045482233167 ], [ 360897.125320616061799, 6862978.653011675924063 ], [ 360876.25984045828227, 6863079.110800819471478 ], [ 360829.626723914640024, 6863216.691916175186634 ], [ 360822.341288377938326, 6863238.185818884521723 ], [ 360762.320993065601215, 6863328.763088702224195 ], [ 360681.586417056620121, 6863396.105697695165873 ], [ 360656.003087012504693, 6863425.491682464256883 ], [ 360633.95248964446364, 6863445.449115856550634 ], [ 360616.331151456339285, 6863479.021595725789666 ], [ 360606.450601354183163, 6863518.176856774836779 ], [ 360604.532015851291362, 6863543.784312181174755 ], [ 360598.558764470217284, 6863623.510787343606353 ], [ 360586.585457331035286, 6863757.716198496520519 ], [ 360591.08349378046114, 6863810.387282826937735 ], [ 360743.732694491860457, 6864108.313194939866662 ] ] ] } },
{ "type": "Feature", "properties": { "codTrechoR": null, "concession": null, "nrFaixas": 0, "nome": null, "d_geometri": null, "d_tipoTrec": "Rodovia", "d_jurisdic": "Municipal", "d_administ": null, "d_revestim": "Desconhecido", "d_situacao": null, "d_trafego": null }, "geometry": { "type": "MultiLineString", "coordinates": [ [ [ 354485.904591797268949, 6861024.875415034592152 ], [ 354478.001307663158514, 6861077.349789446219802 ], [ 354387.006528814672492, 6861651.193659918382764 ], [ 354386.122002351447009, 6861732.566916127689183 ], [ 354394.526258151629008, 6861860.927583277225494 ], [ 354377.087933039467316, 6861977.426185301505029 ], [ 354349.559292426100001, 6861978.168636894784868 ], [ 354315.028423542156816, 6862055.75007485691458 ], [ 354213.440342771820724, 6862290.709488041698933 ], [ 354108.849867273296695, 6862543.495158380828798 ], [ 354056.080120608326979, 6862668.807185433804989 ], [ 353995.457639864529483, 6862824.391937367618084 ], [ 353921.453190572210588, 6863057.555773652158678 ], [ 353870.538128856569529, 6863230.542741158045828 ], [ 353834.165313330711797, 6863323.89409457705915 ], [ 353819.308638282702304, 6863341.093411039561033 ], [ 353814.077711570716929, 6863353.915817480534315 ] ] ] } },
{ "type": "Feature", "properties": { "codTrechoR": null, "concession": null, "nrFaixas": 0, "nome": null, "d_geometri": null, "d_tipoTrec": "Rodovia", "d_jurisdic": "Municipal", "d_administ": null, "d_revestim": "Desconhecido", "d_situacao": null, "d_trafego": null }, "geometry": { "type": "MultiLineString", "coordinates": [ [ [ 354489.461920990259387, 6860343.154974928125739 ], [ 354815.965403058333322, 6860238.072141591459513 ], [ 354976.385687604080886, 6860201.663631648756564 ], [ 355025.754527809389401, 6860197.227975569665432 ], [ 355067.242469404707663, 6860178.500243945047259 ], [ 355170.62823519599624, 6860101.91474889870733 ], [ 355342.553628215217032, 6859909.745042942464352 ], [ 355487.445361486519687, 6859696.360464834608138 ], [ 355573.681954837869853, 6859551.086235599592328 ], [ 355595.955090107570868, 6859513.564252496697009 ], [ 355673.066065673308913, 6859377.311636172235012 ], [ 355684.061566599062644, 6859365.27666680701077 ], [ 355698.94337133486988, 6859348.987953878007829 ] ], [ [ 356039.894317881087773, 6858997.284433653578162 ], [ 356172.131127088563517, 6859179.302681492641568 ], [ 356279.693523862399161, 6859315.303401414304972 ], [ 356309.651265122229233, 6859350.632841305807233 ], [ 356430.960542996530421, 6859504.712294509634376 ], [ 356506.110021819302347, 6859629.505929734557867 ], [ 356669.041218281257898, 6859773.733852302655578 ], [ 356761.558541724923998, 6859893.240059938281775 ], [ 356766.088366954936646, 6859908.41483201738447 ] ] ] } },
{ "type": "Feature", "properties": { "codTrechoR": null, "concession": null, "nrFaixas": 0, "nome": null, "d_geometri": null, "d_tipoTrec": "Rodovia", "d_jurisdic": "Municipal", "d_administ": null, "d_revestim": "Desconhecido", "d_situacao": null, "d_trafego": null }, "geometry": { "type": "MultiLineString", "coordinates": [ [ [ 356766.088366954936646, 6859908.41483201738447 ], [ 356775.819613643921912, 6860137.28447057120502 ], [ 356804.395625021774322, 6860655.890654189512134 ], [ 356745.125204411917366, 6860919.450416460633278 ], [ 356706.358318988117389, 6861136.332039943896234 ] ] ] } },
{ "type": "Feature", "properties": { "codTrechoR": null, "concession": null, "nrFaixas": 0, "nome": null, "d_geometri": null, "d_tipoTrec": "Rodovia", "d_jurisdic": "Municipal", "d_administ": null, "d_revestim": "Desconhecido", "d_situacao": null, "d_trafego": null }, "geometry": { "type": "MultiLineString", "coordinates": [ [ [ 366767.549544919864275, 6860765.094990152865648 ], [ 366706.806492450530641, 6860797.207651591859758 ], [ 366672.639860073104501, 6860803.961153734475374 ], [ 366666.108031416661106, 6860850.148994625546038 ], [ 366667.380651556130033, 6860909.417026157490909 ], [ 366670.74909428099636, 6860968.545369343832135 ], [ 366649.998390468303114, 6861045.983839876949787 ], [ 366600.757962676347233, 6861100.616199888288975 ], [ 366574.297182392445393, 6861164.841954486444592 ], [ 366568.501324770622887, 6861196.268525021150708 ], [ 366581.488569457083941, 6861317.434966675937176 ], [ 366582.54604103253223, 6861338.63126340508461 ], [ 366609.045699268579483, 6861416.730582092888653 ] ] ] } },
{ "type": "Feature", "properties": { "codTrechoR": null, "concession": null, "nrFaixas": 0, "nome": null, "d_geometri": null, "d_tipoTrec": "Rodovia", "d_jurisdic": "Municipal", "d_administ": null, "d_revestim": "Desconhecido", "d_situacao": null, "d_trafego": null }, "geometry": { "type": "MultiLineString", "coordinates": [ [ [ 356706.358318988117389, 6861136.332039943896234 ], [ 357578.860756706562825, 6860771.710355608724058 ], [ 358343.100783451111056, 6860696.390268275514245 ], [ 358359.032593190670013, 6860697.88075537700206 ], [ 358405.503772343916353, 6860688.027138214558363 ], [ 358452.389741933497135, 6860673.872315647080541 ], [ 358487.759961093077436, 6860617.39993363711983 ], [ 358518.963712699129246, 6860546.069698101840913 ], [ 358543.870814609690569, 6860470.657190520316362 ], [ 358578.40436865540687, 6860414.227526661008596 ], [ 358622.661472014326137, 6860390.080872543156147 ], [ 358686.530580956372432, 6860407.250274019315839 ], [ 358853.734483722888399, 6860458.023138200864196 ], [ 358872.498613679083064, 6860466.814573269337416 ], [ 358996.591040875471663, 6860496.131837273947895 ], [ 359095.138159077847376, 6860507.654694706201553 ], [ 359190.717987977259327, 6860512.421453149989247 ], [ 359228.122971506672911, 6860491.158548054285347 ], [ 359262.725284077343531, 6860459.843691148795187 ], [ 359310.338170067057945, 6860366.400962551124394 ], [ 359405.909488753706682, 6860305.086632286198437 ], [ 359456.990932580782101, 6860274.593859706073999 ], [ 359551.896459429641254, 6860160.382099580019712 ], [ 359617.147595192305744, 6860110.772099296562374 ], [ 360202.698314691195264, 6860022.068938368931413 ], [ 360249.04198833234841, 6860012.602721696719527 ], [ 360375.270886209968012, 6859969.123552373610437 ] ] ] } },
{ "type": "Feature", "properties": { "codTrechoR": null, "concession": null, "nrFaixas": 0, "nome": null, "d_geometri": null, "d_tipoTrec": "Rodovia", "d_jurisdic": "Municipal", "d_administ": null, "d_revestim": "Desconhecido", "d_situacao": null, "d_trafego": null }, "geometry": { "type": "MultiLineString", "coordinates": [ [ [ 356706.358318988117389, 6861136.332039943896234 ], [ 356690.145584658719599, 6861193.025894657708704 ], [ 356616.459114223369397, 6861532.411852087825537 ], [ 356606.641102941706777, 6861661.138430524617434 ], [ 356595.692999345832504, 6861775.749776922166348 ], [ 356511.420965138589963, 6861950.012955117039382 ], [ 356404.535672060621437, 6862185.229012299329042 ], [ 356396.557275133847725, 6862216.843999309465289 ], [ 356365.630527117522433, 6862296.214105552062392 ], [ 356314.097756320261396, 6862566.438675178214908 ], [ 356304.40753771236632, 6862603.099147312343121 ], [ 356269.49380293476861, 6862773.250870453193784 ], [ 356239.921757979667746, 6862918.66068157646805 ], [ 356248.831048695603386, 6862962.775777153670788 ], [ 356394.231644989107735, 6863541.338615810498595 ], [ 356432.913075429038145, 6863676.379481591284275 ], [ 356447.215156969381496, 6863726.308416159823537 ] ] ] } },
{ "type": "Feature", "properties": { "codTrechoR": null, "concession": null, "nrFaixas": 0, "nome": null, "d_geometri": null, "d_tipoTrec": "Rodovia", "d_jurisdic": "Municipal", "d_administ": null, "d_revestim": "Desconhecido", "d_situacao": null, "d_trafego": null }, "geometry": { "type": "MultiLineString", "coordinates": [ [ [ 371336.810250384151004, 6861566.447741258889437 ], [ 371312.109249555214774, 6861664.320064030587673 ], [ 371292.742902645957656, 6861734.709337146952748 ], [ 371261.513608480803668, 6861804.507156693376601 ], [ 371218.421351272321772, 6861873.713549423031509 ], [ 371196.283829331689049, 6861920.179800263606012 ], [ 371185.417873645550571, 6861979.100627172738314 ], [ 371182.263453503663186, 6862042.369927732273936 ], [ 371171.200355406210292, 6862105.245071660727262 ], [ 371168.046060375869274, 6862168.514474987983704 ], [ 371172.60340549016837, 6862236.132578743621707 ], [ 371177.555009358853567, 6862295.84190078265965 ], [ 371212.970381054037716, 6862460.138077765703201 ], [ 371221.48232417186955, 6862527.953231777995825 ], [ 371238.691464661620557, 6862580.345149539411068 ], [ 371266.903802792425267, 6862627.603694090619683 ], [ 371235.878907181671821, 6862758.173422116786242 ], [ 371212.62424838624429, 6862785.18215091060847 ], [ 371110.809238508925773, 6862839.569630921818316 ], [ 371042.008505025412887, 6862867.853662798181176 ], [ 370968.070897157711443, 6862919.66675391048193 ], [ 370898.284580506617203, 6862967.722624814137816 ], [ 370856.375927239598241, 6863013.203935541212559 ], [ 370833.056452359538525, 6863083.39690600335598 ], [ 370829.903036763309501, 6863146.666687517426908 ], [ 370838.021573546226136, 6863222.390685922466218 ], [ 370799.279016776243225, 6863283.886698397807777 ], [ 370780.899565341474954, 6863334.505191003903747 ], [ 370781.897919878538232, 6863394.017652977257967 ], [ 370786.850547975278459, 6863453.727237958461046 ], [ 370784.288660795253236, 6863505.133909314870834 ], [ 370749.303693719208241, 6863570.781581047922373 ], [ 370711.940916361287236, 6863604.597304401919246 ], [ 370677.941253712226171, 6863650.473164865747094 ], [ 370645.321014763787389, 6863668.668556462973356 ], [ 370604.792020557972137, 6863686.469936364330351 ], [ 370576.323181154613849, 6863700.90800710581243 ], [ 370561.701325229601935, 6863755.678061738610268 ], [ 370535.807564204325899, 6863797.993957385420799 ], [ 370456.142320542887319, 6863885.200766691938043 ], [ 370385.160424894071184, 6863877.699586481787264 ], [ 370325.844679482106585, 6863874.743913754820824 ], [ 370282.346401503309608, 6863872.576451472006738 ], [ 370190.030188383127097, 6863884.850093256682158 ] ] ] } },
{ "type": "Feature", "properties": { "codTrechoR": null, "concession": null, "nrFaixas": 0, "nome": null, "d_geometri": null, "d_tipoTrec": "Rodovia", "d_jurisdic": "Municipal", "d_administ": null, "d_revestim": "Desconhecido", "d_situacao": null, "d_trafego": null }, "geometry": { "type": "MultiLineString", "coordinates": [ [ [ 365138.455474692163989, 6861072.895652258768678 ], [ 365089.425794853246771, 6861065.625320292077959 ], [ 364955.85192071297206, 6861045.817175306379795 ], [ 364453.917206987040117, 6860998.58543336391449 ], [ 364267.569530429085717, 6860982.949363527819514 ], [ 364208.250586752779782, 6860995.849633132107556 ], [ 364113.972056088387035, 6861010.178062199614942 ], [ 364061.852556779922452, 6861037.709822064265609 ], [ 364018.829911406093743, 6861073.624417513608932 ], [ 363993.602666430640966, 6861102.49730827473104 ], [ 363979.934830639511347, 6861217.58158740773797 ], [ 363976.301995406392962, 6861258.632152995094657 ], [ 363936.605411862547044, 6861323.25773055665195 ], [ 363893.58284030581126, 6861359.172594413161278 ], [ 363792.121912089525722, 6861485.738064620643854 ], [ 363736.856413674657233, 6861639.980518479831517 ], [ 363661.420752140926197, 6861785.288402017205954 ], [ 363649.48901792766992, 6861865.57140876352787 ], [ 363647.995130612282082, 6861927.344716733321548 ], [ 363631.865264728083275, 6861964.600691607221961 ], [ 363607.269069842936005, 6861980.818787519820035 ], [ 363575.236605965183116, 6861987.15106269903481 ], [ 363538.142891626455821, 6861999.574423849582672 ], [ 363502.552190535003319, 6862013.658623497933149 ], [ 363479.064836629666388, 6862039.446967760100961 ], [ 363463.486956266802736, 6862065.629728257656097 ], [ 363427.659675741160754, 6862084.459689451381564 ], [ 363385.899053845438175, 6862095.064616532064974 ], [ 363353.397048451704904, 6862121.780973961576819 ], [ 363315.673317862674594, 6862167.684459025040269 ], [ 363284.545508607639931, 6862230.095292441546917 ] ] ] } },
{ "type": "Feature", "properties": { "codTrechoR": null, "concession": null, "nrFaixas": 0, "nome": null, "d_geometri": null, "d_tipoTrec": "Rodovia", "d_jurisdic": "Municipal", "d_administ": null, "d_revestim": "Desconhecido", "d_situacao": null, "d_trafego": null }, "geometry": { "type": "MultiLineString", "coordinates": [ [ [ 366541.634641838492826, 6861663.52516274433583 ], [ 366505.603257906914223, 6861694.521072778850794 ], [ 366467.719064377597533, 6861725.38513108715415 ], [ 366438.163748078048229, 6861774.141921668313444 ], [ 366443.704564520972781, 6861838.628040364012122 ], [ 366471.06389712926466, 6861886.243839539587498 ], [ 366488.208146682998631, 6861939.957742160186172 ], [ 366485.57939676271053, 6861992.685841900296509 ], [ 366464.994494170183316, 6862074.252003571949899 ], [ 366489.889664503687527, 6862171.300320636481047 ], [ 366514.446509406669065, 6862208.865189500153065 ], [ 366555.461686704657041, 6862259.848939452320337 ], [ 366554.0627134348033, 6862283.653478302061558 ], [ 366542.991426444146782, 6862293.673450766131282 ], [ 366527.03889650455676, 6862299.551641328260303 ], [ 366492.711974529549479, 6862313.499953482300043 ], [ 366438.176729577418882, 6862347.122062496840954 ], [ 366407.695776092528831, 6862362.121105781756341 ], [ 366372.605107972631231, 6862403.319975141435862 ], [ 366353.705845078453422, 6862459.600237378850579 ], [ 366340.081243144348264, 6862493.080183744430542 ], [ 366324.10661296028411, 6862548.446807125583291 ], [ 366324.445334556279704, 6862607.930310067720711 ], [ 366320.667184302234091, 6862683.727150970138609 ], [ 366321.006032560369931, 6862743.210645084269345 ], [ 366308.008975178468972, 6862871.40723248757422 ], [ 366298.461380162625574, 6862930.398043526336551 ], [ 366300.453464428836014, 6863023.000981109216809 ], [ 366319.251775788608938, 6863109.834128236398101 ], [ 366332.937192480196245, 6863166.679009990766644 ], [ 366358.819350160541944, 6863243.954016426578164 ], [ 366352.92610803747084, 6863264.380252895876765 ], [ 366341.931016042362899, 6863283.878937292844057 ], [ 366299.92131639062427, 6863331.340926494449377 ], [ 366261.042989105801098, 6863382.262632966041565 ], [ 366238.488961757509969, 6863419.120215276256204 ], [ 366192.598176794825122, 6863463.625805729068816 ], [ 366150.095850913552567, 6863520.974511824548244 ], [ 366117.315938911400735, 6863582.111581789329648 ], [ 366101.177856595197227, 6863640.774094520136714 ], [ 366087.514380089007318, 6863716.078597638756037 ], [ 366085.870060779270716, 6863749.077736249193549 ], [ 366057.911198514455464, 6863953.401577593758702 ], [ 366034.678799349756446, 6864047.120589597150683 ] ] ] } },
{ "type": "Feature", "properties": { "codTrechoR": null, "concession": null, "nrFaixas": 0, "nome": null, "d_geometri": null, "d_tipoTrec": "Rodovia", "d_jurisdic": "Municipal", "d_administ": null, "d_revestim": "Desconhecido", "d_situacao": null, "d_trafego": null }, "geometry": { "type": "MultiLineString", "coordinates": [ [ [ 363284.545508607639931, 6862230.095292441546917 ], [ 363243.162345449905843, 6862296.752467683516443 ], [ 363098.216905335546471, 6862342.417495606467128 ], [ 362794.706355214759242, 6862466.050837102346122 ], [ 362643.125288455048576, 6862590.65038032643497 ], [ 362558.772056793153752, 6862692.170121608301997 ], [ 362417.776759666739963, 6862813.65974111109972 ], [ 362268.79245207097847, 6862942.028612729161978 ], [ 361996.594290288689081, 6863100.265860371291637 ], [ 361893.484605961188208, 6863171.00135563313961 ], [ 361872.942088803625666, 6863184.890995246358216 ], [ 361721.25439915782772, 6863334.126143286935985 ], [ 361697.944647054537199, 6863337.918964236974716 ], [ 361669.100324891216587, 6863357.033476087264717 ], [ 361583.678280449588783, 6863373.921805894002318 ], [ 361548.262925737304613, 6863375.370067605748773 ], [ 361525.410490556212608, 6863376.304461527615786 ], [ 361212.497047195967752, 6863662.031192550435662 ], [ 360750.085074520204216, 6864096.153473258018494 ], [ 360743.732694491860457, 6864108.313194939866662 ] ] ] } },
{ "type": "Feature", "properties": { "codTrechoR": null, "concession": null, "nrFaixas": 0, "nome": null, "d_geometri": null, "d_tipoTrec": "Rodovia", "d_jurisdic": "Municipal", "d_administ": null, "d_revestim": "Desconhecido", "d_situacao": null, "d_trafego": null }, "geometry": { "type": "MultiLineString", "coordinates": [ [ [ 363284.545508607639931, 6862230.095292441546917 ], [ 363320.611046912497841, 6862375.473836889490485 ], [ 363381.790534522733651, 6862430.554626787081361 ], [ 363421.50741196871968, 6862474.438571581616998 ], [ 363457.708405572629999, 6862555.361927140504122 ], [ 363441.273433004331309, 6862618.970553135499358 ], [ 363429.053671681554988, 6862666.264212055131793 ], [ 363403.355851600877941, 6862717.844757612794638 ], [ 363353.274420569359791, 6862794.640897069126368 ], [ 363297.322508306708187, 6862992.644919692538679 ], [ 363298.604667979292572, 6863029.793002718128264 ], [ 363310.309039579471573, 6863060.110904548317194 ], [ 363312.783452085277531, 6863076.753489593043923 ], [ 363297.794194418820553, 6863112.348761981353164 ], [ 363253.143904153257608, 6863146.465810192748904 ], [ 363171.584388070972636, 6863191.959051301702857 ], [ 363134.01807583111804, 6863216.517743092961609 ], [ 363119.959889528690837, 6863252.597770487889647 ], [ 363099.377400514844339, 6863275.66871580388397 ], [ 363083.778875806136057, 6863334.096429398283362 ], [ 363099.924067775602452, 6863391.991562699899077 ], [ 363101.725023359933402, 6863440.713980662636459 ], [ 363094.458512454410084, 6863501.671417022123933 ], [ 363105.649669943493791, 6863574.120952602475882 ], [ 363134.555437594011892, 6863630.537412445992231 ], [ 363180.117605711333454, 6863649.723380280658603 ], [ 363156.20232326828409, 6863790.200832150876522 ], [ 363140.183874085661955, 6863857.065530499443412 ], [ 363101.909853087970987, 6863903.791180528700352 ], [ 363060.896122234873474, 6863963.067122948355973 ], [ 363030.105788914253935, 6863986.9066371480003 ], [ 362857.096357663045637, 6864276.427249727770686 ], [ 362843.923209838569164, 6864328.632697086781263 ], [ 362845.642409005318768, 6864382.691315134987235 ], [ 362851.219707383890636, 6864436.834222646430135 ], [ 362864.303102223435417, 6864471.31757272221148 ], [ 362904.491376387304626, 6864513.494495775550604 ], [ 362955.120830068364739, 6864558.306043952703476 ], [ 362984.447716369177215, 6864606.285244636237621 ], [ 362999.873429189552553, 6864632.655052900314331 ], [ 363017.572854084195569, 6864662.911359837278724 ], [ 363071.370130538009107, 6864729.025162343867123 ], [ 363138.024917521746829, 6864749.26112053077668 ], [ 363203.305884502013214, 6864754.627354603260756 ], [ 363274.283981095359195, 6864772.964194058440626 ], [ 363305.194834720925428, 6864831.594241200014949 ], [ 363329.988159776083194, 6864885.690615279600024 ], [ 363342.764591519313399, 6864968.79073466733098 ], [ 363307.974582581082359, 6865030.491475742310286 ], [ 363268.457047291041818, 6865187.107416588813066 ], [ 363218.192195118172094, 6865272.615779602900147 ], [ 363200.364491164102219, 6865365.559381568804383 ], [ 363200.591262554051355, 6865445.920053860172629 ], [ 363204.240961142117158, 6865463.810859985649586 ], [ 363209.451728328131139, 6865489.353427038528025 ], [ 363217.586813907139003, 6865529.230267414823174 ], [ 363241.120255059446208, 6865608.637125671841204 ], [ 363272.977130848506931, 6865648.28382652066648 ], [ 363366.106489228433929, 6865688.867294317111373 ], [ 363438.062205771915615, 6865717.295356350019574 ], [ 363468.515651659341529, 6865726.741071099415421 ] ] ] } },
{ "type": "Feature", "properties": { "codTrechoR": null, "concession": null, "nrFaixas": 0, "nome": null, "d_geometri": null, "d_tipoTrec": "Rodovia", "d_jurisdic": "Municipal", "d_administ": null, "d_revestim": "Desconhecido", "d_situacao": null, "d_trafego": null }, "geometry": { "type": "MultiLineString", "coordinates": [ [ [ 351036.776879189943429, 6863039.740450134500861 ], [ 351026.145074493251741, 6863065.548809406347573 ], [ 351018.347273736842908, 6863084.47755937743932 ], [ 351017.322314777993597, 6863105.046123597770929 ], [ 351033.070848663686775, 6863139.139502530917525 ], [ 351081.341478189744521, 6863220.851135677658021 ], [ 351114.105532192159444, 6863295.445468776859343 ], [ 351136.745769664063118, 6863382.224312544800341 ], [ 351149.572137811977882, 6863443.136105455458164 ], [ 351153.772450345219113, 6863486.170666478574276 ], [ 351156.627042177598923, 6863524.37992234993726 ], [ 351162.803799252316821, 6863559.582337189465761 ], [ 351170.095328701543622, 6863636.079588098451495 ], [ 351196.936450876062736, 6863765.892857305705547 ], [ 351222.689246046007611, 6863863.232669593766332 ], [ 351252.449198242509738, 6864028.940906180068851 ], [ 351271.014588642399758, 6864112.108051816001534 ] ] ] } },
{ "type": "Feature", "properties": { "codTrechoR": null, "concession": null, "nrFaixas": 0, "nome": null, "d_geometri": null, "d_tipoTrec": "Rodovia", "d_jurisdic": "Municipal", "d_administ": null, "d_revestim": "Desconhecido", "d_situacao": null, "d_trafego": null }, "geometry": { "type": "MultiLineString", "coordinates": [ [ [ 369630.501109193312004, 6865280.925360649824142 ], [ 369609.091421906952746, 6865312.41193632222712 ], [ 369589.137982777960133, 6865341.756604243069887 ], [ 369550.614077771664597, 6865436.036803610622883 ], [ 369425.980596470471937, 6865752.254953978583217 ], [ 369436.057283384609036, 6865783.413567159324884 ], [ 369448.872670342680067, 6865808.883894354104996 ], [ 369472.610378599201795, 6865856.06188097409904 ], [ 369554.78308953269152, 6865989.124040793627501 ], [ 369664.200590315798763, 6866112.80229177325964 ] ] ] } },
{ "type": "Feature", "properties": { "codTrechoR": null, "concession": null, "nrFaixas": 0, "nome": null, "d_geometri": null, "d_tipoTrec": "Rodovia", "d_jurisdic": "Municipal", "d_administ": null, "d_revestim": "Desconhecido", "d_situacao": null, "d_trafego": null }, "geometry": { "type": "MultiLineString", "coordinates": [ [ [ 366034.678799349756446, 6864047.120589597150683 ], [ 366008.32613696763292, 6864111.881862726062536 ], [ 365950.241553486906923, 6864219.780653236433864 ] ] ] } },
{ "type": "Feature", "properties": { "codTrechoR": null, "concession": null, "nrFaixas": 0, "nome": null, "d_geometri": null, "d_tipoTrec": "Rodovia", "d_jurisdic": "Municipal", "d_administ": null, "d_revestim": "Desconhecido", "d_situacao": null, "d_trafego": null }, "geometry": { "type": "MultiLineString", "coordinates": [ [ [ 366034.678799349756446, 6864047.120589597150683 ], [ 365986.672685006982647, 6864052.190356371924281 ], [ 365928.400770521257073, 6864058.343990054912865 ], [ 365840.734868873958476, 6864027.546310885809362 ], [ 365822.259403927251697, 6864024.082819012925029 ], [ 365767.786256399471313, 6864007.544473100453615 ], [ 365622.018514111230616, 6864005.038955681025982 ], [ 365352.386306143947877, 6863974.160909942351282 ], [ 364921.463281177449971, 6863948.119413167238235 ], [ 364753.492727533623111, 6863938.436913624405861 ], [ 364485.094360625254922, 6863917.052811460569501 ], [ 364392.324809162586462, 6863922.342001570388675 ], [ 364295.438496898743324, 6863943.944905828684568 ], [ 364232.99759446841199, 6864003.60592477209866 ], [ 364221.419902939582244, 6864016.85780325345695 ], [ 364202.43411251460202, 6864052.762372501194477 ], [ 364186.460273978591431, 6864108.13104578666389 ], [ 364175.39654764480656, 6864157.153081448748708 ], [ 364168.499756586388685, 6864185.521951123140752 ], [ 364124.864111394737847, 6864283.467525038868189 ], [ 364109.711335633939598, 6864322.358201736584306 ], [ 364085.845079550053924, 6864469.840309409424663 ], [ 364073.003042477997951, 6864528.668965702876449 ], [ 364061.432554939587135, 6864544.281782098114491 ], [ 364051.751705509843305, 6864557.344552997499704 ], [ 364011.219113911036402, 6864575.148207533173263 ], [ 363862.10715826577507, 6864650.31543199159205 ], [ 363796.699219619913492, 6864703.221971007063985 ], [ 363761.7728294589906, 6864741.127950441092253 ], [ 363729.005392489489168, 6864868.344642812386155 ], [ 363659.281881179194897, 6865058.338138842023909 ], [ 363658.1210103436606, 6865075.396658705547452 ], [ 363679.962107038125396, 6865189.675972009077668 ], [ 363688.074004610884003, 6865240.503620903939009 ], [ 363689.888151379942428, 6865256.729519243352115 ], [ 363692.215695052524097, 6865294.905347153544426 ], [ 363672.400680007471237, 6865353.122856959700584 ], [ 363625.594420077046379, 6865443.827362280339003 ], [ 363589.536034512217157, 6865488.549311053939164 ], [ 363554.002853985119145, 6865522.725243953987956 ], [ 363522.583128838858102, 6865559.220636366866529 ], [ 363486.638220271328464, 6865644.122851910069585 ], [ 363468.515651659341529, 6865726.741071099415421 ] ] ] } },
{ "type": "Feature", "properties": { "codTrechoR": null, "concession": null, "nrFaixas": 0, "nome": null, "d_geometri": null, "d_tipoTrec": "Rodovia", "d_jurisdic": "Municipal", "d_administ": null, "d_revestim": "Desconhecido", "d_situacao": null, "d_trafego": null }, "geometry": { "type": "MultiLineString", "coordinates": [ [ [ 360743.732694491860457, 6864108.313194939866662 ], [ 360768.849370107520372, 6864160.455949913710356 ], [ 360806.176415742142126, 6864284.075273104943335 ], [ 360790.254326265887357, 6864444.51537948474288 ], [ 360762.584333633771166, 6864522.432040741667151 ], [ 360727.787815179675817, 6864608.476344452239573 ], [ 360717.143194253905676, 6864632.681845519691706 ], [ 360678.193315071752295, 6864721.733062887564301 ], [ 360665.001364335068502, 6864756.910217318683863 ] ] ] } },
{ "type": "Feature", "properties": { "codTrechoR": null, "concession": null, "nrFaixas": 0, "nome": null, "d_geometri": null, "d_tipoTrec": "Rodovia", "d_jurisdic": "Municipal", "d_administ": null, "d_revestim": "Desconhecido", "d_situacao": null, "d_trafego": null }, "geometry": { "type": "MultiLineString", "coordinates": [ [ [ 367474.768225146923214, 6863747.234821977093816 ], [ 367520.362998379860073, 6863664.933585512451828 ], [ 367544.876798925222829, 6863639.726052260957658 ], [ 367581.466989479260519, 6863626.749029731377959 ], [ 367639.992520331521519, 6863619.093841570429504 ], [ 367691.980483625782654, 6863615.341473799198866 ], [ 367743.653137831191998, 6863617.916351497173309 ], [ 367797.701049343100749, 6863636.467110359109938 ], [ 367817.057808281155303, 6863672.317949999123812 ], [ 367864.253025626589078, 6863701.098695836961269 ], [ 367891.67101637693122, 6863702.464947029948235 ], [ 367946.419520370312966, 6863695.219479575753212 ], [ 367974.871103524172213, 6863687.582012882456183 ], [ 367999.128180806874298, 6863669.801736034452915 ], [ 368022.299993150285445, 6863610.331557582132518 ], [ 368058.656829818035476, 6863464.141257317736745 ], [ 368092.395075990003534, 6863423.536391200497746 ], [ 368120.597875242005102, 6863387.941317088901997 ], [ 368130.346296068630181, 6863351.426748426631093 ], [ 368131.257333543500863, 6863280.114110168069601 ], [ 368118.592558046279009, 6863216.053576523438096 ], [ 368106.440917052561417, 6863191.685877835378051 ], [ 368093.779626341012772, 6863109.95688577927649 ], [ 368091.450744747300632, 6863006.645923968404531 ], [ 368089.16165479196934, 6862916.266985143534839 ], [ 368111.843869636999443, 6862811.153246850706637 ], [ 368133.348515283549204, 6862761.481529328972101 ], [ 368178.816783841757569, 6862708.247168160974979 ], [ 368236.545287464745343, 6862663.552710708230734 ], [ 368296.964248038711958, 6862628.50673752464354 ], [ 368337.297773800091818, 6862614.659944568760693 ], [ 368381.346796730125789, 6862589.898241008631885 ], [ 368409.23506731109228, 6862557.734342832118273 ], [ 368434.178121330565773, 6862522.527299080044031 ], [ 368462.920313807786442, 6862503.025683701038361 ], [ 368631.891884740325622, 6862488.016226230189204 ], [ 368753.803176637680735, 6862457.268295789137483 ], [ 368851.233851321681868, 6862411.382086348719895 ], [ 368924.464438153372612, 6862373.80387612618506 ], [ 368950.957351610937621, 6862379.269434022717178 ] ] ] } },
{ "type": "Feature", "properties": { "codTrechoR": null, "concession": null, "nrFaixas": 0, "nome": null, "d_geometri": null, "d_tipoTrec": "Rodovia", "d_jurisdic": "Municipal", "d_administ": null, "d_revestim": "Desconhecido", "d_situacao": null, "d_trafego": null }, "geometry": { "type": "MultiLineString", "coordinates": [ [ [ 365888.432601714855991, 6864462.709681203588843 ], [ 365859.441476712701842, 6864514.124883153475821 ], [ 365850.459982887026854, 6864528.381870579905808 ], [ 365819.470598532469012, 6864585.237706078216434 ], [ 365746.612956032040529, 6864735.133932531811297 ], [ 365581.489263842056971, 6865038.193554485216737 ] ] ] } },
{ "type": "Feature", "properties": { "codTrechoR": null, "concession": null, "nrFaixas": 0, "nome": null, "d_geometri": null, "d_tipoTrec": "Rodovia", "d_jurisdic": "Municipal", "d_administ": null, "d_revestim": "Desconhecido", "d_situacao": null, "d_trafego": null }, "geometry": { "type": "MultiLineString", "coordinates": [ [ [ 346660.868571094819345, 6866313.257528938353062 ], [ 346642.211765740008559, 6866323.232393517158926 ], [ 346619.308793327189051, 6866330.757015042006969 ], [ 346608.069184279069304, 6866338.987065220251679 ], [ 346569.245336528634652, 6866365.669394494965672 ], [ 346540.03336031245999, 6866400.16968597471714 ], [ 346527.646782925527077, 6866436.565012775361538 ], [ 346526.243138184945565, 6866528.496115008369088 ], [ 346531.135136080323718, 6866706.396697272546589 ], [ 346526.815705973189324, 6866963.149955596774817 ], [ 346527.684752621105872, 6867073.171289536170661 ], [ 346547.914034767309204, 6867197.903525956906378 ], [ 346556.757125180563889, 6867225.488598710857332 ], [ 346569.570321956067346, 6867251.522177676670253 ] ] ] } },
{ "type": "Feature", "properties": { "codTrechoR": null, "concession": null, "nrFaixas": 0, "nome": null, "d_geometri": null, "d_tipoTrec": "Rodovia", "d_jurisdic": "Municipal", "d_administ": null, "d_revestim": "Desconhecido", "d_situacao": null, "d_trafego": null }, "geometry": { "type": "MultiLineString", "coordinates": [ [ [ 354067.373685018857941, 6864686.657238560728729 ], [ 354011.990853174589574, 6864846.311243521049619 ], [ 354028.510066143237054, 6865045.390897957608104 ], [ 354084.531756670447066, 6865643.658625388517976 ], [ 354088.58091310877353, 6865674.358360058628023 ], [ 354077.125167237711139, 6865745.160329309292138 ], [ 353903.224562827497721, 6866370.923549675382674 ], [ 353845.487008776341099, 6866415.630893626250327 ], [ 353818.210653219080996, 6866485.645555716007948 ], [ 353774.539624953526072, 6866646.042391179129481 ], [ 353879.481210112338886, 6866690.226636183448136 ], [ 353900.394313690776471, 6866693.280449757352471 ] ] ] } },
{ "type": "Feature", "properties": { "codTrechoR": null, "concession": null, "nrFaixas": 0, "nome": null, "d_geometri": null, "d_tipoTrec": "Rodovia", "d_jurisdic": "Municipal", "d_administ": null, "d_revestim": "Desconhecido", "d_situacao": null, "d_trafego": null }, "geometry": { "type": "MultiLineString", "coordinates": [ [ [ 365581.489263842056971, 6865038.193554485216737 ], [ 365544.821414017234929, 6865060.085433810949326 ], [ 365444.149131964193657, 6865091.412081263959408 ], [ 365342.820121965371072, 6865135.921099796891212 ], [ 365257.919330471428111, 6865183.492744957096875 ], [ 365208.147209350485355, 6865214.40545972622931 ], [ 365176.040502907708287, 6865234.346385421231389 ], [ 365120.729340282676276, 6865283.439152959734201 ], [ 365089.894520745205227, 6865367.321803140453994 ], [ 365082.698255612049252, 6865450.036247024312615 ], [ 365067.974323216069024, 6865504.545386273413897 ], [ 365062.445432019711006, 6865525.013803403824568 ], [ 365019.780127140693367, 6865585.660292943939567 ], [ 364957.833715917891823, 6865635.435329928062856 ], [ 364909.890210271754768, 6865669.389080788008869 ], [ 364784.456501767795999, 6865799.112416793592274 ], [ 364738.160349976154976, 6865812.024729203432798 ], [ 364602.656162682862487, 6865858.13723683077842 ], [ 364556.892860183841549, 6865885.460171822458506 ], [ 364393.42319638945628, 6866221.830587480217218 ], [ 364356.692995771882124, 6866295.988727061077952 ], [ 364309.911873384728096, 6866372.950256967917085 ], [ 364266.520464054425247, 6866430.265374393202364 ], [ 364229.933475867088418, 6866464.389032199978828 ] ] ] } },
{ "type": "Feature", "properties": { "codTrechoR": null, "concession": null, "nrFaixas": 0, "nome": null, "d_geometri": null, "d_tipoTrec": "Acesso", "d_jurisdic": "Municipal", "d_administ": null, "d_revestim": "Desconhecido", "d_situacao": null, "d_trafego": null }, "geometry": { "type": "MultiLineString", "coordinates": [ [ [ 365581.489263842056971, 6865038.193554485216737 ], [ 365693.021131823305041, 6865098.371342180296779 ], [ 365754.844267059408594, 6865142.18128689005971 ], [ 365773.813742880127393, 6865178.161279170773923 ], [ 365771.817824917321559, 6865218.235061712563038 ], [ 365757.493013937608339, 6865321.550265364348888 ], [ 365759.932506062323228, 6865363.5737942494452 ], [ 365868.489183069206774, 6865504.562751577235758 ], [ 365908.93680370983202, 6865528.894754782319069 ], [ 365973.423143293359317, 6865555.093595679849386 ], [ 366006.515248263778631, 6865569.897528841160238 ], [ 366150.757941431831568, 6865644.451456290669739 ], [ 366263.920707504963502, 6865708.257181536406279 ], [ 366372.029504681588151, 6865792.929527264088392 ], [ 366493.648483543423936, 6865871.666981656104326 ], [ 366588.575024916790426, 6865955.68238939717412 ], [ 366715.800166963599622, 6866054.520545290783048 ], [ 366830.499552860623226, 6866139.519975177943707 ], [ 366951.133501321543008, 6866238.029235895723104 ], [ 367057.272802618565038, 6866362.245643500238657 ], [ 367101.444383054389618, 6866420.959009608253837 ], [ 367126.535129198920913, 6866461.280402390286326 ], [ 367074.13055356091354, 6866769.004198186099529 ], [ 367111.753248088527471, 6866860.505446434020996 ], [ 367128.307324518857058, 6866919.856322420760989 ], [ 367133.549374895228539, 6866938.650252064689994 ], [ 367138.257789169496391, 6866955.531015309505165 ], [ 367145.392792184720747, 6866981.11132356710732 ], [ 367181.985602884553373, 6867042.398632949218154 ], [ 367205.205388552742079, 6867070.503639677539468 ], [ 367265.609527561930008, 6867114.357019042596221 ], [ 367372.027333420002833, 6867202.245448842644691 ], [ 367451.29996124911122, 6867285.121857986785471 ], [ 367559.188082825741731, 6867326.435696509666741 ], [ 367610.02570513903629, 6867367.023942944593728 ], [ 367642.835737823043019, 6867429.97237609513104 ], [ 367640.526163272676058, 6867476.372295683249831 ], [ 367636.488052663684357, 6867496.129207350313663 ], [ 367598.602008288959041, 6867681.488621623255312 ], [ 367584.487469470128417, 6867752.672851214185357 ], [ 367633.674862963147461, 6867953.866627207025886 ], [ 367664.481338367098942, 6868014.600631241686642 ], [ 367862.860118765267543, 6868106.931354363448918 ], [ 368020.557534361199941, 6868188.251441567204893 ], [ 368041.868953104072716, 6868211.795147774741054 ], [ 368080.914887067221571, 6868230.19292385969311 ], [ 368199.909450848586857, 6868361.651043616235256 ], [ 368221.343811125610955, 6868422.074869196861982 ], [ 368243.809570479555987, 6868449.905525114387274 ], [ 368254.661207608180121, 6868518.63150477129966 ], [ 368238.063636521575972, 6868565.377315602265298 ], [ 368221.93840963463299, 6868602.632223406806588 ], [ 368213.974952765507624, 6868617.37686113268137 ], [ 368165.661063221632503, 6868726.416411511600018 ], [ 368152.523989906650968, 6868743.637570979073644 ], [ 368105.195545747992583, 6868770.618525157682598 ], [ 368053.833878190489486, 6868798.98450662381947 ], [ 368010.743044088361785, 6868852.340912443585694 ], [ 367990.549256158177741, 6868907.629427012056112 ], [ 367974.364910378586501, 6869025.753677347674966 ], [ 367997.147653589490801, 6869045.915862806141376 ], [ 368047.356191849918105, 6869152.278742680326104 ], [ 368064.112017884734087, 6869188.723988632671535 ], [ 368087.165452959190588, 6869238.867350444197655 ], [ 368098.964610030234326, 6869253.704918123781681 ], [ 368135.93367960647447, 6869300.193494062870741 ], [ 368168.966799798887223, 6869353.372772689908743 ] ] ] } },
{ "type": "Feature", "properties": { "codTrechoR": null, "concession": null, "nrFaixas": 0, "nome": null, "d_geometri": null, "d_tipoTrec": "Rodovia", "d_jurisdic": "Municipal", "d_administ": null, "d_revestim": "Desconhecido", "d_situacao": null, "d_trafego": null }, "geometry": { "type": "MultiLineString", "coordinates": [ [ [ 373663.988479760824703, 6865329.107945665717125 ], [ 373695.98805573041318, 6865407.339277319610119 ], [ 374942.150098623766098, 6865855.231887651607394 ], [ 375030.20148364052875, 6865891.328466371633112 ], [ 375134.679642622591928, 6865948.427910298109055 ], [ 375192.534090642293449, 6865980.642118098214269 ] ] ] } },
{ "type": "Feature", "properties": { "codTrechoR": null, "concession": null, "nrFaixas": 0, "nome": null, "d_geometri": null, "d_tipoTrec": "Rodovia", "d_jurisdic": "Municipal", "d_administ": null, "d_revestim": "Desconhecido", "d_situacao": null, "d_trafego": null }, "geometry": { "type": "MultiLineString", "coordinates": [ [ [ 360854.759464744594879, 6865634.48967723082751 ], [ 360922.403183656511828, 6865709.22351620066911 ], [ 360989.456074008194264, 6865795.82197564933449 ], [ 361065.00971694861073, 6865870.949432771652937 ], [ 361096.322445452096872, 6865894.602414023131132 ], [ 361160.534878856269643, 6865943.106342170387506 ], [ 361268.12153070862405, 6866011.898963131010532 ], [ 361351.38796525017824, 6866091.374618906527758 ], [ 361491.735964946099557, 6866244.580390993505716 ], [ 361667.255523486237507, 6866436.171659983694553 ], [ 361858.094221483159345, 6866693.771644506603479 ], [ 361895.713865041034296, 6866893.905496722087264 ], [ 361921.983872439479455, 6866923.717417173087597 ], [ 361963.204138916451484, 6867021.818845914676785 ], [ 361998.618662887252867, 6867106.839776622131467 ], [ 362018.873302247433458, 6867156.833319158293307 ] ] ] } },
{ "type": "Feature", "properties": { "codTrechoR": null, "concession": null, "nrFaixas": 0, "nome": null, "d_geometri": null, "d_tipoTrec": "Acesso", "d_jurisdic": "Municipal", "d_administ": null, "d_revestim": "Desconhecido", "d_situacao": null, "d_trafego": null }, "geometry": { "type": "MultiLineString", "coordinates": [ [ [ 360546.801729061640799, 6865290.078840331174433 ], [ 360494.236926018376835, 6865469.84009181894362 ], [ 360488.722195549344178, 6865580.578763712197542 ], [ 360452.552664256421849, 6865669.967225955799222 ], [ 360404.072940937941894, 6865730.577519277110696 ], [ 360289.29070010909345, 6865750.849422560073435 ], [ 360255.281161223247182, 6865765.014934429898858 ], [ 360234.879423492820933, 6865792.545431667938828 ], [ 360205.149617042508908, 6865848.157793343067169 ], [ 360107.112093627569266, 6866065.303925669752061 ], [ 360068.126878413604572, 6866115.697918945923448 ], [ 360033.250888877199031, 6866147.265621759928763 ], [ 359985.561468450701796, 6866181.367154659703374 ], [ 359963.814044188009575, 6866204.073173077777028 ], [ 359952.735260973393451, 6866220.427812024950981 ], [ 359934.714708930929191, 6866247.029914939776063 ], [ 359933.467836622497998, 6866335.779245527461171 ], [ 359947.507602339843288, 6866382.616395186632872 ], [ 359986.644425810489338, 6866563.098021822050214 ], [ 360035.606352932751179, 6866683.950431259348989 ], [ 360068.314647301915102, 6866749.015246507711709 ], [ 360067.06383500539232, 6866816.61853589117527 ], [ 360056.316479535016697, 6866862.603640059940517 ], [ 360053.166426425916143, 6866925.883419252932072 ], [ 360056.353791806322988, 6867031.7695795269683 ], [ 360074.430593904631678, 6867220.864155998453498 ], [ 360074.564199554966763, 6867345.629240596666932 ], [ 360064.972052327590063, 6867368.411760313436389 ], [ 360044.623233780730516, 6867394.888150203973055 ], [ 360024.169566787488293, 6867423.473735764622688 ], [ 359995.068588138266932, 6867455.858180712908506 ], [ 359977.993686061585322, 6867501.528496295213699 ] ] ] } },
{ "type": "Feature", "properties": { "codTrechoR": null, "concession": null, "nrFaixas": 0, "nome": null, "d_geometri": null, "d_tipoTrec": "Acesso", "d_jurisdic": "Municipal", "d_administ": null, "d_revestim": "Desconhecido", "d_situacao": null, "d_trafego": null }, "geometry": { "type": "MultiLineString", "coordinates": [ [ [ 359977.993686061585322, 6867501.528496295213699 ], [ 359972.105035407468677, 6867577.359191920608282 ], [ 359968.535704302717932, 6867649.076269892975688 ], [ 359940.179453023709357, 6867708.98703183978796 ], [ 359900.646778579743113, 6867781.028954795561731 ], [ 359881.147886073449627, 6867832.922314697876573 ], [ 359874.629768564249389, 6867921.409204971976578 ], [ 359880.232911789673381, 6867978.780987093225121 ], [ 359882.247205695835873, 6868023.286829868331552 ], [ 359853.701536558743101, 6868171.999523225240409 ], [ 359840.750855780905113, 6868262.280820811167359 ], [ 359839.701275277649984, 6868283.374164067208767 ], [ 359851.307712914305739, 6868305.097184615209699 ], [ 359888.236262456397526, 6868370.371337823569775 ], [ 359902.801811803132296, 6868417.61610272526741 ], [ 359892.401334448019043, 6868584.148188735358417 ], [ 359877.027032383950427, 6868680.652537262067199 ], [ 359864.811686045024544, 6868756.168603512458503 ], [ 359855.115035272669047, 6868781.06077235005796 ], [ 359831.586602831666823, 6868791.784226603806019 ], [ 359792.370346633601002, 6868809.657485589385033 ], [ 359507.94580315425992, 6868873.745652422308922 ], [ 359473.105273327149916, 6868887.072627058252692 ], [ 359447.205164004233666, 6868904.556838439777493 ], [ 359415.365773287310731, 6868949.49315201677382 ], [ 359396.402793757268228, 6869033.132435899227858 ], [ 359386.517724211444147, 6869146.827110359445214 ], [ 359356.064016793447081, 6869248.925804551690817 ], [ 359351.838624010328203, 6869263.431727487593889 ], [ 359343.313784096913878, 6869292.697453763335943 ], [ 359331.518746073939838, 6869359.776794614270329 ], [ 359353.379243002389558, 6869472.936196705326438 ], [ 359364.671311617945321, 6869500.987200773321092 ], [ 359419.746002355823293, 6869584.079990366473794 ], [ 359416.714459226932377, 6869687.542827658355236 ], [ 359419.254488706355914, 6869721.502077214419842 ], [ 359434.671513833571225, 6869794.164022692479193 ], [ 359484.041087865654845, 6869873.141109563410282 ], [ 359515.235079998674337, 6869925.107470280490816 ], [ 359562.716186633333564, 6870006.764875834807754 ], [ 359572.784513011225499, 6870027.219733486883342 ], [ 359598.725796232989524, 6870079.922012804076076 ], [ 359687.723972471663728, 6870123.995973411947489 ], [ 359729.599423732841387, 6870153.956236869096756 ], [ 359732.016875024186447, 6870187.240807838737965 ], [ 359709.311743326834403, 6870247.977910740301013 ], [ 359683.418158948072232, 6870290.302875155583024 ], [ 359656.147941926785279, 6870360.312888102605939 ], [ 359667.837757729925215, 6870444.154727227985859 ], [ 359702.07772183988709, 6870552.90653395652771 ], [ 359740.469502591935452, 6870657.899948771111667 ], [ 359779.057994332921226, 6870758.938113720156252 ], [ 359830.888250289135613, 6870832.881309136748314 ], [ 359867.291845088941045, 6870898.127631824463606 ] ] ] } },
{ "type": "Feature", "properties": { "codTrechoR": null, "concession": null, "nrFaixas": 0, "nome": null, "d_geometri": null, "d_tipoTrec": "Rodovia", "d_jurisdic": "Municipal", "d_administ": null, "d_revestim": "Desconhecido", "d_situacao": null, "d_trafego": null }, "geometry": { "type": "MultiLineString", "coordinates": [ [ [ 376725.841107212472707, 6863148.39684895798564 ], [ 376894.868336241343059, 6863115.596111740916967 ], [ 377009.962374333874322, 6863090.460718708112836 ], [ 377082.722889420983847, 6863089.137806607410312 ], [ 377117.118810101877898, 6863091.7836599573493 ], [ 377134.316775887680706, 6863090.460743732750416 ], [ 377172.68138687661849, 6863045.48141757491976 ], [ 377201.785639852343593, 6863000.502192832529545 ], [ 377238.827368618920445, 6862921.127043604850769 ], [ 377278.51494975341484, 6862874.824808476492763 ], [ 377326.140059572760947, 6862821.908069089986384 ], [ 377380.379716018331237, 6862739.887060217559338 ], [ 377428.004784146090969, 6862677.709883117116988 ], [ 377492.827912872075103, 6862655.220268392935395 ], [ 377547.832303813309409, 6862644.54792064614594 ], [ 377581.463478318415582, 6862638.022342285141349 ], [ 377659.515697965282016, 6862585.105524083599448 ], [ 377725.661724446341395, 6862550.709602134302258 ], [ 377761.380456043232698, 6862544.094981031492352 ], [ 377809.005571815068834, 6862571.876361965201795 ], [ 377917.484975029132329, 6862562.615876369178295 ], [ 378092.110328987357207, 6862569.230459067970514 ], [ 378216.464754314278252, 6862599.657620336860418 ], [ 378269.381499304843601, 6862652.574441222473979 ], [ 378356.694159765145741, 6862810.001809157431126 ], [ 378434.746443197655026, 6862902.606189331039786 ], [ 378483.694483753526583, 6862922.449904903769493 ], [ 378507.506948187947273, 6862925.095730712637305 ], [ 378581.590513704577461, 6862919.804160399362445 ], [ 378716.528275510238018, 6862922.449987128376961 ], [ 378739.960246730712242, 6862937.938933102414012 ], [ 378794.580457949778065, 6862974.043783305212855 ], [ 378910.99735783401411, 6863075.90858332067728 ], [ 379010.216295074205846, 6863085.168991924263537 ], [ 379081.653960715397261, 6863105.012802740558982 ], [ 379153.091613352531567, 6863143.377492371946573 ], [ 379243.050171729177237, 6863192.325456287711859 ], [ 379277.44598519441206, 6863212.169256431981921 ], [ 379329.039858326374087, 6863257.148547640070319 ], [ 379460.008878895663656, 6863403.992572072893381 ], [ 379552.613211118674371, 6863458.232281900942326 ], [ 379829.456178347754758, 6863620.863153417594731 ], [ 379894.214375161100179, 6863592.592702802270651 ], [ 379904.6812347076484, 6863584.887952823191881 ] ] ] } },
{ "type": "Feature", "properties": { "codTrechoR": null, "concession": null, "nrFaixas": 0, "nome": null, "d_geometri": null, "d_tipoTrec": "Rodovia", "d_jurisdic": "Municipal", "d_administ": null, "d_revestim": "Desconhecido", "d_situacao": null, "d_trafego": null }, "geometry": { "type": "MultiLineString", "coordinates": [ [ [ 363468.515651659341529, 6865726.741071099415421 ], [ 363449.163706350955181, 6865877.469875399023294 ], [ 363441.108850377611816, 6865972.879807515069842 ], [ 363434.20289374596905, 6866045.220028687268496 ], [ 363445.195448697195388, 6866068.892903662286699 ], [ 363466.129248100449331, 6866114.665682272985578 ], [ 363499.322822875576094, 6866197.134643769823015 ], [ 363527.848795728757977, 6866287.75815143994987 ], [ 363566.261766428127885, 6866378.873832607641816 ], [ 363580.134371497144457, 6866410.454561093822122 ] ] ] } },
{ "type": "Feature", "properties": { "codTrechoR": null, "concession": null, "nrFaixas": 0, "nome": null, "d_geometri": null, "d_tipoTrec": "Rodovia", "d_jurisdic": "Municipal", "d_administ": null, "d_revestim": "Desconhecido", "d_situacao": null, "d_trafego": null }, "geometry": { "type": "MultiLineString", "coordinates": [ [ [ 355246.300660410895944, 6866904.716426014900208 ], [ 355214.233298791339621, 6866910.135912712663412 ], [ 355165.858333025127649, 6866905.086074534803629 ], [ 355110.381989230518229, 6866915.012856280431151 ], [ 355000.603070735232905, 6866996.25131207332015 ], [ 354922.781359522137791, 6867072.736616292968392 ], [ 354893.888144533615559, 6867100.90439710393548 ], [ 354785.423244958743453, 6867237.536764901131392 ], [ 354749.203505453595426, 6867292.644950725138187 ], [ 354724.967519033933058, 6867308.197298849001527 ], [ 354696.914170475443825, 6867319.489261448383331 ], [ 354612.324673898052424, 6867319.508647190406919 ], [ 354567.500418346491642, 6867327.851328261196613 ], [ 354500.741288669290952, 6867352.02003688365221 ], [ 354382.304293882101774, 6867394.764133054763079 ], [ 354301.523208157741465, 6867445.72656449303031 ], [ 354117.815927921386901, 6867567.697077997028828 ], [ 354034.190229322295636, 6867633.321509288623929 ], [ 353957.942860778421164, 6867678.165858739987016 ], [ 353941.410745258908719, 6867693.13060577493161 ], [ 353922.62029228976462, 6867703.367254292592406 ], [ 353874.178255406033713, 6867747.2164526283741 ] ] ] } },
{ "type": "Feature", "properties": { "codTrechoR": null, "concession": null, "nrFaixas": 0, "nome": null, "d_geometri": null, "d_tipoTrec": "Acesso", "d_jurisdic": "Municipal", "d_administ": null, "d_revestim": "Desconhecido", "d_situacao": null, "d_trafego": null }, "geometry": { "type": "MultiLineString", "coordinates": [ [ [ 356118.192389370116871, 6866061.958753243088722 ], [ 356134.144980194978416, 6866160.691561775282025 ], [ 356143.186404466920067, 6866177.039996804669499 ], [ 356167.164561002748087, 6866225.366494942456484 ], [ 356207.042897328210529, 6866273.874679220840335 ], [ 356241.013067763706204, 6866313.629904288798571 ], [ 356286.732258201111108, 6866393.560097768902779 ], [ 356310.210685922123957, 6866447.007437320426106 ], [ 356316.611799800419249, 6866462.375179575756192 ], [ 356355.652694302145392, 6866562.28699935413897 ], [ 356389.892668233369477, 6866593.833692226558924 ], [ 356430.926300818275195, 6866619.137695991434157 ], [ 356450.872554668807425, 6866661.785321213304996 ], [ 356493.202974392683245, 6866753.491585252806544 ], [ 356548.789904785167892, 6866831.593425219878554 ], [ 356788.54334875033237, 6867295.92545160651207 ], [ 356840.831055185408331, 6867305.657607281580567 ], [ 356885.338947793061379, 6867303.643505120649934 ], [ 356906.958047761349007, 6867294.146288259886205 ], [ 356936.849889870383777, 6867279.351456281729043 ], [ 356954.940157994045876, 6867264.814816616475582 ], [ 356974.239927141577937, 6867259.431444218382239 ], [ 357003.351764235878363, 6867269.339052136987448 ], [ 357019.072181436931714, 6867293.382516857236624 ], [ 357045.512787435087375, 6867611.894572312012315 ], [ 357139.513484156574123, 6867666.728916033171117 ], [ 357180.221383810858242, 6867687.733501428738236 ], [ 357233.034617769822944, 6867741.90605509467423 ], [ 357238.944016563764308, 6867756.17459627147764 ], [ 357264.891168904490769, 6867818.825223706662655 ], [ 357322.643685000017285, 6867853.418695911765099 ], [ 357397.594479867839254, 6867861.113476373255253 ], [ 357491.533508240827359, 6867885.612878037616611 ], [ 357580.533244943828322, 6867929.691017728298903 ], [ 357675.652994166826829, 6867930.45960321649909 ], [ 357749.922181967936922, 6867914.323968551121652 ], [ 357797.264826422207989, 6867930.551389992237091 ], [ 357865.61510441696737, 6867959.328057034872472 ], [ 358011.108326104877051, 6868180.143802152946591 ], [ 358084.412002177909017, 6868194.364334063604474 ], [ 358086.321607739839237, 6868240.980716817080975 ], [ 358101.307384165935218, 6868279.789315458387136 ], [ 358134.427732979180291, 6868294.124938597902656 ], [ 358136.537056977511384, 6868328.694828361272812 ], [ 358042.483389079687186, 6868389.635122435167432 ], [ 357979.109245568572078, 6868547.720880553126335 ], [ 357973.280167683260515, 6868584.352446269243956 ], [ 357960.396459234470967, 6868662.275186720304191 ], [ 357956.460979435418267, 6868741.377336833626032 ], [ 357985.150275812949985, 6868802.277943024411798 ], [ 358025.114583536749706, 6868875.634254086762667 ], [ 358041.93862448236905, 6868935.944470699876547 ], [ 358022.204657415801194, 6869029.280158579349518 ], [ 357970.646884399233386, 6869085.176620819605887 ], [ 357950.224235471221618, 6869105.83704424276948 ], [ 357912.46408498956589, 6869147.572448096238077 ], [ 357913.664724485832267, 6869203.140642827376723 ], [ 357916.237894564226735, 6869228.048130420967937 ], [ 357917.777025295014028, 6869242.946110972203314 ], [ 357855.059748025145382, 6869334.106452512554824 ], [ 357707.098431654041633, 6869549.162888925522566 ], [ 357691.818881994811818, 6869567.026847433298826 ], [ 357651.352257917867973, 6869614.337065599858761 ], [ 357630.078181750315707, 6869631.433363366872072 ], [ 357495.356580069696065, 6869711.371240905486047 ], [ 357365.826483248034492, 6869792.317183232866228 ], [ 357328.694495275849476, 6869823.50926617719233 ], [ 357312.755963693954982, 6869832.603094039484859 ] ] ] } },
{ "type": "Feature", "properties": { "codTrechoR": null, "concession": null, "nrFaixas": 0, "nome": null, "d_geometri": null, "d_tipoTrec": "Rodovia", "d_jurisdic": "Municipal", "d_administ": null, "d_revestim": "Desconhecido", "d_situacao": null, "d_trafego": null }, "geometry": { "type": "MultiLineString", "coordinates": [ [ [ 363776.910970352590084, 6866660.274086704477668 ], [ 363824.573941868031397, 6866685.218580851331353 ], [ 363860.628732184646651, 6866704.087598748505116 ], [ 363918.991564330761321, 6866790.549521370790899 ], [ 363953.351633238955401, 6866880.905201250687242 ], [ 363987.618238329072483, 6866945.761409722268581 ], [ 364015.247772241826169, 6866998.054988579824567 ], [ 364025.204004669503774, 6867025.080562297254801 ], [ 364011.606332711060531, 6867069.874956032261252 ], [ 363941.085760528338142, 6867212.260162115097046 ], [ 363940.170036767609417, 6867232.887312409467995 ], [ 363936.991200360236689, 6867294.519125553779304 ], [ 363934.051593679876532, 6867353.576841820031404 ], [ 363958.972030388657004, 6867463.76985071413219 ], [ 363967.268103079288267, 6867500.452764702029526 ], [ 363975.643936937849503, 6867537.487971875816584 ], [ 364060.656401701853611, 6867734.768648784607649 ], [ 364068.807249303499702, 6867765.021540932357311 ], [ 364022.023932065931149, 6868096.082951026037335 ], [ 364005.434710892732255, 6868213.47271528467536 ], [ 364024.142956276424229, 6868389.900963243097067 ], [ 364087.14488129701931, 6868568.53288902901113 ], [ 364081.493836699752137, 6868582.843992859125137 ], [ 364080.398838932160288, 6868660.960047338157892 ], [ 364056.197812077356502, 6868748.958098497241735 ], [ 364010.239170658867806, 6868809.44340793415904 ], [ 363954.718350751907565, 6868868.540654755197465 ], [ 363921.125765993318055, 6868940.465093406848609 ], [ 363873.363671354600228, 6869037.202613881789148 ], [ 363839.767886441084556, 6869114.822253600694239 ], [ 363750.835555260884576, 6869308.625787775963545 ] ] ] } },
{ "type": "Feature", "properties": { "codTrechoR": null, "concession": null, "nrFaixas": 0, "nome": null, "d_geometri": null, "d_tipoTrec": "Rodovia", "d_jurisdic": "Municipal", "d_administ": null, "d_revestim": "Desconhecido", "d_situacao": null, "d_trafego": null }, "geometry": { "type": "MultiLineString", "coordinates": [ [ [ 369713.957748243585229, 6866938.493271033279598 ], [ 369833.634681880648714, 6867042.495145050808787 ], [ 369921.859027371101547, 6867234.526643862947822 ], [ 369919.824961888662074, 6867275.388881368562579 ], [ 369882.79749158694176, 6867329.044729770161211 ], [ 369772.29994223639369, 6867451.720685269683599 ], [ 369638.016147163347341, 6867600.962788006290793 ], [ 369617.331340378848836, 6867644.861103853210807 ], [ 369608.712750861945096, 6867711.823954172432423 ], [ 369560.239980434067547, 6867862.694918822497129 ], [ 369511.664594939386006, 6867956.28306788392365 ], [ 369469.871931851957925, 6868068.066683195531368 ], [ 369438.916995211853646, 6868159.024970673024654 ], [ 369359.859001599950716, 6868287.231938078999519 ], [ 369313.754922168096527, 6868417.078896049410105 ], [ 369275.881656957382802, 6868514.30038763768971 ], [ 369217.580349886324257, 6868623.719542439095676 ], [ 369198.323092065926176, 6868652.47227512486279 ], [ 369150.178997066454031, 6868747.456675658002496 ], [ 369142.473292832262814, 6868769.537258911877871 ], [ 369141.889322864008136, 6868807.829350085929036 ], [ 369153.640980853408109, 6868813.612340621650219 ], [ 369155.576384690706618, 6868827.53872659150511 ] ] ] } },
{ "type": "Feature", "properties": { "codTrechoR": null, "concession": null, "nrFaixas": 0, "nome": null, "d_geometri": null, "d_tipoTrec": "Rodovia", "d_jurisdic": "Municipal", "d_administ": null, "d_revestim": "Desconhecido", "d_situacao": null, "d_trafego": null }, "geometry": { "type": "MultiLineString", "coordinates": [ [ [ 351115.254323967616074, 6865294.355569906532764 ], [ 350988.481012786272913, 6865276.919328261166811 ], [ 350961.585753159073647, 6865286.154197368770838 ], [ 350824.461494821123779, 6865279.325672838836908 ], [ 350739.814623145677615, 6865280.39748571254313 ], [ 350702.371192277874798, 6865289.107079316861928 ], [ 350616.853291966021061, 6865308.148318741470575 ], [ 350553.385203671059571, 6865308.123523050919175 ], [ 350318.154220739146695, 6865254.112560141831636 ], [ 350252.753814268158749, 6865240.281446227803826 ], [ 350141.593927601585165, 6865189.805219911038876 ], [ 350089.378576274029911, 6865176.630645675584674 ], [ 350044.81159113207832, 6865169.124029148370028 ], [ 350006.306589469895698, 6865146.057919129729271 ], [ 349960.284440203569829, 6865114.686683146283031 ], [ 349907.664378326619044, 6865056.550923747941852 ], [ 349889.462493898463435, 6865023.921489987522364 ], [ 349847.653303072147537, 6864961.036839627660811 ], [ 349819.959151871385984, 6864933.221742851659656 ], [ 349802.287785170192365, 6864916.48020482249558 ], [ 349779.473716275184415, 6864896.838889332488179 ], [ 349722.180956831201911, 6864879.445797583088279 ], [ 349665.550088559510186, 6864875.303532673045993 ], [ 349538.380445036862511, 6864880.866308176890016 ], [ 349487.882406000862829, 6864886.282208135351539 ], [ 349418.793464907794259, 6864893.41572146769613 ], [ 349372.51357071462553, 6864893.754496095702052 ], [ 349307.779427512839902, 6864919.61020247079432 ], [ 349219.710751529608388, 6864962.809079469181597 ], [ 349161.766080613073427, 6864985.037725332193077 ], [ 349116.279263528413139, 6864995.990501984022558 ], [ 349068.614936264406424, 6864997.582124190405011 ], [ 348904.38858334015822, 6864977.507202995941043 ], [ 348861.336347310105339, 6864966.110398707911372 ], [ 348791.054456715704873, 6864944.104889607056975 ], [ 348714.836338156484999, 6864908.585567945614457 ], [ 348556.069921095389873, 6864831.944125659763813 ], [ 348482.160414122976363, 6864803.148689353838563 ], [ 348425.52846231975127, 6864799.006419999524951 ], [ 348357.226556307519786, 6864790.317362235859036 ], [ 348294.390634914161637, 6864751.498686542734504 ], [ 348225.022402618662454, 6864684.5963244587183 ], [ 348200.09378919005394, 6864659.059921117499471 ] ] ] } },
{ "type": "Feature", "properties": { "codTrechoR": null, "concession": null, "nrFaixas": 0, "nome": null, "d_geometri": null, "d_tipoTrec": "Rodovia", "d_jurisdic": "Municipal", "d_administ": null, "d_revestim": "Desconhecido", "d_situacao": null, "d_trafego": null }, "geometry": { "type": "MultiLineString", "coordinates": [ [ [ 353874.178255406033713, 6867747.2164526283741 ], [ 353832.183921530959196, 6867651.623803555965424 ], [ 353809.012479686527513, 6867445.808877810835838 ], [ 353763.958183791779447, 6867373.78007217682898 ], [ 353645.844751729455311, 6867452.491459924727678 ], [ 353620.740451414138079, 6867447.012631537392735 ], [ 353549.753707319672685, 6867360.990976117551327 ], [ 353512.503721410408616, 6867240.37260780017823 ] ] ] } },
{ "type": "Feature", "properties": { "codTrechoR": null, "concession": null, "nrFaixas": 0, "nome": null, "d_geometri": null, "d_tipoTrec": "Rodovia", "d_jurisdic": "Municipal", "d_administ": null, "d_revestim": "Desconhecido", "d_situacao": null, "d_trafego": null }, "geometry": { "type": "MultiLineString", "coordinates": [ [ [ 353955.334224631078541, 6867841.241285650059581 ], [ 353904.182916146295611, 6867801.423747608438134 ], [ 353874.178255406033713, 6867747.2164526283741 ] ] ] } },
{ "type": "Feature", "properties": { "codTrechoR": null, "concession": null, "nrFaixas": 0, "nome": null, "d_geometri": null, "d_tipoTrec": "Rodovia", "d_jurisdic": "Municipal", "d_administ": null, "d_revestim": "Desconhecido", "d_situacao": null, "d_trafego": null }, "geometry": { "type": "MultiLineString", "coordinates": [ [ [ 362585.036476285778917, 6868468.146376494318247 ], [ 362584.555112118949182, 6868499.126850885339081 ], [ 362582.427661939349491, 6868636.034928599372506 ], [ 362586.832312258076854, 6868727.529791098088026 ], [ 362565.697743837547023, 6868769.824864536523819 ], [ 362549.684180219657719, 6868836.691098853945732 ], [ 362565.562216144229751, 6868891.310191739350557 ], [ 362597.016282807802781, 6868969.085680044256151 ], [ 362597.63566531764809, 6869126.644199401140213 ], [ 362576.732503742561676, 6869249.300611942075193 ], [ 362548.436483108438551, 6869329.300032240338624 ], [ 362484.078898235922679, 6869432.879145637154579 ], [ 362411.599158960394561, 6869529.711100852116942 ], [ 362354.083169808145612, 6869580.769189766608179 ], [ 362256.69695109478198, 6869631.183972166851163 ], [ 362165.290544714720454, 6869720.448986286297441 ], [ 362108.956074848072603, 6869854.030876329168677 ], [ 362125.203977420926094, 6870080.030899596400559 ], [ 362084.576609295036178, 6870212.077566381543875 ], [ 362068.473320930905174, 6870306.630463842302561 ], [ 362087.140843519475311, 6870423.940465912222862 ], [ 362088.550339025212452, 6870475.968053979799151 ], [ 362092.191777349042241, 6870535.618843832984567 ] ] ] } },
{ "type": "Feature", "properties": { "codTrechoR": null, "concession": null, "nrFaixas": 0, "nome": null, "d_geometri": null, "d_tipoTrec": "Rodovia", "d_jurisdic": "Municipal", "d_administ": null, "d_revestim": "Desconhecido", "d_situacao": null, "d_trafego": null }, "geometry": { "type": "MultiLineString", "coordinates": [ [ [ 363750.835555260884576, 6869308.625787775963545 ], [ 363712.528342965990305, 6869233.904363725334406 ], [ 363688.189547731890343, 6869165.296111503615975 ], [ 363656.334765253821388, 6869088.384658578783274 ], [ 363629.615324780519586, 6868987.941275117918849 ], [ 363606.260627268347889, 6868899.558824663981795 ], [ 363567.677068362594582, 6868798.524979803711176 ], [ 363577.338120200205594, 6868684.033201556652784 ], [ 363597.879857260384597, 6868589.905537448823452 ], [ 363550.993620201712474, 6868496.387452186085284 ], [ 363445.611073473468423, 6868542.683333438821137 ], [ 363351.48326462804107, 6868522.141453683376312 ], [ 363288.206590551475529, 6868518.993030147626996 ], [ 363264.160006175399758, 6868527.689031898975372 ], [ 363195.837011936120689, 6868544.905370415188372 ], [ 363152.101919049513526, 6868563.345066480338573 ], [ 363085.511437089531682, 6868594.920229131355882 ], [ 363011.806188954622485, 6868641.999847313389182 ], [ 362913.970626984839328, 6868664.091298167593777 ], [ 362873.391464970191009, 6868650.971262945793569 ], [ 362717.464772088162135, 6868654.749355543404818 ], [ 362585.036476285778917, 6868468.146376494318247 ] ] ] } },
{ "type": "Feature", "properties": { "codTrechoR": null, "concession": null, "nrFaixas": 0, "nome": null, "d_geometri": null, "d_tipoTrec": "Rodovia", "d_jurisdic": "Municipal", "d_administ": null, "d_revestim": "Desconhecido", "d_situacao": null, "d_trafego": null }, "geometry": { "type": "MultiLineString", "coordinates": [ [ [ 363750.835555260884576, 6869308.625787775963545 ], [ 363740.153803962515667, 6869376.347991863265634 ], [ 363724.546493516652845, 6869423.020099211484194 ], [ 363715.307297376100905, 6869481.235968334600329 ], [ 363751.976091291580815, 6869668.601173769682646 ], [ 363786.715817689953838, 6869735.347829746082425 ], [ 363955.16380180825945, 6869951.46846304833889 ], [ 363992.520868947787676, 6869994.64759508240968 ], [ 364009.88583325908985, 6870012.003358031623065 ], [ 364053.565991621813737, 6870063.73251304961741 ] ] ] } },
{ "type": "Feature", "properties": { "codTrechoR": null, "concession": null, "nrFaixas": 0, "nome": null, "d_geometri": null, "d_tipoTrec": "Rodovia", "d_jurisdic": "Municipal", "d_administ": null, "d_revestim": "Desconhecido", "d_situacao": null, "d_trafego": null }, "geometry": { "type": "MultiLineString", "coordinates": [ [ [ 357019.715671823127195, 6869485.857217846438289 ], [ 356987.239268860197626, 6869490.580290254205465 ], [ 356778.167215623951051, 6869426.583550674840808 ], [ 356163.64439636177849, 6869238.453285690397024 ], [ 355755.792057600861881, 6869094.859726017341018 ], [ 355188.400246272329241, 6868863.624092645943165 ], [ 355020.233176375564653, 6868803.069837722927332 ], [ 354932.869919468299486, 6868771.610595367848873 ], [ 354798.225074907124508, 6868736.363611532375216 ], [ 354737.388373819936533, 6868715.890651102177799 ], [ 354640.391294858709443, 6868657.139890197664499 ], [ 354497.331553233438171, 6868504.107116421684623 ], [ 354351.044459789642133, 6868415.940896967425942 ], [ 354298.504027565009892, 6868356.229235254228115 ], [ 354269.77409999340307, 6868296.116197986528277 ], [ 354258.904633460391778, 6868163.933809814974666 ], [ 354249.404212236055173, 6868131.740238880738616 ], [ 354192.58214388723718, 6868030.578080259263515 ], [ 354056.803677493473515, 6867890.593650561757386 ], [ 353977.012938673316967, 6867849.017695544287562 ], [ 353955.334224631078541, 6867841.241285650059581 ] ] ] } },
{ "type": "Feature", "properties": { "codTrechoR": null, "concession": null, "nrFaixas": 0, "nome": null, "d_geometri": null, "d_tipoTrec": "Acesso", "d_jurisdic": "Municipal", "d_administ": null, "d_revestim": "Desconhecido", "d_situacao": null, "d_trafego": null }, "geometry": { "type": "MultiLineString", "coordinates": [ [ [ 347131.916934915236197, 6869417.877423835918307 ], [ 347095.692277356400155, 6869384.93134059663862 ], [ 347070.760764380043838, 6869363.514189206063747 ], [ 347055.975046398700215, 6869351.720745491795242 ], [ 347023.439797383616678, 6869340.753082610666752 ], [ 346986.169315165199805, 6869334.998054926283658 ], [ 346931.081198170315474, 6869335.341448061168194 ], [ 346904.858164811041206, 6869339.303464401513338 ], [ 346878.778430975158699, 6869343.166095545515418 ], [ 346850.666801429295447, 6869344.850264769978821 ], [ 346819.581626972125378, 6869357.066060679964721 ], [ 346783.102660529897548, 6869371.401208564639091 ], [ 346754.275640883075539, 6869386.922465240582824 ], [ 346727.782544137677178, 6869389.671880293637514 ], [ 346712.997008572681807, 6869377.878105012699962 ], [ 346700.515465113508981, 6869359.814920902252197 ] ] ] } },
{ "type": "Feature", "properties": { "codTrechoR": null, "concession": null, "nrFaixas": 0, "nome": null, "d_geometri": null, "d_tipoTrec": "Acesso", "d_jurisdic": "Municipal", "d_administ": null, "d_revestim": "Desconhecido", "d_situacao": null, "d_trafego": null }, "geometry": { "type": "MultiLineString", "coordinates": [ [ [ 346700.515465113508981, 6869359.814920902252197 ], [ 346690.551683138473891, 6869377.488914100453258 ], [ 346666.993692934629507, 6869419.276500331237912 ], [ 346615.285716642392799, 6869528.899960294365883 ], [ 346604.766063596005552, 6869556.518672976642847 ], [ 346591.568023015628569, 6869591.169119602069259 ], [ 346564.362571392208338, 6869627.885239156894386 ], [ 346538.416160125692841, 6869639.284628487192094 ] ] ] } },
{ "type": "Feature", "properties": { "codTrechoR": null, "concession": null, "nrFaixas": 0, "nome": null, "d_geometri": null, "d_tipoTrec": "Rodovia", "d_jurisdic": "Municipal", "d_administ": null, "d_revestim": "Desconhecido", "d_situacao": null, "d_trafego": null }, "geometry": { "type": "MultiLineString", "coordinates": [ [ [ 350856.600001009763218, 6870485.109306139871478 ], [ 350794.777204994810745, 6870836.750391324982047 ], [ 350801.90099037613254, 6870879.880304056219757 ], [ 350916.517217927903403, 6871020.398372711613774 ], [ 351056.979243715468328, 6871172.774801351130009 ], [ 351129.257438229455147, 6871260.960460678674281 ], [ 351160.538652539253235, 6871376.186548521742225 ], [ 351258.284740068018436, 6871537.012477565556765 ], [ 351369.573015206609853, 6871678.095925388857722 ], [ 351473.357606162317097, 6871771.439282180741429 ], [ 352002.598603036138229, 6872280.740863532759249 ], [ 352062.579563972132746, 6872318.618959194980562 ], [ 352154.247367789852433, 6872346.437070703133941 ], [ 352311.835724863689393, 6872366.957144465297461 ], [ 352387.989618450053968, 6872366.512113878503442 ], [ 352473.000997436814941, 6872358.048254137858748 ], [ 352533.968558002728969, 6872365.307547137141228 ], [ 352623.539076311164536, 6872435.316535333171487 ], [ 352699.823175463592634, 6872517.353549002669752 ], [ 352743.19327552348841, 6872580.836847143247724 ], [ 352790.350112870335579, 6872610.671970149502158 ], [ 352812.882835980621167, 6872616.522635228931904 ], [ 352873.030597453471273, 6872627.477109225466847 ], [ 352894.006311650155112, 6872630.374083925038576 ] ] ] } },
{ "type": "Feature", "properties": { "codTrechoR": null, "concession": null, "nrFaixas": 0, "nome": null, "d_geometri": null, "d_tipoTrec": "Rodovia", "d_jurisdic": "Municipal", "d_administ": null, "d_revestim": "Desconhecido", "d_situacao": null, "d_trafego": null }, "geometry": { "type": "MultiLineString", "coordinates": [ [ [ 347131.916934915236197, 6869417.877423835918307 ], [ 347139.721879135700874, 6869432.202640329487622 ], [ 347152.261752879887354, 6869452.30185210891068 ], [ 347170.675112738623284, 6869483.458043048158288 ], [ 347293.917478717048652, 6869547.948609720915556 ], [ 347309.448010651220102, 6869555.416672317311168 ], [ 347411.653038551681675, 6869604.56235964782536 ], [ 347439.521581514622085, 6869682.085775200277567 ], [ 347531.318373306654394, 6869835.814664401113987 ], [ 347568.375573077239096, 6869897.87158935982734 ], [ 347600.399854703457095, 6869926.211185690946877 ], [ 347659.535572670050897, 6869978.54207132384181 ], [ 347755.76561668177601, 6870084.843423482961953 ], [ 347767.406495211645961, 6870108.962861410342157 ], [ 347781.855995058722328, 6870138.90129922889173 ], [ 347790.278375764261, 6870156.351866196841002 ], [ 347785.658409482275601, 6870201.37003081291914 ], [ 347777.969703570299316, 6870276.290177255868912 ], [ 347767.863176479469985, 6870297.869928933680058 ], [ 347732.828445370309055, 6870370.909772556275129 ], [ 347722.660431869211607, 6870399.258066097274423 ], [ 347704.131132263690233, 6870424.334578108042479 ], [ 347675.901128557743505, 6870441.375617459416389 ], [ 347639.269034479395486, 6870458.308732056990266 ], [ 347618.121844238659833, 6870469.112029325217009 ], [ 347601.193268982053269, 6870482.004295826889575 ], [ 347573.85744512884412, 6870534.993736438453197 ], [ 347553.866242866148241, 6870564.797803420573473 ], [ 347546.640777491033077, 6870582.108613912016153 ], [ 347543.453669311886188, 6870612.128726895898581 ], [ 347555.772051825828385, 6870634.437386805191636 ], [ 347587.613996534026228, 6870663.325532246381044 ], [ 347596.800406537717208, 6870675.505660371854901 ], [ 347606.893645914155059, 6870688.887980861589313 ], [ 347607.7857418844942, 6870728.453417712822556 ], [ 347595.917471272055991, 6870747.594628844410181 ], [ 347593.937987850280479, 6870787.410292415879667 ], [ 347587.599876462714747, 6870812.539509404450655 ], [ 347570.230790209025145, 6870881.403230329975486 ], [ 347572.675300552742556, 6870970.151615343987942 ], [ 347586.463172416435555, 6871096.110487909987569 ], [ 347618.484017074340954, 6871208.080894269049168 ], [ 347672.565218671341427, 6871262.552297670394182 ], [ 347741.083930640772451, 6871325.927358705550432 ], [ 347835.542333415651228, 6871441.243848811835051 ], [ 347857.570782925118692, 6871489.294665118679404 ], [ 347870.13310616009403, 6871556.930082970298827 ], [ 347880.873543028603308, 6871591.836045464500785 ], [ 347901.968711962224916, 6871641.192648371681571 ], [ 347935.733014697441831, 6871696.815052157267928 ], [ 347945.73931806627661, 6871723.234768090769649 ], [ 347971.151362140895799, 6871762.323310527950525 ], [ 348010.416438025422394, 6871813.455480991862714 ], [ 348056.643810659996234, 6871867.840929348021746 ], [ 348050.973215776728466, 6871982.474360078573227 ], [ 348049.960106591228396, 6872061.569012990221381 ], [ 348064.67699388845358, 6872115.550815708935261 ], [ 348085.919183836434968, 6872152.212293636053801 ], [ 348116.355991268879734, 6872181.8718052636832 ], [ 348185.927028409554623, 6872218.360785219818354 ], [ 348201.170437897671945, 6872223.076629491522908 ], [ 348231.272338883776683, 6872232.389188466593623 ], [ 348282.731172506464645, 6872242.667318116873503 ], [ 348294.838499041856267, 6872249.439314421266317 ], [ 348316.029876194021199, 6872255.08648145198822 ], [ 348339.939551423653029, 6872265.714696304872632 ], [ 348361.418458354542963, 6872276.335618356242776 ], [ 348391.647984228620771, 6872281.837070403620601 ], [ 348407.526530929026194, 6872288.588649952784181 ], [ 348451.978029731079005, 6872281.245776367373765 ], [ 348514.39387727342546, 6872260.399112548679113 ], [ 348621.177706514135934, 6872234.865588814020157 ], [ 348724.57507132331375, 6872255.170208409428596 ], [ 348742.944250459549949, 6872269.212446220219135 ], [ 348764.634972116386052, 6872285.793651863001287 ], [ 348785.613897139031906, 6872301.830704310908914 ], [ 348794.791511925286613, 6872324.254683118313551 ], [ 348816.011914066504687, 6872376.102919709868729 ], [ 348831.29732933442574, 6872454.298884909600019 ], [ 348835.337406673468649, 6872484.869427358731627 ], [ 348844.073526150779799, 6872550.972606115043163 ], [ 348855.227830946911126, 6872665.029185413382947 ], [ 348878.191563880885951, 6872731.771764909848571 ], [ 348912.581998269481119, 6872781.256226373836398 ], [ 348954.277686506626196, 6872807.10133149381727 ], [ 349017.103280447772704, 6872823.722344730049372 ], [ 349035.035620139213279, 6872822.630633409135044 ], [ 349081.591198601061478, 6872819.796284608542919 ], [ 349136.335237237042747, 6872810.9994942182675 ], [ 349191.159597446734551, 6872795.874912326224148 ], [ 349246.064191488723736, 6872774.422652104869485 ], [ 349291.196151076816022, 6872757.567602974362671 ], [ 349392.027013249695301, 6872752.543955406174064 ], [ 349485.893582585209515, 6872752.780145516619086 ], [ 349540.197142667020671, 6872759.813893899321556 ], [ 349555.30018883140292, 6872763.322650135494769 ], [ 349571.621445416705683, 6872773.21195369400084 ], [ 349608.563943582121283, 6872800.217537576332688 ], [ 349635.46753637411166, 6872824.096804577857256 ], [ 349659.293018448282965, 6872851.331397593021393 ], [ 349694.549247208167799, 6872868.547944966703653 ], [ 349725.93196152895689, 6872880.422386904247105 ], [ 349738.666826718952507, 6872884.416881719604135 ], [ 349754.64861794776516, 6872889.1670340038836 ], [ 349835.733738147537224, 6872900.94338484108448 ], [ 349943.420259824022651, 6872914.962663294747472 ], [ 350002.245680457912385, 6872915.706367801874876 ], [ 350069.414803974097595, 6872921.301687318831682 ], [ 350116.852169030695222, 6872920.841949880123138 ], [ 350134.916411601705477, 6872920.66682496946305 ] ] ] } },
{ "type": "Feature", "properties": { "codTrechoR": null, "concession": null, "nrFaixas": 0, "nome": null, "d_geometri": null, "d_tipoTrec": "Acesso", "d_jurisdic": "Municipal", "d_administ": null, "d_revestim": "Desconhecido", "d_situacao": null, "d_trafego": null }, "geometry": { "type": "MultiLineString", "coordinates": [ [ [ 346538.416160125692841, 6869639.284628487192094 ], [ 346239.832233198685572, 6869614.918077301234007 ], [ 346147.149834925192408, 6869604.717619705945253 ], [ 346082.073045702243689, 6869597.554961114190519 ], [ 345920.627968036977109, 6869576.593847821466625 ], [ 345889.996689596504439, 6869578.295664105564356 ], [ 345855.006227720761672, 6869570.400067951530218 ], [ 345813.70859408605611, 6869571.518673036247492 ], [ 345768.301866249006707, 6869591.467688608914614 ], [ 345709.449592189921532, 6869626.610609050840139 ], [ 345676.390113408269826, 6869651.927868757396936 ], [ 345633.593752043263521, 6869684.701438087970018 ], [ 345588.186937896127347, 6869704.650578623637557 ], [ 345518.092416347935796, 6869710.682186575606465 ], [ 345475.448240797035396, 6869706.975305650383234 ], [ 345429.394818954751827, 6869676.132618030533195 ], [ 345407.152635607752018, 6869657.972053008154035 ], [ 345371.469578944030218, 6869628.837051026523113 ], [ 345323.676361461926717, 6869601.080328809097409 ], [ 345298.404005114338361, 6869608.346335429698229 ], [ 345277.797036575851962, 6869617.977516180835664 ], [ 345219.163702696212567, 6869597.468897816725075 ], [ 345070.007141616661102, 6869472.120850021019578 ], [ 345048.631037019076757, 6869454.156502538360655 ], [ 345015.078735671413597, 6869427.107822327874601 ], [ 344996.117530261049978, 6869401.533205892890692 ], [ 344875.333250964002218, 6869389.046266834251583 ], [ 344752.70110022375593, 6869358.112988997250795 ], [ 344650.306706795818172, 6869271.421660880558193 ], [ 344635.991054789803457, 6869267.076708496548235 ], [ 344620.266615322441794, 6869225.967876952141523 ], [ 344619.119504022004548, 6869191.683328147977591 ], [ 344613.175300542905461, 6869151.731030935421586 ], [ 344608.455058770428877, 6869123.498291656374931 ], [ 344592.509518367529381, 6869088.838915163651109 ], [ 344575.834934026701376, 6869064.629705313593149 ], [ 344549.711267196922563, 6869028.60496156103909 ], [ 344517.799599386402406, 6868996.292006252333522 ], [ 344470.565191856818274, 6868989.183800481259823 ], [ 344433.226613928680308, 6869006.361763359047472 ], [ 344400.635055437567644, 6869023.77583028934896 ], [ 344384.520996505161747, 6869034.316894200630486 ], [ 344366.721024416852742, 6869046.560527110472322 ], [ 344344.757128261320759, 6869068.916969892568886 ], [ 344334.16288975009229, 6869079.700478224083781 ], [ 344302.559566569980234, 6869104.60026677697897 ], [ 344255.588726868387312, 6869126.661100157536566 ], [ 344209.132969753118232, 6869145.036693511530757 ], [ 344162.445992784982082, 6869145.477629395201802 ], [ 344132.748643260798417, 6869131.902141882106662 ], [ 344114.349964714841917, 6869111.091650390997529 ], [ 344110.831830647250172, 6869084.970555854961276 ], [ 344109.149739659042098, 6869067.613979746587574 ], [ 344097.871796607272699, 6869037.799579236656427 ], [ 344089.380834195355419, 6869017.91043643001467 ], [ 344072.182258637854829, 6868994.610503382980824 ], [ 344049.149658193869982, 6868971.233870664611459 ], [ 344024.697397379670292, 6868958.266924466006458 ] ] ] } },
{ "type": "Feature", "properties": { "codTrechoR": null, "concession": null, "nrFaixas": 0, "nome": null, "d_geometri": null, "d_tipoTrec": "Acesso", "d_jurisdic": "Municipal", "d_administ": null, "d_revestim": "Desconhecido", "d_situacao": null, "d_trafego": null }, "geometry": { "type": "MultiLineString", "coordinates": [ [ [ 344024.697397379670292, 6868958.266924466006458 ], [ 344001.744522040418815, 6868941.721691179089248 ], [ 343974.480758358316962, 6868929.496371615678072 ], [ 343951.214102907513734, 6868923.915923483669758 ] ] ] } },
{ "type": "Feature", "properties": { "codTrechoR": null, "concession": null, "nrFaixas": 0, "nome": null, "d_geometri": null, "d_tipoTrec": "Acesso", "d_jurisdic": "Municipal", "d_administ": null, "d_revestim": "Desconhecido", "d_situacao": null, "d_trafego": null }, "geometry": { "type": "MultiLineString", "coordinates": [ [ [ 366324.950131190242246, 6872536.638978397473693 ], [ 366287.908341959584504, 6872564.949536465108395 ], [ 366263.566691004903987, 6872585.057862529531121 ], [ 366232.874914405168965, 6872599.874581225216389 ], [ 366187.366519373608753, 6872613.632880582474172 ], [ 366155.616476663562935, 6872622.099639125168324 ], [ 366110.164060388109647, 6872631.671400040388107 ], [ 366065.657930045039393, 6872633.74123989790678 ], [ 366031.791251555318013, 6872643.266294281929731 ], [ 365996.866119466547389, 6872659.141294997185469 ], [ 365945.675144465989433, 6872688.81291427090764 ], [ 365830.707435512915254, 6872755.449864597991109 ], [ 365795.782368887914345, 6872762.858222289010882 ], [ 365748.157257153536193, 6872766.033198929391801 ], [ 365699.473840341321193, 6872775.558230494149029 ], [ 365666.665479613875505, 6872787.199889241717756 ], [ 365622.215345197124407, 6872809.424957800656557 ], [ 365599.990297419135459, 6872824.241685047745705 ], [ 365573.531922028865665, 6872844.35007584374398 ], [ 365528.023505681660026, 6872864.458404876291752 ], [ 365492.040162873570807, 6872875.041829850524664 ], [ 365413.317381892353296, 6872907.468062993139029 ] ] ] } },
{ "type": "Feature", "properties": { "codTrechoR": null, "concession": null, "nrFaixas": 0, "nome": null, "d_geometri": null, "d_tipoTrec": "Rodovia", "d_jurisdic": "Municipal", "d_administ": null, "d_revestim": "Desconhecido", "d_situacao": null, "d_trafego": null }, "geometry": { "type": "MultiLineString", "coordinates": [ [ [ 353494.876844785409048, 6870643.357811853289604 ], [ 353495.606827974552289, 6870618.696639222092927 ], [ 353491.962573236902244, 6870529.814748268574476 ], [ 353501.330376768833958, 6870314.841209951788187 ], [ 353497.943436979898252, 6870223.474606358446181 ], [ 353459.016801512101665, 6870102.584513463079929 ], [ 353401.653148760087788, 6869972.514818609692156 ], [ 353387.571119618194643, 6869918.907476875931025 ], [ 353384.346979251306038, 6869859.566843656823039 ], [ 353369.590755735698622, 6869721.44819132052362 ], [ 353373.066129104699939, 6869651.569975385442376 ], [ 353402.955500205163844, 6869502.380901112221181 ], [ 353402.534489235607907, 6869404.552892525680363 ], [ 353394.28897907526698, 6869384.316970573738217 ], [ 353426.159963391022757, 6869248.443720343522727 ], [ 353427.220771507010795, 6869014.552559642121196 ], [ 353423.625466588884592, 6868874.271708495914936 ], [ 353423.657831394346431, 6868740.779855711385608 ], [ 353442.030807065777481, 6868663.712481955066323 ], [ 353457.445477720233612, 6868619.541004365310073 ], [ 353498.566871043760329, 6868563.431303985416889 ], [ 353511.475929295527749, 6868516.491805571131408 ], [ 353527.920748144504614, 6868371.921181027777493 ], [ 353526.510871523816604, 6868267.435437866486609 ], [ 353567.397369625163265, 6868056.673463891260326 ], [ 353579.722630536416546, 6868048.034757668152452 ], [ 353645.57325256546028, 6868026.198857853189111 ], [ 353839.110039558028802, 6867988.247516952455044 ], [ 353869.296819347247947, 6867965.958861847408116 ], [ 353915.560969388985541, 6867912.749164561741054 ], [ 353948.484800787060522, 6867853.055210995487869 ], [ 353955.334224631078541, 6867841.241285650059581 ] ] ] } },
{ "type": "Feature", "properties": { "codTrechoR": null, "concession": null, "nrFaixas": 0, "nome": null, "d_geometri": null, "d_tipoTrec": "Rodovia", "d_jurisdic": "Municipal", "d_administ": null, "d_revestim": "Desconhecido", "d_situacao": null, "d_trafego": null }, "geometry": { "type": "MultiLineString", "coordinates": [ [ [ 354317.871646823070478, 6873785.369141902774572 ], [ 354346.594846574473195, 6873802.109058797359467 ], [ 354367.028241770691238, 6873811.325041709467769 ], [ 354475.991107237990946, 6873836.392904119566083 ], [ 354645.130021663033403, 6873850.171149360015988 ], [ 354853.19750194682274, 6873849.091574365273118 ], [ 355157.591522460337728, 6873851.524404956027865 ], [ 355195.24769561906578, 6873859.739053051918745 ], [ 355518.174360994249582, 6873936.048610082827508 ], [ 355603.371779660054017, 6873945.038811590522528 ], [ 355663.49149875115836, 6873948.025141540914774 ], [ 355754.682255116524175, 6873900.217087483033538 ], [ 355969.511625822982751, 6873853.79311190918088 ], [ 356066.087288566573989, 6873825.284712896682322 ], [ 356134.971324357087724, 6873779.541030721738935 ], [ 356308.820285907015204, 6873472.566353488713503 ], [ 356351.998010424780659, 6873433.475848603993654 ], [ 356462.756251895101741, 6873338.253346005454659 ], [ 356517.673014005413279, 6873291.038742015138268 ] ] ] } },
{ "type": "Feature", "properties": { "codTrechoR": null, "concession": null, "nrFaixas": 0, "nome": null, "d_geometri": null, "d_tipoTrec": "Rodovia", "d_jurisdic": "Municipal", "d_administ": null, "d_revestim": "Desconhecido", "d_situacao": null, "d_trafego": null }, "geometry": { "type": "MultiLineString", "coordinates": [ [ [ 350366.924837364756968, 6872721.402128033339977 ], [ 350456.253669163153972, 6872672.701144872233272 ], [ 350540.961653024423867, 6872631.248933034017682 ], [ 350585.499728605849668, 6872622.787437691353261 ], [ 350617.116313866572455, 6872617.836082652211189 ], [ 350670.794497165072244, 6872626.683522379957139 ], [ 350696.261867015156895, 6872633.662876726128161 ], [ 350714.64492816652637, 6872638.700823659077287 ], [ 350727.384210332180373, 6872639.957201856188476 ], [ 350746.707406121655367, 6872641.878293604589999 ], [ 350780.471818700665608, 6872644.385682098567486 ], [ 350802.918778254941572, 6872645.432154839858413 ], [ 350852.273375447373837, 6872639.759135912172496 ], [ 350926.102079087286256, 6872641.673535153269768 ], [ 350977.336085195012856, 6872657.531599981710315 ], [ 351019.083118662645575, 6872705.435497844591737 ], [ 351023.408676870632917, 6872761.636424535885453 ], [ 351025.038382172526326, 6872780.11403164640069 ], [ 351032.023458718729671, 6872828.98821660131216 ], [ 351039.733986736391671, 6872866.076094090938568 ], [ 351036.427384101611096, 6872886.016036590561271 ], [ 351066.014187745051458, 6872920.28953015524894 ], [ 351080.00933580059791, 6872936.501477185636759 ], [ 351104.084005868644454, 6872964.389370622113347 ], [ 351126.389756193209905, 6872965.883236171677709 ], [ 351190.178958412259817, 6872967.041142689064145 ], [ 351247.181259321048856, 6872970.498998458497226 ], [ 351323.492192810866982, 6872973.876465152949095 ], [ 351403.615414772357326, 6872983.965119667351246 ], [ 351490.302908870857209, 6872941.539292005822062 ], [ 351539.695415083842818, 6872930.962355786003172 ], [ 351586.492107969010249, 6872920.941087918356061 ], [ 351656.337495036539622, 6872938.081068499013782 ], [ 351712.628814504249021, 6873035.864341579377651 ], [ 351741.498562547785696, 6873117.331660086289048 ], [ 351766.476188712287694, 6873152.363397497683764 ], [ 351797.000212196202483, 6873175.949126694351435 ] ] ] } },
{ "type": "Feature", "properties": { "codTrechoR": null, "concession": null, "nrFaixas": 0, "nome": null, "d_geometri": null, "d_tipoTrec": "Rodovia", "d_jurisdic": "Municipal", "d_administ": null, "d_revestim": "Desconhecido", "d_situacao": null, "d_trafego": null }, "geometry": { "type": "MultiLineString", "coordinates": [ [ [ 352343.106920760881621, 6873005.800872188061476 ], [ 352357.996128834842239, 6872989.400364402681589 ], [ 352378.508366032270715, 6872956.35803372040391 ], [ 352388.000998463714495, 6872945.759598815813661 ], [ 352413.202003885293379, 6872905.70736289024353 ], [ 352439.739830671227537, 6872874.395052385516465 ], [ 352509.412196344288532, 6872828.852441243827343 ], [ 352541.499487970140763, 6872801.827838450670242 ], [ 352607.488596391282044, 6872752.019871529191732 ], [ 352645.643837645475287, 6872723.724610850214958 ], [ 352718.619751918071415, 6872686.661305139772594 ], [ 352741.582955227582715, 6872674.998512707650661 ], [ 352763.307145704049617, 6872663.964929550886154 ], [ 352827.234529634937644, 6872649.322569350712001 ], [ 352894.006311650155112, 6872630.374083925038576 ] ] ] } },
{ "type": "Feature", "properties": { "codTrechoR": null, "concession": null, "nrFaixas": 0, "nome": null, "d_geometri": null, "d_tipoTrec": "Rodovia", "d_jurisdic": "Municipal", "d_administ": null, "d_revestim": "Desconhecido", "d_situacao": null, "d_trafego": null }, "geometry": { "type": "MultiLineString", "coordinates": [ [ [ 373766.51092973491177, 6871948.725109633989632 ], [ 373624.337303006963339, 6871885.43040082231164 ], [ 373354.711130901006982, 6871865.683644784614444 ], [ 372921.065227093582507, 6871849.410506522282958 ], [ 372573.326827468874399, 6871827.36594464816153 ], [ 372324.753782491432503, 6871788.052612204104662 ], [ 371999.059811267419718, 6871705.264335597865283 ], [ 371721.215460901730694, 6871629.171291079372168 ] ] ] } },
{ "type": "Feature", "properties": { "codTrechoR": null, "concession": null, "nrFaixas": 0, "nome": null, "d_geometri": null, "d_tipoTrec": "Rodovia", "d_jurisdic": "Municipal", "d_administ": null, "d_revestim": "Desconhecido", "d_situacao": null, "d_trafego": null }, "geometry": { "type": "MultiLineString", "coordinates": [ [ [ 339543.886609950917773, 6881074.215890153311193 ], [ 339740.49680850491859, 6881308.100809317082167 ], [ 339856.9137674998492, 6881461.559467038139701 ], [ 339877.123415952431969, 6881468.296052635647357 ], [ 339950.96999187336769, 6881480.747688757255673 ], [ 340035.862908071023412, 6881492.436537759378552 ], [ 340079.725273394375108, 6881497.245047725737095 ], [ 340199.221226324501913, 6881507.28794919885695 ], [ 340444.924267788184807, 6881514.802431955933571 ], [ 340671.881913021265063, 6881526.280228938907385 ], [ 340892.143567449063994, 6881549.266877345740795 ], [ 341100.004639604245313, 6881591.070124823600054 ], [ 341161.509571944829077, 6881604.548294704407454 ], [ 341250.541953489533626, 6881656.365715870633721 ], [ 341560.82553934387397, 6881797.621146265417337 ], [ 341956.499879328068346, 6881984.302758099511266 ], [ 342010.237886010610964, 6882019.823802275583148 ], [ 342050.098900281824172, 6882044.612722215242684 ], [ 342106.027965586283244, 6882055.902242364361882 ], [ 342180.744749395526014, 6882060.057112039998174 ], [ 342248.961977963743266, 6882060.961005859076977 ], [ 342299.39618384942878, 6882063.738510799594223 ], [ 342340.359847012034152, 6882075.883626729249954 ], [ 342381.393381323781796, 6882082.755517875775695 ], [ 342401.840428495896049, 6882091.464323604479432 ], [ 342651.585610591748264, 6882147.506113110110164 ], [ 342941.432628705049865, 6882210.40004307217896 ], [ 343157.623625851410907, 6882259.659580552019179 ], [ 343426.120457271346822, 6882311.712474955245852 ], [ 343577.739665347209666, 6882353.003232353366911 ] ] ] } },
{ "type": "Feature", "properties": { "codTrechoR": null, "concession": null, "nrFaixas": 0, "nome": null, "d_geometri": null, "d_tipoTrec": "Rodovia", "d_jurisdic": "Municipal", "d_administ": null, "d_revestim": "Desconhecido", "d_situacao": null, "d_trafego": null }, "geometry": { "type": "MultiLineString", "coordinates": [ [ [ 343577.739665347209666, 6882353.003232353366911 ], [ 343613.317664508707821, 6882362.691885834559798 ], [ 343806.316974247689359, 6882398.977477328851819 ], [ 344156.738175629288889, 6882476.347435066476464 ], [ 344392.00443852157332, 6882529.896366326138377 ], [ 344467.231724147917703, 6882543.79278258047998 ] ] ] } },
{ "type": "Feature", "properties": { "codTrechoR": null, "concession": null, "nrFaixas": 0, "nome": null, "d_geometri": null, "d_tipoTrec": "Rodovia", "d_jurisdic": "Municipal", "d_administ": null, "d_revestim": "Desconhecido", "d_situacao": null, "d_trafego": null }, "geometry": { "type": "MultiLineString", "coordinates": [ [ [ 344467.231724147917703, 6882543.79278258047998 ], [ 344534.236774933873676, 6882556.169871289283037 ], [ 344694.074682129372377, 6882594.678606677800417 ], [ 344791.461654843471479, 6882613.317943505011499 ], [ 344872.984927200479433, 6882669.228045525029302 ], [ 344950.66106255853083, 6882733.525531984865665 ], [ 345078.245522666082252, 6882843.202548487111926 ], [ 345295.211241799988784, 6883017.110488191246986 ], [ 345387.059252932085656, 6883092.160091763362288 ], [ 345398.957506333186757, 6883102.6410400159657 ] ] ] } },
{ "type": "Feature", "properties": { "codTrechoR": null, "concession": null, "nrFaixas": 0, "nome": null, "d_geometri": null, "d_tipoTrec": "Rodovia", "d_jurisdic": "Municipal", "d_administ": null, "d_revestim": "Desconhecido", "d_situacao": null, "d_trafego": null }, "geometry": { "type": "MultiLineString", "coordinates": [ [ [ 349100.309439237578772, 6874680.019384881481528 ], [ 349138.066562275402248, 6874648.85626750998199 ], [ 349182.827554922434501, 6874617.782108845189214 ], [ 349213.245416506251786, 6874612.894634301774204 ], [ 349248.332591217360459, 6874608.066363448277116 ], [ 349290.457253084052354, 6874600.690371996723115 ], [ 349435.976210361346602, 6874541.887814812362194 ], [ 349511.086574836634099, 6874511.197167651727796 ], [ 349539.436551258899271, 6874485.187505025416613 ], [ 349565.552022277377546, 6874451.238769894465804 ], [ 349586.964687058411073, 6874419.867347707971931 ], [ 349627.187802050379105, 6874378.186498135328293 ], [ 349664.975925427803304, 6874344.385393752716482 ], [ 349700.784469466947485, 6874295.549917291849852 ] ] ] } },
{ "type": "Feature", "properties": { "codTrechoR": null, "concession": null, "nrFaixas": 0, "nome": null, "d_geometri": null, "d_tipoTrec": "Rodovia", "d_jurisdic": "Municipal", "d_administ": null, "d_revestim": "Desconhecido", "d_situacao": null, "d_trafego": null }, "geometry": { "type": "MultiLineString", "coordinates": [ [ [ 349700.784469466947485, 6874295.549917291849852 ], [ 349721.57890914438758, 6874265.144775660708547 ], [ 349744.761236741614994, 6874211.447983326390386 ], [ 349769.167976996395737, 6874164.820159627124667 ], [ 349784.59633353294339, 6874126.516780061647296 ], [ 349810.303494195104577, 6874050.899490037932992 ], [ 349836.684039150772151, 6873958.941892987117171 ], [ 349899.455649147566874, 6873758.804583467543125 ], [ 350004.777974717260804, 6873443.181519544683397 ], [ 350015.822911999421194, 6873419.06173088029027 ], [ 350023.959930664510466, 6873403.343161327764392 ], [ 350026.429859126568772, 6873376.159025371074677 ], [ 350009.490768165444024, 6873245.994732304476202 ], [ 349977.957043404341675, 6872951.40353318862617 ], [ 350015.908716052421369, 6872952.179142879322171 ], [ 350045.783252890571021, 6872951.534488601610065 ], [ 350089.464629118680023, 6872937.839053193107247 ], [ 350113.244113078922965, 6872935.478000016883016 ], [ 350134.916411601705477, 6872920.66682496946305 ] ] ] } },
{ "type": "Feature", "properties": { "codTrechoR": null, "concession": null, "nrFaixas": 0, "nome": null, "d_geometri": null, "d_tipoTrec": "Rodovia", "d_jurisdic": "Municipal", "d_administ": null, "d_revestim": "Desconhecido", "d_situacao": null, "d_trafego": null }, "geometry": { "type": "MultiLineString", "coordinates": [ [ [ 349100.309439237578772, 6874680.019384881481528 ], [ 349095.004087598528713, 6874667.269928980618715 ], [ 349095.55331075261347, 6874649.071532938629389 ], [ 349090.972084023000207, 6874623.699107150547206 ], [ 349075.11405204620678, 6874603.720767403021455 ], [ 349053.176985981175676, 6874593.553637186065316 ], [ 349028.372932265105192, 6874588.491803996264935 ], [ 348994.068295844248496, 6874586.869060158729553 ], [ 348964.855643840623088, 6874597.967985763214529 ], [ 348945.209066839655861, 6874600.486896342597902 ], [ 348920.15548004466109, 6874587.511048072949052 ], [ 348905.522477447986603, 6874581.391816733404994 ], [ 348892.300385371490847, 6874574.499382240697742 ], [ 348867.256973183131777, 6874560.732516788877547 ], [ 348848.832233735127375, 6874549.818558877333999 ], [ 348829.001666504947934, 6874539.282186867669225 ], [ 348800.285169182461686, 6874538.916558956727386 ], [ 348762.843946835258976, 6874536.066543622873724 ], [ 348741.18186095636338, 6874531.835254540666938 ], [ 348712.470410645706579, 6874531.073963135480881 ], [ 348693.219501879008021, 6874530.037532459944487 ], [ 348667.994946959777735, 6874530.507219277322292 ], [ 348643.440604860894382, 6874533.358483323827386 ], [ 348613.197225515265018, 6874542.861359684728086 ], [ 348584.420181670458987, 6874547.240836517885327 ], [ 348559.515591236588079, 6874550.08757481444627 ], [ 348532.499604051699862, 6874553.698358366265893 ], [ 348499.774414898362011, 6874565.542495667003095 ], [ 348474.718361335690133, 6874580.253127926960588 ], [ 348448.626736031495966, 6874593.763838179409504 ], [ 348424.311211394378915, 6874605.319591261446476 ], [ 348395.879154694499448, 6874610.098653422668576 ], [ 348370.93386919319164, 6874616.108718260191381 ], [ 348335.979178560781293, 6874610.520290241576731 ], [ 348314.007291751913726, 6874603.120033111423254 ], [ 348275.011947637132835, 6874584.822651967406273 ], [ 348260.480307351564988, 6874570.793264215812087 ], [ 348238.274505921988748, 6874554.292463546618819 ], [ 348216.749008017592132, 6874539.382486028596759 ], [ 348184.032306352397427, 6874523.142729178071022 ], [ 348148.463561405194923, 6874510.821780705824494 ], [ 348119.802702887507621, 6874506.104322072118521 ], [ 348084.117692297208123, 6874502.879101505503058 ], [ 348055.726081810309552, 6874504.493514621630311 ], [ 348031.831446086405776, 6874510.516310349106789 ], [ 348009.271804411779158, 6874521.698074800893664 ], [ 347986.961043014191091, 6874540.793855746276677 ], [ 347957.123790265293792, 6874573.241433242335916 ], [ 347913.699282360961661, 6874599.977372258901596 ], [ 347869.163217944093049, 6874631.445335973985493 ], [ 347836.635211353830528, 6874655.156369453296065 ], [ 347805.578980479564052, 6874673.348625865764916 ], [ 347765.4526665272424, 6874688.655807821080089 ], [ 347718.408299710135907, 6874697.149926377460361 ], [ 347694.619591183436569, 6874694.867147317156196 ], [ 347657.228675973485224, 6874688.058923028409481 ], [ 347624.278658195515163, 6874662.717293578200042 ], [ 347604.002244856266771, 6874659.688364181667566 ], [ 347578.092095774249174, 6874658.960186396725476 ], [ 347564.39349377877079, 6874661.948699574917555 ], [ 347554.470890004711691, 6874670.918643988668919 ], [ 347543.035817119060084, 6874688.571082231588662 ], [ 347530.890179297653958, 6874707.005420874804258 ], [ 347509.644074151467066, 6874724.927373916842043 ], [ 347470.725288943445776, 6874727.987414815463126 ], [ 347458.326068674272392, 6874711.611072740517557 ], [ 347444.216488701931667, 6874692.048386698588729 ], [ 347430.518115891609341, 6874667.744651247747242 ], [ 347410.046533280517906, 6874652.648896199651062 ], [ 347295.627655049611349, 6874670.757208061404526 ], [ 347161.324408088170458, 6874709.769867960363626 ], [ 347118.390215363935567, 6874725.434186905622482 ], [ 347095.4943061521044, 6874735.42340518347919 ], [ 347070.796278540510684, 6874749.34477003198117 ], [ 347055.208838487858884, 6874762.987911144271493 ], [ 347042.727339720819145, 6874780.230808030813932 ], [ 347031.549881056067534, 6874805.005878076888621 ], [ 347031.305362951883581, 6874823.988566346466541 ], [ 347051.860952544084284, 6874832.559636668302119 ], [ 347081.71940790960798, 6874853.116650780662894 ], [ 347101.457486459636129, 6874870.774445495568216 ], [ 347114.983370061789174, 6874881.232587123289704 ], [ 347132.077697185508441, 6874886.594589244574308 ], [ 347156.516239671676885, 6874892.842234963551164 ], [ 347185.137081476335879, 6874900.725825985893607 ], [ 347211.301308397902176, 6874908.973257599398494 ], [ 347238.902058042702265, 6874914.470266686752439 ], [ 347261.14797670696862, 6874927.809235851280391 ], [ 347297.653403605159838, 6874945.625465167686343 ], [ 347321.875602497777436, 6874978.601553669199347 ] ] ] } },
{ "type": "Feature", "properties": { "codTrechoR": null, "concession": null, "nrFaixas": 0, "nome": null, "d_geometri": null, "d_tipoTrec": "Rodovia", "d_jurisdic": "Municipal", "d_administ": null, "d_revestim": "Desconhecido", "d_situacao": null, "d_trafego": null }, "geometry": { "type": "MultiLineString", "coordinates": [ [ [ 349100.309439237578772, 6874680.019384881481528 ], [ 349176.667311058554333, 6874762.651307402178645 ], [ 349229.893390142009594, 6874810.915246833115816 ], [ 349297.113437338033691, 6874896.149101987481117 ], [ 349333.516756986209657, 6874948.689737000502646 ], [ 349377.495885668438859, 6875002.315049838274717 ], [ 349412.332686484558508, 6875040.332542045041919 ], [ 349445.294021219247952, 6875065.141681775450706 ], [ 349472.535364377545193, 6875080.649115456268191 ], [ 349507.698520681355149, 6875092.96077830158174 ], [ 349543.48712411307497, 6875101.984170229174197 ], [ 349629.485746831865981, 6875133.727132096886635 ], [ 349688.405587366723921, 6875160.18259179033339 ], [ 349717.698792764451355, 6875175.056248989887536 ], [ 349762.889529001549818, 6875202.326426882296801 ], [ 349909.186374754237477, 6875290.204501798376441 ], [ 349969.558955462998711, 6875340.408870140090585 ], [ 350005.653395652538165, 6875371.51859893463552 ], [ 350031.537437989376485, 6875402.169611160643399 ], [ 350051.717509691719897, 6875422.200953152030706 ], [ 350074.328297056024894, 6875434.681951114907861 ], [ 350098.75670974078821, 6875441.912098335102201 ], [ 350124.064972566557117, 6875448.82372110709548 ], [ 350145.237357170903124, 6875459.638334361836314 ], [ 350168.3737547659548, 6875476.74036720674485 ], [ 350189.071422009146772, 6875502.051834129728377 ], [ 350269.083486366434954, 6875620.896683817729354 ], [ 350333.790769301354885, 6875721.303160201758146 ] ] ] } },
{ "type": "Feature", "properties": { "codTrechoR": null, "concession": null, "nrFaixas": 0, "nome": null, "d_geometri": null, "d_tipoTrec": "Rodovia", "d_jurisdic": "Municipal", "d_administ": null, "d_revestim": "Desconhecido", "d_situacao": null, "d_trafego": null }, "geometry": { "type": "MultiLineString", "coordinates": [ [ [ 375646.640253172954544, 6875508.246022060513496 ], [ 375653.165450551954564, 6875489.514132817275822 ], [ 375666.151274518168066, 6875459.728402640670538 ], [ 375677.423823504417669, 6875433.872309939935803 ], [ 375683.96735452581197, 6875411.002470070496202 ], [ 375688.310381763789337, 6875397.601257799193263 ], [ 375692.835603044077288, 6875366.800496938638389 ], [ 375693.74288920359686, 6875347.035622669383883 ], [ 375690.875876933452673, 6875321.015458223409951 ], [ 375680.843501437455416, 6875282.587666098028421 ], [ 375671.014373939367943, 6875243.179579816758633 ], [ 375638.911776566121262, 6875098.094560076482594 ], [ 375635.29252149630338, 6875074.293008010834455 ] ], [ [ 375633.397122561582364, 6875045.966716937720776 ], [ 375632.313848167366814, 6875026.403151 ], [ 375637.10412089608144, 6875003.158283809199929 ], [ 375644.299653449503239, 6874985.855770202353597 ], [ 375645.695722812903114, 6874983.037889012135565 ] ], [ [ 375666.664162768633105, 6874940.714195486158133 ], [ 375675.017142179014627, 6874923.854056211188436 ], [ 375694.73437220096821, 6874884.055623464286327 ], [ 375813.56718585791532, 6874683.863348379731178 ], [ 375825.159160953306127, 6874665.200942989438772 ] ], [ [ 375858.837130118743517, 6874610.980990909971297 ], [ 375883.858406502811704, 6874570.697541112080216 ], [ 375944.273962372797541, 6874523.717691998928785 ], [ 375970.417218924034387, 6874498.662294713780284 ] ] ] } },
{ "type": "Feature", "properties": { "codTrechoR": null, "concession": null, "nrFaixas": 0, "nome": null, "d_geometri": null, "d_tipoTrec": "Rodovia", "d_jurisdic": "Municipal", "d_administ": null, "d_revestim": "Desconhecido", "d_situacao": null, "d_trafego": null }, "geometry": { "type": "MultiLineString", "coordinates": [ [ [ 375393.869032189133577, 6875954.737444510683417 ], [ 375328.488030644482933, 6876051.98120672442019 ], [ 375311.625409772153944, 6876077.38269017636776 ] ], [ [ 375249.688499006559141, 6876170.68200271204114 ], [ 374894.612447463034187, 6876705.521282121539116 ], [ 374845.726120531791821, 6876785.991458624601364 ] ], [ [ 374808.202967240591533, 6876821.143111007288098 ], [ 374789.305940736958291, 6876831.98943255096674 ] ] ] } },
{ "type": "Feature", "properties": { "codTrechoR": null, "concession": null, "nrFaixas": 0, "nome": null, "d_geometri": null, "d_tipoTrec": "Rodovia", "d_jurisdic": "Municipal", "d_administ": null, "d_revestim": "Desconhecido", "d_situacao": null, "d_trafego": null }, "geometry": { "type": "MultiLineString", "coordinates": [ [ [ 346756.656172314484138, 6876408.492891358211637 ], [ 346762.740184724098071, 6876429.196646117605269 ], [ 346780.498245756956749, 6876507.211626175791025 ], [ 346786.630747569724917, 6876529.704511871561408 ], [ 346789.269235178828239, 6876551.493075517006218 ], [ 346790.748619099031202, 6876572.607535231858492 ], [ 346789.334565039374866, 6876591.706993773579597 ], [ 346777.987953237490728, 6876611.337657555937767 ], [ 346766.743294835556298, 6876623.058842948637903 ], [ 346753.129475581925362, 6876637.386321317404509 ], [ 346734.244620769866742, 6876652.964343416504562 ], [ 346705.375995183130726, 6876673.028107466176152 ], [ 346675.914953421917744, 6876693.743432419374585 ], [ 346650.531803557707462, 6876715.170469615608454 ], [ 346610.266472381772473, 6876752.113255021162331 ], [ 346609.869224346010014, 6876796.860643897205591 ], [ 346604.811795603716746, 6876819.398140996694565 ], [ 346603.896285214636009, 6876845.096273913048208 ], [ 346603.006197428330779, 6876868.817148162052035 ], [ 346603.722856377426069, 6876903.765671627596021 ], [ 346606.369650389882736, 6876924.895117152482271 ], [ 346614.372568444930948, 6876938.183011937886477 ], [ 346625.226388395763934, 6876956.781621977686882 ], [ 346628.972748579108156, 6876983.199178343638778 ], [ 346626.424896890996024, 6876999.647028226405382 ], [ 346626.707044823793694, 6877015.646781038492918 ], [ 346625.889043834060431, 6877041.171623392030597 ], [ 346624.575276655494235, 6877061.750924851745367 ], [ 346615.496690332889557, 6877077.295202127657831 ], [ 346599.419363131280988, 6877101.479225680232048 ], [ 346589.814896633673925, 6877121.791495779529214 ], [ 346576.072704098478425, 6877146.005631949752569 ], [ 346565.875822335539851, 6877166.969397219829261 ], [ 346534.964946704392787, 6877209.420280115678906 ], [ 346486.667309230193496, 6877241.758180363103747 ], [ 346157.5946817646618, 6877402.970688596367836 ] ] ] } },
{ "type": "Feature", "properties": { "codTrechoR": null, "concession": null, "nrFaixas": 0, "nome": null, "d_geometri": null, "d_tipoTrec": "Rodovia", "d_jurisdic": "Municipal", "d_administ": null, "d_revestim": "Desconhecido", "d_situacao": null, "d_trafego": null }, "geometry": { "type": "MultiLineString", "coordinates": [ [ [ 346157.5946817646618, 6877402.970688596367836 ], [ 346204.672399686067365, 6877484.720839275047183 ], [ 346281.521004108479246, 6877618.164861051365733 ], [ 346293.636383005767129, 6877629.528430418111384 ], [ 346302.77312771580182, 6877645.468141365796328 ], [ 346316.588915355387144, 6877660.809062794782221 ], [ 346331.538384232728276, 6877678.801475686952472 ], [ 346347.26375707302941, 6877727.128619644790888 ], [ 346360.112626373535022, 6877772.12232393398881 ], [ 346399.545490588643588, 6877838.554880626499653 ], [ 346491.500558483356144, 6877997.957815313711762 ], [ 346532.510991266230121, 6878032.767194171436131 ], [ 346597.161754194414243, 6878090.954497963190079 ], [ 346598.108421620680019, 6878108.106685383245349 ], [ 346602.044969003414735, 6878210.338036797940731 ], [ 346638.978051900863647, 6878244.435109121724963 ], [ 346784.183778978709597, 6878350.46514915022999 ], [ 346852.637815290654544, 6878385.626855066046119 ], [ 346968.188603438611608, 6878482.043301707133651 ], [ 346950.420916225819383, 6878682.879196438007057 ], [ 346924.2734861485078, 6878944.915419609285891 ], [ 346899.291669268743135, 6879252.453262805938721 ], [ 346877.265470436774194, 6879466.418705654330552 ], [ 346872.346599267621059, 6879530.959689063020051 ], [ 346884.690875153522938, 6879615.499616605229676 ], [ 346886.373430303530768, 6879666.281745512038469 ], [ 346880.268466725945473, 6879777.612658005207777 ], [ 346880.327749634219799, 6879799.805706828832626 ], [ 346880.469293044880033, 6879852.767094878479838 ], [ 346879.121913554670755, 6879912.080223704688251 ], [ 346889.807392966933548, 6879999.206423837691545 ], [ 346900.112222605559509, 6880035.292201647534966 ], [ 346934.680714689311571, 6880072.126295739784837 ], [ 346983.426891469745897, 6880096.485353942960501 ], [ 347019.580348165356554, 6880119.100252428092062 ], [ 347046.06590012734523, 6880130.51569227874279 ], [ 347068.12357234780211, 6880159.2777996994555 ], [ 347114.900773825822398, 6880226.917530985549092 ], [ 347128.560003898281138, 6880254.780570834875107 ], [ 347129.423058163025416, 6880278.523737709969282 ], [ 347125.631434901384637, 6880300.888800760731101 ], [ 347118.386864395113662, 6880319.254027280956507 ], [ 347108.755697455257177, 6880341.543953080661595 ], [ 347101.443330823327415, 6880365.182194164022803 ], [ 347098.802591405867133, 6880388.880344534292817 ], [ 347095.061703492188826, 6880407.290575869381428 ], [ 347085.679876895737834, 6880441.473168427124619 ] ] ] } },
{ "type": "Feature", "properties": { "codTrechoR": null, "concession": null, "nrFaixas": 0, "nome": null, "d_geometri": null, "d_tipoTrec": "Rodovia", "d_jurisdic": "Municipal", "d_administ": null, "d_revestim": "Desconhecido", "d_situacao": null, "d_trafego": null }, "geometry": { "type": "MultiLineString", "coordinates": [ [ [ 370490.524282980826683, 6875549.027384683489799 ], [ 370582.437117594643496, 6875635.999156491830945 ], [ 370756.343064752523787, 6875769.193119579926133 ], [ 370899.295667762227822, 6875873.539116482250392 ], [ 370999.345799524453469, 6875987.088370661251247 ], [ 371026.612944922642782, 6876038.747463372536004 ], [ 371060.925161603488959, 6876104.508486373350024 ], [ 371108.390749330981635, 6876206.270382098853588 ], [ 371141.417490224761423, 6876261.470671884715557 ], [ 371174.633107949979603, 6876299.271151788532734 ], [ 371216.744259190396406, 6876335.058494459837675 ], [ 371275.797954240639228, 6876358.90085429046303 ], [ 371308.952355106244795, 6876365.132490519434214 ], [ 371456.622169508598745, 6876386.359066502191126 ], [ 371587.855763770174235, 6876396.942349986173213 ], [ 371647.806686005787924, 6876398.245985558256507 ], [ 371952.017032705014572, 6876375.404695818200707 ], [ 372139.735127611027565, 6876350.548167446628213 ], [ 372281.804474212694913, 6876315.320385213941336 ], [ 372297.381571028730832, 6876311.841141063719988 ], [ 372391.17271629255265, 6876282.209891410544515 ], [ 372475.464018580969423, 6876260.967364055104554 ], [ 372542.825654414831661, 6876250.616306124255061 ], [ 372591.890775356325321, 6876247.978673323988914 ], [ 372656.204551246191841, 6876260.532877827994525 ], [ 372745.674824031244498, 6876295.342153548263013 ], [ 372785.891553291585296, 6876318.625625612214208 ], [ 372817.641566885286011, 6876339.792325504124165 ], [ 372838.808309494983405, 6876358.842277033254504 ], [ 372866.325038048322313, 6876390.592390203848481 ], [ 372896.671821531490423, 6876424.732568522915244 ], [ 372945.110601531865541, 6876471.89251640252769 ], [ 372989.257817788864486, 6876494.274527022615075 ], [ 373022.845996163669042, 6876497.7973866853863 ], [ 373046.037363442592323, 6876500.025318638421595 ], [ 373070.789555942872539, 6876500.659295214340091 ], [ 373133.34526280045975, 6876502.819051505997777 ], [ 373269.062311546411365, 6876504.748889601789415 ] ] ] } },
{ "type": "Feature", "properties": { "codTrechoR": null, "concession": null, "nrFaixas": 0, "nome": null, "d_geometri": null, "d_tipoTrec": "Rodovia", "d_jurisdic": "Municipal", "d_administ": null, "d_revestim": "Desconhecido", "d_situacao": null, "d_trafego": null }, "geometry": { "type": "MultiLineString", "coordinates": [ [ [ 350342.156466580578126, 6875731.747354372404516 ], [ 350351.442894393228926, 6875722.282986450009048 ], [ 350393.194844194920734, 6875670.47757388651371 ], [ 350404.221373264677823, 6875657.1684102518484 ], [ 350410.344609485589899, 6875643.797381827607751 ], [ 350418.248968400468584, 6875628.075604341924191 ], [ 350432.087181720766239, 6875614.010801617056131 ], [ 350447.962102857185528, 6875605.113374987617135 ], [ 350463.576300272368826, 6875589.093123287893832 ], [ 350478.589592272532173, 6875565.154745455831289 ], [ 350487.234054563043173, 6875546.277938263490796 ], [ 350490.935448009055108, 6875530.503327866084874 ], [ 350504.841340156504884, 6875483.21453080419451 ], [ 350505.665041429223493, 6875463.430640628561378 ], [ 350515.216640627942979, 6875424.213117450475693 ], [ 350505.841769399819896, 6875403.72517167776823 ], [ 350492.647767243441194, 6875394.461918736808002 ], [ 350470.209255116642453, 6875368.272128634154797 ], [ 350463.185663323267363, 6875341.88085862621665 ], [ 350468.332764998427592, 6875322.564524739980698 ], [ 350477.211886140867136, 6875298.944442305713892 ], [ 350491.684539005742408, 6875276.185786602087319 ], [ 350503.726477497257292, 6875265.657906707376242 ], [ 350515.082824261276983, 6875253.934965776279569 ], [ 350527.139649436285254, 6875242.220719669945538 ], [ 350555.346251691225916, 6875227.54548236168921 ], [ 350575.443070704001002, 6875217.118883410468698 ], [ 350591.011839282000437, 6875204.657739264890552 ], [ 350639.84429777006153, 6875165.323269009590149 ], [ 350664.553369107365143, 6875150.208294047042727 ], [ 350684.729505540803075, 6875133.454020131379366 ], [ 350709.649157688138075, 6875110.336093736812472 ], [ 350730.764562418451533, 6875093.688526118174195 ], [ 350754.087492685997859, 6875077.369314927607775 ], [ 350766.918732643011026, 6875059.731590765528381 ], [ 350772.385621166671626, 6875042.792454148642719 ], [ 350781.419226194848306, 6875020.756163472309709 ], [ 350777.609258209646214, 6874989.461315186694264 ], [ 350768.911244297283702, 6874956.918399995192885 ], [ 350759.083095312002115, 6874930.689881777390838 ], [ 350749.476059645297937, 6874914.747845214791596 ], [ 350737.467229184461758, 6874894.820285610854626 ], [ 350722.594960712711327, 6874851.916000559926033 ], [ 350716.254177781986073, 6874826.91780099645257 ], [ 350714.451240925642196, 6874803.163174127228558 ], [ 350711.533024458854925, 6874784.536494893953204 ], [ 350702.676273179706186, 6874764.648622587323189 ], [ 350679.329774197191, 6874727.175084866583347 ], [ 350662.197612741379999, 6874696.899169834330678 ], [ 350646.421509679639712, 6874670.200098226778209 ], [ 350634.663814260624349, 6874658.186332773417234 ], [ 350609.638409902225249, 6874642.841225286945701 ], [ 350595.759683864656836, 6874632.382776325568557 ], [ 350573.79940374585567, 6874554.384511502459645 ], [ 350566.219221838400699, 6874502.672110869549215 ], [ 350560.239133672555909, 6874476.887193636968732 ], [ 350552.828499981027562, 6874453.457553536631167 ], [ 350543.572338527941611, 6874437.519719106145203 ], [ 350535.076293618185446, 6874416.845089387148619 ], [ 350533.514488400076516, 6874401.795231623575091 ], [ 350537.99069114192389, 6874380.097248855978251 ], [ 350555.655878009973094, 6874361.418076332658529 ] ] ] } },
{ "type": "Feature", "properties": { "codTrechoR": null, "concession": null, "nrFaixas": 0, "nome": null, "d_geometri": null, "d_tipoTrec": "Rodovia", "d_jurisdic": "Municipal", "d_administ": null, "d_revestim": "Desconhecido", "d_situacao": null, "d_trafego": null }, "geometry": { "type": "MultiLineString", "coordinates": [ [ [ 373269.062311546411365, 6876504.748889601789415 ], [ 373287.137926384923048, 6876522.134273147210479 ], [ 373330.554964865674265, 6876573.433602595701814 ], [ 373347.46761181607144, 6876603.694347035139799 ], [ 373360.093941982253455, 6876647.403023674152792 ], [ 373388.960032267903443, 6876729.657422183081508 ], [ 373410.357931023696437, 6876778.194925632327795 ], [ 373449.599738062126562, 6876836.804181385785341 ], [ 373469.888798496453092, 6876861.27698034979403 ], [ 373483.814221013744827, 6876869.33508446905762 ], [ 373514.651319025375415, 6876883.41370486561209 ], [ 373534.592941390932538, 6876890.810435080900788 ], [ 373564.572285226662643, 6876904.107024626806378 ], [ 373588.804582648677751, 6876920.764344850555062 ], [ 373610.329507642949466, 6876940.129528398625553 ], [ 373622.37774274754338, 6876960.032256562262774 ], [ 373624.460426702455152, 6876983.783812385052443 ], [ 373624.595934264187235, 6877033.301420162431896 ], [ 373619.861293311463669, 6877085.420730371028185 ], [ 373547.322947252192535, 6877538.145503621548414 ], [ 373518.730599081027322, 6877701.310884140431881 ], [ 373521.167413408460561, 6877801.527792339213192 ], [ 373536.37741862249095, 6877908.472129285335541 ], [ 373559.480518785072491, 6878041.866392018273473 ], [ 373610.274772419710644, 6878316.61312123015523 ], [ 373616.24816085502971, 6878352.28756046295166 ], [ 373641.127770967432298, 6878500.870700478553772 ], [ 373635.132427964184899, 6878561.245709051378071 ], [ 373615.791868233995046, 6878623.000264285132289 ], [ 373569.160876473644748, 6878725.332066322676837 ], [ 373556.446263142221142, 6878743.057147439569235 ], [ 373518.614248282450717, 6878810.001368395984173 ], [ 373491.099116651515942, 6878871.668919309973717 ], [ 373476.343905480345711, 6878941.381878705695271 ], [ 373475.332379618193954, 6879036.466615068726242 ], [ 373469.241068724659272, 6879389.528478467836976 ], [ 373463.195525896560866, 6879464.073912061750889 ], [ 373456.144520174129866, 6879551.016210639849305 ], [ 373432.61223800200969, 6879639.997633439488709 ], [ 373420.002724025689531, 6879672.004473921842873 ], [ 373402.717104821465909, 6879705.168005511164665 ], [ 373352.619323713006452, 6879764.234695246443152 ] ] ] } },
{ "type": "Feature", "properties": { "codTrechoR": null, "concession": null, "nrFaixas": 0, "nome": null, "d_geometri": null, "d_tipoTrec": "Rodovia", "d_jurisdic": "Municipal", "d_administ": null, "d_revestim": "Desconhecido", "d_situacao": null, "d_trafego": null }, "geometry": { "type": "MultiLineString", "coordinates": [ [ [ 374675.858647873159498, 6876842.585404178127646 ], [ 374624.052370766527019, 6876826.839175852015615 ], [ 374543.345391634153202, 6876801.424942050129175 ], [ 374530.489275674452074, 6876797.376522030681372 ], [ 374464.945552473305725, 6876768.20902412571013 ], [ 374411.109798524295911, 6876749.899832462891936 ], [ 374395.782134621462319, 6876739.224724533967674 ], [ 374310.899865001440048, 6876729.753458647057414 ], [ 374256.718706882849801, 6876726.518797032535076 ], [ 374124.80066717491718, 6876721.137783145532012 ] ], [ [ 373487.631726105231792, 6876621.857205905020237 ], [ 373387.523252483340912, 6876557.672554231248796 ], [ 373312.379360305785667, 6876509.412615701556206 ], [ 373269.062311546411365, 6876504.748889601789415 ] ] ] } },
{ "type": "Feature", "properties": { "codTrechoR": null, "concession": null, "nrFaixas": 0, "nome": null, "d_geometri": null, "d_tipoTrec": "Rodovia", "d_jurisdic": "Municipal", "d_administ": null, "d_revestim": "Desconhecido", "d_situacao": null, "d_trafego": null }, "geometry": { "type": "MultiLineString", "coordinates": [ [ [ 372526.590647366130725, 6880050.9880440402776 ], [ 372504.157913387811277, 6880055.946719630621374 ], [ 372489.017746029014233, 6880063.516916153021157 ], [ 372449.478013400104828, 6880083.286905188113451 ], [ 372399.382689916295931, 6880108.334333227947354 ], [ 372294.371201928297523, 6880214.586248956620693 ], [ 372218.951094833086245, 6880297.384126581251621 ], [ 372107.282103676057886, 6880443.297556454315782 ], [ 372072.357020933472086, 6880516.322638433426619 ], [ 372017.151903449615929, 6880720.567781214602292 ], [ 371981.541577509138733, 6880846.668752345256507 ] ] ] } },
{ "type": "Feature", "properties": { "codTrechoR": null, "concession": null, "nrFaixas": 0, "nome": null, "d_geometri": null, "d_tipoTrec": "Rodovia", "d_jurisdic": "Municipal", "d_administ": null, "d_revestim": "Desconhecido", "d_situacao": null, "d_trafego": null }, "geometry": { "type": "MultiLineString", "coordinates": [ [ [ 353419.802276522503234, 6879993.292614603415132 ], [ 353389.42532593262149, 6879899.533264562487602 ], [ 353373.052055717329495, 6879853.846231544390321 ], [ 353349.688047225063201, 6879815.587777890264988 ], [ 353331.392683004203718, 6879783.720355620607734 ], [ 353275.427774388692342, 6879719.482855470851064 ], [ 353238.48824380687438, 6879684.089199213311076 ], [ 353217.621890978596639, 6879671.306877814233303 ], [ 353198.024075002176687, 6879659.264797892421484 ], [ 353176.432688833156135, 6879649.044722931459546 ], [ 353140.045064555248246, 6879616.294415069743991 ], [ 353105.530912614951376, 6879557.263750076293945 ], [ 353093.127763868658803, 6879535.657988885417581 ], [ 353059.691857214435004, 6879463.948009275831282 ], [ 353025.374427314731292, 6879405.513680627569556 ], [ 352993.816524613066576, 6879312.834595775231719 ], [ 352992.395718572195619, 6879251.238778344355524 ], [ 352974.254922524618451, 6879159.500561372376978 ], [ 352933.657063009799458, 6879077.412582442164421 ], [ 352820.162211690854747, 6878999.54055270832032 ], [ 352771.769089232315309, 6878946.204890314489603 ], [ 352753.868397264741361, 6878882.69913318566978 ], [ 352766.427171788760461, 6878811.659914337098598 ], [ 352809.477278427570127, 6878730.450901267118752 ], [ 352621.219600418466143, 6878654.287813046015799 ], [ 352350.083114146254957, 6878198.705782487988472 ] ] ] } },
{ "type": "Feature", "properties": { "codTrechoR": null, "concession": null, "nrFaixas": 0, "nome": null, "d_geometri": null, "d_tipoTrec": "Rodovia", "d_jurisdic": "Municipal", "d_administ": null, "d_revestim": "Desconhecido", "d_situacao": null, "d_trafego": null }, "geometry": { "type": "MultiLineString", "coordinates": [ [ [ 364657.415996315772645, 6881459.878350922837853 ], [ 364512.600789990217891, 6881501.884081444703043 ], [ 364487.729029697889928, 6881510.731560985557735 ] ] ] } },
{ "type": "Feature", "properties": { "codTrechoR": null, "concession": null, "nrFaixas": 0, "nome": null, "d_geometri": null, "d_tipoTrec": "Acesso", "d_jurisdic": "Municipal", "d_administ": null, "d_revestim": "Desconhecido", "d_situacao": null, "d_trafego": null }, "geometry": { "type": "MultiLineString", "coordinates": [ [ [ 349870.547201275359839, 6881295.415484990924597 ], [ 349848.634892125439364, 6881293.619258157908916 ], [ 349742.801382070407271, 6881293.619257213547826 ], [ 349683.951187750673853, 6881327.831805345602334 ], [ 349622.151137532084249, 6881367.70274714473635 ], [ 349584.051040940568782, 6881410.03613215405494 ], [ 349565.001022020180244, 6881448.136202486231923 ], [ 349542.57927036419278, 6881470.988754794001579 ], [ 349507.85087403235957, 6881488.352930477820337 ], [ 349459.167477652954403, 6881501.052988160401583 ], [ 349412.600694214343093, 6881503.169691074639559 ], [ 349355.450614195666276, 6881507.403015851043165 ], [ 349277.133740366436541, 6881526.452999714761972 ], [ 349222.100352100154851, 6881551.853031571023166 ], [ 349135.316786218318157, 6881621.70316765550524 ], [ 349063.350015802192502, 6881668.269951689988375 ], [ 349031.599888509372249, 6881716.953415893018246 ], [ 349012.549912980117369, 6881752.936865035444498 ], [ 349005.669158829841763, 6881768.227620165795088 ], [ 348993.499813098693267, 6881795.27027758769691 ], [ 348980.799853814882226, 6881822.786923878826201 ], [ 348957.516435165132862, 6881858.770350493490696 ], [ 348927.883108058245853, 6881901.103731608018279 ], [ 348912.085460785310715, 6881909.566832087934017 ], [ 348869.350290938862599, 6881932.460663256235421 ], [ 348824.166184547415469, 6881945.553857398219407 ], [ 348767.016097185609397, 6881945.553893411532044 ], [ 348737.480108891031705, 6881926.291416877880692 ] ] ] } },
{ "type": "Feature", "properties": { "codTrechoR": null, "concession": null, "nrFaixas": 0, "nome": null, "d_geometri": null, "d_tipoTrec": "Rodovia", "d_jurisdic": "Municipal", "d_administ": null, "d_revestim": "Desconhecido", "d_situacao": null, "d_trafego": null }, "geometry": { "type": "MultiLineString", "coordinates": [ [ [ 350384.152632609766442, 6881678.853338078595698 ], [ 350513.26956501242239, 6881888.403741175308824 ], [ 350686.836584190954454, 6882036.570689676329494 ], [ 350794.786840073589701, 6882093.720798889175057 ], [ 351086.419964070490096, 6882261.359205070883036 ], [ 351199.720594863872975, 6882281.760704392567277 ], [ 351235.034305296372622, 6882282.424858523532748 ] ] ] } },
{ "type": "Feature", "properties": { "codTrechoR": null, "concession": null, "nrFaixas": 0, "nome": null, "d_geometri": null, "d_tipoTrec": "Rodovia", "d_jurisdic": "Municipal", "d_administ": null, "d_revestim": "Desconhecido", "d_situacao": null, "d_trafego": null }, "geometry": { "type": "MultiLineString", "coordinates": [ [ [ 347908.586633599014021, 6881777.302427994087338 ], [ 347850.497538057214115, 6881788.920225412584841 ], [ 347806.047493368503638, 6881815.907782251015306 ], [ 347761.597437031567097, 6881842.895294548943639 ], [ 347712.278842064377386, 6881858.230842875316739 ], [ 347698.851702958578244, 6881866.760821590200067 ], [ 347672.758874331018887, 6881879.084217933937907 ], [ 347654.395427577779628, 6881889.924184121191502 ], [ 347633.959807853680104, 6881898.364422464743257 ], [ 347610.040198022441473, 6881905.177989355288446 ], [ 347584.749230222951155, 6881909.60065910872072 ], [ 347569.269959224271588, 6881914.148884393274784 ], [ 347551.982973842299543, 6881923.024917810223997 ], [ 347523.441912884183694, 6881934.921034138649702 ], [ 347509.33399835403543, 6881941.859932117164135 ], [ 347499.39047075191047, 6881952.016472361050546 ], [ 347487.364772492728662, 6881960.56417490541935 ], [ 347462.043230583542027, 6881967.359500086866319 ], [ 347429.763976474525407, 6881970.110165888443589 ], [ 347389.815893577644601, 6881969.598247859627008 ], [ 347304.983352038427256, 6881970.883898851461709 ], [ 347268.651068511244375, 6881961.716208272613585 ], [ 347236.574695956252981, 6881948.647650521248579 ], [ 347209.485407320375089, 6881929.314450345933437 ], [ 347192.248536008642986, 6881906.943296259269118 ], [ 347172.838265491649508, 6881890.081737406551838 ], [ 347139.360383332474157, 6881876.994911264628172 ], [ 347096.519287534349132, 6881861.384418737143278 ], [ 347076.060933018045034, 6881858.93943620659411 ], [ 347062.399626220401842, 6881858.368460721336305 ], [ 347049.154858385038096, 6881852.660810474306345 ], [ 347031.034695416456088, 6881844.517318802885711 ], [ 347017.155210698023438, 6881833.659577134996653 ], [ 347004.316687489743344, 6881823.606220871210098 ], [ 346989.743546815996524, 6881813.509392153471708 ], [ 346903.139364174101502, 6881787.011568747460842 ], [ 346819.099903611000627, 6881762.129253523424268 ], [ 346768.101979958009906, 6881748.81592671200633 ], [ 346738.02733653888572, 6881743.682449211366475 ], [ 346710.664343482465483, 6881745.703396063297987 ], [ 346697.256911024567671, 6881752.650367325171828 ], [ 346669.700359586277045, 6881769.699163610115647 ], [ 346635.479596137069166, 6881814.349516320973635 ], [ 346604.824021063279361, 6881854.29920641425997 ], [ 346568.642957482603379, 6881887.84917545504868 ], [ 346535.346659387345426, 6881915.107548199594021 ], [ 346507.871061644749716, 6881925.828367695212364 ], [ 346470.583632682915777, 6881936.422731697559357 ], [ 346428.379988116328605, 6881947.744608467444777 ], [ 346385.516262883495074, 6881955.893484443426132 ], [ 346337.066026489250362, 6881962.387948282063007 ], [ 346280.967799924314022, 6881964.037087922915816 ], [ 346219.140105132129975, 6881975.104890239425004 ], [ 346175.605840305914171, 6881980.87116320990026 ], [ 346128.465169919305481, 6881994.501427669078112 ], [ 346070.131160559656564, 6882006.404649742878973 ], [ 345999.903078701288905, 6882016.571714126504958 ], [ 345952.121769668185152, 6882016.554540943354368 ], [ 345772.246832752251066, 6882029.177558531984687 ], [ 345740.354867792746518, 6882030.677763430401683 ], [ 345720.283343695336953, 6882037.932980243116617 ], [ 345708.580871387617663, 6882048.460845218971372 ], [ 345693.338331160543021, 6882061.711550919339061 ], [ 345679.806893973960541, 6882078.148875260725617 ], [ 345661.258512237225659, 6882130.119390964508057 ], [ 345639.624656062049326, 6882203.804497057572007 ], [ 345618.86237409239402, 6882291.344600568525493 ], [ 345603.272520109661855, 6882335.111057582311332 ], [ 345516.867954739194829, 6882650.934477502480149 ], [ 345500.800019255140796, 6882713.700457953847945 ], [ 345484.495527596387547, 6882792.033544838428497 ], [ 345469.670355308335274, 6882854.072344130836427 ], [ 345447.033581180963665, 6882941.851642371155322 ], [ 345425.460982941789553, 6883019.624493394047022 ], [ 345406.975913719157688, 6883074.015158425085247 ], [ 345398.957506333186757, 6883102.6410400159657 ] ] ] } },
{ "type": "Feature", "properties": { "codTrechoR": null, "concession": null, "nrFaixas": 0, "nome": null, "d_geometri": null, "d_tipoTrec": "Rodovia", "d_jurisdic": "Municipal", "d_administ": null, "d_revestim": "Desconhecido", "d_situacao": null, "d_trafego": null }, "geometry": { "type": "MultiLineString", "coordinates": [ [ [ 348359.080167405307293, 6882132.639357017353177 ], [ 348349.432561305700801, 6882144.668184246867895 ], [ 348269.556722784880549, 6882201.635809939354658 ], [ 348252.573677096399479, 6882211.634991591796279 ], [ 348219.706664445227943, 6882232.970467749983072 ], [ 348113.143537922180258, 6882261.672337000258267 ], [ 348024.008281625749078, 6882270.423392564058304 ], [ 347941.891571182990447, 6882278.472494338639081 ], [ 347889.510857154557016, 6882290.85611398331821 ], [ 347872.619488658499904, 6882296.17785052023828 ], [ 347856.110635482124053, 6882326.42291571199894 ], [ 347851.336372868507169, 6882398.348952062427998 ], [ 347840.292708110995591, 6882434.758846900425851 ], [ 347828.491005644551478, 6882458.178082324564457 ], [ 347796.380641967523843, 6882502.463041039183736 ], [ 347690.047457010718063, 6882622.532404018566012 ], [ 347601.319043543073349, 6882708.810259212739766 ], [ 347454.207771391491406, 6882810.55685205757618 ], [ 347365.084404337918386, 6882872.700568339787424 ], [ 347333.930692344787531, 6882896.824431419372559 ], [ 347289.831206272356212, 6882946.491908828727901 ], [ 347243.3800673650112, 6883015.510311634279788 ], [ 347188.299318254576065, 6883101.425794526934624 ], [ 347134.721248553250916, 6883179.449642590247095 ], [ 347074.432862392102834, 6883261.342496771365404 ], [ 347046.614625090849586, 6883298.561092589050531 ], [ 347023.494462235074025, 6883324.765043041668832 ], [ 346985.903624930302612, 6883358.693810759112239 ], [ 346953.554209935828112, 6883393.876342000439763 ], [ 346944.934830336715095, 6883409.982533572241664 ], [ 346937.707053131307475, 6883426.897624064236879 ], [ 346925.859598404495046, 6883475.989495242014527 ], [ 346922.811930954456329, 6883494.935959260910749 ], [ 346912.462871434981935, 6883509.239934045821428 ], [ 346906.804543444421142, 6883526.768499910831451 ], [ 346901.806268551154062, 6883574.761706940829754 ], [ 346897.572670488094445, 6883590.528712514787912 ], [ 346877.577794739278033, 6883632.593874794431031 ], [ 346860.454703021619935, 6883710.294082658365369 ], [ 346846.963634616928175, 6883750.86062846891582 ], [ 346836.251211885362864, 6883766.14882851857692 ], [ 346830.10496846906608, 6883780.704579949378967 ], [ 346815.130792576586828, 6883800.288845121860504 ], [ 346796.70263877150137, 6883815.873223441652954 ], [ 346781.845322276698425, 6883826.361599503085017 ], [ 346765.261014462565072, 6883834.850184638053179 ], [ 346750.060816092533059, 6883844.740789398550987 ], [ 346736.562121062946972, 6883858.608613853342831 ], [ 346725.920581742888317, 6883868.360121475532651 ], [ 346713.71948236040771, 6883890.353131838142872 ], [ 346701.7160781591665, 6883924.214624105021358 ], [ 346692.140603997162543, 6883960.085130052641034 ], [ 346686.090758003876545, 6884009.869327202439308 ], [ 346687.799115997855552, 6884182.759121313691139 ], [ 346672.737355316756293, 6884205.363371685147285 ], [ 346636.777797612128779, 6884230.28078437782824 ], [ 346365.593713705195114, 6884396.208755197003484 ], [ 346284.282039119163528, 6884450.96212175861001 ], [ 346260.716750823426992, 6884464.404634516686201 ], [ 346249.379043351800647, 6884486.47275950666517 ] ] ] } },
{ "type": "Feature", "properties": { "codTrechoR": null, "concession": null, "nrFaixas": 0, "nome": null, "d_geometri": null, "d_tipoTrec": "Rodovia", "d_jurisdic": "Municipal", "d_administ": null, "d_revestim": "Desconhecido", "d_situacao": null, "d_trafego": null }, "geometry": { "type": "MultiLineString", "coordinates": [ [ [ 353064.943308966932818, 6882644.021915297955275 ], [ 353076.208525172551163, 6882609.040781551972032 ], [ 353149.073989531607367, 6882437.224247977137566 ], [ 353176.697452264081221, 6882376.596597244031727 ], [ 353232.586968082585372, 6882296.524682871997356 ], [ 353259.161085792176891, 6882273.12072372995317 ], [ 353294.205229925690219, 6882251.776403402909636 ], [ 353408.505536537093576, 6882239.076327245682478 ], [ 353465.655635820061434, 6882248.601401839405298 ], [ 353473.593133080750704, 6882296.226498782634735 ], [ 353456.130604825622868, 6882410.526723485440016 ], [ 353462.480607065488584, 6882501.014414169825613 ], [ 353502.168163992580958, 6882559.752041080966592 ], [ 353592.655857721285429, 6882664.527207115665078 ], [ 353634.972439026809298, 6882683.1557871196419 ], [ 353661.174014732940122, 6882690.069826945662498 ], [ 353687.440391540643759, 6882691.710890773683786 ], [ 353710.129656533943489, 6882699.240804728120565 ], [ 353729.858110929315444, 6882710.030411148443818 ], [ 353745.96083875768818, 6882730.663421297445893 ], [ 353745.703249653917737, 6882799.217390149831772 ], [ 353749.987282356945798, 6882830.911700008437037 ], [ 353756.250129583349917, 6882844.172648956999183 ], [ 353774.242852341732942, 6882853.622370600700378 ], [ 353794.717526825494133, 6882851.236960180103779 ], [ 353857.853258677117992, 6882847.397284476086497 ], [ 353881.751443835673854, 6882851.645696686580777 ], [ 353901.18181944033131, 6882875.313188588246703 ], [ 353922.327405596617609, 6882932.021457085385919 ], [ 353960.321896452398505, 6882970.606500502675772 ], [ 353979.394200096779969, 6882987.320330878719687 ], [ 354005.077230646566022, 6882988.953615752980113 ], [ 354034.986013394664042, 6882979.432092722505331 ], [ 354063.094176706275903, 6882973.843657947145402 ], [ 354087.600896663847379, 6882976.121484098024666 ], [ 354109.65031371236546, 6882988.257213484495878 ], [ 354124.090643017261755, 6883001.618089435622096 ], [ 354148.395771775743924, 6883020.373323215171695 ], [ 354165.804940531379543, 6883029.815274935215712 ], [ 354200.241123953543138, 6883032.214419254101813 ], [ 354223.905761826899834, 6883055.576106201857328 ], [ 354228.029984627384692, 6883100.452222403138876 ], [ 354223.505862503603566, 6883135.993702432140708 ], [ 354201.93054670660058, 6883180.555420013144612 ], [ 354192.149576187832281, 6883216.032552492804825 ], [ 354189.861526204738766, 6883293.582295190542936 ], [ 354196.285068464581855, 6883307.712170894257724 ], [ 354236.1112819868722, 6883347.092330008745193 ], [ 354265.667217463429552, 6883393.579951122403145 ], [ 354271.578027508221567, 6883410.918252173811197 ], [ 354287.453095164790284, 6883436.053809863515198 ], [ 354299.445954381139018, 6883470.478484098799527 ], [ 354303.735529669327661, 6883549.634988570585847 ], [ 354299.131052574026398, 6883591.767548456788063 ], [ 354291.751051449449733, 6883622.000524937175214 ], [ 354268.112876534520183, 6883644.124227685853839 ], [ 354123.698890556348488, 6883792.577413353137672 ], [ 354061.787436519167386, 6883846.066001588478684 ], [ 354027.522328774270136, 6883896.27299674693495 ], [ 354022.109823108708952, 6883949.662617240101099 ], [ 354036.229991726810113, 6884022.304064467549324 ], [ 354047.274708350072615, 6884074.516269652172923 ], [ 354074.074877120903693, 6884128.239650394767523 ], [ 354116.351353727048263, 6884403.475880291312933 ], [ 354122.480225120612886, 6884421.517346799373627 ] ] ] } },
{ "type": "Feature", "properties": { "codTrechoR": null, "concession": null, "nrFaixas": 0, "nome": null, "d_geometri": null, "d_tipoTrec": "Rodovia", "d_jurisdic": "Municipal", "d_administ": null, "d_revestim": "Desconhecido", "d_situacao": null, "d_trafego": null }, "geometry": { "type": "MultiLineString", "coordinates": [ [ [ 354122.480225120612886, 6884421.517346799373627 ], [ 354153.944360605615657, 6884667.124915990978479 ], [ 354095.114620033244137, 6884891.19213105365634 ], [ 354032.543743221205659, 6885134.330222968012094 ], [ 353969.410727722803131, 6885375.483445353806019 ], [ 353946.484876266971696, 6885434.53065867908299 ], [ 353914.984551356988959, 6885460.89937181584537 ], [ 353879.14607745630201, 6885503.921098275110126 ] ] ] } },
{ "type": "Feature", "properties": { "codTrechoR": null, "concession": null, "nrFaixas": 0, "nome": null, "d_geometri": null, "d_tipoTrec": "Rodovia", "d_jurisdic": "Municipal", "d_administ": null, "d_revestim": "Desconhecido", "d_situacao": null, "d_trafego": null }, "geometry": { "type": "MultiLineString", "coordinates": [ [ [ 353879.14607745630201, 6885503.921098275110126 ], [ 353851.685043805744499, 6885487.11630411632359 ], [ 353783.156293661799282, 6885438.953640481457114 ], [ 353754.05197317013517, 6885362.22423642501235 ], [ 353718.333158185705543, 6885245.807353855110705 ], [ 353701.135245957528241, 6885178.338497935794294 ], [ 353698.489397796569392, 6885023.556935284286737 ], [ 353696.734966078423895, 6885008.20545001141727 ], [ 353693.770536984200589, 6884935.713094526901841 ], [ 353679.165221379953437, 6884912.638628631830215 ], [ 353660.124757225275971, 6884872.744123722426593 ], [ 353627.051749409642071, 6884672.983369443565607 ], [ 353556.937053721980192, 6884542.014301634393632 ], [ 353530.478694991325028, 6884486.451718350872397 ], [ 353519.727324096485972, 6884471.915806484408677 ], [ 353481.018977734667715, 6884419.581622157245874 ], [ 353412.199119937722571, 6884362.373652113601565 ], [ 353373.051210547564551, 6884266.847090689465404 ], [ 353336.009530519717373, 6884217.899097342044115 ], [ 353329.394893312011845, 6884172.919786753132939 ], [ 353318.602469750563614, 6884134.785761065781116 ], [ 353303.966812934842892, 6884089.77983521297574 ], [ 353275.945092354493681, 6884040.65373457223177 ], [ 353255.062936146103311, 6884009.637412944808602 ], [ 353196.891048300312832, 6883948.377471391111612 ], [ 353181.279585697222501, 6883932.548495116643608 ], [ 353123.35241263138596, 6883873.813548212870955 ], [ 353103.542347567854449, 6883855.93037586659193 ], [ 353076.8517906392226, 6883841.098748432472348 ], [ 353017.786921530379914, 6883797.899419015273452 ], [ 353003.952502948581241, 6883783.508107247762382 ], [ 352976.435601998935454, 6883740.979499598965049 ], [ 352932.500300644722302, 6883656.059159401804209 ], [ 352913.55028613365721, 6883629.457062277942896 ], [ 352863.294073921511881, 6883586.964231165125966 ], [ 352839.38558118767105, 6883569.668583454564214 ], [ 352809.223059585085139, 6883537.918592069298029 ], [ 352764.095017442537937, 6883460.354793895035982 ], [ 352738.629735324997455, 6883413.054659467190504 ], [ 352732.44912171876058, 6883393.202048533596098 ], [ 352736.896295911748894, 6883364.251942361705005 ], [ 352746.396524289390072, 6883351.844507908448577 ], [ 352771.205397918121889, 6883329.73815609049052 ], [ 352791.949841337744147, 6883305.603914556093514 ], [ 352799.235828665900044, 6883283.280976682901382 ], [ 352805.046410572482273, 6883238.526729127392173 ], [ 352803.011447188793682, 6883214.110997563228011 ], [ 352786.942052751313895, 6883190.840219937264919 ], [ 352770.142078231729101, 6883179.426117278635502 ], [ 352729.557756952242926, 6883154.533871121704578 ], [ 352636.582067014533095, 6883094.343752969056368 ] ] ] } },
{ "type": "Feature", "properties": { "codTrechoR": null, "concession": null, "nrFaixas": 0, "nome": null, "d_geometri": null, "d_tipoTrec": "Rodovia", "d_jurisdic": "Municipal", "d_administ": null, "d_revestim": "Desconhecido", "d_situacao": null, "d_trafego": null }, "geometry": { "type": "MultiLineString", "coordinates": [ [ [ 345398.957506333186757, 6883102.6410400159657 ], [ 345481.284798530046828, 6883175.160486697219312 ], [ 345545.092644061835017, 6883228.198793878778815 ], [ 345627.702917336253449, 6883290.973302967846394 ], [ 345645.021151660999749, 6883307.019092425704002 ], [ 345627.667441587313078, 6883453.544909938238561 ], [ 345612.747200242010877, 6883579.521241191774607 ], [ 345594.075623791199178, 6883667.879517178982496 ], [ 345560.427613640145864, 6883775.820548566058278 ], [ 345554.071613656706177, 6883833.48652402125299 ], [ 345551.176805734634399, 6884002.738674640655518 ] ] ] } },
{ "type": "Feature", "properties": { "codTrechoR": null, "concession": null, "nrFaixas": 0, "nome": null, "d_geometri": null, "d_tipoTrec": "Rodovia", "d_jurisdic": "Municipal", "d_administ": null, "d_revestim": "Desconhecido", "d_situacao": null, "d_trafego": null }, "geometry": { "type": "MultiLineString", "coordinates": [ [ [ 345551.176805734634399, 6884002.738674640655518 ], [ 345769.427952701051254, 6884148.749382337555289 ], [ 346016.077159157837741, 6884322.019111666828394 ], [ 346143.416392101556994, 6884413.4345927760005 ], [ 346238.476169211731758, 6884479.612587889656425 ], [ 346249.379043351800647, 6884486.47275950666517 ] ] ] } },
{ "type": "Feature", "properties": { "codTrechoR": null, "concession": null, "nrFaixas": 0, "nome": null, "d_geometri": null, "d_tipoTrec": "Rodovia", "d_jurisdic": "Municipal", "d_administ": null, "d_revestim": "Desconhecido", "d_situacao": null, "d_trafego": null }, "geometry": { "type": "MultiLineString", "coordinates": [ [ [ 346249.379043351800647, 6884486.47275950666517 ], [ 346262.931731586402748, 6884495.000352666713297 ], [ 346399.157199647277594, 6884637.026634147390723 ], [ 346541.045404043456074, 6884784.951242638751864 ], [ 346601.666179076768458, 6884850.599054426886141 ], [ 346609.138231686374638, 6884941.931777573190629 ], [ 346624.383703200495802, 6884982.472009694203734 ], [ 346634.448074444022495, 6885009.23449136223644 ], [ 346657.652127788634971, 6885058.579102906398475 ], [ 346673.94110835401807, 6885100.45152460038662 ], [ 346723.703289073368069, 6885170.053986402228475 ], [ 346785.061783922312316, 6885255.874622231349349 ], [ 346828.018010232015513, 6885295.979901660233736 ], [ 346833.815963845059741, 6885317.676901429891586 ], [ 346828.217823127633892, 6885335.008404213935137 ], [ 346810.586798398813698, 6885342.956209383904934 ], [ 346809.559136306401342, 6885386.764402245171368 ], [ 346839.849592017941177, 6885635.424285950139165 ], [ 346865.91605758224614, 6885729.971134100109339 ], [ 346867.250664014834911, 6885771.650997266173363 ], [ 346866.289073319756426, 6885944.132435837760568 ], [ 346866.174627239699475, 6885964.657349726185203 ], [ 346879.479620981728658, 6886166.286246193572879 ], [ 346980.074572326615453, 6886378.000673985108733 ], [ 347041.335166863689665, 6886509.721133359707892 ], [ 347081.980830706539564, 6886597.114075126126409 ], [ 347112.052765470347367, 6886658.147805089130998 ], [ 347141.167767177103087, 6886677.482401211746037 ], [ 347305.713721612060908, 6886721.803931275382638 ], [ 347389.646115953102708, 6886738.699183973483741 ], [ 347423.619072456494905, 6886750.736093547195196 ], [ 347462.665189404273406, 6886769.591810568235815 ], [ 347493.848374780500308, 6886779.057650271803141 ], [ 347548.996894037467428, 6886780.289939058944583 ], [ 347611.190364320762455, 6886778.975052527152002 ], [ 347630.25021460512653, 6886783.230131443589926 ], [ 347671.325575892697088, 6886792.400070482864976 ], [ 347826.949510132428259, 6886826.494452358223498 ], [ 348028.746849948249292, 6886870.701285559684038 ] ] ] } },
{ "type": "Feature", "properties": { "codTrechoR": null, "concession": null, "nrFaixas": 0, "nome": null, "d_geometri": null, "d_tipoTrec": "Rodovia", "d_jurisdic": "Municipal", "d_administ": null, "d_revestim": "Desconhecido", "d_situacao": null, "d_trafego": null }, "geometry": { "type": "MultiLineString", "coordinates": [ [ [ 352252.703359678213019, 6856323.472759820520878 ], [ 352252.707907974079717, 6856387.77814744785428 ], [ 352252.709925034898333, 6856415.342179650440812 ], [ 352295.349484491278417, 6856419.057171364314854 ], [ 352359.505107184289955, 6856404.81311590410769 ], [ 352411.479655849048868, 6856412.166417721658945 ], [ 352426.750609199749306, 6856455.753723406232893 ], [ 352392.670355200651102, 6856661.832626696676016 ], [ 352398.692762140126433, 6856795.366434363648295 ], [ 352424.486312617431395, 6856850.581740938127041 ], [ 352448.300217339769006, 6856881.906647816300392 ], [ 352558.910682404413819, 6856955.108967607840896 ], [ 352647.899737783533055, 6857014.000752975232899 ], [ 352668.786249612341635, 6857040.421041404828429 ], [ 352686.984987843374256, 6857088.912542711943388 ], [ 352732.562141245463863, 6857224.420112486928701 ], [ 352839.699476071167737, 6857524.782127066515386 ], [ 352962.665330694813747, 6857889.376849785447121 ], [ 352791.960903203813359, 6857935.156862994655967 ] ] ] } },
{ "type": "Feature", "properties": { "codTrechoR": null, "concession": null, "nrFaixas": 0, "nome": null, "d_geometri": null, "d_tipoTrec": "Rodovia", "d_jurisdic": "Municipal", "d_administ": null, "d_revestim": "Desconhecido", "d_situacao": null, "d_trafego": null }, "geometry": { "type": "MultiLineString", "coordinates": [ [ [ 354024.401553262432572, 6859485.671811634674668 ], [ 354035.454156010935549, 6859501.339619301259518 ], [ 354161.56567340134643, 6859625.288688497617841 ], [ 354344.537554942886345, 6859958.235846778377891 ], [ 354454.056263590697199, 6860147.41644520778209 ], [ 354485.018375773215666, 6860326.968701394274831 ], [ 354489.461920990259387, 6860343.154974928125739 ] ] ] } },
{ "type": "Feature", "properties": { "codTrechoR": null, "concession": null, "nrFaixas": 0, "nome": null, "d_geometri": null, "d_tipoTrec": "Rodovia", "d_jurisdic": "Municipal", "d_administ": null, "d_revestim": "Desconhecido", "d_situacao": null, "d_trafego": null }, "geometry": { "type": "MultiLineString", "coordinates": [ [ [ 372396.064108518883586, 6860834.373702125623822 ], [ 372356.334164964151569, 6860915.638384453952312 ], [ 372334.148929945542477, 6860943.865259274840355 ], [ 372296.590375193394721, 6860997.4896498657763 ], [ 372251.165182612836361, 6861048.445776330307126 ], [ 372208.074210430146195, 6861106.449795213527977 ], [ 372181.236177852377295, 6861172.762980964966118 ], [ 372171.904343304573558, 6861195.820624694228172 ], [ 372141.069283639721107, 6861257.708725275471807 ], [ 372105.895529589557555, 6861330.080501832999289 ], [ 372060.664641822688282, 6861313.43081280682236 ], [ 372047.360043804394081, 6861308.533313821069896 ], [ 371915.477681788848713, 6861250.422937603667378 ], [ 371849.240530331153423, 6861227.299171667546034 ], [ 371799.215067614393774, 6861197.05543982423842 ], [ 371740.097743297403213, 6861190.143248483538628 ], [ 371667.518752488540486, 6861210.589167987927794 ], [ 371630.087996434886009, 6861220.069103581830859 ], [ 371591.734945476113353, 6861247.226975882425904 ], [ 371554.83499701024266, 6861298.242119956761599 ], [ 371532.944775459240191, 6861353.004091853275895 ], [ 371500.356386327068321, 6861379.556632199324667 ], [ 371457.440607506083325, 6861396.453314343467355 ], [ 371406.432403485290706, 6861412.40908629912883 ], [ 371376.119396149239037, 6861437.325244290754199 ], [ 371359.021123813115992, 6861477.760029688477516 ], [ 371339.373629996436648, 6861515.041409875266254 ] ] ] } },
{ "type": "Feature", "properties": { "codTrechoR": null, "concession": null, "nrFaixas": 0, "nome": null, "d_geometri": null, "d_tipoTrec": "Rodovia", "d_jurisdic": "Municipal", "d_administ": null, "d_revestim": "Desconhecido", "d_situacao": null, "d_trafego": null }, "geometry": { "type": "MultiLineString", "coordinates": [ [ [ 366100.255133144790307, 6861703.36930238828063 ], [ 366079.747854042914696, 6861689.016597796231508 ], [ 366018.456550675211474, 6861674.182646231725812 ], [ 365946.082684693683404, 6861641.501470355316997 ], [ 365853.13933551334776, 6861570.792733838781714 ], [ 365751.096222114400007, 6861470.557340331375599 ], [ 365602.776797371916473, 6861317.79722914006561 ], [ 365333.370981595595367, 6861102.173739766702056 ], [ 365325.507556945609394, 6861089.35466580092907 ], [ 365317.483070629066788, 6861076.272895222529769 ], [ 365283.011982879950665, 6861078.518423828296363 ], [ 365236.808359297807328, 6861077.535895083099604 ], [ 365193.109731187694706, 6861079.321293984539807 ], [ 365174.611911159125157, 6861078.398888116702437 ], [ 365138.455474692163989, 6861072.895652258768678 ] ] ] } },
{ "type": "Feature", "properties": { "codTrechoR": null, "concession": null, "nrFaixas": 0, "nome": null, "d_geometri": null, "d_tipoTrec": "Rodovia", "d_jurisdic": "Municipal", "d_administ": null, "d_revestim": "Desconhecido", "d_situacao": null, "d_trafego": null }, "geometry": { "type": "MultiLineString", "coordinates": [ [ [ 366541.634641838492826, 6861663.52516274433583 ], [ 366489.958191305864602, 6861639.804849624633789 ], [ 366394.518765377695672, 6861624.474492078647017 ], [ 366323.160916066844948, 6861670.638426633551717 ], [ 366223.045690233004279, 6861705.527027644217014 ], [ 366100.255133144790307, 6861703.36930238828063 ] ] ] } },
{ "type": "Feature", "properties": { "codTrechoR": null, "concession": null, "nrFaixas": 0, "nome": null, "d_geometri": null, "d_tipoTrec": "Rodovia", "d_jurisdic": "Municipal", "d_administ": null, "d_revestim": "Desconhecido", "d_situacao": null, "d_trafego": null }, "geometry": { "type": "MultiLineString", "coordinates": [ [ [ 354489.461920990259387, 6860343.154974928125739 ], [ 354508.648082674713805, 6860461.460301113314927 ], [ 354548.213435546378605, 6860558.596530307084322 ], [ 354612.777136284625158, 6860663.323505900800228 ], [ 354652.658297607325949, 6860754.130997395142913 ], [ 354590.968519994057715, 6860846.217788796871901 ], [ 354485.904591797268949, 6861024.875415034592152 ] ] ] } },
{ "type": "Feature", "properties": { "codTrechoR": null, "concession": null, "nrFaixas": 0, "nome": null, "d_geometri": null, "d_tipoTrec": "Rodovia", "d_jurisdic": "Municipal", "d_administ": null, "d_revestim": "Desconhecido", "d_situacao": null, "d_trafego": null }, "geometry": { "type": "MultiLineString", "coordinates": [ [ [ 366609.045699268579483, 6861416.730582092888653 ], [ 366569.639148570946418, 6861497.920613598078489 ], [ 366560.919123879517429, 6861611.13297414034605 ], [ 366541.634641838492826, 6861663.52516274433583 ] ] ] } },
{ "type": "Feature", "properties": { "codTrechoR": null, "concession": null, "nrFaixas": 0, "nome": null, "d_geometri": null, "d_tipoTrec": "Rodovia", "d_jurisdic": "Municipal", "d_administ": null, "d_revestim": "Desconhecido", "d_situacao": null, "d_trafego": null }, "geometry": { "type": "MultiLineString", "coordinates": [ [ [ 360375.270886209968012, 6859969.123552373610437 ], [ 360383.878128404263407, 6860044.815453061833978 ], [ 360402.624069866258651, 6860151.68769958615303 ], [ 360408.822613028052729, 6860187.025381993502378 ], [ 360418.938110566465184, 6860269.656362917274237 ], [ 360438.101900801819284, 6860354.871193311177194 ], [ 360450.134412497398444, 6860378.599248555488884 ], [ 360488.53333401173586, 6860403.642310593277216 ], [ 360543.904296433436684, 6860419.61980789527297 ], [ 360602.077859414857812, 6860445.649054924026132 ], [ 360656.46253536461154, 6860481.401240862905979 ], [ 360690.260913879727013, 6860534.736137073487043 ], [ 360775.62997678713873, 6860768.19159609079361 ], [ 360777.266746379435062, 6860799.18931884970516 ], [ 360777.669484081328847, 6860854.716209811158478 ], [ 360785.841422934085131, 6861040.674969230778515 ], [ 360781.976007693330757, 6861118.191707901656628 ], [ 360742.207379026920535, 6861247.839006133377552 ], [ 360710.02451071399264, 6861320.772036489099264 ], [ 360653.480933400744107, 6861405.177763625979424 ], [ 360604.133086280548014, 6861472.49742336012423 ], [ 360580.416867418331094, 6861566.469590376131237 ], [ 360575.076491278829053, 6861832.636480621993542 ] ] ] } },
{ "type": "Feature", "properties": { "codTrechoR": null, "concession": null, "nrFaixas": 0, "nome": null, "d_geometri": null, "d_tipoTrec": "Rodovia", "d_jurisdic": "Municipal", "d_administ": null, "d_revestim": "Desconhecido", "d_situacao": null, "d_trafego": null }, "geometry": { "type": "MultiLineString", "coordinates": [ [ [ 368950.957351610937621, 6862379.269434022717178 ], [ 368961.046548680460546, 6862415.451011697761714 ], [ 369018.985350750677753, 6862454.319976722821593 ], [ 369075.737860859138891, 6862500.45401650480926 ], [ 369104.022536182659678, 6862569.256760574877262 ], [ 369128.352700424497016, 6862637.862380342558026 ], [ 369149.516919311252423, 6862690.4530397830531 ], [ 369462.57155846094247, 6863090.59075840935111 ], [ 370098.548892005812377, 6863772.420323086902499 ], [ 370190.030188383127097, 6863884.850093256682158 ] ] ] } },
{ "type": "Feature", "properties": { "codTrechoR": null, "concession": null, "nrFaixas": 0, "nome": null, "d_geometri": null, "d_tipoTrec": "Rodovia", "d_jurisdic": "Municipal", "d_administ": null, "d_revestim": "Desconhecido", "d_situacao": null, "d_trafego": null }, "geometry": { "type": "MultiLineString", "coordinates": [ [ [ 360575.076491278829053, 6861832.636480621993542 ], [ 360574.254066045745276, 6861846.711843655444682 ], [ 360569.454023403464817, 6861928.867627684026957 ], [ 360573.593257059983443, 6861994.493063148111105 ], [ 360568.317728675319813, 6862127.278923467732966 ], [ 360596.028904447564855, 6862303.110316840931773 ], [ 360615.429779453319497, 6862382.709956552833319 ] ] ] } },
{ "type": "Feature", "properties": { "codTrechoR": null, "concession": null, "nrFaixas": 0, "nome": null, "d_geometri": null, "d_tipoTrec": "Rodovia", "d_jurisdic": "Municipal", "d_administ": null, "d_revestim": "Desconhecido", "d_situacao": null, "d_trafego": null }, "geometry": { "type": "MultiLineString", "coordinates": [ [ [ 360615.429779453319497, 6862382.709956552833319 ], [ 360628.434830784564838, 6862436.067342760041356 ] ] ] } },
{ "type": "Feature", "properties": { "codTrechoR": null, "concession": null, "nrFaixas": 0, "nome": null, "d_geometri": null, "d_tipoTrec": "Rodovia", "d_jurisdic": "Municipal", "d_administ": null, "d_revestim": "Desconhecido", "d_situacao": null, "d_trafego": null }, "geometry": { "type": "MultiLineString", "coordinates": [ [ [ 360628.434830784564838, 6862436.067342760041356 ], [ 360674.575141542358324, 6862508.127637783996761 ], [ 360755.351870115962811, 6862672.046152027323842 ], [ 360798.798097315884661, 6862731.896429306827486 ], [ 360822.63792872877093, 6862762.68805923499167 ], [ 360848.005984038929455, 6862781.020406415686011 ] ] ] } },
{ "type": "Feature", "properties": { "codTrechoR": null, "concession": null, "nrFaixas": 0, "nome": null, "d_geometri": null, "d_tipoTrec": "Rodovia", "d_jurisdic": "Municipal", "d_administ": null, "d_revestim": "Desconhecido", "d_situacao": null, "d_trafego": null }, "geometry": { "type": "MultiLineString", "coordinates": [ [ [ 376973.257907631807029, 6865634.38709697779268 ], [ 376943.029204154736362, 6865588.459795009344816 ], [ 376934.562557125580497, 6865506.967917889356613 ], [ 376916.570846930670086, 6865399.017682923004031 ], [ 376899.637490741035435, 6865353.509297660551965 ], [ 376894.345824901945889, 6865278.3674968611449 ], [ 376925.037481918232515, 6865201.108984598889947 ], [ 376953.612612449214794, 6865113.267132217995822 ], [ 376943.029257331741974, 6865008.491968404501677 ], [ 376884.820775552419946, 6864828.57490867190063 ], [ 376846.720678511890583, 6864726.974677741527557 ], [ 376810.737341872532852, 6864609.499455386772752 ], [ 376811.795651733176783, 6864539.64930594433099 ], [ 376821.320643917366397, 6864451.807546604424715 ], [ 376835.07902161317179, 6864314.223870862275362 ], [ 376824.495659474050626, 6864283.532142301090062 ], [ 376795.920616703864653, 6864235.907113958150148 ], [ 376765.228821447002701, 6864180.873632985167205 ], [ 376755.703897385217715, 6864157.590247709304094 ], [ 376743.568263324152213, 6864094.548737211152911 ], [ 376757.32665370462928, 6864033.165267257019877 ], [ 376766.851669385388959, 6863972.840204743668437 ], [ 376770.026703072071541, 6863945.32344491686672 ], [ 376722.401555766700767, 6863889.231630492024124 ], [ 376717.109924949822016, 6863849.014944188296795 ], [ 376719.22652414557524, 6863757.9980932706967 ], [ 376718.168192735814955, 6863607.71439921297133 ], [ 376720.284881316998508, 6863239.413695137947798 ], [ 376725.841107212472707, 6863148.39684895798564 ] ] ] } },
{ "type": "Feature", "properties": { "codTrechoR": null, "concession": null, "nrFaixas": 0, "nome": null, "d_geometri": null, "d_tipoTrec": "Rodovia", "d_jurisdic": "Municipal", "d_administ": null, "d_revestim": "Desconhecido", "d_situacao": null, "d_trafego": null }, "geometry": { "type": "MultiLineString", "coordinates": [ [ [ 379904.6812347076484, 6863584.887952823191881 ], [ 379989.566904857580084, 6863522.402682004496455 ], [ 380155.355156526900828, 6863429.833636486902833 ], [ 380221.501137033454143, 6863394.114739732816815 ] ] ] } },
{ "type": "Feature", "properties": { "codTrechoR": null, "concession": null, "nrFaixas": 0, "nome": null, "d_geometri": null, "d_tipoTrec": "Rodovia", "d_jurisdic": "Municipal", "d_administ": null, "d_revestim": "Desconhecido", "d_situacao": null, "d_trafego": null }, "geometry": { "type": "MultiLineString", "coordinates": [ [ [ 380221.501137033454143, 6863394.114739732816815 ], [ 380325.350259353523143, 6863332.929777790792286 ], [ 380364.52460306690773, 6863296.768880115821958 ] ] ] } },
{ "type": "Feature", "properties": { "codTrechoR": null, "concession": null, "nrFaixas": 0, "nome": null, "d_geometri": null, "d_tipoTrec": "Rodovia", "d_jurisdic": "Municipal", "d_administ": null, "d_revestim": "Desconhecido", "d_situacao": null, "d_trafego": null }, "geometry": { "type": "MultiLineString", "coordinates": [ [ [ 365950.241553486906923, 6864219.780653236433864 ], [ 366086.255741587316152, 6864213.278435382992029 ], [ 366214.774045103928074, 6864180.037098590284586 ], [ 366347.443865285022184, 6864143.038242275826633 ], [ 366524.599318946595304, 6864088.43392857350409 ], [ 366716.390586798021104, 6864058.345590217970312 ], [ 366855.786496530054137, 6864045.468931054696441 ], [ 367030.379155969829299, 6864042.27478195540607 ], [ 367133.395171241019852, 6864043.443193953484297 ], [ 367246.881596720544621, 6863993.596258083358407 ], [ 367339.215883918455802, 6863970.446253452450037 ], [ 367404.853312207735144, 6863926.144150770269334 ], [ 367444.850753866718151, 6863823.793078461661935 ], [ 367474.768225146923214, 6863747.234821977093816 ] ] ] } },
{ "type": "Feature", "properties": { "codTrechoR": null, "concession": null, "nrFaixas": 0, "nome": null, "d_geometri": null, "d_tipoTrec": "Rodovia", "d_jurisdic": "Municipal", "d_administ": null, "d_revestim": "Desconhecido", "d_situacao": null, "d_trafego": null }, "geometry": { "type": "MultiLineString", "coordinates": [ [ [ 356535.35577322600875, 6864216.671430841088295 ], [ 356466.725412856321782, 6864384.540534337982535 ], [ 356465.928245851304382, 6864403.799711147323251 ], [ 356463.627347838366404, 6864459.386601105332375 ], [ 356461.527991232811473, 6864510.104310162365437 ], [ 356458.901064412668347, 6864562.840128898620605 ], [ 356459.3293338092044, 6864596.69612630456686 ], [ 356457.336993713048287, 6864657.922230968251824 ], [ 356452.495735916250851, 6864712.662445686757565 ], [ 356440.109827705658972, 6864749.052136693149805 ], [ 356436.53756478917785, 6864820.772923189215362 ], [ 356432.541022093268111, 6864879.784507539123297 ], [ 356381.244463696493767, 6865092.396996028721333 ], [ 356352.234292848035693, 6865197.214256948791444 ], [ 356335.237938692444004, 6865251.877883318811655 ], [ 356329.40751864790218, 6865368.951606392860413 ], [ 356373.33726263884455, 6865505.94928983785212 ], [ 356378.332646918599494, 6865564.880021017044783 ], [ 356358.487569348188117, 6865613.05779024399817 ], [ 356296.064191282785032, 6865731.003597471863031 ], [ 356246.441856427933089, 6865824.760707663372159 ], [ 356135.821232851245441, 6866039.707250298932195 ], [ 356118.192389370116871, 6866061.958753243088722 ] ] ] } },
{ "type": "Feature", "properties": { "codTrechoR": null, "concession": null, "nrFaixas": 0, "nome": null, "d_geometri": null, "d_tipoTrec": "Rodovia", "d_jurisdic": "Municipal", "d_administ": null, "d_revestim": "Desconhecido", "d_situacao": null, "d_trafego": null }, "geometry": { "type": "MultiLineString", "coordinates": [ [ [ 351271.014588642399758, 6864112.108051816001534 ], [ 351552.118360156600829, 6864214.59571450855583 ], [ 351711.6818153092172, 6864282.970989273861051 ], [ 351829.483378382050432, 6864327.060506615787745 ], [ 351860.338878921465948, 6864344.458522774279118 ], [ 351889.345516791450791, 6864345.903361604548991 ], [ 351917.953128939610906, 6864328.823901609517634 ], [ 351957.169348475174047, 6864284.515991556458175 ], [ 351995.395469897892326, 6864233.549966886639595 ], [ 352036.263447447330691, 6864209.15077761746943 ], [ 352063.749540975899436, 6864188.050182193517685 ], [ 352093.215830199886113, 6864180.265725729055703 ], [ 352119.388357962947339, 6864185.534857161343098 ], [ 352142.662519450357649, 6864180.932938038371503 ], [ 352159.862284759641625, 6864169.046482976526022 ], [ 352196.375769231119193, 6864125.925959114916623 ], [ 352215.228560138726607, 6864118.934578971937299 ], [ 352240.805102088139392, 6864109.63469644729048 ], [ 352323.470031245669816, 6864095.248316798359156 ], [ 352425.644484171993099, 6864060.685849742032588 ], [ 352554.455740817240439, 6864048.598490105941892 ], [ 352677.467433270008769, 6864046.796081582084298 ], [ 352718.339930908754468, 6864048.832215745002031 ], [ 352743.390879465208855, 6864050.080121038481593 ], [ 352763.698145800794009, 6864066.952673621475697 ], [ 352817.896254302468151, 6864119.878678921610117 ], [ 352872.291412504273467, 6864168.849184352904558 ], [ 352894.841550339478999, 6864193.76369177736342 ], [ 352900.269952438073233, 6864210.019503459334373 ], [ 352913.244192866026424, 6864248.871568901464343 ], [ 352936.521679463970941, 6864285.717905703000724 ], [ 352975.888342803460546, 6864344.513467695564032 ], [ 353054.940240575699136, 6864402.642331220209599 ], [ 353093.246206925017759, 6864429.663303632289171 ], [ 353099.11616296361899, 6864444.494699349626899 ], [ 353097.080208748113364, 6864485.366927683353424 ], [ 353101.401809246570338, 6864504.747367609292269 ], [ 353130.046765974257141, 6864513.443708640523255 ], [ 353182.057624231441878, 6864504.138841201551259 ], [ 353379.886847681831568, 6864486.236518234014511 ], [ 353692.88015571795404, 6864464.818823353387415 ], [ 353937.116157480166294, 6864443.941741283982992 ], [ 353963.914074295898899, 6864439.205227039754391 ], [ 354018.099369252158795, 6864436.741009125486016 ], [ 354043.814005428459495, 6864464.456237865611911 ] ] ] } },
{ "type": "Feature", "properties": { "codTrechoR": null, "concession": null, "nrFaixas": 0, "nome": null, "d_geometri": null, "d_tipoTrec": "Rodovia", "d_jurisdic": "Municipal", "d_administ": null, "d_revestim": "Desconhecido", "d_situacao": null, "d_trafego": null }, "geometry": { "type": "MultiLineString", "coordinates": [ [ [ 356447.215156969381496, 6863726.308416159823537 ], [ 356466.821253409667406, 6863830.164430473931134 ], [ 356491.841796617954969, 6863964.635113914497197 ], [ 356528.006090875016525, 6864109.514714593999088 ], [ 356535.35577322600875, 6864216.671430841088295 ] ] ] } },
{ "type": "Feature", "properties": { "codTrechoR": null, "concession": null, "nrFaixas": 0, "nome": null, "d_geometri": null, "d_tipoTrec": "Rodovia", "d_jurisdic": "Municipal", "d_administ": null, "d_revestim": "Desconhecido", "d_situacao": null, "d_trafego": null }, "geometry": { "type": "MultiLineString", "coordinates": [ [ [ 365950.241553486906923, 6864219.780653236433864 ], [ 365924.483602195687126, 6864269.586513318121433 ], [ 365899.379962738254108, 6864336.721264831721783 ], [ 365894.683279416640289, 6864403.55423638317734 ], [ 365888.432601714855991, 6864462.709681203588843 ] ] ] } },
{ "type": "Feature", "properties": { "codTrechoR": null, "concession": null, "nrFaixas": 0, "nome": null, "d_geometri": null, "d_tipoTrec": "Rodovia", "d_jurisdic": "Municipal", "d_administ": null, "d_revestim": "Desconhecido", "d_situacao": null, "d_trafego": null }, "geometry": { "type": "MultiLineString", "coordinates": [ [ [ 360665.001364335068502, 6864756.910217318683863 ], [ 360653.887576595065184, 6864811.711762145161629 ], [ 360641.249817750765942, 6864906.236522627994418 ], [ 360630.281000183254946, 6864979.493408385664225 ], [ 360585.267836075625382, 6865123.05333005823195 ], [ 360539.855770729598589, 6865242.307168659754097 ], [ 360551.504827380878851, 6865277.000057973898947 ], [ 360546.801729061640799, 6865290.078840331174433 ] ] ] } },
{ "type": "Feature", "properties": { "codTrechoR": null, "concession": null, "nrFaixas": 0, "nome": null, "d_geometri": null, "d_tipoTrec": "Rodovia", "d_jurisdic": "Municipal", "d_administ": null, "d_revestim": "Desconhecido", "d_situacao": null, "d_trafego": null }, "geometry": { "type": "MultiLineString", "coordinates": [ [ [ 370190.030188383127097, 6863884.850093256682158 ], [ 370143.182397168711759, 6863938.637981372885406 ], [ 370109.455530703708064, 6863974.390697117894888 ], [ 370041.78250326734269, 6864123.244810519739985 ], [ 370013.715941251139157, 6864177.345533292740583 ], [ 370006.291068360034842, 6864230.888989800587296 ], [ 370011.678062462422531, 6864281.899506606161594 ], [ 370036.361328455503099, 6864327.52856623288244 ], [ 370067.18455340154469, 6864382.454964616335928 ], [ 370100.442480507539585, 6864441.71930236928165 ], [ 370129.083121753588784, 6864503.402240864932537 ], [ 370122.294685869943351, 6864576.005672184750438 ], [ 370093.119492997706402, 6864620.537018574774265 ], [ 369877.725158516783267, 6864838.145975007675588 ], [ 369853.490503760578576, 6864874.856498762965202 ] ] ] } },
{ "type": "Feature", "properties": { "codTrechoR": null, "concession": null, "nrFaixas": 0, "nome": null, "d_geometri": null, "d_tipoTrec": "Rodovia", "d_jurisdic": "Municipal", "d_administ": null, "d_revestim": "Desconhecido", "d_situacao": null, "d_trafego": null }, "geometry": { "type": "MultiLineString", "coordinates": [ [ [ 369853.490503760578576, 6864874.856498762965202 ], [ 369769.297706699173432, 6865004.157212369143963 ], [ 369759.677690634853207, 6865013.169020647183061 ] ] ] } },
{ "type": "Feature", "properties": { "codTrechoR": null, "concession": null, "nrFaixas": 0, "nome": null, "d_geometri": null, "d_tipoTrec": "Rodovia", "d_jurisdic": "Municipal", "d_administ": null, "d_revestim": "Desconhecido", "d_situacao": null, "d_trafego": null }, "geometry": { "type": "MultiLineString", "coordinates": [ [ [ 369759.677690634853207, 6865013.169020647183061 ], [ 369753.21315763599705, 6865027.72372658457607 ], [ 369734.855843839293811, 6865064.125970083288848 ], [ 369662.106411384185776, 6865123.930000453256071 ], [ 369636.1009509791038, 6865200.333766448311508 ], [ 369630.501109193312004, 6865280.925360649824142 ] ] ] } },
{ "type": "Feature", "properties": { "codTrechoR": null, "concession": null, "nrFaixas": 0, "nome": null, "d_geometri": null, "d_tipoTrec": "Rodovia", "d_jurisdic": "Municipal", "d_administ": null, "d_revestim": "Desconhecido", "d_situacao": null, "d_trafego": null }, "geometry": { "type": "MultiLineString", "coordinates": [ [ [ 353139.523595141014084, 6866405.838072226382792 ], [ 353070.116010287136305, 6866354.404042722657323 ], [ 353024.423639252665453, 6866316.442687368020415 ], [ 352919.120919042383321, 6866201.496497200801969 ], [ 352896.635661467502359, 6866175.264163739979267 ], [ 352850.155646071536466, 6866153.124135807156563 ], [ 352812.308295398775954, 6866116.874798933044076 ], [ 352723.954269195324741, 6866033.171806879341602 ], [ 352708.192719137761742, 6866004.630599906668067 ], [ 352660.191514137317427, 6865959.945060348138213 ], [ 352610.215437739621848, 6865928.378581429831684 ], [ 352565.25065141892992, 6865902.348525304347277 ], [ 352503.271413667593151, 6865846.392981268465519 ], [ 352407.931007121922448, 6865770.271838402375579 ], [ 352352.877866382943466, 6865734.487043583765626 ], [ 352313.186819525551982, 6865708.719335362315178 ], [ 352237.765693396213464, 6865683.816075226292014 ], [ 352115.07607297913637, 6865652.593720622360706 ], [ 351938.853796219395008, 6865608.131759081035852 ], [ 351845.504169272491708, 6865598.196557749062777 ], [ 351786.631837071792688, 6865586.012748869135976 ], [ 351735.407903263519984, 6865579.496899627149105 ], [ 351691.498507601791061, 6865558.805853128433228 ], [ 351668.619192123180255, 6865540.483820913359523 ], [ 351536.628239514888264, 6865483.684513775631785 ], [ 351489.753485098248348, 6865469.454473506659269 ], [ 351446.571519672055729, 6865460.695429006591439 ], [ 351362.313950016046874, 6865427.420969194732606 ], [ 351340.490449749166146, 6865414.438387265428901 ], [ 351260.779158698860556, 6865369.49436354637146 ], [ 351205.65958336472977, 6865335.027157177217305 ], [ 351162.516158643702511, 6865311.350658727809787 ], [ 351115.254323967616074, 6865294.355569906532764 ] ] ] } },
{ "type": "Feature", "properties": { "codTrechoR": null, "concession": null, "nrFaixas": 0, "nome": null, "d_geometri": null, "d_tipoTrec": "Rodovia", "d_jurisdic": "Municipal", "d_administ": null, "d_revestim": "Desconhecido", "d_situacao": null, "d_trafego": null }, "geometry": { "type": "MultiLineString", "coordinates": [ [ [ 379904.6812347076484, 6863584.887952823191881 ], [ 379928.824313523713499, 6863602.788041677325964 ] ] ] } },
{ "type": "Feature", "properties": { "codTrechoR": null, "concession": null, "nrFaixas": 0, "nome": null, "d_geometri": null, "d_tipoTrec": "Rodovia", "d_jurisdic": "Municipal", "d_administ": null, "d_revestim": "Desconhecido", "d_situacao": null, "d_trafego": null }, "geometry": { "type": "MultiLineString", "coordinates": [ [ [ 360546.801729061640799, 6865290.078840331174433 ], [ 360554.727263573324308, 6865369.768719081766903 ], [ 360582.624638266279362, 6865446.488474322482944 ], [ 360623.568532210367266, 6865500.069442918524146 ], [ 360697.530748700723052, 6865527.541194600984454 ], [ 360774.66000989737222, 6865571.029749605804682 ], [ 360854.759464744594879, 6865634.48967723082751 ] ] ] } },
{ "type": "Feature", "properties": { "codTrechoR": null, "concession": null, "nrFaixas": 0, "nome": null, "d_geometri": null, "d_tipoTrec": "Rodovia", "d_jurisdic": "Municipal", "d_administ": null, "d_revestim": "Desconhecido", "d_situacao": null, "d_trafego": null }, "geometry": { "type": "MultiLineString", "coordinates": [ [ [ 363580.134371497144457, 6866410.454561093822122 ], [ 363645.221165900817141, 6866518.261560931801796 ], [ 363695.654370899428613, 6866567.025883101858199 ], [ 363719.394343660213053, 6866621.068682234734297 ], [ 363776.910970352590084, 6866660.274086704477668 ] ] ] } },
{ "type": "Feature", "properties": { "codTrechoR": null, "concession": null, "nrFaixas": 0, "nome": null, "d_geometri": null, "d_tipoTrec": "Rodovia", "d_jurisdic": "Municipal", "d_administ": null, "d_revestim": "Desconhecido", "d_situacao": null, "d_trafego": null }, "geometry": { "type": "MultiLineString", "coordinates": [ [ [ 364229.933475867088418, 6866464.389032199978828 ], [ 364144.944569987477735, 6866515.132642406970263 ], [ 364029.005743858753704, 6866573.710742542520165 ], [ 363922.725162652786821, 6866584.938487304374576 ], [ 363842.645534954848699, 6866600.774412486702204 ], [ 363797.99744216457475, 6866634.893416692502797 ], [ 363776.910970352590084, 6866660.274086704477668 ] ] ] } },
{ "type": "Feature", "properties": { "codTrechoR": null, "concession": null, "nrFaixas": 0, "nome": null, "d_geometri": null, "d_tipoTrec": "Rodovia", "d_jurisdic": "Municipal", "d_administ": null, "d_revestim": "Desconhecido", "d_situacao": null, "d_trafego": null }, "geometry": { "type": "MultiLineString", "coordinates": [ [ [ 353656.939952840679325, 6866978.787232956849039 ], [ 353498.556509546702728, 6866921.207105712033808 ], [ 353370.023437400348485, 6866869.342025252990425 ], [ 353352.459941779845394, 6866861.066131850704551 ], [ 353326.720900380983949, 6866847.096493598073721 ], [ 353319.017756586312316, 6866831.909732068888843 ], [ 353299.995213070942555, 6866770.534984916448593 ], [ 353276.976238433329854, 6866661.972249830141664 ], [ 353254.704150016186759, 6866593.177062405273318 ], [ 353192.736328041530214, 6866467.964821783825755 ], [ 353139.523595141014084, 6866405.838072226382792 ] ] ] } },
{ "type": "Feature", "properties": { "codTrechoR": null, "concession": null, "nrFaixas": 0, "nome": null, "d_geometri": null, "d_tipoTrec": "Rodovia", "d_jurisdic": "Municipal", "d_administ": null, "d_revestim": "Desconhecido", "d_situacao": null, "d_trafego": null }, "geometry": { "type": "MultiLineString", "coordinates": [ [ [ 356118.192389370116871, 6866061.958753243088722 ], [ 356075.53883560327813, 6866081.833356784656644 ], [ 355998.997114663070533, 6866122.665619250386953 ], [ 355968.582468579523265, 6866153.631478593684733 ], [ 355861.513837883772794, 6866248.213294005021453 ], [ 355809.626719121704809, 6866271.006174466572702 ], [ 355639.628107574535534, 6866372.506318975239992 ], [ 355448.648791195475496, 6866513.141601836308837 ], [ 355379.894901295308955, 6866577.389109544456005 ], [ 355363.448431555007119, 6866610.40551857277751 ], [ 355344.815428983187303, 6866772.309455379843712 ], [ 355316.036589648691006, 6866840.66176943667233 ], [ 355284.074105026724283, 6866880.305826854892075 ], [ 355246.300660410895944, 6866904.716426014900208 ] ] ] } },
{ "type": "Feature", "properties": { "codTrechoR": null, "concession": null, "nrFaixas": 0, "nome": null, "d_geometri": null, "d_tipoTrec": "Rodovia", "d_jurisdic": "Municipal", "d_administ": null, "d_revestim": "Desconhecido", "d_situacao": null, "d_trafego": null }, "geometry": { "type": "MultiLineString", "coordinates": [ [ [ 362018.873302247433458, 6867156.833319158293307 ], [ 362042.891688711708412, 6867216.279307981021702 ], [ 362075.839004212873988, 6867297.823322970420122 ], [ 362100.033447458059527, 6867316.207745345309377 ], [ 362148.058442737208679, 6867347.011524693109095 ], [ 362232.673320081725251, 6867412.675290757790208 ] ] ] } },
{ "type": "Feature", "properties": { "codTrechoR": null, "concession": null, "nrFaixas": 0, "nome": null, "d_geometri": null, "d_tipoTrec": "Rodovia", "d_jurisdic": "Municipal", "d_administ": null, "d_revestim": "Desconhecido", "d_situacao": null, "d_trafego": null }, "geometry": { "type": "MultiLineString", "coordinates": [ [ [ 362232.673320081725251, 6867412.675290757790208 ], [ 362267.348445053095929, 6867432.902869900688529 ], [ 362306.834358538151719, 6867449.405319429934025 ], [ 362353.503761818748899, 6867458.210910068824887 ], [ 362378.188662656582892, 6867462.86840661149472 ], [ 362411.083074744499754, 6867479.042676968500018 ], [ 362465.774001899873838, 6867548.502806505188346 ], [ 362535.696786377287935, 6867643.830336296930909 ], [ 362543.468626735266298, 6867669.502714137546718 ], [ 362554.99106446641963, 6867707.56400428712368 ], [ 362549.561105835135095, 6867739.872249169275165 ], [ 362536.425675153499469, 6867771.916860492900014 ], [ 362502.799374627880752, 6867883.941769761033356 ], [ 362495.681586554506794, 6867903.504807098768651 ], [ 362501.316808718722314, 6868042.547540148720145 ], [ 362533.536688972148113, 6868271.456483291462064 ], [ 362568.732313291286118, 6868400.736779877915978 ], [ 362583.860710978915449, 6868452.42273610830307 ], [ 362585.036476285778917, 6868468.146376494318247 ] ] ] } },
{ "type": "Feature", "properties": { "codTrechoR": null, "concession": null, "nrFaixas": 0, "nome": null, "d_geometri": null, "d_tipoTrec": "Rodovia", "d_jurisdic": "Municipal", "d_administ": null, "d_revestim": "Desconhecido", "d_situacao": null, "d_trafego": null }, "geometry": { "type": "MultiLineString", "coordinates": [ [ [ 346569.570321956067346, 6867251.522177676670253 ], [ 346592.989072014228441, 6867312.170970395207405 ], [ 346601.028869379602838, 6867343.819281131029129 ], [ 346609.516402262263, 6867362.499493842944503 ], [ 346620.954361887357663, 6867387.655097196809947 ], [ 346626.224257689085789, 6867425.193469028919935 ], [ 346643.83761342940852, 6867469.691032029688358 ], [ 346657.018998454033863, 6867507.62317574210465 ], [ 346659.400021338020451, 6867539.466115664690733 ], [ 346652.448422024142928, 6867583.534292286261916 ], [ 346632.842180741310585, 6867642.834928685799241 ], [ 346618.498484743351582, 6867707.949348472058773 ], [ 346600.109015863155946, 6867726.862036656588316 ], [ 346575.000367819098756, 6867769.233702074736357 ], [ 346538.475131118553691, 6867815.706748896278441 ], [ 346534.09287444781512, 6867828.928612465038896 ] ] ] } },
{ "type": "Feature", "properties": { "codTrechoR": null, "concession": null, "nrFaixas": 0, "nome": null, "d_geometri": null, "d_tipoTrec": "Rodovia", "d_jurisdic": "Municipal", "d_administ": null, "d_revestim": "Desconhecido", "d_situacao": null, "d_trafego": null }, "geometry": { "type": "MultiLineString", "coordinates": [ [ [ 347131.916934915236197, 6869417.877423835918307 ], [ 347145.393869509687647, 6869418.832763437181711 ], [ 347285.310251412214711, 6869423.683564405888319 ], [ 347318.971577288582921, 6869421.323256202973425 ], [ 347368.608514675346669, 6869396.033528719097376 ], [ 347488.20335212390637, 6869303.637555482797325 ], [ 347567.014595504733734, 6869269.774570748209953 ], [ 347619.934568319877144, 6869237.140208598226309 ], [ 347681.444510195869952, 6869181.594908507540822 ], [ 347736.737300037755631, 6869154.207448322325945 ], [ 347841.277248069061898, 6869125.304275490343571 ], [ 347995.178214629937429, 6869076.649705316871405 ], [ 348106.086307192104869, 6869047.270415279082954 ], [ 348174.722638594976161, 6869029.119486005976796 ], [ 348330.696044494688977, 6868932.341752642765641 ], [ 348438.702521239465568, 6868849.681540712714195 ], [ 348540.143677061772905, 6868771.453646991401911 ], [ 348578.90499269857537, 6868757.520155960693955 ], [ 348619.327180854452308, 6868742.08309743180871 ], [ 348651.247854124871083, 6868738.119475929066539 ], [ 348736.545578402234241, 6868737.26619340851903 ], [ 348797.248075267649256, 6868736.658532487228513 ], [ 349076.192100794287398, 6868725.1563665503636 ], [ 349254.981690080952831, 6868718.189090708270669 ], [ 349307.077550573623739, 6868723.159926952794194 ], [ 349331.197939644800499, 6868732.78996728733182 ], [ 349353.893462744075805, 6868738.294076330028474 ] ] ] } },
{ "type": "Feature", "properties": { "codTrechoR": null, "concession": null, "nrFaixas": 0, "nome": null, "d_geometri": null, "d_tipoTrec": "Rodovia", "d_jurisdic": "Municipal", "d_administ": null, "d_revestim": "Desconhecido", "d_situacao": null, "d_trafego": null }, "geometry": { "type": "MultiLineString", "coordinates": [ [ [ 343951.214102907513734, 6868923.915923483669758 ], [ 343931.404479739139788, 6868921.677277317270637 ], [ 343894.528561258979607, 6868930.421066270209849 ], [ 343862.276363164710347, 6868942.521765690296888 ], [ 343818.748170294682495, 6868964.902972590178251 ], [ 343795.150219557515811, 6868981.401644698344171 ], [ 343759.973192194593139, 6869001.164718677289784 ], [ 343738.265465062577277, 6869010.108030629344285 ], [ 343722.818572758405935, 6869010.221606178209186 ], [ 343706.169361273990944, 6869010.343905976042151 ], [ 343680.595057551341597, 6869002.754855845123529 ], [ 343656.30941889854148, 6868985.953302267938852 ], [ 343639.059423507540487, 6868966.607503719627857 ], [ 343627.173316475294996, 6868938.76218793168664 ], [ 343617.707810489984695, 6868904.356384520418942 ], [ 343610.270863403216936, 6868848.881513848900795 ], [ 343604.118056590377819, 6868799.606841312721372 ], [ 343602.065248715167399, 6868783.310035077854991 ], [ 343595.960100679891184, 6868743.762253887020051 ], [ 343591.729103189369198, 6868718.895223837345839 ], [ 343559.234916894638445, 6868654.620490031316876 ], [ 343520.494051638408564, 6868604.311521011404693 ], [ 343444.209137260040734, 6868543.410133841447532 ], [ 343348.664118676097132, 6868502.965526605024934 ], [ 343306.333558590558823, 6868492.928239330649376 ], [ 343274.843462496530265, 6868488.189153301529586 ], [ 343233.583502511610277, 6868488.515993286855519 ], [ 343203.478872244129889, 6868487.811506798490882 ], [ 343152.370341113826726, 6868494.786779467016459 ], [ 343118.746708997292444, 6868501.04562102816999 ], [ 343089.684564026189037, 6868506.601876124739647 ], [ 343062.257239148311783, 6868504.580668682232499 ], [ 343042.477468040306121, 6868503.596731849014759 ], [ 343009.955822877353057, 6868487.702082496136427 ], [ 342962.751335224951617, 6868465.665603928267956 ], [ 342943.342124094371684, 6868453.026562068611383 ], [ 342900.111044992110692, 6868430.090186664834619 ], [ 342884.931637546804268, 6868425.473605062812567 ] ] ] } },
{ "type": "Feature", "properties": { "codTrechoR": null, "concession": null, "nrFaixas": 0, "nome": null, "d_geometri": null, "d_tipoTrec": "Rodovia", "d_jurisdic": "Municipal", "d_administ": null, "d_revestim": "Desconhecido", "d_situacao": null, "d_trafego": null }, "geometry": { "type": "MultiLineString", "coordinates": [ [ [ 349353.893462744075805, 6868738.294076330028474 ], [ 349422.60204536607489, 6868754.957441564649343 ], [ 349572.921115923672915, 6868788.871193626895547 ], [ 349664.293808995513245, 6868821.312672885134816 ], [ 349702.806115482875612, 6868834.98604004830122 ], [ 349833.346730422461405, 6868867.915627683512866 ], [ 349909.506629425450228, 6868931.184514183551073 ], [ 349917.699362402432598, 6868964.410389831289649 ], [ 349929.718078330624849, 6868978.356331052258611 ], [ 349991.853644936461933, 6869110.981832744553685 ], [ 350053.844554998388048, 6869193.372253827750683 ], [ 350142.468178650422487, 6869271.800201905891299 ], [ 350335.27526076103095, 6869434.716286841779947 ], [ 350407.589127042680047, 6869495.522016413509846 ], [ 350459.158060362911783, 6869573.151304509490728 ], [ 350713.4585548681207, 6870173.985583851113915 ], [ 350741.8276945798425, 6870238.556211711838841 ], [ 350811.762470025219955, 6870309.36826403811574 ], [ 350856.358498813584447, 6870422.613938642665744 ], [ 350852.973495931481011, 6870464.848766768351197 ], [ 350856.600001009763218, 6870485.109306139871478 ] ] ] } },
{ "type": "Feature", "properties": { "codTrechoR": null, "concession": null, "nrFaixas": 0, "nome": null, "d_geometri": null, "d_tipoTrec": "Rodovia", "d_jurisdic": "Municipal", "d_administ": null, "d_revestim": "Desconhecido", "d_situacao": null, "d_trafego": null }, "geometry": { "type": "MultiLineString", "coordinates": [ [ [ 352894.006311650155112, 6872630.374083925038576 ], [ 352939.381490994244814, 6872580.557258306071162 ], [ 352962.786454771237914, 6872543.448083655908704 ], [ 352982.283570800209418, 6872491.548065545037389 ], [ 352996.487581143155694, 6872375.942615890875459 ], [ 353000.353779389930423, 6872255.593952924013138 ], [ 352960.796440602396615, 6872121.0868861079216 ], [ 352932.462678186071571, 6872058.954649796709418 ], [ 352903.737736782175489, 6871901.857755228877068 ], [ 352842.157321339356713, 6871691.725165983662009 ], [ 352828.78107828903012, 6871625.546990741975605 ], [ 352830.986329828039743, 6871581.182224353775382 ], [ 352856.334065746515989, 6871470.095672499388456 ], [ 352884.435718780499883, 6871377.4978206474334 ], [ 352904.694299240771215, 6871349.278483204543591 ], [ 352913.534824157366529, 6871329.139297312125564 ], [ 352951.809107483015396, 6871282.402599441818893 ], [ 353009.069123472610954, 6871236.609807514585555 ], [ 353058.322730648331344, 6871224.25496603641659 ], [ 353089.392288175411522, 6871221.381412983871996 ], [ 353109.883701769402251, 6871213.438063044101 ], [ 353131.148903160355985, 6871198.375254888087511 ], [ 353278.465505341417156, 6871085.158215556293726 ], [ 353479.638129164697602, 6870824.472691362723708 ], [ 353503.460365072824061, 6870770.673813727684319 ], [ 353494.788931544171646, 6870689.882565733976662 ], [ 353494.876844785409048, 6870643.357811853289604 ] ] ] } },
{ "type": "Feature", "properties": { "codTrechoR": null, "concession": null, "nrFaixas": 0, "nome": null, "d_geometri": null, "d_tipoTrec": "Rodovia", "d_jurisdic": "Municipal", "d_administ": null, "d_revestim": "Desconhecido", "d_situacao": null, "d_trafego": null }, "geometry": { "type": "MultiLineString", "coordinates": [ [ [ 370102.28145950299222, 6871125.390412271022797 ], [ 370056.640938184224069, 6871120.586200471967459 ], [ 369994.199166508682538, 6871111.061198549345136 ], [ 369878.84064094023779, 6871112.119484378024936 ], [ 369828.489679194404744, 6871118.803397343493998 ], [ 369759.24868470360525, 6871127.99447659868747 ], [ 369669.29017700930126, 6871126.936191594228148 ], [ 369569.806596549286041, 6871119.527784990146756 ], [ 369419.523002522066236, 6871082.486109981313348 ], [ 369372.956218950392213, 6871082.486055927351117 ], [ 369272.41436576412525, 6871136.461159866303205 ], [ 369151.764158456411678, 6871211.60298625100404 ], [ 369089.322363740182482, 6871252.878073271363974 ], [ 369001.480539982556365, 6871312.144845740869641 ], [ 368953.93152920238208, 6871362.965369576588273 ], [ 368801.455086840782315, 6871525.928655361756682 ], [ 368511.471139556262642, 6871767.2290945854038 ], [ 368364.3625770668732, 6871887.879398140124977 ], [ 368157.987142363621388, 6872063.563051263801754 ], [ 368016.170155792322475, 6872164.104918880388141 ], [ 367850.011553880060092, 6872322.855281157419086 ], [ 367767.46131461369805, 6872405.405394984409213 ], [ 367670.094497848593164, 6872414.930419367738068 ], [ 367622.46944674232509, 6872419.163745084777474 ], [ 367599.18605392758036, 6872408.580397446639836 ], [ 367570.610980900702998, 6872392.705360792577267 ], [ 367390.693912680028006, 6872321.796886635944247 ], [ 367236.176946913357824, 6872276.288492677733302 ], [ 367181.143501169921365, 6872257.23848931863904 ], [ 367066.843258344451897, 6872224.430105669423938 ], [ 367011.809844781586435, 6872213.84666364453733 ], [ 366990.643103337730281, 6872213.846719294786453 ], [ 366961.009747185977176, 6872217.021703764796257 ], [ 366944.076406724343542, 6872220.196671074256301 ], [ 366912.326299791166093, 6872227.605029534548521 ], [ 366879.517892007366754, 6872235.013397214002907 ], [ 366838.242855726741254, 6872246.655132290907204 ], [ 366766.276023458107375, 6872275.230132672004402 ], [ 366707.009267225628719, 6872282.638501336798072 ], [ 366594.825640195747837, 6872294.280229771509767 ], [ 366537.675536447844934, 6872308.038530963473022 ], [ 366476.292135780095123, 6872341.905304584652185 ], [ 366414.908608636935242, 6872388.472032576799393 ], [ 366389.508618112071417, 6872446.680530250072479 ], [ 366357.758546917058993, 6872505.947283673100173 ], [ 366324.950131190242246, 6872536.638978397473693 ] ] ] } },
{ "type": "Feature", "properties": { "codTrechoR": null, "concession": null, "nrFaixas": 0, "nome": null, "d_geometri": null, "d_tipoTrec": "Rodovia", "d_jurisdic": "Municipal", "d_administ": null, "d_revestim": "Desconhecido", "d_situacao": null, "d_trafego": null }, "geometry": { "type": "MultiLineString", "coordinates": [ [ [ 371721.215460901730694, 6871629.171291079372168 ], [ 371680.336104397312738, 6871621.0859515061602 ], [ 371591.186128703062423, 6871596.287376247346401 ], [ 371548.463060742302332, 6871584.402925244532526 ], [ 371534.562207212147769, 6871578.23612055554986 ], [ 371359.867057873401791, 6871500.734039928764105 ], [ 371300.522935566375963, 6871475.012964066118002 ], [ 371222.333900530240498, 6871462.889201562851667 ], [ 371127.954006464686245, 6871447.625740649178624 ], [ 370986.645936632121447, 6871419.457905629649758 ], [ 370723.402456111856736, 6871374.183025490492582 ], [ 370641.277444677078165, 6871360.057240169495344 ], [ 370526.4383001094684, 6871287.915443741716444 ], [ 370430.233411271241494, 6871227.478072181344032 ], [ 370334.983222543320153, 6871177.736308600753546 ], [ 370248.199696257477626, 6871149.161203398369253 ], [ 370234.381379705504514, 6871146.821071247570217 ], [ 370116.96607076190412, 6871126.936156557872891 ], [ 370102.28145950299222, 6871125.390412271022797 ] ] ] } },
{ "type": "Feature", "properties": { "codTrechoR": null, "concession": null, "nrFaixas": 0, "nome": null, "d_geometri": null, "d_tipoTrec": "Rodovia", "d_jurisdic": "Municipal", "d_administ": null, "d_revestim": "Desconhecido", "d_situacao": null, "d_trafego": null }, "geometry": { "type": "MultiLineString", "coordinates": [ [ [ 350134.916411601705477, 6872920.66682496946305 ], [ 350153.03376679046778, 6872913.161673541180789 ], [ 350242.986890463798773, 6872820.654610896483064 ], [ 350330.841275162645616, 6872741.074185913428664 ], [ 350345.267443115706556, 6872733.209361779503524 ], [ 350366.924837364756968, 6872721.402128033339977 ] ] ] } },
{ "type": "Feature", "properties": { "codTrechoR": null, "concession": null, "nrFaixas": 0, "nome": null, "d_geometri": null, "d_tipoTrec": "Acesso", "d_jurisdic": "Municipal", "d_administ": null, "d_revestim": "Desconhecido", "d_situacao": null, "d_trafego": null }, "geometry": { "type": "MultiLineString", "coordinates": [ [ [ 358667.351383529487066, 6871973.676280496641994 ], [ 358765.685614791349508, 6872133.52048603259027 ], [ 358862.217297496041283, 6872233.47403499763459 ], [ 358984.375814747181721, 6872328.357380643486977 ], [ 359160.303616884979419, 6872362.475736009888351 ], [ 359324.518454911245499, 6872376.980708901770413 ], [ 359888.894312807417009, 6872125.910390944220126 ], [ 360130.301054366165772, 6872118.878293139860034 ], [ 361634.484126406605355, 6872922.669874735176563 ], [ 361663.618098495702725, 6872926.275871401652694 ], [ 361797.663797478890046, 6873009.44897931534797 ], [ 361922.910289125342388, 6873079.132390035316348 ], [ 362072.935928071907256, 6873164.500503933988512 ], [ 362214.224111724761315, 6873243.842824741266668 ], [ 362304.340060698217712, 6873286.581967463716865 ], [ 362335.175610119535122, 6873304.469797677360475 ], [ 362420.299607471795753, 6873379.841382475569844 ], [ 362547.407825275964569, 6873488.626729117706418 ], [ 362803.251566498540342, 6873711.186490348540246 ], [ 362927.449730212450959, 6873818.275474593043327 ], [ 363128.497518034069799, 6873991.631644688546658 ], [ 363414.998110859771259, 6874245.267089146189392 ], [ 363578.648356006713584, 6874388.454619165509939 ], [ 363885.979517561849207, 6874651.970211256295443 ], [ 364057.846051397616975, 6874802.232948848977685 ], [ 364098.34835434355773, 6874837.519537600688636 ], [ 364168.373792630038224, 6874888.695229349657893 ] ] ] } },
{ "type": "Feature", "properties": { "codTrechoR": null, "concession": null, "nrFaixas": 0, "nome": null, "d_geometri": null, "d_tipoTrec": "Rodovia", "d_jurisdic": "Municipal", "d_administ": null, "d_revestim": "Desconhecido", "d_situacao": null, "d_trafego": null }, "geometry": { "type": "MultiLineString", "coordinates": [ [ [ 352894.006311650155112, 6872630.374083925038576 ], [ 352907.674205678631552, 6872632.399388930760324 ], [ 352924.776940472540446, 6872631.883100941777229 ], [ 353019.71446885104524, 6872663.035167699679732 ], [ 353066.130838546087034, 6872686.489181680604815 ], [ 353094.274707968928851, 6872708.955034468322992 ], [ 353159.37301184644457, 6872778.355755751952529 ], [ 353180.869655948074069, 6872797.927905509248376 ], [ 353227.61034620529972, 6872811.021283090114594 ], [ 353266.90522158954991, 6872822.028688080608845 ], [ 353306.45901701413095, 6872823.994143703952432 ], [ 353351.417598730709869, 6872823.584626221098006 ], [ 353393.027075405640062, 6872808.965357878245413 ], [ 353417.332167276530527, 6872800.425732284784317 ], [ 353452.499907822348177, 6872788.588430780917406 ], [ 353464.902044331480283, 6872781.261763270944357 ], [ 353485.023855328152422, 6872768.103125126101077 ], [ 353518.50928434857633, 6872759.193376651033759 ], [ 353544.452811987081077, 6872761.6157016903162 ], [ 353658.936708913301118, 6872805.822503914125264 ], [ 353682.980499915138353, 6872819.927362688817084 ], [ 353705.605234824237414, 6872839.463881842792034 ], [ 353737.478707142639905, 6872900.92285118252039 ], [ 353749.615026300423779, 6872922.673107329756021 ], [ 353792.345901832566597, 6872967.090839486569166 ] ] ] } },
{ "type": "Feature", "properties": { "codTrechoR": null, "concession": null, "nrFaixas": 0, "nome": null, "d_geometri": null, "d_tipoTrec": "Rodovia", "d_jurisdic": "Municipal", "d_administ": null, "d_revestim": "Desconhecido", "d_situacao": null, "d_trafego": null }, "geometry": { "type": "MultiLineString", "coordinates": [ [ [ 351797.000212196202483, 6873175.949126694351435 ], [ 351889.362563045520801, 6873183.43063879199326 ], [ 351952.96297106333077, 6873175.786184443160892 ], [ 351979.647744945716113, 6873171.411379607394338 ], [ 352141.266213543480262, 6873144.913940664380789 ], [ 352201.367535537516233, 6873118.239166776649654 ], [ 352286.323460995685309, 6873045.464676845818758 ], [ 352323.90927598788403, 6873026.947044547647238 ], [ 352343.106920760881621, 6873005.800872188061476 ] ] ] } },
{ "type": "Feature", "properties": { "codTrechoR": null, "concession": null, "nrFaixas": 0, "nome": null, "d_geometri": null, "d_tipoTrec": "Acesso", "d_jurisdic": "Municipal", "d_administ": null, "d_revestim": "Desconhecido", "d_situacao": null, "d_trafego": null }, "geometry": { "type": "MultiLineString", "coordinates": [ [ [ 356517.673014005413279, 6873291.038742015138268 ], [ 356794.918721616733819, 6873265.164246713742614 ], [ 356845.387665366055444, 6873270.843692276626825 ], [ 357083.488821748062037, 6873404.68761926703155 ], [ 357200.55880064307712, 6873470.493425589986145 ], [ 357317.419709681766108, 6873529.111677624285221 ], [ 357336.08537687320495, 6873538.474301729351282 ], [ 357348.799531827447936, 6873544.851596620865166 ] ] ] } },
{ "type": "Feature", "properties": { "codTrechoR": null, "concession": null, "nrFaixas": 0, "nome": null, "d_geometri": null, "d_tipoTrec": "Rodovia", "d_jurisdic": "Municipal", "d_administ": null, "d_revestim": "Desconhecido", "d_situacao": null, "d_trafego": null }, "geometry": { "type": "MultiLineString", "coordinates": [ [ [ 353792.345901832566597, 6872967.090839486569166 ], [ 353844.514024240721483, 6873009.339806213974953 ], [ 353858.415883084642701, 6873020.598360138945282 ], [ 353876.947861766326241, 6873046.631506212055683 ], [ 353889.68203375604935, 6873082.950187462382019 ], [ 353916.821429020958021, 6873228.364006684161723 ], [ 353929.752206175005995, 6873260.727324429899454 ], [ 353956.103930156328715, 6873316.066431745886803 ], [ 353966.7222141638631, 6873414.572412735782564 ], [ 353976.798602374095935, 6873506.458590172231197 ], [ 353992.921659796731547, 6873552.283315389417112 ], [ 354002.515959497657605, 6873579.55177787784487 ] ] ] } },
{ "type": "Feature", "properties": { "codTrechoR": null, "concession": null, "nrFaixas": 0, "nome": null, "d_geometri": null, "d_tipoTrec": "Rodovia", "d_jurisdic": "Municipal", "d_administ": null, "d_revestim": "Desconhecido", "d_situacao": null, "d_trafego": null }, "geometry": { "type": "MultiLineString", "coordinates": [ [ [ 351527.023186489066575, 6873630.335867647081614 ], [ 351599.182452022098005, 6873386.536477506160736 ], [ 351635.694009260449093, 6873304.722503304481506 ], [ 351662.551044500083663, 6873248.101827189326286 ], [ 351692.800274575594813, 6873218.946856241673231 ], [ 351721.050158557889517, 6873200.314384972676635 ], [ 351762.346055514295585, 6873183.954231113195419 ], [ 351797.000212196202483, 6873175.949126694351435 ] ] ] } },
{ "type": "Feature", "properties": { "codTrechoR": null, "concession": null, "nrFaixas": 0, "nome": null, "d_geometri": null, "d_tipoTrec": "Rodovia", "d_jurisdic": "Municipal", "d_administ": null, "d_revestim": "Desconhecido", "d_situacao": null, "d_trafego": null }, "geometry": { "type": "MultiLineString", "coordinates": [ [ [ 350555.655878009973094, 6874361.418076332658529 ], [ 350559.769322440144606, 6874348.087080332450569 ], [ 350640.149476182588842, 6874195.104654635302722 ], [ 350749.588020566035993, 6874107.88172513153404 ], [ 350874.363446125760674, 6873989.208013075403869 ], [ 350938.207440339843743, 6873962.586275547742844 ], [ 351000.051014550030231, 6873946.486565977334976 ], [ 351058.132823834486771, 6873932.448884279467165 ], [ 351099.326417011732701, 6873924.527718665078282 ], [ 351136.758290805213619, 6873918.668556775897741 ], [ 351181.686977284844033, 6873910.793947909027338 ], [ 351217.198231561982539, 6873909.129529977217317 ], [ 351249.132835990691092, 6873894.763204058632255 ], [ 351443.873193902662024, 6873707.346918977797031 ], [ 351527.023186489066575, 6873630.335867647081614 ] ] ] } },
{ "type": "Feature", "properties": { "codTrechoR": null, "concession": null, "nrFaixas": 0, "nome": null, "d_geometri": null, "d_tipoTrec": "Rodovia", "d_jurisdic": "Municipal", "d_administ": null, "d_revestim": "Desconhecido", "d_situacao": null, "d_trafego": null }, "geometry": { "type": "MultiLineString", "coordinates": [ [ [ 354002.515959497657605, 6873579.55177787784487 ], [ 354067.744244141736999, 6873629.399188225157559 ], [ 354158.029750052141026, 6873692.210805696435273 ], [ 354317.871646823070478, 6873785.369141902774572 ] ] ] } },
{ "type": "Feature", "properties": { "codTrechoR": null, "concession": null, "nrFaixas": 0, "nome": null, "d_geometri": null, "d_tipoTrec": "Acesso", "d_jurisdic": "Municipal", "d_administ": null, "d_revestim": "Desconhecido", "d_situacao": null, "d_trafego": null }, "geometry": { "type": "MultiLineString", "coordinates": [ [ [ 364168.372817358584143, 6874888.693508353084326 ], [ 364178.599950236734003, 6874896.755894377827644 ], [ 364592.782454369938932, 6875267.299277843907475 ], [ 364642.985748088220134, 6875312.765280487015843 ], [ 364770.357802195125259, 6875428.115918576717377 ], [ 364812.836076988547575, 6875462.717894537374377 ], [ 364942.505677758425009, 6875562.968373036943376 ], [ 365086.397750201402232, 6875684.861673696897924 ], [ 365176.30340745387366, 6875768.839621463790536 ] ] ] } },
{ "type": "Feature", "properties": { "codTrechoR": null, "concession": null, "nrFaixas": 0, "nome": null, "d_geometri": null, "d_tipoTrec": "Rodovia", "d_jurisdic": "Municipal", "d_administ": null, "d_revestim": "Desconhecido", "d_situacao": null, "d_trafego": null }, "geometry": { "type": "MultiLineString", "coordinates": [ [ [ 375644.843664111511316, 6875512.216308668255806 ], [ 375571.313641023763921, 6875666.890472162514925 ], [ 375519.931365177268162, 6875757.314532721415162 ], [ 375491.796202362980694, 6875800.158871935680509 ], [ 375393.869032189133577, 6875954.737444510683417 ] ] ] } },
{ "type": "Feature", "properties": { "codTrechoR": null, "concession": null, "nrFaixas": 0, "nome": null, "d_geometri": null, "d_tipoTrec": "Rodovia", "d_jurisdic": "Municipal", "d_administ": null, "d_revestim": "Desconhecido", "d_situacao": null, "d_trafego": null }, "geometry": { "type": "MultiLineString", "coordinates": [ [ [ 346555.940298298548441, 6875258.809869901277125 ], [ 346537.132982510025613, 6875503.830802703276277 ], [ 346604.916128043201752, 6875783.184819545596838 ], [ 346756.656172314484138, 6876408.492891358211637 ] ] ] } },
{ "type": "Feature", "properties": { "codTrechoR": null, "concession": null, "nrFaixas": 0, "nome": null, "d_geometri": null, "d_tipoTrec": "Rodovia", "d_jurisdic": "Municipal", "d_administ": null, "d_revestim": "Desconhecido", "d_situacao": null, "d_trafego": null }, "geometry": { "type": "MultiLineString", "coordinates": [ [ [ 351978.991564198862761, 6877037.431894352659583 ], [ 351925.582121924031526, 6876931.692589279264212 ], [ 351826.585598439502064, 6876817.073931310325861 ], [ 351839.137095142388716, 6876779.734235752373934 ] ] ] } },
{ "type": "Feature", "properties": { "codTrechoR": null, "concession": null, "nrFaixas": 0, "nome": null, "d_geometri": null, "d_tipoTrec": "Rodovia", "d_jurisdic": "Municipal", "d_administ": null, "d_revestim": "Desconhecido", "d_situacao": null, "d_trafego": null }, "geometry": { "type": "MultiLineString", "coordinates": [ [ [ 352350.083114146254957, 6878198.705782487988472 ], [ 352340.343369850248564, 6878136.618989298120141 ], [ 352357.378275890252553, 6878081.456738669425249 ], [ 352378.887368007563055, 6878042.171134383417666 ], [ 352393.521167921135202, 6877992.252697451040149 ], [ 352373.34350313199684, 6877736.228059737943113 ], [ 352374.115381327923387, 6877674.06930666230619 ], [ 352374.466315404453781, 6877645.809232423081994 ], [ 352362.420129862963222, 6877549.94209614302963 ], [ 352363.385982206556946, 6877528.59554909914732 ], [ 352343.914402400725521, 6877460.323007286526263 ], [ 352233.812581474892795, 6877355.32667482830584 ], [ 352112.936871025944129, 6877215.38869084790349 ], [ 352041.74494607897941, 6877136.979272100143135 ], [ 351996.997330428683199, 6877073.137609852477908 ], [ 351978.991564198862761, 6877037.431894352659583 ] ] ] } },
{ "type": "Feature", "properties": { "codTrechoR": null, "concession": null, "nrFaixas": 0, "nome": null, "d_geometri": null, "d_tipoTrec": "Rodovia", "d_jurisdic": "Municipal", "d_administ": null, "d_revestim": "Desconhecido", "d_situacao": null, "d_trafego": null }, "geometry": { "type": "MultiLineString", "coordinates": [ [ [ 367854.494573155534454, 6880186.976424057036638 ], [ 367872.529349318821914, 6880185.138920102268457 ], [ 367884.171070116339251, 6880190.430556060746312 ], [ 367897.929468118527438, 6880199.95553539507091 ], [ 367915.921109233633615, 6880213.713963771238923 ], [ 367927.562790859432425, 6880234.880604453384876 ], [ 367938.112579077947885, 6880250.225784990936518 ] ] ] } },
{ "type": "Feature", "properties": { "codTrechoR": null, "concession": null, "nrFaixas": 0, "nome": null, "d_geometri": null, "d_tipoTrec": "Rodovia", "d_jurisdic": "Municipal", "d_administ": null, "d_revestim": "Desconhecido", "d_situacao": null, "d_trafego": null }, "geometry": { "type": "MultiLineString", "coordinates": [ [ [ 347769.049804724694695, 6880760.618652381934226 ], [ 347793.824402384867426, 6880747.563310844823718 ], [ 347813.789104589784984, 6880739.248647026717663 ], [ 347836.648341994150542, 6880732.948742808774114 ], [ 347860.032584626227617, 6880731.27000661753118 ], [ 347888.08026362315286, 6880730.310088109225035 ], [ 347917.846074919798411, 6880732.00888258498162 ], [ 347947.527685231529176, 6880740.29880828410387 ], [ 347975.432247091201134, 6880750.543521828949451 ], [ 348000.450571792433038, 6880758.114595338702202 ], [ 348025.985510840080678, 6880770.965856799855828 ], [ 348046.214311215793714, 6880787.704663280397654 ], [ 348064.166115838102996, 6880799.799871020019054 ], [ 348088.516555061680265, 6880813.954390031285584 ], [ 348113.459376389626414, 6880827.457154285162687 ], [ 348129.726646515773609, 6880834.256894446909428 ], [ 348164.681273923604749, 6880841.295124862343073 ], [ 348190.893139041494578, 6880846.90322357788682 ], [ 348221.709501375386026, 6880857.843841678462923 ], [ 348239.703600083943456, 6880866.643115786835551 ], [ 348273.965229657478631, 6880882.242009572684765 ], [ 348297.681650047947187, 6880900.343333018012345 ], [ 348311.495551176718436, 6880916.340631276369095 ], [ 348336.980845785583369, 6880933.146001474000514 ], [ 348364.310531784780324, 6880942.723282585851848 ], [ 348394.076875616796315, 6880944.420859433710575 ], [ 348423.868403991800733, 6880944.141013786196709 ], [ 348463.604515954037197, 6880942.669294515624642 ], [ 348492.25325932528358, 6880940.39717241935432 ], [ 348526.149460478452966, 6880938.850910050794482 ], [ 348557.142432232969441, 6880935.949205858632922 ], [ 348584.639963546069339, 6880932.343697895295918 ], [ 348617.368081723048817, 6880930.782318841665983 ], [ 348657.078946650843136, 6880931.28730336483568 ], [ 348687.971302696503699, 6880936.294535239227116 ], [ 348731.711361893743742, 6880941.46507890895009 ], [ 348750.331817351630889, 6880946.975440402515233 ], [ 348787.206462080939673, 6880940.85180527344346 ], [ 348806.01112827914767, 6880931.861506707966328 ], [ 348831.882154648657888, 6880918.346560474485159 ], [ 348858.353776691365056, 6880903.520670805126429 ], [ 348876.023868883727118, 6880891.879048930481076 ], [ 348903.613099804264493, 6880881.022582579404116 ], [ 348935.223347173130605, 6880875.49082263931632 ], [ 348969.068955643742811, 6880877.897998656146228 ], [ 349000.511920826509595, 6880885.548328675329685 ], [ 349024.930329342721961, 6880894.427990607917309 ], [ 349060.360871371347457, 6880910.039385972544551 ], [ 349099.295396821689792, 6880925.695093516260386 ], [ 349128.327302087913267, 6880939.24749200604856 ], [ 349160.237491846666671, 6880956.132356522604823 ], [ 349193.924774916493334, 6880971.061984204687178 ], [ 349403.675296559056733, 6881058.097553819417953 ], [ 349517.570034126401879, 6881104.364713575690985 ], [ 349614.638206160103437, 6881141.848395563662052 ], [ 349690.783149664290249, 6881171.156450778245926 ], [ 349729.143556536524557, 6881186.143605416640639 ], [ 349747.689900822821073, 6881197.584388656541705 ], [ 349768.400842009985354, 6881199.493866914883256 ], [ 349784.531355246435851, 6881194.094034856185317 ], [ 349803.803065280197188, 6881194.337207505479455 ], [ 349821.890286947949789, 6881195.883805140852928 ], [ 349836.40693190228194, 6881202.659153126180172 ], [ 349847.978711472824216, 6881211.37488104403019 ], [ 349858.307731767534278, 6881226.007884496822953 ], [ 349865.700104953837581, 6881241.922350807115436 ], [ 349869.52211581839947, 6881263.06549071893096 ], [ 349872.2259534894838, 6881280.23921909276396 ], [ 349870.547201275359839, 6881295.415484990924597 ] ] ] } },
{ "type": "Feature", "properties": { "codTrechoR": null, "concession": null, "nrFaixas": 0, "nome": null, "d_geometri": null, "d_tipoTrec": "Rodovia", "d_jurisdic": "Municipal", "d_administ": null, "d_revestim": "Desconhecido", "d_situacao": null, "d_trafego": null }, "geometry": { "type": "MultiLineString", "coordinates": [ [ [ 366299.637411958305165, 6880788.065299588255584 ], [ 366317.320483378251083, 6880783.560149475932121 ], [ 366650.109144733520225, 6880723.471210202202201 ] ], [ [ 367867.469882621371653, 6880280.216094762086868 ], [ 367867.456007088650949, 6880277.473038203082979 ], [ 367851.316166246077046, 6880247.895066360943019 ], [ 367846.798627515439875, 6880234.002410097047687 ], [ 367844.040148395579308, 6880219.47019611671567 ], [ 367844.799673242960125, 6880203.658647790551186 ], [ 367854.494573155534454, 6880186.976424057036638 ] ] ] } },
{ "type": "Feature", "properties": { "codTrechoR": null, "concession": null, "nrFaixas": 0, "nome": null, "d_geometri": null, "d_tipoTrec": "Rodovia", "d_jurisdic": "Municipal", "d_administ": null, "d_revestim": "Desconhecido", "d_situacao": null, "d_trafego": null }, "geometry": { "type": "MultiLineString", "coordinates": [ [ [ 347085.679876895737834, 6880441.473168427124619 ], [ 347105.535488220106345, 6880446.71504114381969 ], [ 347169.767406412982382, 6880496.034733943641186 ], [ 347227.975803396315314, 6880538.36814087536186 ], [ 347280.892648215056397, 6880591.284949611872435 ], [ 347325.871825764537789, 6880636.264197907410562 ], [ 347392.017828869284131, 6880689.180929102003574 ], [ 347458.163769403821789, 6880731.514360586181283 ], [ 347595.747413599921856, 6880747.389382228255272 ], [ 347675.122614520136267, 6880747.389408430084586 ], [ 347749.206022049300373, 6880760.61860397644341 ], [ 347769.049804724694695, 6880760.618652381934226 ] ] ] } },
{ "type": "Feature", "properties": { "codTrechoR": null, "concession": null, "nrFaixas": 0, "nome": null, "d_geometri": null, "d_tipoTrec": "Rodovia", "d_jurisdic": "Municipal", "d_administ": null, "d_revestim": "Desconhecido", "d_situacao": null, "d_trafego": null }, "geometry": { "type": "MultiLineString", "coordinates": [ [ [ 365685.141379544162191, 6880844.216002974659204 ], [ 365655.296410167589784, 6880849.962435942143202 ], [ 365575.90825869422406, 6880867.259188594296575 ], [ 365539.579224199289456, 6880888.205904612317681 ], [ 365435.060456355509814, 6881021.769588424824178 ], [ 365412.215974969207309, 6881057.623408697545528 ], [ 365317.960925223189406, 6881149.89582640863955 ], [ 365262.37930880690692, 6881204.527251066640019 ], [ 365194.642093876260333, 6881271.105628200806677 ], [ 365074.905177899636328, 6881385.235860837623477 ], [ 365035.424698511254974, 6881417.105068592354655 ] ], [ [ 364826.843591801822186, 6881454.757320683449507 ], [ 364819.042979205143638, 6881453.539837505668402 ], [ 364780.133849591598846, 6881433.982070247642696 ], [ 364758.526736997417174, 6881433.736624566838145 ], [ 364708.125237089232542, 6881448.983993390575051 ], [ 364657.415996315772645, 6881459.878350922837853 ] ] ] } },
{ "type": "Feature", "properties": { "codTrechoR": null, "concession": null, "nrFaixas": 0, "nome": null, "d_geometri": null, "d_tipoTrec": "Rodovia", "d_jurisdic": "Municipal", "d_administ": null, "d_revestim": "Desconhecido", "d_situacao": null, "d_trafego": null }, "geometry": { "type": "MultiLineString", "coordinates": [ [ [ 349870.547201275359839, 6881295.415484990924597 ], [ 349977.751872454886325, 6881304.202629897743464 ], [ 350062.418646976118907, 6881319.019236608408391 ], [ 350121.685404077637941, 6881355.002676049247384 ], [ 350210.585598212433979, 6881450.252904988825321 ], [ 350299.485798204317689, 6881564.553124593570828 ], [ 350384.152632609766442, 6881678.853338078595698 ] ] ] } },
{ "type": "Feature", "properties": { "codTrechoR": null, "concession": null, "nrFaixas": 0, "nome": null, "d_geometri": null, "d_tipoTrec": "Acesso", "d_jurisdic": "Municipal", "d_administ": null, "d_revestim": "Desconhecido", "d_situacao": null, "d_trafego": null }, "geometry": { "type": "MultiLineString", "coordinates": [ [ [ 348737.480108891031705, 6881926.291416877880692 ], [ 348653.950534938951023, 6881968.872484069317579 ], [ 348403.125059424201027, 6882101.164429276250303 ], [ 348359.080167405307293, 6882132.639357017353177 ] ] ] } },
{ "type": "Feature", "properties": { "codTrechoR": null, "concession": null, "nrFaixas": 0, "nome": null, "d_geometri": null, "d_tipoTrec": "Rodovia", "d_jurisdic": "Municipal", "d_administ": null, "d_revestim": "Desconhecido", "d_situacao": null, "d_trafego": null }, "geometry": { "type": "MultiLineString", "coordinates": [ [ [ 344467.231724147917703, 6882543.79278258047998 ], [ 344428.186208011815324, 6882407.527281765826046 ], [ 344373.356398697709665, 6882311.881386769004166 ], [ 344286.729913993505761, 6882235.596394523978233 ], [ 344213.966621598228812, 6882171.358408886939287 ], [ 344179.285583806689829, 6882143.216783589683473 ], [ 344165.99293804122135, 6882087.667293779551983 ], [ 344160.433499497245066, 6881976.843204127624631 ], [ 344091.746371764864307, 6881869.148099845275283 ], [ 344005.487676854943857, 6881765.177728937938809 ], [ 343935.76642142853234, 6881736.576260114088655 ], [ 343897.842482757230755, 6881688.614191583357751 ], [ 343853.481030226685107, 6881597.058036190457642 ], [ 343878.839903517742641, 6881534.103967946022749 ], [ 343869.157279622508213, 6881470.69047430343926 ], [ 343894.412134756916203, 6881415.645861172117293 ], [ 343945.024677784007508, 6881297.647009055130184 ], [ 344002.229865583474748, 6881211.377740627154708 ], [ 343989.302100358530879, 6881128.144707420840859 ], [ 343936.141566529404372, 6880905.9447554461658 ], [ 343940.682559304928873, 6880826.896046632900834 ], [ 343955.735166332393419, 6880747.985038328915834 ], [ 343991.707257310976274, 6880677.259202148765326 ], [ 343999.959118994767778, 6880582.437420075759292 ], [ 344018.255909306230024, 6880523.34599119797349 ], [ 344020.018251257250085, 6880388.885001258924603 ], [ 344003.795258724247105, 6880289.786950395442545 ], [ 343979.942984286521096, 6880238.053824426606297 ], [ 343944.957337534287944, 6880233.639646291732788 ], [ 343864.630497334641404, 6880212.808933611959219 ], [ 343808.881967758061364, 6880188.344754220917821 ], [ 343778.230964870657772, 6880120.700301855802536 ], [ 343782.513487097399775, 6880061.425174026750028 ], [ 343755.158882473828271, 6880009.645516291260719 ], [ 343664.946396438986994, 6879941.218322649598122 ], [ 343581.378221644787118, 6879900.565779518336058 ], [ 343512.969438361993525, 6879773.092598868533969 ], [ 343475.470178286661394, 6879693.490773065946996 ] ] ] } },
{ "type": "Feature", "properties": { "codTrechoR": null, "concession": null, "nrFaixas": 0, "nome": null, "d_geometri": null, "d_tipoTrec": "Rodovia", "d_jurisdic": "Municipal", "d_administ": null, "d_revestim": "Desconhecido", "d_situacao": null, "d_trafego": null }, "geometry": { "type": "MultiLineString", "coordinates": [ [ [ 353879.14607745630201, 6885503.921098275110126 ], [ 353898.526716555119492, 6885583.739848001860082 ], [ 353875.964153907261789, 6885594.01062885299325 ], [ 353790.099306955118664, 6885582.410783492028713 ], [ 353674.064672150765546, 6885591.534653102047741 ], [ 353583.917145689716563, 6885624.179121067747474 ], [ 353544.011186807416379, 6885676.425098916515708 ], [ 353478.661477154120803, 6885821.173831637948751 ], [ 353260.663374945695978, 6886366.948920786380768 ], [ 353207.121448913763743, 6886463.324560164473951 ], [ 353081.208660949021578, 6886818.270464551635087 ], [ 352778.853148612892255, 6887529.645170819945633 ] ] ] } },
{ "type": "Feature", "properties": { "codTrechoR": null, "concession": null, "nrFaixas": 0, "nome": null, "d_geometri": null, "d_tipoTrec": "Rodovia", "d_jurisdic": "Municipal", "d_administ": null, "d_revestim": "Desconhecido", "d_situacao": null, "d_trafego": null }, "geometry": { "type": "MultiLineString", "coordinates": [ [ [ 346157.5946817646618, 6877402.970688596367836 ], [ 345966.803242707799654, 6877501.254763952456415 ], [ 345884.555680003133602, 6877539.74267952889204 ], [ 345731.425370012992062, 6877415.79833497107029 ], [ 345635.566411852778401, 6877378.296175492927432 ], [ 345566.065301812544931, 6877334.543179072439671 ], [ 345446.383678801648784, 6877332.987661732360721 ], [ 345382.635795472771861, 6877295.900734874419868 ], [ 345325.241061892709695, 6877219.342062186449766 ], [ 345290.512895157444291, 6877195.816866870969534 ], [ 345211.870703177002724, 6877181.608311613090336 ], [ 345156.795538707287051, 6877151.225421193987131 ], [ 345063.472668343456462, 6877143.416892510838807 ], [ 344984.444178992998786, 6877158.867437778972089 ], [ 344943.190848142607138, 6877187.994915779680014 ], [ 344809.044360507279634, 6877176.355624886229634 ], [ 344701.42774629034102, 6877145.284431826323271 ], [ 344634.548615021398291, 6877124.633266846649349 ], [ 344546.891732766642235, 6877130.079563558101654 ], [ 344482.155730791972019, 6877168.786938831210136 ], [ 344429.009200007538311, 6877214.238103902898729 ], [ 344334.391288590501063, 6877305.292575266212225 ] ] ] } },
{ "type": "Feature", "properties": { "codTrechoR": null, "concession": null, "nrFaixas": 0, "nome": null, "d_geometri": null, "d_tipoTrec": "Rodovia", "d_jurisdic": "Municipal", "d_administ": null, "d_revestim": "Desconhecido", "d_situacao": null, "d_trafego": null }, "geometry": { "type": "MultiLineString", "coordinates": [ [ [ 359977.993686061585322, 6867501.528496295213699 ], [ 360300.684595293016173, 6867448.469952821731567 ], [ 360681.768159889848903, 6867387.039799360558391 ], [ 360911.698658569657709, 6867479.393313725478947 ], [ 361146.206095390662085, 6867579.706079380586743 ], [ 361401.716316113248467, 6867680.259906908497214 ], [ 361608.602467096236069, 6867748.598564261570573 ], [ 361683.727584622683935, 6867709.924601904116571 ], [ 361752.929805344319902, 6867578.894070085138083 ], [ 361878.676291853829753, 6867601.455391997471452 ], [ 361911.77138109121006, 6867564.926608556881547 ], [ 362003.073020794196054, 6867539.623180739581585 ], [ 362082.769757325295359, 6867508.910299245268106 ], [ 362143.616531174920965, 6867493.7982382113114 ], [ 362160.316970857325941, 6867462.35134875588119 ], [ 362188.83653469098499, 6867417.858268388547003 ], [ 362232.673320081725251, 6867412.675290757790208 ] ] ] } },
{ "type": "Feature", "properties": { "codTrechoR": null, "concession": null, "nrFaixas": 0, "nome": null, "d_geometri": null, "d_tipoTrec": "Rodovia", "d_jurisdic": "Municipal", "d_administ": null, "d_revestim": "Desconhecido", "d_situacao": null, "d_trafego": null }, "geometry": { "type": "MultiLineString", "coordinates": [ [ [ 356766.088366954936646, 6859908.41483201738447 ], [ 356940.1931381970644, 6859842.609821250662208 ], [ 357081.132660756120458, 6859758.618780326098204 ], [ 357116.586530913657043, 6859719.495037605054677 ], [ 357149.125604636792559, 6859680.335824724286795 ], [ 357199.351184380473569, 6859624.910253043286502 ], [ 357284.551139586372301, 6859569.907173922285438 ], [ 357290.240649867628235, 6859543.892219562083483 ] ], [ [ 358258.635557832894847, 6858390.732387342490256 ], [ 358354.293440541892778, 6858359.952986516989768 ], [ 358392.534581788117066, 6858330.747434608638287 ], [ 358390.655556011362933, 6858320.840288008563221 ] ], [ [ 358307.856478047790006, 6857565.889303097501397 ], [ 358416.20102130464511, 6857572.938064369373024 ], [ 358430.343608531053178, 6857504.378965483978391 ] ] ] } },
{ "type": "Feature", "properties": { "codTrechoR": null, "concession": null, "nrFaixas": 0, "nome": null, "d_geometri": null, "d_tipoTrec": "Rodovia", "d_jurisdic": "Municipal", "d_administ": null, "d_revestim": "Desconhecido", "d_situacao": null, "d_trafego": null }, "geometry": { "type": "MultiLineString", "coordinates": [ [ [ 360615.429779453319497, 6862382.709956552833319 ], [ 360645.987921902444214, 6862344.353010901249945 ], [ 360979.729937976459041, 6862129.428749786689878 ], [ 361071.023765867110342, 6862101.497571961954236 ], [ 361111.351405191002414, 6862043.961919764056802 ], [ 361164.330391722498462, 6861902.197260377928615 ], [ 361186.062327396241017, 6861839.169443169608712 ], [ 361215.130937524372712, 6861747.222825471311808 ], [ 361286.020830050052609, 6861668.951272218488157 ], [ 361389.279722737148404, 6861614.790220061317086 ], [ 361459.580340563668869, 6861586.609994927421212 ], [ 361646.834886603872292, 6861330.398059960454702 ], [ 361768.898957365890965, 6861263.27013994846493 ], [ 361914.619898042175919, 6861167.412792965769768 ], [ 361994.767818032298237, 6861094.519120284356177 ], [ 362151.19675149244722, 6860880.128555433824658 ], [ 362250.395726103102788, 6860773.177313189953566 ], [ 362262.423966072616167, 6860741.676118833944201 ], [ 362298.876864543941338, 6860615.535199195146561 ], [ 362427.894377344986424, 6860551.118769919499755 ] ] ] } },
{ "type": "Feature", "properties": { "codTrechoR": null, "concession": null, "nrFaixas": 0, "nome": null, "d_geometri": null, "d_tipoTrec": "Rodovia", "d_jurisdic": "Municipal", "d_administ": null, "d_revestim": "Desconhecido", "d_situacao": null, "d_trafego": null }, "geometry": { "type": "MultiLineString", "coordinates": [ [ [ 344024.697397379670292, 6868958.266924466006458 ], [ 344005.175155606353655, 6868920.127151642926037 ], [ 344007.736174144898541, 6868867.421178935095668 ], [ 344034.316730538208503, 6868834.017673989757895 ], [ 344064.464287216193043, 6868813.318575703538954 ], [ 344109.435712231439538, 6868801.252830110490322 ], [ 344160.035270677763037, 6868787.151323758065701 ] ] ] } },
{ "type": "Feature", "properties": { "codTrechoR": null, "concession": null, "nrFaixas": 0, "nome": null, "d_geometri": null, "d_tipoTrec": "Rodovia", "d_jurisdic": "Municipal", "d_administ": null, "d_revestim": "Desconhecido", "d_situacao": null, "d_trafego": null }, "geometry": { "type": "MultiLineString", "coordinates": [ [ [ 377403.208545209257863, 6861197.647924654185772 ], [ 377366.297287001158111, 6861137.3842065744102 ], [ 377371.059800999530125, 6861056.421497551724315 ], [ 377381.486114822153468, 6861020.97209135722369 ] ] ] } },
{ "type": "Feature", "properties": { "codTrechoR": null, "concession": null, "nrFaixas": 0, "nome": null, "d_geometri": null, "d_tipoTrec": "Rodovia", "d_jurisdic": "Municipal", "d_administ": null, "d_revestim": "Desconhecido", "d_situacao": null, "d_trafego": null }, "geometry": { "type": "MultiLineString", "coordinates": [ [ [ 380364.52460306690773, 6863296.768880115821958 ], [ 380387.262838731636293, 6863275.779694648459554 ], [ 380490.450634931214154, 6863220.217054020613432 ], [ 380553.950753539917059, 6863132.904408061876893 ], [ 380669.838436476653442, 6862996.379123135469854 ], [ 380719.051035333715845, 6862937.641463214531541 ], [ 380859.861348849139176, 6862899.283657548949122 ], [ 380885.261338695883751, 6862850.6002018135041 ], [ 380900.07809741597157, 6862746.883361725136638 ], [ 380981.002043234708253, 6862742.052327804267406 ], [ 381041.89507262094412, 6862738.416659755632281 ], [ 381079.401656195521355, 6862813.851968573406339 ] ] ] } }
]
}
