{
"type": "FeatureCollection",
"name": "Corredoes verdes",
"crs": { "type": "name", "properties": { "name": "urn:ogc:def:crs:EPSG::31982" } },
"features": [
{ "type": "Feature", "properties": { "fid": 1, "FID_2": null, "FID_3": null, "FID_4": null, "start": "-52.4128092044, -28.259023261", "end": "-52.4028460904, -28.2671633034", "cost": 1581.1416795455457, "layer": "CORREDORES VERDES", "path": "C:/Users/Usuario/Desktop/WebGIS Diagnósticos SEPLAN/ÁREAS VERDES/CORREDORES VERDES.shx|layername=CORREDORES VERDES" }, "geometry": { "type": "MultiLineString", "coordinates": [ [ [ 361407.150321654276922, 6873289.508762224577367 ], [ 361413.981210657511838, 6873276.651384024880826 ], [ 361462.68648437684169, 6873185.001344351097941 ], [ 361482.574903836473823, 6873147.978123173117638 ], [ 361527.282113550696522, 6873174.374718206003308 ], [ 361592.365197704406455, 6873058.846692618913949 ], [ 361663.176302250649314, 6872951.784765055403113 ], [ 361667.389364968403243, 6872944.708598475903273 ], [ 361670.220616335398518, 6872940.020966300740838 ], [ 361679.192587486701086, 6872927.016364613547921 ], [ 361701.102840979816392, 6872891.523447023704648 ], [ 361748.092096259235404, 6872808.739592174068093 ], [ 361816.448710151365958, 6872697.370882881805301 ], [ 361882.531614072155207, 6872588.213785259984434 ], [ 361902.313574978790712, 6872569.417451789602637 ], [ 361923.852893633418716, 6872556.4148966409266 ], [ 361956.152366370661184, 6872546.152687283232808 ], [ 361984.840611008927226, 6872540.170092325657606 ], [ 362005.74184545839671, 6872538.152619107626379 ], [ 362009.034392301924527, 6872510.65389147400856 ], [ 362009.692008216341492, 6872496.289098106324673 ], [ 362010.333853837335482, 6872487.498013401404023 ], [ 362031.335896598524414, 6872490.302036137320101 ], [ 362141.880684697651304, 6872505.072933591902256 ], [ 362154.07641336938832, 6872506.699525123462081 ], [ 362174.294770876062103, 6872509.405536102131009 ], [ 362221.063380549894646, 6872515.334235702641308 ], [ 362271.789844892336987, 6872521.763025565072894 ], [ 362284.838782449311111, 6872523.421547718346119 ], [ 362296.345604457135778, 6872484.65980070643127 ], [ 362315.989589840057306, 6872418.49981470964849 ], [ 362329.130035558016971, 6872374.216357622295618 ], [ 362351.631874449725728, 6872366.122161543928087 ], [ 362363.867973004758824, 6872361.720795039087534 ], [ 362377.512859879352618, 6872356.814938222058117 ], [ 362388.339049538539257, 6872352.918721763417125 ] ] ] } },
{ "type": "Feature", "properties": { "fid": 2, "FID_2": null, "FID_3": null, "FID_4": null, "start": "-52.4128092044, -28.259023261", "end": "-52.4152462426, -28.2542832303", "cost": 710.73109266748975, "layer": "CORREDORES VERDES", "path": "C:/Users/Usuario/Desktop/WebGIS Diagnósticos SEPLAN/ÁREAS VERDES/CORREDORES VERDES.shx|layername=CORREDORES VERDES" }, "geometry": { "type": "MultiLineString", "coordinates": [ [ [ 361407.150321654276922, 6873289.508762224577367 ], [ 361373.10007022076752, 6873353.59908689931035 ], [ 361323.664642036252189, 6873442.126429351046681 ], [ 361261.398031379561871, 6873554.70521499030292 ], [ 361220.250476202694699, 6873629.94282709993422 ], [ 361233.438758859760128, 6873642.441603386774659 ], [ 361220.210400241892785, 6873650.154681956395507 ], [ 361214.569130527030211, 6873654.29962455201894 ], [ 361208.082448050496168, 6873661.936375892721117 ], [ 361160.278026061540004, 6873718.191238479688764 ], [ 361083.979820097680204, 6873817.972378421574831 ], [ 361140.265711146872491, 6873863.359582798555493 ] ] ] } },
{ "type": "Feature", "properties": { "fid": 3, "FID_2": null, "FID_3": null, "FID_4": null, "start": "-52.4128092044, -28.259023261", "end": "-52.4028460904, -28.2671633034", "cost": 1581.1416795455457, "layer": "CORREDORES VERDES", "path": "C:/Users/Usuario/Desktop/WebGIS Diagnósticos SEPLAN/ÁREAS VERDES/CORREDORES VERDES.shx|layername=CORREDORES VERDES" }, "geometry": { "type": "MultiLineString", "coordinates": [ [ [ 361407.150321654276922, 6873289.508762224577367 ], [ 361413.981210657511838, 6873276.651384024880826 ], [ 361462.68648437684169, 6873185.001344351097941 ], [ 361482.574903836473823, 6873147.978123173117638 ], [ 361527.282113550696522, 6873174.374718206003308 ], [ 361592.365197704406455, 6873058.846692618913949 ], [ 361663.176302250649314, 6872951.784765055403113 ], [ 361667.389364968403243, 6872944.708598475903273 ], [ 361670.220616335398518, 6872940.020966300740838 ], [ 361679.192587486701086, 6872927.016364613547921 ], [ 361701.102840979816392, 6872891.523447023704648 ], [ 361748.092096259235404, 6872808.739592174068093 ], [ 361816.448710151365958, 6872697.370882881805301 ], [ 361882.531614072155207, 6872588.213785259984434 ], [ 361902.313574978790712, 6872569.417451789602637 ], [ 361923.852893633418716, 6872556.4148966409266 ], [ 361956.152366370661184, 6872546.152687283232808 ], [ 361984.840611008927226, 6872540.170092325657606 ], [ 362005.74184545839671, 6872538.152619107626379 ], [ 362009.034392301924527, 6872510.65389147400856 ], [ 362009.692008216341492, 6872496.289098106324673 ], [ 362010.333853837335482, 6872487.498013401404023 ], [ 362031.335896598524414, 6872490.302036137320101 ], [ 362141.880684697651304, 6872505.072933591902256 ], [ 362154.07641336938832, 6872506.699525123462081 ], [ 362174.294770876062103, 6872509.405536102131009 ], [ 362221.063380549894646, 6872515.334235702641308 ], [ 362271.789844892336987, 6872521.763025565072894 ], [ 362284.838782449311111, 6872523.421547718346119 ], [ 362296.345604457135778, 6872484.65980070643127 ], [ 362315.989589840057306, 6872418.49981470964849 ], [ 362329.130035558016971, 6872374.216357622295618 ], [ 362351.631874449725728, 6872366.122161543928087 ], [ 362363.867973004758824, 6872361.720795039087534 ], [ 362377.512859879352618, 6872356.814938222058117 ], [ 362388.339049538539257, 6872352.918721763417125 ] ] ] } },
{ "type": "Feature", "properties": { "fid": 4, "FID_2": null, "FID_3": null, "FID_4": null, "start": "-52.4128092044, -28.259023261", "end": "-52.4152462426, -28.2542832303", "cost": 710.73109266748975, "layer": "CORREDORES VERDES", "path": "C:/Users/Usuario/Desktop/WebGIS Diagnósticos SEPLAN/ÁREAS VERDES/CORREDORES VERDES.shx|layername=CORREDORES VERDES" }, "geometry": { "type": "MultiLineString", "coordinates": [ [ [ 361407.150321654276922, 6873289.508762224577367 ], [ 361373.10007022076752, 6873353.59908689931035 ], [ 361323.664642036252189, 6873442.126429351046681 ], [ 361261.398031379561871, 6873554.70521499030292 ], [ 361220.250476202694699, 6873629.94282709993422 ], [ 361233.438758859760128, 6873642.441603386774659 ], [ 361220.210400241892785, 6873650.154681956395507 ], [ 361214.569130527030211, 6873654.29962455201894 ], [ 361208.082448050496168, 6873661.936375892721117 ], [ 361160.278026061540004, 6873718.191238479688764 ], [ 361083.979820097680204, 6873817.972378421574831 ], [ 361140.265711146872491, 6873863.359582798555493 ] ] ] } },
{ "type": "Feature", "properties": { "fid": 5, "FID_2": null, "FID_3": null, "FID_4": null, "start": "-52.4128092044, -28.259023261", "end": "-52.3937386149, -28.3128688106", "cost": 7113.8060895024582, "layer": "CORREDORES VERDES", "path": "C:/Users/Usuario/Desktop/WebGIS Diagnósticos SEPLAN/ÁREAS VERDES/CORREDORES VERDES.shx|layername=CORREDORES VERDES" }, "geometry": { "type": "MultiLineString", "coordinates": [ [ [ 361407.150321654276922, 6873289.508762224577367 ], [ 361413.981210657511838, 6873276.651384024880826 ], [ 361462.68648437684169, 6873185.001344351097941 ], [ 361482.574903836473823, 6873147.978123173117638 ], [ 361544.810670503007714, 6873032.649810843169689 ], [ 361612.068567207083106, 6872923.21963669732213 ], [ 361614.878825341176707, 6872916.127127729356289 ], [ 361615.405742774077225, 6872903.755449779331684 ], [ 361615.340890645980835, 6872897.538078748621047 ], [ 361614.206396332301665, 6872888.814938821829855 ], [ 361622.35389948298689, 6872893.508695677854121 ], [ 361687.231388710672036, 6872775.218590714968741 ], [ 361745.05131850973703, 6872660.48061553388834 ], [ 361805.695756188186351, 6872544.899874190799892 ], [ 361888.066393012879416, 6872387.50716994330287 ], [ 361892.149587038322352, 6872369.647314675152302 ], [ 361890.446207145112567, 6872337.303320048376918 ], [ 361888.75533763342537, 6872318.212710127234459 ], [ 361902.364926148031373, 6872212.688726961612701 ], [ 361907.559068790986203, 6872132.254578275606036 ], [ 361904.694139079423621, 6872089.292242534458637 ], [ 361898.887945728376508, 6872054.595561819151044 ], [ 362015.712880938488524, 6871991.295618849806488 ], [ 362125.592152553610504, 6871932.091507191769779 ], [ 362230.319904363946989, 6871873.724184136837721 ], [ 362329.956824051740114, 6871814.354991026222706 ], [ 362430.562484100693837, 6871756.80249404720962 ], [ 362468.079291232977994, 6871735.462834551930428 ], [ 362498.911254400387406, 6871720.384064923971891 ], [ 362517.003902520635165, 6871714.244215846061707 ], [ 362494.566253770841286, 6871633.988316096365452 ], [ 362471.234662576287519, 6871551.328425243496895 ], [ 362449.260721292230301, 6871472.595904009416699 ], [ 362449.03897803730797, 6871462.110430882312357 ], [ 362457.031084741349332, 6871379.481279492378235 ], [ 362460.157995997113176, 6871331.480141788721085 ], [ 362463.318002947198693, 6871300.079162267036736 ], [ 362472.239514451241121, 6871218.502413662150502 ], [ 362475.357156436948571, 6871177.216423569247127 ], [ 362478.321191950293723, 6871138.178152913227677 ], [ 362481.955228583246935, 6871092.964287575334311 ], [ 362482.813087757444009, 6871057.901935899630189 ], [ 362483.592268017295282, 6871026.240628225728869 ], [ 362528.38490709697362, 6870985.493259744718671 ], [ 362545.127636717341375, 6870969.619475385174155 ], [ 362562.730837430572137, 6870953.135090310126543 ], [ 362603.818194416584447, 6870913.79616311378777 ], [ 362632.586776506679598, 6870886.958152121864259 ], [ 362706.128517262928654, 6870824.325202789157629 ], [ 362781.243155542644672, 6870752.856088222004473 ], [ 362854.235162601922639, 6870686.725326463580132 ], [ 362855.776807449758053, 6870607.722522923722863 ], [ 362853.179799553530756, 6870441.30697369389236 ], [ 362849.188920502667315, 6870430.157355276867747 ], [ 363094.17469953710679, 6870356.993593553081155 ], [ 363531.85476428817492, 6870294.145134693011642 ], [ 363661.838549427222461, 6870276.72506246343255 ], [ 363660.325757016136777, 6870247.918573467992246 ], [ 363668.618338165862951, 6870144.370996298268437 ], [ 363683.724238235736266, 6870143.503079324960709 ], [ 363687.702043799916282, 6870109.784247050993145 ], [ 363704.01989563961979, 6869983.036135016009212 ], [ 363714.422267242276575, 6869948.47142037563026 ], [ 363733.797752392711118, 6869898.706648850813508 ], [ 363738.762473696609959, 6869884.923239149153233 ], [ 363744.652391038718633, 6869858.916759915649891 ], [ 363746.689777888008393, 6869830.151084532961249 ], [ 363746.581266099237837, 6869793.515211772173643 ], [ 363748.160788611799944, 6869702.190586311742663 ], [ 363748.939140641537961, 6869680.557842050679028 ], [ 363747.669042836292647, 6869677.562383035197854 ], [ 363744.619642534700688, 6869667.232839262112975 ], [ 363742.693996792891994, 6869660.68384097609669 ], [ 363734.540959713514894, 6869626.747946415096521 ], [ 363727.567285111290403, 6869582.375976448878646 ], [ 363722.743380910134874, 6869493.504216395318508 ], [ 363722.827027589315549, 6869469.170731191523373 ], [ 363728.051522975962143, 6869431.931285407394171 ], [ 363730.350906336563639, 6869409.385197706520557 ], [ 363733.211951391014736, 6869388.319375392049551 ], [ 363736.275764530699234, 6869363.266629807651043 ], [ 363736.249129694711883, 6869331.463103210553527 ], [ 363735.429359245288651, 6869314.045014557428658 ], [ 363729.499508655164391, 6869277.862992325797677 ], [ 363718.564903951715678, 6869238.498490801081061 ], [ 363697.685725900286343, 6869167.515551719814539 ], [ 363673.360362684819847, 6869092.603383235633373 ], [ 363624.219273792929016, 6868969.279586719349027 ], [ 363605.407564644061495, 6868916.460248258896172 ], [ 363598.34858615975827, 6868894.92563890106976 ], [ 363578.490630471671466, 6868829.07369532994926 ], [ 363569.032111873617396, 6868775.741407940164208 ], [ 363569.456081844982691, 6868738.923201899044216 ], [ 363573.264829015708528, 6868682.419293755665421 ], [ 363572.808142500347458, 6868651.38645199034363 ], [ 363570.912535435869358, 6868599.67045044247061 ], [ 363570.74752799392445, 6868568.009330509230494 ], [ 363548.449958054698072, 6868494.350114898756146 ], [ 363475.024138583568856, 6868294.074211427941918 ], [ 363420.404602180700749, 6868193.890245513990521 ], [ 363416.939961668453179, 6867955.979195080697536 ], [ 363358.633178923337255, 6867663.015156075358391 ], [ 363357.045669535407797, 6867617.862682091072202 ] ] ] } },
{ "type": "Feature", "properties": { "fid": 6, "FID_2": null, "FID_3": null, "FID_4": null, "start": "-52.4128092044, -28.259023261", "end": "-52.3928248376, -28.2346026346", "cost": 4442.93321385339, "layer": "CORREDORES VERDES", "path": "C:/Users/Usuario/Desktop/WebGIS Diagnósticos SEPLAN/ÁREAS VERDES/CORREDORES VERDES.shx|layername=CORREDORES VERDES" }, "geometry": { "type": "MultiLineString", "coordinates": [ [ [ 361407.150321654276922, 6873289.508762224577367 ], [ 361373.10007022076752, 6873353.59908689931035 ], [ 361486.22341812774539, 6873426.361054612323642 ], [ 361514.437874868279323, 6873441.849522861652076 ], [ 361617.791590258013457, 6873507.769798083230853 ], [ 361734.693725978781004, 6873575.619946600869298 ], [ 361849.065161531034391, 6873646.043517166748643 ], [ 361808.676711760752369, 6873722.122911844402552 ], [ 361771.96586873929482, 6873796.638226617127657 ], [ 361866.45743966801092, 6873919.599047194235027 ], [ 361917.211407862836495, 6873940.202313928864896 ], [ 361959.922471232828684, 6873966.463015221059322 ], [ 362070.273325107758865, 6874059.9196882173419 ], [ 362185.967873733316083, 6874159.786830377765 ], [ 362298.480174753000028, 6874257.543628296814859 ], [ 362398.078491529158782, 6874351.29331673681736 ], [ 362349.749628538964316, 6874411.60242273285985 ], [ 362463.043214998324402, 6874512.546809956431389 ], [ 362524.71195946453372, 6874567.924743734300137 ], [ 362505.662300867959857, 6874598.720565855503082 ], [ 362571.550567000289448, 6874635.497352804988623 ], [ 362560.003549235872924, 6874636.128310613334179 ], [ 362551.277779623342212, 6874641.412790971808136 ], [ 362544.299834947683848, 6874653.37732229847461 ], [ 362544.081667783088051, 6874672.223982562310994 ], [ 362552.853834146633744, 6874687.517901106737554 ], [ 362567.433101627160795, 6874701.294406402856112 ], [ 362612.366045441071037, 6874730.093674201518297 ], [ 362640.64446139940992, 6874742.986935467459261 ], [ 362676.854519366053864, 6874762.421128738671541 ], [ 362697.74283265392296, 6874773.721735613420606 ], [ 362701.528006292646751, 6874778.186911286786199 ], [ 362702.193025360931642, 6874784.322519699111581 ], [ 362700.996273100550752, 6874788.530630762688816 ], [ 362662.641575936111622, 6874845.92004462890327 ], [ 362570.416767339454964, 6874972.575385043397546 ], [ 362542.061735552852042, 6875015.430782055482268 ], [ 362517.285086715419311, 6875063.646536906249821 ], [ 362492.423027628334239, 6875108.204451317898929 ], [ 362469.937851643713657, 6875158.496680768206716 ], [ 362448.69087061600294, 6875203.5396280689165 ], [ 362406.718023955763783, 6875293.498487582430243 ], [ 362382.140559933031909, 6875343.910392872989178 ], [ 362371.504032328550238, 6875381.928760331124067 ], [ 362370.055004291585647, 6875404.506608606316149 ], [ 362374.325274492322933, 6875453.501901641488075 ], [ 362378.367086586251389, 6875477.329060053452849 ], [ 362381.096987600903958, 6875494.115513975732028 ], [ 362387.311527636367828, 6875519.297587307170033 ], [ 362395.869498799438588, 6875548.041715859435499 ], [ 362400.780276549630798, 6875577.341972982510924 ], [ 362404.491873857099563, 6875607.658889374695718 ], [ 362417.490792165743187, 6875702.897481590509415 ], [ 362422.308070200262591, 6875720.794051352888346 ], [ 362435.602475443040021, 6875738.002021942287683 ], [ 362462.880910255713388, 6875761.178452276624739 ], [ 362564.89512628223747, 6875851.795652776956558 ], [ 362620.174186299322173, 6875934.236579395830631 ], [ 362624.963982650078833, 6875937.572006987407804 ], [ 362630.993329287564848, 6875938.949309349060059 ], [ 362666.210569804534316, 6875939.323231399059296 ], [ 362694.800120105384849, 6875943.388062154874206 ], [ 362704.111011140514165, 6875945.290826560929418 ], [ 362731.21131358796265, 6875948.296723568812013 ], [ 362774.040427887695841, 6875952.381828783079982 ], [ 362827.447974254610017, 6875954.83809556812048 ], [ 362893.405714257387444, 6875959.13439186476171 ], [ 362913.724326982512139, 6875960.476988738402724 ], [ 362957.692323571303859, 6875970.480847188271582 ], [ 363064.975112098269165, 6875991.874602116644382 ], [ 363202.921714522002731, 6876016.224567604251206 ], [ 363274.193128713988699, 6875944.274885430932045 ], [ 363333.840950992424041, 6876032.130951069295406 ] ] ] } },
{ "type": "Feature", "properties": { "fid": 7, "FID_2": 0, "FID_3": null, "FID_4": null, "start": "-52.4128092044, -28.259023261", "end": "-52.4135906566, -28.2617719918", "cost": 487.03942066928892, "layer": "CORREDORES VERDES", "path": "C:/Users/Usuario/Desktop/WebGIS Diagnósticos SEPLAN/ÁREAS VERDES/CORREDORES VERDES.shx|layername=CORREDORES VERDES" }, "geometry": { "type": "MultiLineString", "coordinates": [ [ [ 361407.150321654276922, 6873289.508762224577367 ], [ 361413.981210657511838, 6873276.651384024880826 ], [ 361462.68648437684169, 6873185.001344351097941 ], [ 361482.574903836473823, 6873147.978123173117638 ], [ 361473.897779288003221, 6873143.255933562293649 ], [ 361464.606501080270391, 6873138.194128511473536 ], [ 361398.759269812959246, 6873100.579898858442903 ], [ 361372.297659881063737, 6873085.466176722198725 ], [ 361315.770771243143827, 6873057.179987327195704 ], [ 361264.179589828185271, 6873027.189286891371012 ], [ 361294.955272139864974, 6872969.505067883059382 ], [ 361300.679559189768042, 6872959.467674300074577 ] ] ] } },
{ "type": "Feature", "properties": { "fid": 8, "FID_2": 1, "FID_3": null, "FID_4": null, "start": "-52.4128092044, -28.259023261", "end": "-52.4065987967, -28.2627715802", "cost": 948.52444336390442, "layer": "CORREDORES VERDES", "path": "C:/Users/Usuario/Desktop/WebGIS Diagnósticos SEPLAN/ÁREAS VERDES/CORREDORES VERDES.shx|layername=CORREDORES VERDES" }, "geometry": { "type": "MultiLineString", "coordinates": [ [ [ 361407.150321654276922, 6873289.508762224577367 ], [ 361413.981210657511838, 6873276.651384024880826 ], [ 361462.68648437684169, 6873185.001344351097941 ], [ 361482.574903836473823, 6873147.978123173117638 ], [ 361527.282113550696522, 6873174.374718206003308 ], [ 361592.365197704406455, 6873058.846692618913949 ], [ 361663.176302250649314, 6872951.784765055403113 ], [ 361732.946552276378497, 6872987.836456956341863 ], [ 361739.477707759710029, 6872991.480732686817646 ], [ 361754.48344842804363, 6872986.912757993675768 ], [ 361770.547622035373934, 6872979.077028958126903 ], [ 361810.925178402103484, 6872899.551393812522292 ], [ 361821.729958277312107, 6872878.268143400549889 ], [ 361835.781887909513898, 6872852.800717929378152 ], [ 361893.054613933782093, 6872885.292918492108583 ], [ 361949.278181118657812, 6872914.381743915379047 ], [ 361966.414536119787954, 6872923.158010430634022 ], [ 361994.19897876190953, 6872872.64020686224103 ], [ 361997.540020547341555, 6872866.102502146735787 ] ] ] } },
{ "type": "Feature", "properties": { "fid": 9, "FID_2": 2, "FID_3": null, "FID_4": null, "start": null, "end": "-52.4042843759, -28.2590160928", "cost": null, "layer": "CORREDORES VERDES", "path": "C:/Users/Usuario/Desktop/WebGIS Diagnósticos SEPLAN/ÁREAS VERDES/CORREDORES VERDES.shx|layername=CORREDORES VERDES" }, "geometry": { "type": "MultiLineString", "coordinates": [ ] } },
{ "type": "Feature", "properties": { "fid": 10, "FID_2": 3, "FID_3": null, "FID_4": null, "start": "-52.4128092044, -28.259023261", "end": "-52.4148822949, -28.257457658", "cost": 376.38172823369575, "layer": "CORREDORES VERDES", "path": "C:/Users/Usuario/Desktop/WebGIS Diagnósticos SEPLAN/ÁREAS VERDES/CORREDORES VERDES.shx|layername=CORREDORES VERDES" }, "geometry": { "type": "MultiLineString", "coordinates": [ [ [ 361407.150321654276922, 6873289.508762224577367 ], [ 361373.10007022076752, 6873353.59908689931035 ], [ 361255.268965273862705, 6873288.349469730630517 ], [ 361202.4664734218386, 6873368.570318992249668 ], [ 361194.007221517036669, 6873382.965759057551622 ], [ 361191.246298251673579, 6873387.487892854958773 ], [ 361164.674493882048409, 6873431.043642221018672 ] ] ] } },
{ "type": "Feature", "properties": { "fid": 11, "FID_2": 4, "FID_3": null, "FID_4": null, "start": "-52.4128092044, -28.259023261", "end": "-52.4019985785, -28.2554341606", "cost": 1300.3705238096318, "layer": "CORREDORES VERDES", "path": "C:/Users/Usuario/Desktop/WebGIS Diagnósticos SEPLAN/ÁREAS VERDES/CORREDORES VERDES.shx|layername=CORREDORES VERDES" }, "geometry": { "type": "MultiLineString", "coordinates": [ [ [ 361407.150321654276922, 6873289.508762224577367 ], [ 361413.981210657511838, 6873276.651384024880826 ], [ 361462.68648437684169, 6873185.001344351097941 ], [ 361482.574903836473823, 6873147.978123173117638 ], [ 361527.282113550696522, 6873174.374718206003308 ], [ 361626.83682327659335, 6873235.208736547268927 ], [ 361738.687532907933928, 6873297.636763775721192 ], [ 361758.051520450855605, 6873308.943629646673799 ], [ 361818.892021228850354, 6873344.45848854444921 ], [ 361850.593887761933729, 6873362.967617362737656 ], [ 361976.235931141418405, 6873431.836880745366216 ], [ 362096.677121629181784, 6873500.034837014973164 ], [ 362192.943447908619419, 6873557.235252288170159 ], [ 362229.706631137174554, 6873588.656338975764811 ], [ 362262.036801844835281, 6873619.92612820956856 ], [ 362285.50570456427522, 6873639.46876525413245 ], [ 362376.107251170091331, 6873714.897017363458872 ], [ 362380.47602687444305, 6873709.606501573696733 ], [ 362427.547459052060731, 6873656.15578880533576 ] ] ] } },
{ "type": "Feature", "properties": { "fid": 12, "FID_2": 5, "FID_3": null, "FID_4": null, "start": "-52.4128092044, -28.259023261", "end": "-52.3979778598, -28.2643671385", "cost": 2009.5935731512798, "layer": "CORREDORES VERDES", "path": "C:/Users/Usuario/Desktop/WebGIS Diagnósticos SEPLAN/ÁREAS VERDES/CORREDORES VERDES.shx|layername=CORREDORES VERDES" }, "geometry": { "type": "MultiLineString", "coordinates": [ [ [ 361407.150321654276922, 6873289.508762224577367 ], [ 361413.981210657511838, 6873276.651384024880826 ], [ 361462.68648437684169, 6873185.001344351097941 ], [ 361482.574903836473823, 6873147.978123173117638 ], [ 361527.282113550696522, 6873174.374718206003308 ], [ 361592.365197704406455, 6873058.846692618913949 ], [ 361663.176302250649314, 6872951.784765055403113 ], [ 361667.389364968403243, 6872944.708598475903273 ], [ 361670.220616335398518, 6872940.020966300740838 ], [ 361679.192587486701086, 6872927.016364613547921 ], [ 361701.102840979816392, 6872891.523447023704648 ], [ 361748.092096259235404, 6872808.739592174068093 ], [ 361816.448710151365958, 6872697.370882881805301 ], [ 361882.531614072155207, 6872588.213785259984434 ], [ 361902.313574978790712, 6872569.417451789602637 ], [ 361923.852893633418716, 6872556.4148966409266 ], [ 361956.152366370661184, 6872546.152687283232808 ], [ 361984.840611008927226, 6872540.170092325657606 ], [ 362005.74184545839671, 6872538.152619107626379 ], [ 362022.266909932659473, 6872541.237021416425705 ], [ 362079.486279809963889, 6872543.619896484538913 ], [ 362105.541178463958204, 6872546.416028895415366 ], [ 362116.133699813333806, 6872547.547529101371765 ], [ 362134.530873004288878, 6872549.944326441735029 ], [ 362153.751934873289429, 6872552.361748166382313 ], [ 362241.132074384833686, 6872565.577105181291699 ], [ 362291.380732352961786, 6872573.462980831973255 ], [ 362367.402119575766847, 6872585.647970659658313 ], [ 362492.214932522503659, 6872612.969896946102381 ], [ 362498.67379716708092, 6872614.38558235578239 ], [ 362522.00170830974821, 6872619.697877272032201 ], [ 362544.997006563004106, 6872624.92870313487947 ], [ 362637.789551724679768, 6872596.970404649153352 ], [ 362656.884770507691428, 6872708.591392952948809 ], [ 362729.089375521987677, 6872697.14890312962234 ], [ 362828.58101468445966, 6872681.234364858828485 ], [ 362871.832729755085893, 6872675.112160008400679 ] ] ] } },
{ "type": "Feature", "properties": { "fid": 13, "FID_2": 6, "FID_3": null, "FID_4": null, "start": null, "end": "-52.418858835, -28.2423456544", "cost": null, "layer": "CORREDORES VERDES", "path": "C:/Users/Usuario/Desktop/WebGIS Diagnósticos SEPLAN/ÁREAS VERDES/CORREDORES VERDES.shx|layername=CORREDORES VERDES" }, "geometry": { "type": "MultiLineString", "coordinates": [ ] } },
{ "type": "Feature", "properties": { "fid": 14, "FID_2": null, "FID_3": null, "FID_4": null, "start": "-52.4128092044, -28.259023261", "end": "-52.4135906566, -28.2617719918", "cost": 487.03942066928892, "layer": "CORREDORES VERDES", "path": "C:/Users/Usuario/Desktop/WebGIS Diagnósticos SEPLAN/ÁREAS VERDES/CORREDORES VERDES.shx|layername=CORREDORES VERDES" }, "geometry": { "type": "MultiLineString", "coordinates": [ [ [ 361407.150321654276922, 6873289.508762224577367 ], [ 361413.981210657511838, 6873276.651384024880826 ], [ 361462.68648437684169, 6873185.001344351097941 ], [ 361482.574903836473823, 6873147.978123173117638 ], [ 361473.897779288003221, 6873143.255933562293649 ], [ 361464.606501080270391, 6873138.194128511473536 ], [ 361398.759269812959246, 6873100.579898858442903 ], [ 361372.297659881063737, 6873085.466176722198725 ], [ 361315.770771243143827, 6873057.179987327195704 ], [ 361264.179589828185271, 6873027.189286891371012 ], [ 361294.955272139864974, 6872969.505067883059382 ], [ 361300.679559189768042, 6872959.467674300074577 ] ] ] } },
{ "type": "Feature", "properties": { "fid": 15, "FID_2": null, "FID_3": null, "FID_4": null, "start": "-52.4128092044, -28.259023261", "end": "-52.4065987967, -28.2627715802", "cost": 948.52444336390442, "layer": "CORREDORES VERDES", "path": "C:/Users/Usuario/Desktop/WebGIS Diagnósticos SEPLAN/ÁREAS VERDES/CORREDORES VERDES.shx|layername=CORREDORES VERDES" }, "geometry": { "type": "MultiLineString", "coordinates": [ [ [ 361407.150321654276922, 6873289.508762224577367 ], [ 361413.981210657511838, 6873276.651384024880826 ], [ 361462.68648437684169, 6873185.001344351097941 ], [ 361482.574903836473823, 6873147.978123173117638 ], [ 361527.282113550696522, 6873174.374718206003308 ], [ 361592.365197704406455, 6873058.846692618913949 ], [ 361663.176302250649314, 6872951.784765055403113 ], [ 361732.946552276378497, 6872987.836456956341863 ], [ 361739.477707759710029, 6872991.480732686817646 ], [ 361754.48344842804363, 6872986.912757993675768 ], [ 361770.547622035373934, 6872979.077028958126903 ], [ 361810.925178402103484, 6872899.551393812522292 ], [ 361821.729958277312107, 6872878.268143400549889 ], [ 361835.781887909513898, 6872852.800717929378152 ], [ 361893.054613933782093, 6872885.292918492108583 ], [ 361949.278181118657812, 6872914.381743915379047 ], [ 361966.414536119787954, 6872923.158010430634022 ], [ 361994.19897876190953, 6872872.64020686224103 ], [ 361997.540020547341555, 6872866.102502146735787 ] ] ] } },
{ "type": "Feature", "properties": { "fid": 16, "FID_2": null, "FID_3": null, "FID_4": null, "start": null, "end": "-52.4042843759, -28.2590160928", "cost": null, "layer": "CORREDORES VERDES", "path": "C:/Users/Usuario/Desktop/WebGIS Diagnósticos SEPLAN/ÁREAS VERDES/CORREDORES VERDES.shx|layername=CORREDORES VERDES" }, "geometry": { "type": "MultiLineString", "coordinates": [ ] } },
{ "type": "Feature", "properties": { "fid": 17, "FID_2": null, "FID_3": null, "FID_4": null, "start": "-52.4128092044, -28.259023261", "end": "-52.4148822949, -28.257457658", "cost": 376.38172823369575, "layer": "CORREDORES VERDES", "path": "C:/Users/Usuario/Desktop/WebGIS Diagnósticos SEPLAN/ÁREAS VERDES/CORREDORES VERDES.shx|layername=CORREDORES VERDES" }, "geometry": { "type": "MultiLineString", "coordinates": [ [ [ 361407.150321654276922, 6873289.508762224577367 ], [ 361373.10007022076752, 6873353.59908689931035 ], [ 361255.268965273862705, 6873288.349469730630517 ], [ 361202.4664734218386, 6873368.570318992249668 ], [ 361194.007221517036669, 6873382.965759057551622 ], [ 361191.246298251673579, 6873387.487892854958773 ], [ 361164.674493882048409, 6873431.043642221018672 ] ] ] } },
{ "type": "Feature", "properties": { "fid": 18, "FID_2": null, "FID_3": null, "FID_4": null, "start": "-52.4128092044, -28.259023261", "end": "-52.4019985785, -28.2554341606", "cost": 1300.3705238096318, "layer": "CORREDORES VERDES", "path": "C:/Users/Usuario/Desktop/WebGIS Diagnósticos SEPLAN/ÁREAS VERDES/CORREDORES VERDES.shx|layername=CORREDORES VERDES" }, "geometry": { "type": "MultiLineString", "coordinates": [ [ [ 361407.150321654276922, 6873289.508762224577367 ], [ 361413.981210657511838, 6873276.651384024880826 ], [ 361462.68648437684169, 6873185.001344351097941 ], [ 361482.574903836473823, 6873147.978123173117638 ], [ 361527.282113550696522, 6873174.374718206003308 ], [ 361626.83682327659335, 6873235.208736547268927 ], [ 361738.687532907933928, 6873297.636763775721192 ], [ 361758.051520450855605, 6873308.943629646673799 ], [ 361818.892021228850354, 6873344.45848854444921 ], [ 361850.593887761933729, 6873362.967617362737656 ], [ 361976.235931141418405, 6873431.836880745366216 ], [ 362096.677121629181784, 6873500.034837014973164 ], [ 362192.943447908619419, 6873557.235252288170159 ], [ 362229.706631137174554, 6873588.656338975764811 ], [ 362262.036801844835281, 6873619.92612820956856 ], [ 362285.50570456427522, 6873639.46876525413245 ], [ 362376.107251170091331, 6873714.897017363458872 ], [ 362380.47602687444305, 6873709.606501573696733 ], [ 362427.547459052060731, 6873656.15578880533576 ] ] ] } },
{ "type": "Feature", "properties": { "fid": 19, "FID_2": null, "FID_3": null, "FID_4": null, "start": "-52.4128092044, -28.259023261", "end": "-52.3979778598, -28.2643671385", "cost": 2009.5935731512798, "layer": "CORREDORES VERDES", "path": "C:/Users/Usuario/Desktop/WebGIS Diagnósticos SEPLAN/ÁREAS VERDES/CORREDORES VERDES.shx|layername=CORREDORES VERDES" }, "geometry": { "type": "MultiLineString", "coordinates": [ [ [ 361407.150321654276922, 6873289.508762224577367 ], [ 361413.981210657511838, 6873276.651384024880826 ], [ 361462.68648437684169, 6873185.001344351097941 ], [ 361482.574903836473823, 6873147.978123173117638 ], [ 361527.282113550696522, 6873174.374718206003308 ], [ 361592.365197704406455, 6873058.846692618913949 ], [ 361663.176302250649314, 6872951.784765055403113 ], [ 361667.389364968403243, 6872944.708598475903273 ], [ 361670.220616335398518, 6872940.020966300740838 ], [ 361679.192587486701086, 6872927.016364613547921 ], [ 361701.102840979816392, 6872891.523447023704648 ], [ 361748.092096259235404, 6872808.739592174068093 ], [ 361816.448710151365958, 6872697.370882881805301 ], [ 361882.531614072155207, 6872588.213785259984434 ], [ 361902.313574978790712, 6872569.417451789602637 ], [ 361923.852893633418716, 6872556.4148966409266 ], [ 361956.152366370661184, 6872546.152687283232808 ], [ 361984.840611008927226, 6872540.170092325657606 ], [ 362005.74184545839671, 6872538.152619107626379 ], [ 362022.266909932659473, 6872541.237021416425705 ], [ 362079.486279809963889, 6872543.619896484538913 ], [ 362105.541178463958204, 6872546.416028895415366 ], [ 362116.133699813333806, 6872547.547529101371765 ], [ 362134.530873004288878, 6872549.944326441735029 ], [ 362153.751934873289429, 6872552.361748166382313 ], [ 362241.132074384833686, 6872565.577105181291699 ], [ 362291.380732352961786, 6872573.462980831973255 ], [ 362367.402119575766847, 6872585.647970659658313 ], [ 362492.214932522503659, 6872612.969896946102381 ], [ 362498.67379716708092, 6872614.38558235578239 ], [ 362522.00170830974821, 6872619.697877272032201 ], [ 362544.997006563004106, 6872624.92870313487947 ], [ 362637.789551724679768, 6872596.970404649153352 ], [ 362656.884770507691428, 6872708.591392952948809 ], [ 362729.089375521987677, 6872697.14890312962234 ], [ 362828.58101468445966, 6872681.234364858828485 ], [ 362871.832729755085893, 6872675.112160008400679 ] ] ] } },
{ "type": "Feature", "properties": { "fid": 20, "FID_2": null, "FID_3": null, "FID_4": null, "start": null, "end": "-52.418858835, -28.2423456544", "cost": null, "layer": "CORREDORES VERDES", "path": "C:/Users/Usuario/Desktop/WebGIS Diagnósticos SEPLAN/ÁREAS VERDES/CORREDORES VERDES.shx|layername=CORREDORES VERDES" }, "geometry": { "type": "MultiLineString", "coordinates": [ ] } },
{ "type": "Feature", "properties": { "fid": 21, "FID_2": null, "FID_3": null, "FID_4": null, "start": "-52.4128092044, -28.259023261", "end": "-52.396140533, -28.2539986417", "cost": 2113.7309648067126, "layer": "CORREDORES VERDES", "path": "C:/Users/Usuario/Desktop/WebGIS Diagnósticos SEPLAN/ÁREAS VERDES/CORREDORES VERDES.shx|layername=CORREDORES VERDES" }, "geometry": { "type": "MultiLineString", "coordinates": [ [ [ 361407.150321654276922, 6873289.508762224577367 ], [ 361413.981210657511838, 6873276.651384024880826 ], [ 361462.68648437684169, 6873185.001344351097941 ], [ 361482.574903836473823, 6873147.978123173117638 ], [ 361527.282113550696522, 6873174.374718206003308 ], [ 361626.83682327659335, 6873235.208736547268927 ], [ 361738.687532907933928, 6873297.636763775721192 ], [ 361758.051520450855605, 6873308.943629646673799 ], [ 361818.892021228850354, 6873344.45848854444921 ], [ 361850.593887761933729, 6873362.967617362737656 ], [ 361976.235931141418405, 6873431.836880745366216 ], [ 362096.677121629181784, 6873500.034837014973164 ], [ 362192.943447908619419, 6873557.235252288170159 ], [ 362229.706631137174554, 6873588.656338975764811 ], [ 362262.036801844835281, 6873619.92612820956856 ], [ 362285.50570456427522, 6873639.46876525413245 ], [ 362376.107251170091331, 6873714.897017363458872 ], [ 362480.914611982763745, 6873805.836631673388183 ], [ 362488.287761500629131, 6873812.238361722789705 ], [ 362573.821089187753387, 6873712.899260576814413 ], [ 362582.40410970360972, 6873702.936852360144258 ], [ 362648.332700610510074, 6873631.505585674196482 ], [ 362670.607429591182154, 6873605.057512927800417 ], [ 362686.954790016403422, 6873599.894396280869842 ], [ 362793.577020341763273, 6873692.658432901836932 ], [ 362861.549137932131998, 6873753.360185576602817 ], [ 362916.109201130690053, 6873798.747502928599715 ], [ 362920.51756527274847, 6873802.75441163033247 ], [ 363009.256360798608512, 6873849.577549180015922 ], [ 363044.53155058104312, 6873868.214764233678579 ] ] ] } },
{ "type": "Feature", "properties": { "fid": 22, "FID_2": null, "FID_3": null, "FID_4": null, "start": null, "end": "-52.4164047562, -28.2626876702", "cost": null, "layer": "CORREDORES VERDES", "path": "C:/Users/Usuario/Desktop/WebGIS Diagnósticos SEPLAN/ÁREAS VERDES/CORREDORES VERDES.shx|layername=CORREDORES VERDES" }, "geometry": { "type": "MultiLineString", "coordinates": [ ] } },
{ "type": "Feature", "properties": { "fid": 23, "FID_2": null, "FID_3": null, "FID_4": null, "start": "-52.4128092044, -28.259023261", "end": "-52.4106542722, -28.2625037093", "cost": 479.61511591845476, "layer": "CORREDORES VERDES", "path": "C:/Users/Usuario/Desktop/WebGIS Diagnósticos SEPLAN/ÁREAS VERDES/CORREDORES VERDES.shx|layername=CORREDORES VERDES" }, "geometry": { "type": "MultiLineString", "coordinates": [ [ [ 361407.150321654276922, 6873289.508762224577367 ], [ 361413.981210657511838, 6873276.651384024880826 ], [ 361462.68648437684169, 6873185.001344351097941 ], [ 361482.574903836473823, 6873147.978123173117638 ], [ 361544.810670503007714, 6873032.649810843169689 ], [ 361612.068567207083106, 6872923.21963669732213 ], [ 361614.878825341176707, 6872916.127127729356289 ], [ 361615.405742774077225, 6872903.755449779331684 ], [ 361615.340890645980835, 6872897.538078748621047 ], [ 361614.206396332301665, 6872888.814938821829855 ], [ 361622.35389948298689, 6872893.508695677854121 ], [ 361635.480182490369771, 6872901.246972857043147 ] ] ] } },
{ "type": "Feature", "properties": { "fid": 24, "FID_2": null, "FID_3": null, "FID_4": null, "start": null, "end": "-52.3732762432, -28.2553456544", "cost": null, "layer": "CORREDORES VERDES", "path": "C:/Users/Usuario/Desktop/WebGIS Diagnósticos SEPLAN/ÁREAS VERDES/CORREDORES VERDES.shx|layername=CORREDORES VERDES" }, "geometry": { "type": "MultiLineString", "coordinates": [ ] } },
{ "type": "Feature", "properties": { "fid": 25, "FID_2": null, "FID_3": null, "FID_4": null, "start": "-52.4128092044, -28.259023261", "end": "-52.373332952, -28.2644866154", "cost": 4804.8986797757543, "layer": "CORREDORES VERDES", "path": "C:/Users/Usuario/Desktop/WebGIS Diagnósticos SEPLAN/ÁREAS VERDES/CORREDORES VERDES.shx|layername=CORREDORES VERDES" }, "geometry": { "type": "MultiLineString", "coordinates": [ [ [ 361407.150321654276922, 6873289.508762224577367 ], [ 361413.981210657511838, 6873276.651384024880826 ], [ 361462.68648437684169, 6873185.001344351097941 ], [ 361482.574903836473823, 6873147.978123173117638 ], [ 361527.282113550696522, 6873174.374718206003308 ], [ 361592.365197704406455, 6873058.846692618913949 ], [ 361663.176302250649314, 6872951.784765055403113 ], [ 361667.389364968403243, 6872944.708598475903273 ], [ 361670.220616335398518, 6872940.020966300740838 ], [ 361679.192587486701086, 6872927.016364613547921 ], [ 361701.102840979816392, 6872891.523447023704648 ], [ 361748.092096259235404, 6872808.739592174068093 ], [ 361816.448710151365958, 6872697.370882881805301 ], [ 361882.531614072155207, 6872588.213785259984434 ], [ 361902.313574978790712, 6872569.417451789602637 ], [ 361923.852893633418716, 6872556.4148966409266 ], [ 361956.152366370661184, 6872546.152687283232808 ], [ 361984.840611008927226, 6872540.170092325657606 ], [ 362005.74184545839671, 6872538.152619107626379 ], [ 362022.266909932659473, 6872541.237021416425705 ], [ 362079.486279809963889, 6872543.619896484538913 ], [ 362105.541178463958204, 6872546.416028895415366 ], [ 362116.133699813333806, 6872547.547529101371765 ], [ 362134.530873004288878, 6872549.944326441735029 ], [ 362153.751934873289429, 6872552.361748166382313 ], [ 362241.132074384833686, 6872565.577105181291699 ], [ 362291.380732352961786, 6872573.462980831973255 ], [ 362367.402119575766847, 6872585.647970659658313 ], [ 362492.214932522503659, 6872612.969896946102381 ], [ 362498.67379716708092, 6872614.38558235578239 ], [ 362522.00170830974821, 6872619.697877272032201 ], [ 362544.997006563004106, 6872624.92870313487947 ], [ 362637.789551724679768, 6872596.970404649153352 ], [ 362705.427390805794857, 6872582.483279617503285 ], [ 362804.54812048911117, 6872561.234611410647631 ], [ 362870.637633183097932, 6872546.551361929625273 ], [ 362906.815136244054884, 6872538.514437779784203 ], [ 363020.965014270332176, 6872512.19621744658798 ], [ 363065.954479874111712, 6872501.434833394363523 ], [ 363127.028975011664443, 6872488.531794354319572 ], [ 363165.254500263137743, 6872480.672864157706499 ], [ 363281.857895280583762, 6872410.753661308437586 ], [ 363299.266673194651958, 6872401.856565468013287 ], [ 363415.493660087930039, 6872350.005274347960949 ], [ 363539.178268805029802, 6872305.607692211866379 ], [ 363565.540116832358763, 6872298.741334079764783 ], [ 363701.138623342791107, 6872268.430380652658641 ], [ 363719.109604966128245, 6872264.348402101546526 ], [ 363820.881529698905069, 6872310.839218223467469 ], [ 363914.631357645790558, 6872361.403637414798141 ], [ 364013.860984655562788, 6872411.56467179954052 ], [ 364037.895559706084896, 6872423.708095089532435 ], [ 364161.258598541491665, 6872486.05665813665837 ], [ 364270.018704027985223, 6872539.460523042827845 ], [ 364313.083138928865083, 6872560.508690710179508 ], [ 364359.796629186603241, 6872583.338156117126346 ], [ 364418.132024890510365, 6872613.403273073025048 ], [ 364481.178689954103902, 6872645.893269629217684 ], [ 364551.990744430571795, 6872681.419151836074889 ], [ 364600.493179959594272, 6872705.752916881814599 ], [ 364695.470797755289823, 6872751.571006502956152 ], [ 364763.193908423534594, 6872783.625176642090082 ], [ 364870.163116403622553, 6872818.131629622541368 ], [ 364976.25433056242764, 6872851.386006619781256 ], [ 365002.049270134419203, 6872865.043361532501876 ], [ 365037.293715146020986, 6872898.421764317899942 ], [ 365045.758023803704418, 6872908.147545865736902 ], [ 365059.522992667742074, 6872934.034501201473176 ], [ 365076.60485496383626, 6872996.105836963281035 ], [ 365118.349747216503602, 6872972.091076342388988 ], [ 365223.187872747774236, 6872912.845732739195228 ], [ 365195.479092060122639, 6872853.446358582004905 ], [ 365176.7990605274681, 6872820.611254559829831 ], [ 365242.105848852836061, 6872789.11807269603014 ], [ 365303.978429797920398, 6872760.686009650118649 ] ] ] } },
{ "type": "Feature", "properties": { "fid": 26, "FID_2": null, "FID_3": null, "FID_4": null, "start": "-52.4128092044, -28.259023261", "end": "-52.3898064283, -28.2686833086", "cost": 2796.5534616881323, "layer": "CORREDORES VERDES", "path": "C:/Users/Usuario/Desktop/WebGIS Diagnósticos SEPLAN/ÁREAS VERDES/CORREDORES VERDES.shx|layername=CORREDORES VERDES" }, "geometry": { "type": "MultiLineString", "coordinates": [ [ [ 361407.150321654276922, 6873289.508762224577367 ], [ 361413.981210657511838, 6873276.651384024880826 ], [ 361462.68648437684169, 6873185.001344351097941 ], [ 361482.574903836473823, 6873147.978123173117638 ], [ 361527.282113550696522, 6873174.374718206003308 ], [ 361592.365197704406455, 6873058.846692618913949 ], [ 361663.176302250649314, 6872951.784765055403113 ], [ 361667.389364968403243, 6872944.708598475903273 ], [ 361670.220616335398518, 6872940.020966300740838 ], [ 361679.192587486701086, 6872927.016364613547921 ], [ 361701.102840979816392, 6872891.523447023704648 ], [ 361748.092096259235404, 6872808.739592174068093 ], [ 361816.448710151365958, 6872697.370882881805301 ], [ 361882.531614072155207, 6872588.213785259984434 ], [ 361902.313574978790712, 6872569.417451789602637 ], [ 361923.852893633418716, 6872556.4148966409266 ], [ 361956.152366370661184, 6872546.152687283232808 ], [ 361984.840611008927226, 6872540.170092325657606 ], [ 362005.74184545839671, 6872538.152619107626379 ], [ 362022.266909932659473, 6872541.237021416425705 ], [ 362079.486279809963889, 6872543.619896484538913 ], [ 362105.541178463958204, 6872546.416028895415366 ], [ 362116.133699813333806, 6872547.547529101371765 ], [ 362134.530873004288878, 6872549.944326441735029 ], [ 362153.751934873289429, 6872552.361748166382313 ], [ 362241.132074384833686, 6872565.577105181291699 ], [ 362291.380732352961786, 6872573.462980831973255 ], [ 362367.402119575766847, 6872585.647970659658313 ], [ 362492.214932522503659, 6872612.969896946102381 ], [ 362498.67379716708092, 6872614.38558235578239 ], [ 362522.00170830974821, 6872619.697877272032201 ], [ 362537.474035406252369, 6872615.433551425114274 ], [ 362546.430640081991442, 6872612.966459648683667 ], [ 362635.906968682655133, 6872585.85626348759979 ], [ 362702.868394654535223, 6872571.316999847069383 ], [ 362750.984376595937647, 6872560.881075007840991 ], [ 362801.978186573251151, 6872548.461448414251208 ], [ 362838.273212035768665, 6872540.448251871392131 ], [ 362894.101556764042471, 6872528.206020802259445 ], [ 362990.175754186406266, 6872506.47738684527576 ], [ 363018.014808090869337, 6872500.050352617166936 ], [ 363123.820490464335307, 6872474.953500727191567 ], [ 363143.583242667024024, 6872470.383301809430122 ], [ 363159.539073798339814, 6872466.688906706869602 ], [ 363195.415582620189525, 6872446.425045584328473 ], [ 363278.069736206438392, 6872397.235223380848765 ], [ 363410.647715532686561, 6872338.026078874245286 ], [ 363550.810894514550455, 6872286.238532287999988 ], [ 363575.223048812709749, 6872276.579424320720136 ], [ 363681.682698489865288, 6872235.251289923675358 ], [ 363689.397619603783824, 6872241.249187333509326 ] ] ] } },
{ "type": "Feature", "properties": { "fid": 27, "FID_2": null, "FID_3": null, "FID_4": null, "start": "-52.4128092044, -28.259023261", "end": "-52.4240853352, -28.2581336826", "cost": 1547.5921862533116, "layer": "CORREDORES VERDES", "path": "C:/Users/Usuario/Desktop/WebGIS Diagnósticos SEPLAN/ÁREAS VERDES/CORREDORES VERDES.shx|layername=CORREDORES VERDES" }, "geometry": { "type": "MultiLineString", "coordinates": [ [ [ 361407.150321654276922, 6873289.508762224577367 ], [ 361373.10007022076752, 6873353.59908689931035 ], [ 361323.664642036252189, 6873442.126429351046681 ], [ 361261.398031379561871, 6873554.70521499030292 ], [ 361233.494217539206147, 6873544.538809634745121 ], [ 361122.082790744199883, 6873499.907777221873403 ], [ 361085.160302346397657, 6873567.027460909448564 ], [ 361052.565327217453159, 6873550.256655539385974 ], [ 361036.751962796202861, 6873544.94087259285152 ], [ 361014.980695211328566, 6873538.96799414139241 ], [ 360994.12024390330771, 6873535.654179504141212 ], [ 360957.64616539189592, 6873533.431785671971738 ], [ 360929.031684081768617, 6873537.883683827705681 ], [ 360909.041606598068029, 6873543.190113281831145 ], [ 360896.157692834327463, 6873546.618397096171975 ], [ 360866.416655190638267, 6873555.93273236323148 ], [ 360864.068941475707106, 6873554.486801061779261 ], [ 360861.520212044008076, 6873553.448522312566638 ], [ 360857.721649117185734, 6873552.728031610138714 ], [ 360853.863512848212849, 6873552.904429569840431 ], [ 360850.152083312859759, 6873553.957971815019846 ], [ 360846.793900536606088, 6873555.846754588186741 ], [ 360843.957172016846016, 6873558.450855555944145 ], [ 360841.800425059045665, 6873561.639157633297145 ], [ 360840.453275412321091, 6873565.235879417508841 ], [ 360831.315223877318203, 6873581.407224591821432 ], [ 360821.17094033525791, 6873593.85451680701226 ], [ 360816.653215068334248, 6873598.400297760032117 ], [ 360804.06664832890965, 6873604.912584785372019 ], [ 360693.221434889594093, 6873507.924764568917453 ], [ 360657.849452960770577, 6873550.571669833734632 ], [ 360599.774749651493039, 6873494.438677414320409 ], [ 360515.960492995858658, 6873431.110299421474338 ], [ 360435.298037868691608, 6873375.176363877020776 ], [ 360376.418446046183817, 6873335.078515399247408 ], [ 360309.887272044317797, 6873297.383602371439338 ], [ 360302.240961228206288, 6873293.470530398190022 ], [ 360297.489321226836182, 6873303.709189984947443 ], [ 360293.482551176915877, 6873312.349817781709135 ], [ 360276.98245825356571, 6873347.915153403766453 ] ] ] } },
{ "type": "Feature", "properties": { "fid": 28, "FID_2": null, "FID_3": null, "FID_4": null, "start": "-52.4128092044, -28.259023261", "end": "-52.4478083196, -28.2548110125", "cost": 4574.91854876858, "layer": "CORREDORES VERDES", "path": "C:/Users/Usuario/Desktop/WebGIS Diagnósticos SEPLAN/ÁREAS VERDES/CORREDORES VERDES.shx|layername=CORREDORES VERDES" }, "geometry": { "type": "MultiLineString", "coordinates": [ [ [ 361407.150321654276922, 6873289.508762224577367 ], [ 361373.10007022076752, 6873353.59908689931035 ], [ 361323.664642036252189, 6873442.126429351046681 ], [ 361261.398031379561871, 6873554.70521499030292 ], [ 361233.494217539206147, 6873544.538809634745121 ], [ 361122.082790744199883, 6873499.907777221873403 ], [ 361085.160302346397657, 6873567.027460909448564 ], [ 361052.565327217453159, 6873550.256655539385974 ], [ 361036.751962796202861, 6873544.94087259285152 ], [ 361014.980695211328566, 6873538.96799414139241 ], [ 360994.12024390330771, 6873535.654179504141212 ], [ 360957.64616539189592, 6873533.431785671971738 ], [ 360929.031684081768617, 6873537.883683827705681 ], [ 360909.041606598068029, 6873543.190113281831145 ], [ 360896.157692834327463, 6873546.618397096171975 ], [ 360866.416655190638267, 6873555.93273236323148 ], [ 360864.068941475707106, 6873554.486801061779261 ], [ 360861.520212044008076, 6873553.448522312566638 ], [ 360857.721649117185734, 6873552.728031610138714 ], [ 360853.863512848212849, 6873552.904429569840431 ], [ 360850.152083312859759, 6873553.957971815019846 ], [ 360846.793900536606088, 6873555.846754588186741 ], [ 360843.957172016846016, 6873558.450855555944145 ], [ 360841.800425059045665, 6873561.639157633297145 ], [ 360840.453275412321091, 6873565.235879417508841 ], [ 360831.315223877318203, 6873581.407224591821432 ], [ 360821.17094033525791, 6873593.85451680701226 ], [ 360816.653215068334248, 6873598.400297760032117 ], [ 360804.06664832890965, 6873604.912584785372019 ], [ 360783.68973727762932, 6873625.617336856201291 ], [ 360774.068317997385748, 6873637.815854365006089 ], [ 360751.313929331023246, 6873682.184574194252491 ], [ 360743.769616913748905, 6873697.144527992233634 ], [ 360729.377252760285046, 6873723.748190319165587 ], [ 360714.137896213214844, 6873754.796597965061665 ], [ 360709.986490124370903, 6873752.365396376699209 ], [ 360682.289912124630064, 6873788.907987144775689 ], [ 360675.588876482273918, 6873793.871348949149251 ], [ 360665.87088241847232, 6873797.558184624649584 ], [ 360595.240681207680609, 6873806.148070059716702 ], [ 360554.1242550277384, 6873810.640661578625441 ], [ 360540.692339455825277, 6873811.402618153952062 ], [ 360374.303745663841255, 6873827.64224686101079 ], [ 360282.93933277123142, 6873928.826028933748603 ], [ 360237.951420464494731, 6873975.403322068043053 ], [ 360199.620852370280772, 6874017.393606819212437 ], [ 360125.768464000429958, 6874093.605653485283256 ], [ 360007.908369696000591, 6874010.712954273447394 ], [ 359917.990588202956133, 6873946.499509897083044 ], [ 359893.959529353189282, 6873975.670216361060739 ], [ 359844.210757120570634, 6874038.047370810061693 ], [ 359766.258139353536535, 6874132.205064751207829 ], [ 359689.621131855878048, 6874222.876131279394031 ], [ 359613.920758244756144, 6874315.563559869304299 ], [ 359575.795134173240513, 6874363.17267351038754 ], [ 359539.31258332071593, 6874408.728895938023925 ], [ 359443.855354131024797, 6874508.173967925831676 ], [ 359417.305967884487472, 6874494.584148215129972 ], [ 359338.834890070836991, 6874472.932586114853621 ], [ 359271.224970030831173, 6874448.118049770593643 ], [ 359208.510283989133313, 6874425.089859830215573 ], [ 359199.140657513285987, 6874421.654331544414163 ], [ 359119.356647360662464, 6874421.406065493822098 ], [ 359042.942225253093056, 6874424.964947348460555 ], [ 358955.86317679239437, 6874421.758890699595213 ], [ 358839.156975033925846, 6874383.282431455329061 ], [ 358833.390052811009809, 6874381.385431751608849 ], [ 358712.907209069700912, 6874346.165050711482763 ], [ 358637.594848589040339, 6874319.814549815841019 ], [ 358566.856458131689578, 6874299.147411403246224 ], [ 358413.862339248531498, 6874252.709998471662402 ], [ 358237.446181972976774, 6874265.487234751693904 ], [ 358138.304188426118344, 6873684.881338411942124 ] ] ] } },
{ "type": "Feature", "properties": { "fid": 29, "FID_2": null, "FID_3": null, "FID_4": null, "start": "-52.4128092044, -28.259023261", "end": "-52.3705095859, -28.2650635793", "cost": 5212.4981759888633, "layer": "CORREDORES VERDES", "path": "C:/Users/Usuario/Desktop/WebGIS Diagnósticos SEPLAN/ÁREAS VERDES/CORREDORES VERDES.shx|layername=CORREDORES VERDES" }, "geometry": { "type": "MultiLineString", "coordinates": [ [ [ 361407.150321654276922, 6873289.508762224577367 ], [ 361413.981210657511838, 6873276.651384024880826 ], [ 361462.68648437684169, 6873185.001344351097941 ], [ 361482.574903836473823, 6873147.978123173117638 ], [ 361527.282113550696522, 6873174.374718206003308 ], [ 361592.365197704406455, 6873058.846692618913949 ], [ 361663.176302250649314, 6872951.784765055403113 ], [ 361667.389364968403243, 6872944.708598475903273 ], [ 361670.220616335398518, 6872940.020966300740838 ], [ 361679.192587486701086, 6872927.016364613547921 ], [ 361701.102840979816392, 6872891.523447023704648 ], [ 361748.092096259235404, 6872808.739592174068093 ], [ 361816.448710151365958, 6872697.370882881805301 ], [ 361882.531614072155207, 6872588.213785259984434 ], [ 361902.313574978790712, 6872569.417451789602637 ], [ 361923.852893633418716, 6872556.4148966409266 ], [ 361956.152366370661184, 6872546.152687283232808 ], [ 361984.840611008927226, 6872540.170092325657606 ], [ 362005.74184545839671, 6872538.152619107626379 ], [ 362022.266909932659473, 6872541.237021416425705 ], [ 362079.486279809963889, 6872543.619896484538913 ], [ 362105.541178463958204, 6872546.416028895415366 ], [ 362116.133699813333806, 6872547.547529101371765 ], [ 362134.530873004288878, 6872549.944326441735029 ], [ 362153.751934873289429, 6872552.361748166382313 ], [ 362241.132074384833686, 6872565.577105181291699 ], [ 362291.380732352961786, 6872573.462980831973255 ], [ 362367.402119575766847, 6872585.647970659658313 ], [ 362492.214932522503659, 6872612.969896946102381 ], [ 362498.67379716708092, 6872614.38558235578239 ], [ 362522.00170830974821, 6872619.697877272032201 ], [ 362544.997006563004106, 6872624.92870313487947 ], [ 362637.789551724679768, 6872596.970404649153352 ], [ 362705.427390805794857, 6872582.483279617503285 ], [ 362804.54812048911117, 6872561.234611410647631 ], [ 362870.637633183097932, 6872546.551361929625273 ], [ 362906.815136244054884, 6872538.514437779784203 ], [ 363020.965014270332176, 6872512.19621744658798 ], [ 363065.954479874111712, 6872501.434833394363523 ], [ 363127.028975011664443, 6872488.531794354319572 ], [ 363165.254500263137743, 6872480.672864157706499 ], [ 363281.857895280583762, 6872410.753661308437586 ], [ 363299.266673194651958, 6872401.856565468013287 ], [ 363415.493660087930039, 6872350.005274347960949 ], [ 363539.178268805029802, 6872305.607692211866379 ], [ 363565.540116832358763, 6872298.741334079764783 ], [ 363701.138623342791107, 6872268.430380652658641 ], [ 363719.109604966128245, 6872264.348402101546526 ], [ 363820.881529698905069, 6872310.839218223467469 ], [ 363914.631357645790558, 6872361.403637414798141 ], [ 364013.860984655562788, 6872411.56467179954052 ], [ 364037.895559706084896, 6872423.708095089532435 ], [ 364161.258598541491665, 6872486.05665813665837 ], [ 364270.018704027985223, 6872539.460523042827845 ], [ 364313.083138928865083, 6872560.508690710179508 ], [ 364359.796629186603241, 6872583.338156117126346 ], [ 364418.132024890510365, 6872613.403273073025048 ], [ 364481.178689954103902, 6872645.893269629217684 ], [ 364551.990744430571795, 6872681.419151836074889 ], [ 364600.493179959594272, 6872705.752916881814599 ], [ 364695.470797755289823, 6872751.571006502956152 ], [ 364763.193908423534594, 6872783.625176642090082 ], [ 364870.163116403622553, 6872818.131629622541368 ], [ 364976.25433056242764, 6872851.386006619781256 ], [ 365002.049270134419203, 6872865.043361532501876 ], [ 365037.293715146020986, 6872898.421764317899942 ], [ 365045.758023803704418, 6872908.147545865736902 ], [ 365059.522992667742074, 6872934.034501201473176 ], [ 365076.60485496383626, 6872996.105836963281035 ], [ 365118.349747216503602, 6872972.091076342388988 ], [ 365223.187872747774236, 6872912.845732739195228 ], [ 365268.571372651087586, 6872973.575986998155713 ], [ 365319.88330930355005, 6872958.057576585561037 ], [ 365334.620392934419215, 6872953.670481538400054 ], [ 365441.592572970082983, 6872904.243205450475216 ], [ 365494.019161141710356, 6872882.95236065518111 ], [ 365503.003659827169031, 6872880.572026332840323 ], [ 365544.246931122383103, 6872869.537218702957034 ], [ 365566.637748686654959, 6872860.704388553276658 ], [ 365584.533536198083311, 6872847.676261337473989 ], [ 365615.286705621052533, 6872822.948011235333979 ], [ 365652.605804648250341, 6872796.266184927895665 ], [ 365629.46167326986324, 6872742.5487997867167 ], [ 365629.376052710169461, 6872729.316972869448364 ], [ 365599.528168985736556, 6872658.373087392188609 ] ] ] } },
{ "type": "Feature", "properties": { "fid": 30, "FID_2": null, "FID_3": null, "FID_4": null, "start": "-52.4128092044, -28.259023261", "end": "-52.3686329775, -28.2625592266", "cost": 5282.7180317093562, "layer": "CORREDORES VERDES", "path": "C:/Users/Usuario/Desktop/WebGIS Diagnósticos SEPLAN/ÁREAS VERDES/CORREDORES VERDES.shx|layername=CORREDORES VERDES" }, "geometry": { "type": "MultiLineString", "coordinates": [ [ [ 361407.150321654276922, 6873289.508762224577367 ], [ 361413.981210657511838, 6873276.651384024880826 ], [ 361462.68648437684169, 6873185.001344351097941 ], [ 361482.574903836473823, 6873147.978123173117638 ], [ 361527.282113550696522, 6873174.374718206003308 ], [ 361592.365197704406455, 6873058.846692618913949 ], [ 361663.176302250649314, 6872951.784765055403113 ], [ 361667.389364968403243, 6872944.708598475903273 ], [ 361670.220616335398518, 6872940.020966300740838 ], [ 361679.192587486701086, 6872927.016364613547921 ], [ 361701.102840979816392, 6872891.523447023704648 ], [ 361748.092096259235404, 6872808.739592174068093 ], [ 361816.448710151365958, 6872697.370882881805301 ], [ 361882.531614072155207, 6872588.213785259984434 ], [ 361902.313574978790712, 6872569.417451789602637 ], [ 361923.852893633418716, 6872556.4148966409266 ], [ 361956.152366370661184, 6872546.152687283232808 ], [ 361984.840611008927226, 6872540.170092325657606 ], [ 362005.74184545839671, 6872538.152619107626379 ], [ 362022.266909932659473, 6872541.237021416425705 ], [ 362079.486279809963889, 6872543.619896484538913 ], [ 362105.541178463958204, 6872546.416028895415366 ], [ 362116.133699813333806, 6872547.547529101371765 ], [ 362134.530873004288878, 6872549.944326441735029 ], [ 362153.751934873289429, 6872552.361748166382313 ], [ 362241.132074384833686, 6872565.577105181291699 ], [ 362291.380732352961786, 6872573.462980831973255 ], [ 362367.402119575766847, 6872585.647970659658313 ], [ 362492.214932522503659, 6872612.969896946102381 ], [ 362498.67379716708092, 6872614.38558235578239 ], [ 362522.00170830974821, 6872619.697877272032201 ], [ 362544.997006563004106, 6872624.92870313487947 ], [ 362637.789551724679768, 6872596.970404649153352 ], [ 362705.427390805794857, 6872582.483279617503285 ], [ 362804.54812048911117, 6872561.234611410647631 ], [ 362870.637633183097932, 6872546.551361929625273 ], [ 362906.815136244054884, 6872538.514437779784203 ], [ 363020.965014270332176, 6872512.19621744658798 ], [ 363065.954479874111712, 6872501.434833394363523 ], [ 363127.028975011664443, 6872488.531794354319572 ], [ 363165.254500263137743, 6872480.672864157706499 ], [ 363281.857895280583762, 6872410.753661308437586 ], [ 363299.266673194651958, 6872401.856565468013287 ], [ 363415.493660087930039, 6872350.005274347960949 ], [ 363539.178268805029802, 6872305.607692211866379 ], [ 363565.540116832358763, 6872298.741334079764783 ], [ 363701.138623342791107, 6872268.430380652658641 ], [ 363719.109604966128245, 6872264.348402101546526 ], [ 363820.881529698905069, 6872310.839218223467469 ], [ 363914.631357645790558, 6872361.403637414798141 ], [ 364013.860984655562788, 6872411.56467179954052 ], [ 364037.895559706084896, 6872423.708095089532435 ], [ 364161.258598541491665, 6872486.05665813665837 ], [ 364270.018704027985223, 6872539.460523042827845 ], [ 364313.083138928865083, 6872560.508690710179508 ], [ 364359.796629186603241, 6872583.338156117126346 ], [ 364418.132024890510365, 6872613.403273073025048 ], [ 364481.178689954103902, 6872645.893269629217684 ], [ 364551.990744430571795, 6872681.419151836074889 ], [ 364600.493179959594272, 6872705.752916881814599 ], [ 364695.470797755289823, 6872751.571006502956152 ], [ 364763.193908423534594, 6872783.625176642090082 ], [ 364870.163116403622553, 6872818.131629622541368 ], [ 364976.25433056242764, 6872851.386006619781256 ], [ 365002.049270134419203, 6872865.043361532501876 ], [ 365037.293715146020986, 6872898.421764317899942 ], [ 365045.758023803704418, 6872908.147545865736902 ], [ 365059.522992667742074, 6872934.034501201473176 ], [ 365076.60485496383626, 6872996.105836963281035 ], [ 365118.349747216503602, 6872972.091076342388988 ], [ 365223.187872747774236, 6872912.845732739195228 ], [ 365268.571372651087586, 6872973.575986998155713 ], [ 365319.88330930355005, 6872958.057576585561037 ], [ 365334.620392934419215, 6872953.670481538400054 ], [ 365441.592572970082983, 6872904.243205450475216 ], [ 365494.019161141710356, 6872882.95236065518111 ], [ 365503.003659827169031, 6872880.572026332840323 ], [ 365544.246931122383103, 6872869.537218702957034 ], [ 365566.637748686654959, 6872860.704388553276658 ], [ 365584.533536198083311, 6872847.676261337473989 ], [ 365615.286705621052533, 6872822.948011235333979 ], [ 365652.605804648250341, 6872796.266184927895665 ], [ 365664.934744414640591, 6872791.374941639602184 ], [ 365673.709214912320022, 6872788.471292842179537 ], [ 365708.76864183798898, 6872782.851083212532103 ], [ 365770.923509057960473, 6872829.485568763688207 ], [ 365797.419388695736416, 6872855.83695313334465 ], [ 365822.247494704439305, 6872894.336470518261194 ] ] ] } },
{ "type": "Feature", "properties": { "fid": 31, "FID_2": null, "FID_3": 0, "FID_4": null, "start": "-52.4128092044, -28.259023261", "end": "-52.380572329, -28.2350827369", "cost": 5201.2158261938948, "layer": "CORREDORES VERDES", "path": "C:/Users/Usuario/Desktop/WebGIS Diagnósticos SEPLAN/ÁREAS VERDES/CORREDORES VERDES.shx|layername=CORREDORES VERDES" }, "geometry": { "type": "MultiLineString", "coordinates": [ [ [ 361407.150321654276922, 6873289.508762224577367 ], [ 361413.981210657511838, 6873276.651384024880826 ], [ 361462.68648437684169, 6873185.001344351097941 ], [ 361482.574903836473823, 6873147.978123173117638 ], [ 361527.282113550696522, 6873174.374718206003308 ], [ 361626.83682327659335, 6873235.208736547268927 ], [ 361738.687532907933928, 6873297.636763775721192 ], [ 361758.051520450855605, 6873308.943629646673799 ], [ 361818.892021228850354, 6873344.45848854444921 ], [ 361850.593887761933729, 6873362.967617362737656 ], [ 361976.235931141418405, 6873431.836880745366216 ], [ 362096.677121629181784, 6873500.034837014973164 ], [ 362192.943447908619419, 6873557.235252288170159 ], [ 362229.706631137174554, 6873588.656338975764811 ], [ 362262.036801844835281, 6873619.92612820956856 ], [ 362285.50570456427522, 6873639.46876525413245 ], [ 362376.107251170091331, 6873714.897017363458872 ], [ 362480.914611982763745, 6873805.836631673388183 ], [ 362488.287761500629131, 6873812.238361722789705 ], [ 362573.821089187753387, 6873712.899260576814413 ], [ 362582.40410970360972, 6873702.936852360144258 ], [ 362699.950235747382976, 6873802.233124427497387 ], [ 362821.005623537232168, 6873907.940382565371692 ], [ 362893.801016387762502, 6873973.384957962669432 ], [ 362921.642193581559695, 6873997.664095697924495 ], [ 362949.662420322012622, 6874020.892511895857751 ], [ 363030.443570484290831, 6873930.947694363072515 ], [ 363036.689293526345864, 6873928.792430537752807 ], [ 363049.082563082745764, 6873929.589205386117101 ], [ 363050.539351127052214, 6873930.891433727927506 ], [ 363066.585293471231125, 6873945.925376178696752 ], [ 363094.55732929793885, 6873974.194844120182097 ], [ 363116.299633034621365, 6873993.882029913365841 ], [ 363205.279797926545143, 6874071.888900948688388 ], [ 363327.341356190212537, 6874179.452743109315634 ], [ 363359.030539899133146, 6874204.561841761693358 ], [ 363486.712011775525752, 6874316.000494975596666 ], [ 363533.918937823735178, 6874357.864966518245637 ], [ 363555.492309615481645, 6874377.006344641558826 ], [ 363599.925540729425848, 6874415.215101020410657 ], [ 363654.616028306947555, 6874465.985640218481421 ], [ 363759.164504148240667, 6874552.665975745767355 ], [ 363858.279873764258809, 6874641.776276120916009 ], [ 363954.98562086338643, 6874723.788270467892289 ], [ 363962.682752398424782, 6874730.292449783533812 ], [ 363971.019956610747613, 6874737.457744901999831 ], [ 364062.336907591903582, 6874818.886230256408453 ], [ 364163.062712990329601, 6874906.571610596962273 ], [ 364228.736796659533866, 6874963.493010757490993 ], [ 364251.201373166637495, 6874983.839949697256088 ], [ 364262.676670772663783, 6874993.789015521295369 ], [ 364293.793881886289455, 6875020.362636409699917 ], [ 364342.77222165488638, 6875061.412721578963101 ], [ 364365.432652357965708, 6875081.828146519139409 ], [ 364374.417225728218909, 6875089.920258559286594 ], [ 364454.703963888809085, 6875162.398858088068664 ], [ 364465.518347441684455, 6875171.819351725280285 ], [ 364472.642211027501617, 6875177.873380089178681 ], [ 364529.419542776944581, 6875226.125703892670572 ], [ 364554.892635731725022, 6875247.780655763112009 ], [ 364635.297323093865998, 6875316.125993743538857 ], [ 364663.42570891440846, 6875339.894204396754503 ], [ 364673.369593762385193, 6875348.229701844975352 ], [ 364714.132173766207416, 6875383.666094125248492 ], [ 364826.720339542254806, 6875484.423140712082386 ], [ 364831.483457037713379, 6875488.411141226999462 ], [ 364768.709842280833982, 6875563.23660896718502 ], [ 364720.161800221540034, 6875619.374810812063515 ], [ 364672.6745337616303, 6875675.391944775357842 ], [ 364624.122689000272658, 6875731.784614745527506 ], [ 364605.350303512066603, 6875791.98494650516659 ], [ 364580.623950907902326, 6875876.883691698312759 ], [ 364580.998527963820379, 6875883.625283733010292 ], [ 364582.986448352807201, 6875888.302015360444784 ], [ 364587.540025586495176, 6875893.462317653000355 ], [ 364601.193902456201613, 6875890.603879750706255 ], [ 364612.515735445311293, 6875890.012641483917832 ], [ 364623.860799928545021, 6875893.410860339179635 ], [ 364631.641808736196253, 6875897.821162996813655 ], [ 364639.267615242744796, 6875904.656456862576306 ], [ 364645.510680261533707, 6875910.545177021995187 ], [ 364648.758399343467318, 6875914.903815996833146 ], [ 364648.748601994477212, 6875920.931832655332983 ], [ 364646.703226723591797, 6875927.324496303685009 ], [ 364635.26281651383033, 6875938.319588042795658 ], [ 364591.666135404433589, 6875947.319271532818675 ], [ 364573.189321661018766, 6875957.447344528511167 ], [ 364567.28799859888386, 6875961.180895500816405 ], [ 364562.03071341838222, 6875966.096384919248521 ], [ 364557.266030275379308, 6875974.286419162526727 ], [ 364554.699695928604342, 6875979.886370515450835 ], [ 364551.64296131755691, 6875986.435745586641133 ] ] ] } },
{ "type": "Feature", "properties": { "fid": 32, "FID_2": null, "FID_3": 2, "FID_4": null, "start": null, "end": "-52.3985422765, -28.2155083266", "cost": null, "layer": "CORREDORES VERDES", "path": "C:/Users/Usuario/Desktop/WebGIS Diagnósticos SEPLAN/ÁREAS VERDES/CORREDORES VERDES.shx|layername=CORREDORES VERDES" }, "geometry": { "type": "MultiLineString", "coordinates": [ ] } },
{ "type": "Feature", "properties": { "fid": 33, "FID_2": null, "FID_3": 4, "FID_4": null, "start": "-52.4128092044, -28.259023261", "end": "-52.4161331112, -28.2586607902", "cost": 572.12329080543964, "layer": "CORREDORES VERDES", "path": "C:/Users/Usuario/Desktop/WebGIS Diagnósticos SEPLAN/ÁREAS VERDES/CORREDORES VERDES.shx|layername=CORREDORES VERDES" }, "geometry": { "type": "MultiLineString", "coordinates": [ [ [ 361407.150321654276922, 6873289.508762224577367 ], [ 361373.10007022076752, 6873353.59908689931035 ], [ 361255.268965273862705, 6873288.349469730630517 ], [ 361202.4664734218386, 6873368.570318992249668 ], [ 361194.007221517036669, 6873382.965759057551622 ], [ 361191.246298251673579, 6873387.487892854958773 ], [ 361164.674493882048409, 6873431.043642221018672 ], [ 361159.78515708289342, 6873439.058065250515938 ], [ 361141.258478346280754, 6873469.42578349635005 ], [ 361060.757897803327069, 6873424.557325515896082 ], [ 361081.308352206367999, 6873392.307423185557127 ], [ 361063.935586174717173, 6873381.714711898937821 ] ] ] } },
{ "type": "Feature", "properties": { "fid": 34, "FID_2": null, "FID_3": 5, "FID_4": null, "start": "-52.4128092044, -28.259023261", "end": "-52.4209857552, -28.2764243772", "cost": 3378.1017244321115, "layer": "CORREDORES VERDES", "path": "C:/Users/Usuario/Desktop/WebGIS Diagnósticos SEPLAN/ÁREAS VERDES/CORREDORES VERDES.shx|layername=CORREDORES VERDES" }, "geometry": { "type": "MultiLineString", "coordinates": [ [ [ 361407.150321654276922, 6873289.508762224577367 ], [ 361413.981210657511838, 6873276.651384024880826 ], [ 361462.68648437684169, 6873185.001344351097941 ], [ 361482.574903836473823, 6873147.978123173117638 ], [ 361473.897779288003221, 6873143.255933562293649 ], [ 361464.606501080270391, 6873138.194128511473536 ], [ 361398.759269812959246, 6873100.579898858442903 ], [ 361372.297659881063737, 6873085.466176722198725 ], [ 361315.770771243143827, 6873057.179987327195704 ], [ 361264.179589828185271, 6873027.189286891371012 ], [ 361220.075860279903281, 6873004.654996337369084 ], [ 361167.295004368526861, 6872972.400425232946873 ], [ 361083.791224814543966, 6872924.549150437116623 ], [ 361078.06055913149612, 6872921.268475541844964 ], [ 361049.609733537770808, 6872906.008805819787085 ], [ 361027.176102546509355, 6872893.024721757508814 ], [ 360945.530811942648143, 6872845.748244031332433 ], [ 360835.70341142185498, 6872783.823578618466854 ], [ 360895.408245389699005, 6872675.571842782199383 ], [ 360785.550055041210726, 6872610.576706897467375 ], [ 360730.655761525267735, 6872581.420169921591878 ], [ 360663.651976187131368, 6872545.826948083937168 ], [ 360552.392189483740367, 6872485.090462190099061 ], [ 360452.823352937295567, 6872428.934013590216637 ], [ 360401.477695435401984, 6872400.161122139543295 ], [ 360345.122374781989492, 6872368.591924915090203 ], [ 360236.487473386223428, 6872305.168250834569335 ], [ 360276.939890713605564, 6872220.849982335232198 ], [ 360287.090420822612941, 6872201.167092161253095 ], [ 360290.880413209437393, 6872192.579326825216413 ], [ 360355.82297647872474, 6872050.471679356880486 ], [ 360373.204759706393816, 6872003.1925517488271 ], [ 360381.957444002560806, 6871978.883283544331789 ], [ 360353.915271661418956, 6871949.176445160992444 ], [ 360329.372857452486642, 6871918.036916034296155 ], [ 360298.87918492697645, 6871878.261326001957059 ], [ 360284.881037314014975, 6871859.812163285911083 ], [ 360259.37712219520472, 6871826.212153480388224 ], [ 360239.95626407378586, 6871790.910732842050493 ], [ 360224.495402775239199, 6871756.741915088146925 ], [ 360217.59141694707796, 6871717.399171008728445 ], [ 360214.506320821586996, 6871677.835472249425948 ], [ 360211.748594886099454, 6871622.983299147337675 ], [ 360210.447965355531778, 6871595.995847590267658 ], [ 360206.758679928025231, 6871415.436364168301225 ], [ 360205.009514019708149, 6871339.120295511558652 ], [ 360201.904552823863924, 6871294.602944197133183 ], [ 360227.234638569992967, 6871287.89806392788887 ], [ 360240.979376275907271, 6871282.829629506915808 ], [ 360256.312745015718974, 6871272.815432045608759 ], [ 360309.681589291954879, 6871231.811373862437904 ], [ 360362.644920050457586, 6871196.054899962618947 ], [ 360382.557452468434349, 6871188.698596324771643 ], [ 360536.679369962366764, 6871149.677202831953764 ], [ 360603.296357017708942, 6871244.995759153738618 ], [ 360611.197832735721022, 6871256.302994405850768 ] ] ] } },
{ "type": "Feature", "properties": { "fid": 35, "FID_2": null, "FID_3": null, "FID_4": null, "start": "-52.4128092044, -28.259023261", "end": "-52.380572329, -28.2350827369", "cost": 5201.2158261938948, "layer": "CORREDORES VERDES", "path": "C:/Users/Usuario/Desktop/WebGIS Diagnósticos SEPLAN/ÁREAS VERDES/CORREDORES VERDES.shx|layername=CORREDORES VERDES" }, "geometry": { "type": "MultiLineString", "coordinates": [ [ [ 361407.150321654276922, 6873289.508762224577367 ], [ 361413.981210657511838, 6873276.651384024880826 ], [ 361462.68648437684169, 6873185.001344351097941 ], [ 361482.574903836473823, 6873147.978123173117638 ], [ 361527.282113550696522, 6873174.374718206003308 ], [ 361626.83682327659335, 6873235.208736547268927 ], [ 361738.687532907933928, 6873297.636763775721192 ], [ 361758.051520450855605, 6873308.943629646673799 ], [ 361818.892021228850354, 6873344.45848854444921 ], [ 361850.593887761933729, 6873362.967617362737656 ], [ 361976.235931141418405, 6873431.836880745366216 ], [ 362096.677121629181784, 6873500.034837014973164 ], [ 362192.943447908619419, 6873557.235252288170159 ], [ 362229.706631137174554, 6873588.656338975764811 ], [ 362262.036801844835281, 6873619.92612820956856 ], [ 362285.50570456427522, 6873639.46876525413245 ], [ 362376.107251170091331, 6873714.897017363458872 ], [ 362480.914611982763745, 6873805.836631673388183 ], [ 362488.287761500629131, 6873812.238361722789705 ], [ 362573.821089187753387, 6873712.899260576814413 ], [ 362582.40410970360972, 6873702.936852360144258 ], [ 362699.950235747382976, 6873802.233124427497387 ], [ 362821.005623537232168, 6873907.940382565371692 ], [ 362893.801016387762502, 6873973.384957962669432 ], [ 362921.642193581559695, 6873997.664095697924495 ], [ 362949.662420322012622, 6874020.892511895857751 ], [ 363030.443570484290831, 6873930.947694363072515 ], [ 363036.689293526345864, 6873928.792430537752807 ], [ 363049.082563082745764, 6873929.589205386117101 ], [ 363050.539351127052214, 6873930.891433727927506 ], [ 363066.585293471231125, 6873945.925376178696752 ], [ 363094.55732929793885, 6873974.194844120182097 ], [ 363116.299633034621365, 6873993.882029913365841 ], [ 363205.279797926545143, 6874071.888900948688388 ], [ 363327.341356190212537, 6874179.452743109315634 ], [ 363359.030539899133146, 6874204.561841761693358 ], [ 363486.712011775525752, 6874316.000494975596666 ], [ 363533.918937823735178, 6874357.864966518245637 ], [ 363555.492309615481645, 6874377.006344641558826 ], [ 363599.925540729425848, 6874415.215101020410657 ], [ 363654.616028306947555, 6874465.985640218481421 ], [ 363759.164504148240667, 6874552.665975745767355 ], [ 363858.279873764258809, 6874641.776276120916009 ], [ 363954.98562086338643, 6874723.788270467892289 ], [ 363962.682752398424782, 6874730.292449783533812 ], [ 363971.019956610747613, 6874737.457744901999831 ], [ 364062.336907591903582, 6874818.886230256408453 ], [ 364163.062712990329601, 6874906.571610596962273 ], [ 364228.736796659533866, 6874963.493010757490993 ], [ 364251.201373166637495, 6874983.839949697256088 ], [ 364262.676670772663783, 6874993.789015521295369 ], [ 364293.793881886289455, 6875020.362636409699917 ], [ 364342.77222165488638, 6875061.412721578963101 ], [ 364365.432652357965708, 6875081.828146519139409 ], [ 364374.417225728218909, 6875089.920258559286594 ], [ 364454.703963888809085, 6875162.398858088068664 ], [ 364465.518347441684455, 6875171.819351725280285 ], [ 364472.642211027501617, 6875177.873380089178681 ], [ 364529.419542776944581, 6875226.125703892670572 ], [ 364554.892635731725022, 6875247.780655763112009 ], [ 364635.297323093865998, 6875316.125993743538857 ], [ 364663.42570891440846, 6875339.894204396754503 ], [ 364673.369593762385193, 6875348.229701844975352 ], [ 364714.132173766207416, 6875383.666094125248492 ], [ 364826.720339542254806, 6875484.423140712082386 ], [ 364831.483457037713379, 6875488.411141226999462 ], [ 364768.709842280833982, 6875563.23660896718502 ], [ 364720.161800221540034, 6875619.374810812063515 ], [ 364672.6745337616303, 6875675.391944775357842 ], [ 364624.122689000272658, 6875731.784614745527506 ], [ 364605.350303512066603, 6875791.98494650516659 ], [ 364580.623950907902326, 6875876.883691698312759 ], [ 364580.998527963820379, 6875883.625283733010292 ], [ 364582.986448352807201, 6875888.302015360444784 ], [ 364587.540025586495176, 6875893.462317653000355 ], [ 364601.193902456201613, 6875890.603879750706255 ], [ 364612.515735445311293, 6875890.012641483917832 ], [ 364623.860799928545021, 6875893.410860339179635 ], [ 364631.641808736196253, 6875897.821162996813655 ], [ 364639.267615242744796, 6875904.656456862576306 ], [ 364645.510680261533707, 6875910.545177021995187 ], [ 364648.758399343467318, 6875914.903815996833146 ], [ 364648.748601994477212, 6875920.931832655332983 ], [ 364646.703226723591797, 6875927.324496303685009 ], [ 364635.26281651383033, 6875938.319588042795658 ], [ 364591.666135404433589, 6875947.319271532818675 ], [ 364573.189321661018766, 6875957.447344528511167 ], [ 364567.28799859888386, 6875961.180895500816405 ], [ 364562.03071341838222, 6875966.096384919248521 ], [ 364557.266030275379308, 6875974.286419162526727 ], [ 364554.699695928604342, 6875979.886370515450835 ], [ 364551.64296131755691, 6875986.435745586641133 ] ] ] } },
{ "type": "Feature", "properties": { "fid": 36, "FID_2": null, "FID_3": null, "FID_4": null, "start": null, "end": "-52.3985422765, -28.2155083266", "cost": null, "layer": "CORREDORES VERDES", "path": "C:/Users/Usuario/Desktop/WebGIS Diagnósticos SEPLAN/ÁREAS VERDES/CORREDORES VERDES.shx|layername=CORREDORES VERDES" }, "geometry": { "type": "MultiLineString", "coordinates": [ ] } },
{ "type": "Feature", "properties": { "fid": 37, "FID_2": null, "FID_3": null, "FID_4": null, "start": "-52.4128092044, -28.259023261", "end": "-52.4161331112, -28.2586607902", "cost": 572.12329080543964, "layer": "CORREDORES VERDES", "path": "C:/Users/Usuario/Desktop/WebGIS Diagnósticos SEPLAN/ÁREAS VERDES/CORREDORES VERDES.shx|layername=CORREDORES VERDES" }, "geometry": { "type": "MultiLineString", "coordinates": [ [ [ 361407.150321654276922, 6873289.508762224577367 ], [ 361373.10007022076752, 6873353.59908689931035 ], [ 361255.268965273862705, 6873288.349469730630517 ], [ 361202.4664734218386, 6873368.570318992249668 ], [ 361194.007221517036669, 6873382.965759057551622 ], [ 361191.246298251673579, 6873387.487892854958773 ], [ 361164.674493882048409, 6873431.043642221018672 ], [ 361159.78515708289342, 6873439.058065250515938 ], [ 361141.258478346280754, 6873469.42578349635005 ], [ 361060.757897803327069, 6873424.557325515896082 ], [ 361081.308352206367999, 6873392.307423185557127 ], [ 361063.935586174717173, 6873381.714711898937821 ] ] ] } },
{ "type": "Feature", "properties": { "fid": 38, "FID_2": null, "FID_3": null, "FID_4": null, "start": "-52.4128092044, -28.259023261", "end": "-52.4209857552, -28.2764243772", "cost": 3378.1017244321115, "layer": "CORREDORES VERDES", "path": "C:/Users/Usuario/Desktop/WebGIS Diagnósticos SEPLAN/ÁREAS VERDES/CORREDORES VERDES.shx|layername=CORREDORES VERDES" }, "geometry": { "type": "MultiLineString", "coordinates": [ [ [ 361407.150321654276922, 6873289.508762224577367 ], [ 361413.981210657511838, 6873276.651384024880826 ], [ 361462.68648437684169, 6873185.001344351097941 ], [ 361482.574903836473823, 6873147.978123173117638 ], [ 361473.897779288003221, 6873143.255933562293649 ], [ 361464.606501080270391, 6873138.194128511473536 ], [ 361398.759269812959246, 6873100.579898858442903 ], [ 361372.297659881063737, 6873085.466176722198725 ], [ 361315.770771243143827, 6873057.179987327195704 ], [ 361264.179589828185271, 6873027.189286891371012 ], [ 361220.075860279903281, 6873004.654996337369084 ], [ 361167.295004368526861, 6872972.400425232946873 ], [ 361083.791224814543966, 6872924.549150437116623 ], [ 361078.06055913149612, 6872921.268475541844964 ], [ 361049.609733537770808, 6872906.008805819787085 ], [ 361027.176102546509355, 6872893.024721757508814 ], [ 360945.530811942648143, 6872845.748244031332433 ], [ 360835.70341142185498, 6872783.823578618466854 ], [ 360895.408245389699005, 6872675.571842782199383 ], [ 360785.550055041210726, 6872610.576706897467375 ], [ 360730.655761525267735, 6872581.420169921591878 ], [ 360663.651976187131368, 6872545.826948083937168 ], [ 360552.392189483740367, 6872485.090462190099061 ], [ 360452.823352937295567, 6872428.934013590216637 ], [ 360401.477695435401984, 6872400.161122139543295 ], [ 360345.122374781989492, 6872368.591924915090203 ], [ 360236.487473386223428, 6872305.168250834569335 ], [ 360276.939890713605564, 6872220.849982335232198 ], [ 360287.090420822612941, 6872201.167092161253095 ], [ 360290.880413209437393, 6872192.579326825216413 ], [ 360355.82297647872474, 6872050.471679356880486 ], [ 360373.204759706393816, 6872003.1925517488271 ], [ 360381.957444002560806, 6871978.883283544331789 ], [ 360353.915271661418956, 6871949.176445160992444 ], [ 360329.372857452486642, 6871918.036916034296155 ], [ 360298.87918492697645, 6871878.261326001957059 ], [ 360284.881037314014975, 6871859.812163285911083 ], [ 360259.37712219520472, 6871826.212153480388224 ], [ 360239.95626407378586, 6871790.910732842050493 ], [ 360224.495402775239199, 6871756.741915088146925 ], [ 360217.59141694707796, 6871717.399171008728445 ], [ 360214.506320821586996, 6871677.835472249425948 ], [ 360211.748594886099454, 6871622.983299147337675 ], [ 360210.447965355531778, 6871595.995847590267658 ], [ 360206.758679928025231, 6871415.436364168301225 ], [ 360205.009514019708149, 6871339.120295511558652 ], [ 360201.904552823863924, 6871294.602944197133183 ], [ 360227.234638569992967, 6871287.89806392788887 ], [ 360240.979376275907271, 6871282.829629506915808 ], [ 360256.312745015718974, 6871272.815432045608759 ], [ 360309.681589291954879, 6871231.811373862437904 ], [ 360362.644920050457586, 6871196.054899962618947 ], [ 360382.557452468434349, 6871188.698596324771643 ], [ 360536.679369962366764, 6871149.677202831953764 ], [ 360603.296357017708942, 6871244.995759153738618 ], [ 360611.197832735721022, 6871256.302994405850768 ] ] ] } },
{ "type": "Feature", "properties": { "fid": 39, "FID_2": null, "FID_3": null, "FID_4": null, "start": "-52.4128092044, -28.259023261", "end": "-52.3671200804, -28.2274378306", "cost": 6443.5812188275859, "layer": "CORREDORES VERDES", "path": "C:/Users/Usuario/Desktop/WebGIS Diagnósticos SEPLAN/ÁREAS VERDES/CORREDORES VERDES.shx|layername=CORREDORES VERDES" }, "geometry": { "type": "MultiLineString", "coordinates": [ [ [ 361407.150321654276922, 6873289.508762224577367 ], [ 361413.981210657511838, 6873276.651384024880826 ], [ 361462.68648437684169, 6873185.001344351097941 ], [ 361482.574903836473823, 6873147.978123173117638 ], [ 361527.282113550696522, 6873174.374718206003308 ], [ 361626.83682327659335, 6873235.208736547268927 ], [ 361738.687532907933928, 6873297.636763775721192 ], [ 361758.051520450855605, 6873308.943629646673799 ], [ 361818.892021228850354, 6873344.45848854444921 ], [ 361850.593887761933729, 6873362.967617362737656 ], [ 361976.235931141418405, 6873431.836880745366216 ], [ 362096.677121629181784, 6873500.034837014973164 ], [ 362192.943447908619419, 6873557.235252288170159 ], [ 362229.706631137174554, 6873588.656338975764811 ], [ 362262.036801844835281, 6873619.92612820956856 ], [ 362285.50570456427522, 6873639.46876525413245 ], [ 362376.107251170091331, 6873714.897017363458872 ], [ 362480.914611982763745, 6873805.836631673388183 ], [ 362488.287761500629131, 6873812.238361722789705 ], [ 362573.821089187753387, 6873712.899260576814413 ], [ 362582.40410970360972, 6873702.936852360144258 ], [ 362648.332700610510074, 6873631.505585674196482 ], [ 362670.607429591182154, 6873605.057512927800417 ], [ 362686.954790016403422, 6873599.894396280869842 ], [ 362793.577020341763273, 6873692.658432901836932 ], [ 362861.549137932131998, 6873753.360185576602817 ], [ 362916.109201130690053, 6873798.747502928599715 ], [ 362920.51756527274847, 6873802.75441163033247 ], [ 362994.510028508491814, 6873866.483536118641496 ], [ 363021.567971684969962, 6873889.756095562130213 ], [ 363056.668995043379255, 6873921.786892700009048 ], [ 363066.108433634275571, 6873930.273187526501715 ], [ 363078.61780342774, 6873941.421133136376739 ], [ 363101.747940419474617, 6873960.725434048101306 ], [ 363114.655173553852364, 6873971.412514735944569 ], [ 363207.91728274198249, 6874049.069826262071729 ], [ 363213.741245161334518, 6874054.566727932542562 ], [ 363294.313698794576339, 6874128.287296807393432 ], [ 363333.799605510605033, 6874161.398233803920448 ], [ 363383.40321395394858, 6874202.094190294854343 ], [ 363468.220676516182721, 6874276.316634917631745 ], [ 363497.463763897307217, 6874302.57180986367166 ], [ 363568.547343115555122, 6874362.950276320800185 ], [ 363614.455178873089608, 6874402.627559896558523 ], [ 363668.511946811689995, 6874449.623152811080217 ], [ 363769.838278508977965, 6874539.180752739310265 ], [ 363870.16662106680451, 6874627.761895932257175 ], [ 363970.530435438617133, 6874712.519507941789925 ], [ 363974.360964046791196, 6874715.632872042246163 ], [ 364074.606087790452875, 6874804.88711129873991 ], [ 364175.072898075683042, 6874892.04861415643245 ], [ 364242.178866156260483, 6874949.894973714835942 ], [ 364262.372093685669824, 6874968.066183349117637 ], [ 364275.268794869189151, 6874979.859873715788126 ], [ 364313.855868721555453, 6875012.247764807194471 ], [ 364357.900604503869545, 6875049.662207792513072 ], [ 364378.369594790798146, 6875066.916614853776991 ], [ 364388.409396920586005, 6875075.408606983721256 ], [ 364468.850115618319251, 6875147.290489813312888 ], [ 364479.213078683358617, 6875155.852572203613818 ], [ 364487.365148668468464, 6875162.095622865483165 ], [ 364570.329273958690464, 6875232.232560236006975 ], [ 364582.39226813649293, 6875242.320963129401207 ], [ 364630.595022644964047, 6875285.289025806821883 ], [ 364648.832887098949868, 6875302.063165004365146 ], [ 364684.402140606951434, 6875333.362635836005211 ], [ 364838.807097892859019, 6875469.180095620453358 ], [ 364843.694112433120608, 6875473.490853638388216 ], [ 364968.018625100317877, 6875578.768104304559529 ], [ 364976.430256955150981, 6875584.670224467292428 ], [ 365054.696437412058003, 6875651.625171072781086 ], [ 365068.88747136486927, 6875664.507482379674911 ], [ 365142.416791994532105, 6875731.286093162372708 ], [ 365160.794313752383459, 6875747.9833829915151 ], [ 365168.343446014623623, 6875755.537729258649051 ], [ 365176.424707225058228, 6875762.034324451349676 ], [ 365179.014141182298772, 6875765.609663696028292 ], [ 365182.839200124260969, 6875777.044440768659115 ], [ 365183.672398230235558, 6875784.910392969846725 ], [ 365189.855934536783025, 6875819.40952749364078 ], [ 365194.690648467396386, 6875845.649016017094254 ], [ 365317.540618541068397, 6876182.899050001986325 ], [ 365344.398704707040451, 6876261.03699067234993 ], [ 365356.145120190863963, 6876281.891728999093175 ], [ 365367.171950571122579, 6876301.29775910358876 ], [ 365378.722927885362878, 6876321.219444895163178 ], [ 365404.686258997884579, 6876388.310310086235404 ], [ 365419.681676043896005, 6876422.133386762812734 ], [ 365427.723612744943239, 6876439.954186976887286 ], [ 365462.827906485821586, 6876511.071106396615505 ], [ 365501.070695543894544, 6876577.203694600611925 ], [ 365541.739737893920392, 6876646.654662073589861 ], [ 365556.478899782407098, 6876656.351142609491944 ], [ 365565.841395538300276, 6876664.180565433576703 ], [ 365596.87070533510996, 6876701.77500668913126 ], [ 365826.238963853451423, 6876908.6572111453861 ], [ 365831.318837025202811, 6876911.617796266451478 ], [ 365835.801623164850753, 6876912.69894153252244 ], [ 365840.997027721372433, 6876912.380836724303663 ], [ 365895.310346438083798, 6876898.422269156202674 ], [ 365884.427831672306638, 6876839.333252836950123 ] ] ] } },
{ "type": "Feature", "properties": { "fid": 40, "FID_2": null, "FID_3": null, "FID_4": null, "start": "-52.4128092044, -28.259023261", "end": "-52.3789863115, -28.2683734086", "cost": 4013.9175132238051, "layer": "CORREDORES VERDES", "path": "C:/Users/Usuario/Desktop/WebGIS Diagnósticos SEPLAN/ÁREAS VERDES/CORREDORES VERDES.shx|layername=CORREDORES VERDES" }, "geometry": { "type": "MultiLineString", "coordinates": [ [ [ 361407.150321654276922, 6873289.508762224577367 ], [ 361413.981210657511838, 6873276.651384024880826 ], [ 361462.68648437684169, 6873185.001344351097941 ], [ 361482.574903836473823, 6873147.978123173117638 ], [ 361527.282113550696522, 6873174.374718206003308 ], [ 361592.365197704406455, 6873058.846692618913949 ], [ 361663.176302250649314, 6872951.784765055403113 ], [ 361667.389364968403243, 6872944.708598475903273 ], [ 361670.220616335398518, 6872940.020966300740838 ], [ 361679.192587486701086, 6872927.016364613547921 ], [ 361701.102840979816392, 6872891.523447023704648 ], [ 361748.092096259235404, 6872808.739592174068093 ], [ 361816.448710151365958, 6872697.370882881805301 ], [ 361882.531614072155207, 6872588.213785259984434 ], [ 361902.313574978790712, 6872569.417451789602637 ], [ 361923.852893633418716, 6872556.4148966409266 ], [ 361956.152366370661184, 6872546.152687283232808 ], [ 361984.840611008927226, 6872540.170092325657606 ], [ 362005.74184545839671, 6872538.152619107626379 ], [ 362022.266909932659473, 6872541.237021416425705 ], [ 362079.486279809963889, 6872543.619896484538913 ], [ 362105.541178463958204, 6872546.416028895415366 ], [ 362116.133699813333806, 6872547.547529101371765 ], [ 362134.530873004288878, 6872549.944326441735029 ], [ 362153.751934873289429, 6872552.361748166382313 ], [ 362241.132074384833686, 6872565.577105181291699 ], [ 362291.380732352961786, 6872573.462980831973255 ], [ 362367.402119575766847, 6872585.647970659658313 ], [ 362492.214932522503659, 6872612.969896946102381 ], [ 362498.67379716708092, 6872614.38558235578239 ], [ 362522.00170830974821, 6872619.697877272032201 ], [ 362537.474035406252369, 6872615.433551425114274 ], [ 362546.430640081991442, 6872612.966459648683667 ], [ 362635.906968682655133, 6872585.85626348759979 ], [ 362702.868394654535223, 6872571.316999847069383 ], [ 362750.984376595937647, 6872560.881075007840991 ], [ 362801.978186573251151, 6872548.461448414251208 ], [ 362838.273212035768665, 6872540.448251871392131 ], [ 362894.101556764042471, 6872528.206020802259445 ], [ 362990.175754186406266, 6872506.47738684527576 ], [ 363018.014808090869337, 6872500.050352617166936 ], [ 363123.820490464335307, 6872474.953500727191567 ], [ 363143.583242667024024, 6872470.383301809430122 ], [ 363159.539073798339814, 6872466.688906706869602 ], [ 363195.415582620189525, 6872446.425045584328473 ], [ 363278.069736206438392, 6872397.235223380848765 ], [ 363410.647715532686561, 6872338.026078874245286 ], [ 363550.810894514550455, 6872286.238532287999988 ], [ 363575.223048812709749, 6872276.579424320720136 ], [ 363681.682698489865288, 6872235.251289923675358 ], [ 363732.078891365730669, 6872211.429426478222013 ], [ 363784.200414936523885, 6872179.161120422184467 ], [ 363825.0461092897458, 6872148.026427669450641 ], [ 363839.201115623349324, 6872153.297343548387289 ], [ 363990.683315560047049, 6872210.008913580328226 ], [ 364125.64548354933504, 6872254.749964233487844 ], [ 364253.825865947117563, 6872304.088092705234885 ], [ 364374.929044688935392, 6872343.5370281226933 ], [ 364393.038274100923445, 6872308.461542406119406 ], [ 364412.54205267096404, 6872270.675999655388296 ], [ 364429.161667906213552, 6872276.650310261175036 ], [ 364495.845650227740407, 6872300.60506437625736 ], [ 364630.990303225640673, 6872351.935598259791732 ], [ 364659.830224986013491, 6872288.603296874091029 ], [ 364719.126906066434458, 6872313.44763657823205 ], [ 364728.014795996423345, 6872289.216046100482345 ] ] ] } },
{ "type": "Feature", "properties": { "fid": 41, "FID_2": null, "FID_3": null, "FID_4": null, "start": "-52.4128092044, -28.259023261", "end": "-52.4405956983, -28.2239419658", "cost": 5425.7905156116949, "layer": "CORREDORES VERDES", "path": "C:/Users/Usuario/Desktop/WebGIS Diagnósticos SEPLAN/ÁREAS VERDES/CORREDORES VERDES.shx|layername=CORREDORES VERDES" }, "geometry": { "type": "MultiLineString", "coordinates": [ [ [ 361407.150321654276922, 6873289.508762224577367 ], [ 361373.10007022076752, 6873353.59908689931035 ], [ 361323.664642036252189, 6873442.126429351046681 ], [ 361261.398031379561871, 6873554.70521499030292 ], [ 361233.494217539206147, 6873544.538809634745121 ], [ 361122.082790744199883, 6873499.907777221873403 ], [ 361085.160302346397657, 6873567.027460909448564 ], [ 361075.149752370954957, 6873584.839882425963879 ], [ 361062.541253003000747, 6873596.593645755201578 ], [ 361040.53995740780374, 6873632.0512087456882 ], [ 361024.679008377250284, 6873657.607436139136553 ], [ 360972.61493500508368, 6873741.53719924390316 ], [ 360903.848760664637666, 6873852.364916453137994 ], [ 360878.716297384700738, 6873892.860776611603796 ], [ 360868.413503396324813, 6873907.932532899081707 ], [ 360856.407683671452105, 6873921.798617377877235 ], [ 360844.010831109248102, 6873935.538212499581277 ], [ 360836.702035812719259, 6873940.450215317308903 ], [ 360802.480541489785537, 6873963.585744364187121 ], [ 360712.590105707116891, 6874022.182219214737415 ], [ 360620.33773754053982, 6874082.966593937948346 ], [ 360534.571497657336295, 6874137.809324234724045 ], [ 360443.719010827480815, 6874199.550772067159414 ], [ 360414.430405594059266, 6874219.452077782712877 ], [ 360406.327177691040561, 6874231.812239679507911 ], [ 360397.142615608405322, 6874246.841368262656033 ], [ 360381.054405352566391, 6874273.180934053845704 ], [ 360351.299131790176034, 6874321.888119254261255 ], [ 360335.370833069900982, 6874347.963559626601636 ], [ 360305.461745043285191, 6874399.705125544220209 ], [ 360212.337529830401763, 6874560.784720757976174 ], [ 360136.847044717520475, 6874685.835363138467073 ], [ 360127.056835831899662, 6874703.073447426781058 ], [ 360114.603071952238679, 6874729.001174407079816 ], [ 360091.048326453659683, 6874775.132391279563308 ], [ 360070.647317614639178, 6874807.604174440726638 ], [ 360059.36516467644833, 6874824.857874182984233 ], [ 360038.976829560357146, 6874852.077195970341563 ], [ 359997.193100815522484, 6874907.84471826441586 ], [ 359976.358402173034847, 6874936.277631772682071 ], [ 359951.09533459728118, 6874970.75303830485791 ], [ 359935.232289440114982, 6874983.664125034585595 ], [ 359922.143272011715453, 6874992.674029622226954 ], [ 359806.006176610477269, 6875062.40164609439671 ], [ 359735.433159598265775, 6875116.953025463037193 ], [ 359699.972307333431672, 6875139.029347578063607 ], [ 359658.699701954028569, 6875157.136253801174462 ], [ 359627.635249195212964, 6875166.731290018185973 ], [ 359611.913389083812945, 6875170.135824734345078 ], [ 359625.637034660903737, 6875302.587450079619884 ], [ 359633.785049615253229, 6875421.088176400400698 ], [ 359643.544224959448911, 6875569.361374260857701 ], [ 359624.60606504464522, 6875570.84411508962512 ], [ 359503.875507574994117, 6875580.265413278713822 ], [ 359493.325712353282142, 6875582.766913387924433 ], [ 359470.433310008200351, 6875606.587011592462659 ], [ 359281.063802798220422, 6875787.631221879273653 ], [ 359191.104097544099204, 6875870.961074894294143 ], [ 359128.103580132359639, 6875929.333369821310043 ], [ 358968.5259213213576, 6876071.786269070580602 ], [ 358745.416646162280813, 6876285.278447765856981 ], [ 358780.685505063564051, 6876333.469589008018374 ], [ 358774.122736887889914, 6876342.301030062139034 ], [ 358772.284608362708241, 6876364.00980119407177 ], [ 358766.842789981630631, 6876368.532817705534399 ], [ 358758.456037711177487, 6876376.411733502522111 ], [ 358751.226412087795325, 6876386.022015862166882 ], [ 358726.199943826009985, 6876410.779528926126659 ], [ 358612.639013847685419, 6876478.332969639450312 ], [ 358570.15293702611234, 6876503.026476907543838 ], [ 358572.650970680871978, 6876518.25989524833858 ], [ 358571.883314668317325, 6876532.457118527963758 ], [ 358571.136188848409802, 6876538.332451712340117 ], [ 358571.347231430001557, 6876565.129797421395779 ], [ 358575.940564902150072, 6876579.135952024720609 ], [ 358589.035763980471529, 6876592.933001775294542 ], [ 358696.727040008292533, 6876664.193079516291618 ], [ 358721.618776760587934, 6876680.534895831719041 ], [ 358748.555548833915964, 6876698.230731293559074 ], [ 358701.562051735119894, 6876809.771441010758281 ], [ 358681.18515100912191, 6876862.730918576940894 ], [ 358666.764052139769774, 6876905.920918917283416 ], [ 358614.390536426799372, 6877048.813110146671534 ], [ 358586.700951763428748, 6877123.074020691215992 ] ] ] } },
{ "type": "Feature", "properties": { "fid": 42, "FID_2": null, "FID_3": null, "FID_4": 0, "start": "-52.4128092044, -28.259023261", "end": "-52.457778277, -28.2365686829", "cost": 5867.1862236661336, "layer": "CORREDORES VERDES", "path": "C:/Users/Usuario/Desktop/WebGIS Diagnósticos SEPLAN/ÁREAS VERDES/CORREDORES VERDES.shx|layername=CORREDORES VERDES" }, "geometry": { "type": "MultiLineString", "coordinates": [ [ [ 361407.150321654276922, 6873289.508762224577367 ], [ 361373.10007022076752, 6873353.59908689931035 ], [ 361323.664642036252189, 6873442.126429351046681 ], [ 361261.398031379561871, 6873554.70521499030292 ], [ 361233.494217539206147, 6873544.538809634745121 ], [ 361122.082790744199883, 6873499.907777221873403 ], [ 361085.160302346397657, 6873567.027460909448564 ], [ 361075.149752370954957, 6873584.839882425963879 ], [ 361062.541253003000747, 6873596.593645755201578 ], [ 361040.53995740780374, 6873632.0512087456882 ], [ 361024.679008377250284, 6873657.607436139136553 ], [ 360972.61493500508368, 6873741.53719924390316 ], [ 360903.848760664637666, 6873852.364916453137994 ], [ 360878.716297384700738, 6873892.860776611603796 ], [ 360868.413503396324813, 6873907.932532899081707 ], [ 360856.407683671452105, 6873921.798617377877235 ], [ 360844.010831109248102, 6873935.538212499581277 ], [ 360836.702035812719259, 6873940.450215317308903 ], [ 360802.480541489785537, 6873963.585744364187121 ], [ 360712.590105707116891, 6874022.182219214737415 ], [ 360620.33773754053982, 6874082.966593937948346 ], [ 360534.571497657336295, 6874137.809324234724045 ], [ 360443.719010827480815, 6874199.550772067159414 ], [ 360414.430405594059266, 6874219.452077782712877 ], [ 360406.327177691040561, 6874231.812239679507911 ], [ 360397.142615608405322, 6874246.841368262656033 ], [ 360381.054405352566391, 6874273.180934053845704 ], [ 360351.299131790176034, 6874321.888119254261255 ], [ 360335.370833069900982, 6874347.963559626601636 ], [ 360305.461745043285191, 6874399.705125544220209 ], [ 360212.337529830401763, 6874560.784720757976174 ], [ 360136.847044717520475, 6874685.835363138467073 ], [ 360127.056835831899662, 6874703.073447426781058 ], [ 360114.603071952238679, 6874729.001174407079816 ], [ 360091.048326453659683, 6874775.132391279563308 ], [ 360070.647317614639178, 6874807.604174440726638 ], [ 360059.36516467644833, 6874824.857874182984233 ], [ 360038.976829560357146, 6874852.077195970341563 ], [ 359997.193100815522484, 6874907.84471826441586 ], [ 359976.358402173034847, 6874936.277631772682071 ], [ 359951.09533459728118, 6874970.75303830485791 ], [ 359935.232289440114982, 6874983.664125034585595 ], [ 359922.143272011715453, 6874992.674029622226954 ], [ 359806.006176610477269, 6875062.40164609439671 ], [ 359735.433159598265775, 6875116.953025463037193 ], [ 359699.972307333431672, 6875139.029347578063607 ], [ 359658.699701954028569, 6875157.136253801174462 ], [ 359627.635249195212964, 6875166.731290018185973 ], [ 359611.913389083812945, 6875170.135824734345078 ], [ 359510.810438088199589, 6875174.004495942033827 ], [ 359483.060090460756328, 6875174.695691568776965 ], [ 359435.587000233121216, 6875184.33987931907177 ], [ 359393.254599332693033, 6875203.22012772411108 ], [ 359387.444275291403756, 6875205.777627188712358 ], [ 359329.674965111596975, 6875254.516524199396372 ], [ 359302.473373872577213, 6875285.078145831823349 ], [ 359291.964283960522152, 6875302.38467195443809 ], [ 359247.646453192573972, 6875376.127028919756413 ], [ 359183.358335540047847, 6875456.425396906211972 ], [ 359132.865447638498154, 6875504.606969309970737 ], [ 359088.628784598316997, 6875527.519417395815253 ], [ 359057.087183023686521, 6875543.290791507810354 ], [ 358986.666092860628851, 6875564.662120705470443 ], [ 358924.83708671212662, 6875588.883279781788588 ], [ 358838.812879745964892, 6875620.063867198303342 ], [ 358803.461912627448328, 6875635.92230481095612 ], [ 358776.931871332926676, 6875653.558806424960494 ], [ 358751.148199260525871, 6875675.271004237234592 ], [ 358734.260791996843182, 6875691.603651105426252 ], [ 358708.060834034811705, 6875730.974579069763422 ], [ 358696.356352481408976, 6875756.267194654792547 ], [ 358685.142873214674182, 6875785.654681503772736 ], [ 358678.37793696828885, 6875809.022468648850918 ], [ 358673.566759103676304, 6875842.220542998984456 ], [ 358672.594880466349423, 6875854.620159422047436 ], [ 358669.624375017068814, 6875892.305936818011105 ], [ 358667.001137633575127, 6875920.598809540271759 ], [ 358661.521611982258037, 6875944.801904867403209 ], [ 358637.701584312133491, 6875998.540363066829741 ], [ 358619.481229378841817, 6876031.168846372514963 ], [ 358591.033433904580306, 6876065.537255608476698 ], [ 358568.612732757814229, 6876083.299829702824354 ], [ 358533.95638645789586, 6876106.612526358105242 ], [ 358478.33835760760121, 6876133.0996168050915 ], [ 358294.574719168478623, 6876186.892628517001867 ], [ 358171.388300291087944, 6876222.955567795783281 ], [ 358132.092884231940843, 6876224.536497527733445 ], [ 358093.554169350129087, 6876223.566524835303426 ], [ 358012.041867650579661, 6876221.528880259022117 ], [ 357995.818447093304712, 6876219.927649854682386 ], [ 357981.053420891577844, 6876217.834083281457424 ], [ 357976.738279647193849, 6876216.751929640769958 ], [ 357962.334987411857583, 6876213.133424799889326 ], [ 357944.45968107850058, 6876220.000758456066251 ], [ 357920.668990862381179, 6876232.393458692356944 ], [ 357742.112631690106355, 6876332.051118267700076 ], [ 357707.487429777975194, 6876350.098208148963749 ], [ 357639.037802748964168, 6876312.775987127795815 ], [ 357584.06381858245004, 6876282.806742013432086 ], [ 357545.329900947166607, 6876264.534503515809774 ], [ 357516.103119690495078, 6876243.240092386491597 ], [ 357494.120310325641185, 6876232.504471371881664 ], [ 357456.426845801295713, 6876214.244405053555965 ], [ 357438.666476821759716, 6876202.506593091413379 ], [ 357429.322730492742267, 6876191.922490837983787 ], [ 357424.304667536984198, 6876170.907222175039351 ], [ 357398.078177262505051, 6876025.602532774209976 ], [ 357376.48116069030948, 6875905.929341953247786 ], [ 357372.966335488599725, 6875886.428077706135809 ], [ 357368.945237497799098, 6875870.677352559752762 ], [ 357359.564181547029875, 6875863.228782672435045 ], [ 357349.047944697551429, 6875862.04976998269558 ] ] ] } },
{ "type": "Feature", "properties": { "fid": 43, "FID_2": null, "FID_3": null, "FID_4": null, "start": null, "end": null, "cost": null, "layer": "CORREDORES VERDES", "path": "C:/Users/Usuario/Desktop/WebGIS Diagnósticos SEPLAN/ÁREAS VERDES/CORREDORES VERDES.shx|layername=CORREDORES VERDES" }, "geometry": { "type": "MultiLineString", "coordinates": [ [ [ 360170.972856747917831, 6874252.218546237796545 ], [ 360336.467984183225781, 6874346.452158100903034 ] ] ] } },
{ "type": "Feature", "properties": { "fid": 44, "FID_2": null, "FID_3": null, "FID_4": null, "start": null, "end": null, "cost": null, "layer": "CORREDORES VERDES", "path": "C:/Users/Usuario/Desktop/WebGIS Diagnósticos SEPLAN/ÁREAS VERDES/CORREDORES VERDES.shx|layername=CORREDORES VERDES" }, "geometry": { "type": "MultiLineString", "coordinates": [ [ [ 365306.454429282690398, 6873693.873684421181679 ], [ 365397.507593821792398, 6873343.688408540561795 ], [ 365348.609273346723057, 6873232.026624110527337 ], [ 365413.092391813348513, 6872971.001384008675814 ], [ 365334.258148447959684, 6872953.629711052402854 ] ] ] } },
{ "type": "Feature", "properties": { "fid": 45, "FID_2": null, "FID_3": null, "FID_4": null, "start": null, "end": null, "cost": null, "layer": "CORREDORES VERDES", "path": "C:/Users/Usuario/Desktop/WebGIS Diagnósticos SEPLAN/ÁREAS VERDES/CORREDORES VERDES.shx|layername=CORREDORES VERDES" }, "geometry": { "type": "MultiLineString", "coordinates": [ [ [ 360757.210674220696092, 6875196.592351058498025 ], [ 360605.102789897762705, 6875170.322357337921858 ], [ 360567.472841381910257, 6875150.103753288276494 ], [ 360445.589040253311396, 6875129.837083151564002 ], [ 360081.836442380212247, 6875149.101159606128931 ], [ 360067.886354994145222, 6874967.178862328641117 ], [ 359998.497476234682836, 6874910.798271127045155 ] ] ] } },
{ "type": "Feature", "properties": { "fid": 46, "FID_2": null, "FID_3": null, "FID_4": null, "start": null, "end": null, "cost": null, "layer": "CORREDOR_VERDE", "path": "C:/Users/Usuario/Desktop/WebGIS Diagnósticos SEPLAN/ÁREAS VERDES/CORREDOR_VERDE.shx|layername=CORREDOR_VERDE" }, "geometry": { "type": "MultiLineString", "coordinates": [ [ [ 365107.624063671100885, 6875714.617820548824966 ], [ 363086.416160428372677, 6873932.354333398863673 ], [ 362327.031166821485385, 6873303.89778696373105 ], [ 360480.94006167317275, 6872315.388010803610086 ], [ 360147.072521380963735, 6872145.181029476225376 ], [ 360063.605636307736859, 6872128.814973579719663 ], [ 359863.939754367514979, 6872140.271212708204985 ], [ 359363.138443928794004, 6872372.669206440448761 ], [ 359057.093198659946211, 6872348.120122595690191 ], [ 358952.350440921320114, 6872317.024616392329335 ], [ 358724.862263956922106, 6872046.984694097191095 ] ] ] } },
{ "type": "Feature", "properties": { "fid": 47, "FID_2": null, "FID_3": null, "FID_4": null, "start": null, "end": null, "cost": null, "layer": "CORREDOR_VERDE", "path": "C:/Users/Usuario/Desktop/WebGIS Diagnósticos SEPLAN/ÁREAS VERDES/CORREDOR_VERDE.shx|layername=CORREDOR_VERDE" }, "geometry": { "type": "MultiLineString", "coordinates": [ [ [ 365107.624063671100885, 6875714.617820548824966 ], [ 363086.416160428372677, 6873932.354333398863673 ], [ 362327.031166821485385, 6873303.89778696373105 ], [ 360480.94006167317275, 6872315.388010803610086 ], [ 360147.072521380963735, 6872145.181029476225376 ], [ 360063.605636307736859, 6872128.814973579719663 ], [ 359863.939754367514979, 6872140.271212708204985 ], [ 359363.138443928794004, 6872372.669206440448761 ], [ 359057.093198659946211, 6872348.120122595690191 ], [ 358952.350440921320114, 6872317.024616392329335 ], [ 358724.862263956922106, 6872046.984694097191095 ] ] ] } }
]
}
