{"type": "FeatureCollection", "name": "Alfabetizacao_Setores_Censitarios_Passo_Fundo_2022", "crs": {"type": "name", "properties": {"name": "urn:ogc:def:crs:OGC:1.3:CRS84"}}, "metadata": {"fonte": "IBGE — Censo Demográfico 2022", "unidade_espacial": "321 setores censitários de Passo Fundo/RS", "territorializacao_adicional": "Agregação territorial segundo bairros/regiões de planejamento da SEPLAN", "universo_estatistico": "População residente de 15 anos ou mais", "total_alfabetizados": 163338, "total_nao_alfabetizados": 4038, "total_universo_15m": 167376, "taxa_municipal_alfabetizacao": 97.59, "taxa_municipal_analfabetismo": 2.41}, "features": [{"type": "Feature", "geometry": {"type": "Polygon", "coordinates": [[[370265.08119593386, 6875650.2581216395], [370325.74441004416, 6875759.16941472], [370365.252870561, 6875775.313285042], [370645.46262315474, 6875695.726944382], [370478.95286389254, 6875557.152680902], [370265.08119593386, 6875650.2581216395]]]}, "properties": {"id": "431410005000179", "CD_SETOR": "431410005000179", "bairro_seplan": "Área Rural", "populacao_universo_15m": 59, "alfabetizados": 54, "nao_alfabetizados": 5, "taxa_alfabetizacao": 91.53, "taxa_analfabetismo": 8.47, "homens_universo_15m": 31, "homens_alfabetizados": 31, "homens_nao_alfabetizados": 0, "taxa_alfabetizacao_homens": 100.0, "mulheres_universo_15m": 26, "mulheres_alfabetizadas": 23, "mulheres_nao_alfabetizadas": 3, "taxa_alfabetizacao_mulheres": 88.46, "classificacao_seplan": "Menor que 92,0%", "fonte": "IBGE — Censo Demográfico 2022 (Agregados por Setores)", "natureza": "Dados estatísticos oficiais agregados por setor censitário"}}, {"type": "Feature", "geometry": {"type": "Polygon", "coordinates": [[[364734.29725776415, 6881471.462185223], [365091.33988535986, 6881407.010817626], [365736.14623614115, 6880795.870708097], [366056.5230740935, 6880717.414845485], [366362.26372961694, 6880806.263926512], [367187.33874765545, 6880568.926800096], [368881.443900529, 6879849.694328488], [369676.28301070625, 6880288.37443646], [370949.01188528305, 6880377.949222866], [372068.26040074066, 6880886.029145632], [372209.88709053025, 6880408.642859748], [372376.06920274894, 6880159.6147479545], [372619.44128623314, 6879983.9786829725], [373045.9512332768, 6879856.167600663], [373368.4790331282, 6879759.480022576], [373544.09310603375, 6879521.285619217], [373585.7966912896, 6878890.973482214], [373736.4395304884, 6878405.4236248955], [373619.9626506695, 6877749.79488894], [373695.72301736317, 6876968.359370695], [373486.0686017127, 6876642.6505199205], [373496.51829879574, 6876503.643558513], [373814.7520147307, 6876652.79378574], [374686.7486942785, 6876844.985176327], [374729.0000797293, 6876848.466734051], [374763.3517699055, 6876842.590395579], [374798.5782089413, 6876828.202162892], [374827.4578401788, 6876807.021030994], [374852.83002528123, 6876777.813755626], [374885.2682216739, 6876728.081921829], [374935.415167643, 6876651.765581453], [374982.4863888288, 6876579.505447172], [375025.73672537075, 6876512.180165272], [375065.7899181279, 6876452.078942288], [375091.0550947889, 6876416.121976546], [375120.6435322792, 6876369.373542538], [375155.6185978066, 6876318.958551694], [375194.98136560747, 6876260.00207003], [375219.7383992765, 6876220.028332654], [375255.87813414633, 6876160.483789029], [375289.8113282252, 6876109.182135526], [375352.5253829564, 6876017.76026758], [375397.0545219046, 6875950.690969432], [375460.8756745093, 6875852.731550379], [375477.59757678467, 6875825.53770053], [375499.65662543033, 6875792.826213134], [375540.44943049183, 6875729.119026648], [375556.89533561165, 6875703.883456064], [375578.0510958451, 6875661.8103288], [375618.65557651967, 6875570.089114707], [375659.9814672868, 6875478.763153642], [375687.7437468087, 6875417.622777689], [375696.3299869973, 6875372.603425328], [375693.93829344766, 6875318.914933525], [375676.5486821635, 6875242.210118367], [375660.1759950025, 6875177.117323449], [375644.5367382524, 6875117.904905254], [375634.08291470504, 6875068.586358717], [375632.9305881672, 6875030.578808095], [375642.04717282957, 6874993.011212956], [375652.1587302449, 6874965.371195196], [375663.6924260645, 6874946.222743029], [375687.3977209928, 6874902.2813650295], [375712.47597127774, 6874864.95837097], [375732.85367448046, 6874831.420037726], [375756.9458448911, 6874787.970133146], [375784.3887528769, 6874738.416569011], [375811.36109257943, 6874688.802624144], [375849.3359195317, 6874623.846194432], [375872.9342356097, 6874591.892609417], [375896.45918869873, 6874565.068545444], [375921.37525971624, 6874544.076304926], [375966.0383534988, 6874513.162627294], [375971.6689226681, 6874494.517351674], [375816.1449026875, 6874545.690924604], [375628.77612103894, 6874610.302237291], [375636.2898544553, 6874547.753172575], [375643.43311051716, 6874518.696991822], [375646.1429336352, 6874447.332817278], [375622.7417119808, 6874352.724958213], [375598.53862263815, 6874233.553913001], [375577.43815394456, 6874167.591319474], [375600.060963552, 6874092.9564715065], [375591.8972143134, 6873986.2750887], [375563.414229883, 6873917.032744246], [375525.33203460166, 6873844.431941792], [375489.8732540799, 6873698.559961328], [375458.3651821551, 6873597.029742285], [375416.01089339936, 6873549.304062584], [375399.2876317529, 6873499.320928479], [375347.580009012, 6873414.609229485], [375301.97628789104, 6873364.377960833], [375287.69094158703, 6873324.282035663], [375282.2626462526, 6873267.602755116], [375245.7772902784, 6873167.604003154], [375226.9649882193, 6873118.618002424], [375211.99792165833, 6873056.6415184755], [375199.7841235456, 6872983.823811625], [375170.705123621, 6872968.913611251], [375117.8836815299, 6872964.324465904], [375050.86860667047, 6873002.368172057], [374982.3410746299, 6873008.859940988], [374943.0632883959, 6872990.761289338], [374894.1728715484, 6872987.38713024], [374860.8418564381, 6872952.419587192], [374809.154994013, 6872908.183202871], [374764.1351294304, 6872906.212251265], [374704.7358744856, 6872903.956335422], [374662.073999759, 6872878.4412316885], [374601.56478167744, 6872841.977999564], [374569.9004767696, 6872877.766444536], [374551.26967148884, 6872915.853347821], [374515.9969021795, 6872916.178477863], [374474.84404305316, 6872872.317898973], [374452.1951312468, 6872828.375940941], [374423.091066912, 6872751.987755191], [374420.0872977007, 6872690.0479865605], [374381.3532554207, 6872636.516985297], [374319.6609802885, 6872603.574431408], [374260.52007374883, 6872588.188290864], [374217.00710712944, 6872541.35421353], [374183.39870069665, 6872528.221777789], [374128.27237524267, 6872538.573747583], [374079.06372446066, 6872506.2055466715], [374026.34785271395, 6872482.642319387], [373939.23399970535, 6872463.998921408], [373909.9908593449, 6872463.865459044], [373867.19394952944, 6872472.574322859], [373800.8861202659, 6872460.566828774], [373750.5023798298, 6872429.026842646], [373720.7397220861, 6872364.341983663], [373690.8110052504, 6872287.643719393], [373674.8693686777, 6872215.79254693], [373634.64272341167, 6872158.253873468], [373623.3276564183, 6872121.799514793], [373638.449388348, 6872048.628110081], [373687.6595098161, 6872013.317027254], [373739.1317404871, 6871988.490068944], [373766.0711279923, 6871949.650622474], [373693.8465436638, 6871917.789167405], [373617.7536297906, 6871892.711790266], [373390.68230645155, 6871867.197893869], [372904.2008916991, 6871857.175082177], [372296.44746623025, 6871693.343992247], [371965.5887324097, 6871597.451456124], [371809.5878549295, 6871584.486065201], [371397.3198482542, 6871412.192053759], [371210.28605758504, 6871376.465451377], [370903.391662915, 6871358.657032939], [370761.5489144925, 6871319.636511833], [370650.5473636043, 6871254.600279578], [370501.8517346567, 6871140.838572662], [370356.1945675911, 6871066.135090062], [370042.6379718559, 6871038.468803952], [369741.2796703407, 6871051.484461243], [369529.12510518945, 6871024.530157331], [369317.7883825342, 6870573.678212734], [369171.27174162405, 6868817.906569957], [369140.55772840534, 6868840.704538413], [369061.857437644, 6868914.764898209], [368936.1511784885, 6869028.42930004], [368814.3113406109, 6869092.957681067], [368572.77656043164, 6869142.3287602], [368400.10423644236, 6869201.092121071], [368357.31723922514, 6869220.961663002], [368251.6397179092, 6869287.7583542345], [368172.5588035523, 6869348.522774102], [368325.0112456493, 6869603.06497553], [367967.1565240094, 6869856.7403855175], [367491.5750855403, 6869996.960858105], [367523.1148002702, 6870035.122019464], [368023.02211387304, 6870459.650728408], [368025.4211314181, 6870486.460313992], [368023.71997812984, 6870565.260825643], [367990.02216969506, 6870651.051843422], [367956.21643010655, 6870748.255050316], [367913.0208722733, 6870803.356427295], [367844.82060950086, 6870842.654452078], [367783.22312861326, 6870866.855778858], [367703.2259089593, 6870922.454674742], [367671.8251621081, 6870963.857688269], [367645.9185089156, 6870984.954978762], [367575.2239246923, 6871019.048846561], [367510.6234870538, 6871066.053348682], [367449.524308976, 6871129.751490863], [367383.3253100895, 6871190.65529269], [367347.32111725264, 6871212.84688533], [367285.8194917615, 6871290.446487475], [367207.9280189662, 6871365.147432873], [367122.91995844047, 6871415.644687094], [367020.4257422579, 6871451.650727814], [366893.9240621709, 6871480.848661126], [366776.2204087954, 6871515.3522172365], [366670.22621612885, 6871536.145998762], [366618.1282839152, 6871535.050480334], [366461.123602448, 6871502.544768047], [366339.32847248187, 6871487.3435641285], [366244.77246786177, 6871495.907036437], [366231.4101086473, 6871576.03897192], [366220.6356053604, 6871627.632983302], [366204.0271553845, 6871702.431506297], [366187.13650713547, 6871759.61894398], [366166.50565978105, 6871824.84228927], [366137.261609059, 6871884.815689996], [366118.2087622874, 6871941.435669668], [366118.41763871006, 6871968.996744884], [366131.5260133675, 6872057.505434766], [366155.05083199556, 6872181.01493419], [366162.8286161103, 6872213.359775327], [366169.408581802, 6872249.27029125], [366186.66252122633, 6872319.0985562885], [366199.7809217678, 6872356.357115581], [366210.9523853527, 6872381.8366542645], [366216.14338318387, 6872393.042775781], [366221.0797820481, 6872403.337373551], [366226.0656717462, 6872412.723876784], [366233.13092867075, 6872425.635448609], [366237.7941853075, 6872434.054252699], [366244.5319355858, 6872444.690499075], [366252.6015438469, 6872457.280946696], [366261.7712705395, 6872470.626221926], [366269.69076457707, 6872481.741178099], [366317.75410971453, 6872540.890718514], [366388.81586330786, 6872628.666623097], [366406.6952232564, 6872650.963630015], [366586.0861242127, 6872867.389797203], [366462.7581086048, 6873208.607267214], [366452.6824734274, 6873295.746262826], [366305.0680284791, 6873396.107785195], [366299.1477943061, 6873414.745954586], [366285.3970770864, 6873423.012663619], [366267.67257312057, 6873437.384582058], [366262.4205534513, 6873483.788368385], [366300.2518378231, 6873524.904300415], [366346.1783183251, 6873546.819105379], [366400.50674309686, 6873578.923153633], [366421.763716346, 6873619.453169086], [366432.9000644502, 6873665.653573799], [367044.21885565063, 6874028.062987932], [366909.8477206603, 6875627.333725864], [366974.5728452353, 6875631.128188384], [366934.86659101944, 6875944.043411608], [366695.77706052363, 6877419.270569125], [366666.4726807162, 6877405.9217175245], [366646.5534058892, 6877431.749695781], [366596.80852130917, 6877489.787857775], [366570.63566607947, 6877489.494098071], [366557.7636137279, 6877469.813792262], [366558.0559096616, 6877443.776712263], [366545.33009559836, 6877411.077847892], [366542.4276735665, 6877378.489263823], [366539.3327109659, 6877362.176514579], [366519.7423100072, 6877358.698718981], [366460.9514150531, 6877348.275994858], [366402.23383396096, 6877331.338162675], [366385.9845070819, 6877321.3931388315], [366327.3868629979, 6877294.682814909], [366237.8064532252, 6877233.793189536], [366182.8100205694, 6877215.93205549], [366128.42564665584, 6877231.752798297], [366109.3549238172, 6877270.1664522905], [366076.2834359616, 6877334.274379376], [366037.88042982214, 6877350.640467102], [365980.37379893835, 6877407.403041825], [365936.0910325309, 6877437.720031509], [365968.5895555725, 6877524.618301965], [365906.9236495822, 6877619.363775918], [365714.69064601266, 6877781.56995317], [365561.5427183346, 6877850.369916686], [365295.4147113289, 6877903.992779817], [364648.5248038138, 6877093.377127121], [364426.98414313374, 6876932.092999637], [364354.2647717048, 6877043.359791235], [364240.60016946617, 6877218.816896582], [364111.7241338166, 6877461.6718303375], [363951.21408606763, 6877780.401700539], [363877.45991768094, 6877943.513762601], [363835.10999492614, 6878034.071330173], [363820.05423467245, 6878072.538776176], [363812.37460133596, 6878098.591187345], [363809.8977389253, 6878119.450736836], [363810.64361619647, 6878132.313384901], [363812.93862046045, 6878142.755929119], [363816.56976083, 6878153.091883927], [363825.0752092139, 6878169.777741252], [363833.7130455533, 6878185.190777921], [363868.59544568125, 6878241.095536077], [363850.09676227043, 6878243.343740454], [363820.5236772922, 6878242.3734538965], [363789.1809828039, 6878233.936306513], [363769.9063557901, 6878225.947619205], [363740.5919733596, 6878205.831908748], [363719.27509773907, 6878184.20102475], [363703.87549247686, 6878161.851169617], [363696.02500905015, 6878146.269756764], [363690.64204772527, 6878132.068524063], [363687.4309948776, 6878118.490569513], [363676.6820599446, 6878025.263661986], [363671.5158918725, 6877998.155380022], [363662.0992966652, 6877972.793496471], [363650.6683791415, 6877949.33661888], [363632.8022593062, 6877924.708883978], [363615.5760967181, 6877905.906056102], [363594.7698043734, 6877887.749154572], [363577.6809895921, 6877876.660314054], [363557.93766173505, 6877868.52180933], [363536.68060852285, 6877861.42968479], [363509.7136531001, 6877855.823328193], [363376.08527266013, 6877835.583439564], [363353.21188230766, 6877829.935115019], [363331.6247537109, 6877820.83313152], [363313.86613301164, 6877813.392974025], [363298.43075530144, 6877803.652461091], [363267.61831079295, 6877779.107953327], [363220.46167644346, 6877723.170778075], [363089.1041854606, 6877591.133638732], [363039.59993092204, 6877578.9392336905], [362968.4476036775, 6877571.514859379], [362912.18236289953, 6877571.963163767], [362891.0893005428, 6877569.448253222], [362860.85677685123, 6877560.267812337], [362832.99369451636, 6877549.04245264], [362813.8915985315, 6877536.455419731], [362784.51579591737, 6877511.737764457], [362760.3422051846, 6877482.758430199], [362746.02063482115, 6877457.383375935], [362735.0239541839, 6877431.3707435], [362730.5993981294, 6877414.199214953], [362662.9307611636, 6876925.313130376], [362700.86295565753, 6876854.898244762], [362752.92602241476, 6876716.630079417], [362781.66746259684, 6876632.911119085], [362776.52458673355, 6876592.981584236], [362777.7714208913, 6876560.649966666], [362791.5745465345, 6876498.233833378], [362801.48038507975, 6876471.598201046], [362782.7170403159, 6876468.079340615], [362768.6175947011, 6876465.223780982], [362746.4483886274, 6876460.0365903955], [362707.1601573798, 6876448.3242034], [362604.74969488225, 6876417.730944531], [362482.8880636558, 6876381.20484685], [362445.1864583579, 6876367.271523347], [362415.9144440081, 6876354.255697519], [362388.6937476155, 6876341.230310262], [362368.91283804143, 6876331.537835356], [362325.72601243947, 6876301.461722941], [362257.20754575846, 6876255.456185756], [362146.64016952727, 6876182.921521498], [362036.5975561248, 6876107.566129398], [361990.0653010572, 6876079.222852802], [361945.0904340171, 6876057.069732738], [361918.61850694707, 6876045.581115123], [361889.1276080484, 6876034.622484151], [361835.98678743956, 6876020.164118327], [361703.3366209224, 6875996.225490443], [361181.94210983475, 6875915.057794569], [361181.5568009239, 6875920.316902541], [361180.1987887371, 6875924.833279514], [361177.8676566179, 6875929.482341858], [361132.23423328355, 6875999.09355611], [361125.63962197356, 6876015.017848054], [361119.9350152968, 6876026.165425256], [361115.69254389196, 6876042.360996679], [361115.4279710406, 6876049.882097127], [361116.9437257704, 6876061.25813443], [361118.1432362133, 6876066.945774844], [361120.6741844098, 6876072.072752135], [361129.1005184186, 6876082.476844136], [361134.67250901146, 6876086.87475488], [361143.5456583861, 6876091.798822101], [361189.62672724226, 6876105.690250626], [361279.01715313084, 6876096.871977618], [361363.0987904557, 6876087.991092082], [361390.2015903929, 6876089.116258288], [361415.3142642182, 6876099.315871846], [361425.13342949806, 6876114.8555327095], [361419.18757459347, 6876130.721047027], [361432.41559967236, 6876150.178904557], [361465.1522203445, 6876162.207077346], [361475.17979069834, 6876195.235358082], [361451.565636273, 6876232.403615588], [361444.1534630938, 6876289.008941696], [361445.45337595476, 6876307.984147006], [361488.47395888413, 6876363.094206387], [361506.03772559704, 6876379.4000135735], [361528.9556120322, 6876407.88000665], [361534.25856721454, 6876430.337031266], [361415.0430632286, 6876432.20508856], [361362.9484658977, 6876433.104438376], [361268.84594646713, 6876447.708282836], [361215.247190002, 6876471.505504819], [361212.1488820454, 6876535.1090764105], [361213.0475161745, 6876575.810009257], [361203.8490591671, 6876611.306703951], [361189.4467962867, 6876636.902436165], [361147.8516653478, 6876623.606525347], [361103.451372391, 6876606.809235778], [361026.2471976483, 6876569.404830709], [360972.1513752736, 6876510.606373228], [360938.0475828925, 6876486.205237055], [360887.55072076607, 6876457.899853143], [360859.850813978, 6876422.2040396], [360808.44354367704, 6876344.309912918], [360768.0460809408, 6876311.002715608], [360706.14824807417, 6876277.509815344], [360665.7457733527, 6876245.509775809], [360649.74814159155, 6876192.009995529], [360646.3454678864, 6876142.4033990465], [360647.14371127693, 6876048.410023417], [360622.24649580906, 6875994.805780433], [360569.14289518027, 6875961.404133699], [360507.14391817874, 6875929.205383766], [360470.9470805799, 6875915.283265767], [360417.3599785089, 6875878.827854057], [360411.4824303376, 6875898.793825887], [360406.60683981667, 6875906.14994192], [360393.9731925335, 6875910.600234676], [360383.2711835171, 6875908.513071969], [360365.3872384499, 6875897.088580021], [360348.3696386018, 6875872.077456137], [360335.7178143774, 6875866.388058618], [360314.6058651377, 6875869.098551964], [360307.14972983656, 6875872.235545019], [360299.33583059255, 6875874.082892335], [360289.7448076963, 6875881.006746619], [360287.0612094875, 6875884.720675658], [360288.1124433828, 6875895.470846454], [360290.608482428, 6875901.029783582], [360305.9809988183, 6875919.882593856], [360324.656093388, 6875931.626754815], [360326.8382020879, 6875935.508711557], [360327.5770843375, 6875946.95332725], [360324.9313376617, 6875959.133842898], [360322.3482475194, 6875963.48059712], [360319.9614879923, 6875971.996237842], [360320.7746633312, 6875977.956470717], [360322.7103816585, 6875981.093081884], [360332.65475372627, 6875992.535108982], [360337.36982234666, 6875996.33602714], [360348.72961472796, 6876003.417555263], [360361.8111795208, 6876010.131462682], [360367.2420232261, 6876015.658386089], [360369.39447234763, 6876022.06652609], [360368.6753424263, 6876025.637341496], [360365.60206268914, 6876030.776198687], [360361.2708925832, 6876032.719930766], [360353.5705236518, 6876033.249975296], [360338.4682865161, 6876035.632236145], [360331.0061951943, 6876039.267838194], [360313.50509866886, 6876049.52285146], [360296.1651833895, 6876060.256232751], [360273.73402124026, 6876075.805498046], [360267.82826212, 6876081.454005047], [360247.85919931997, 6876099.60305013], [360227.5172626325, 6876125.249737132], [360214.36168880016, 6876142.337509558], [360203.97564805625, 6876150.914151712], [360191.0480883521, 6876152.789918282], [360186.3461043122, 6876149.543164206], [360183.03761858377, 6876142.135145509], [360179.60764954565, 6876110.025409615], [360177.73345644376, 6876097.4925300535], [360173.32652953954, 6876080.851911772], [360164.77744409995, 6876069.271032557], [360160.8232490116, 6876066.697947305], [360155.0617997198, 6876066.752026463], [360144.78396152804, 6876067.805664921], [360125.3400753405, 6876061.3379708715], [360040.08693341253, 6875976.281993615], [360030.5978792846, 6875969.53247752], [360010.78748955386, 6875963.370543065], [360002.49938887684, 6875962.142581254], [359954.25707415317, 6875973.552923756], [359943.9941440757, 6875985.0008624], [359944.171894195, 6876002.389587088], [359947.44946592813, 6876024.05900857], [359900.2927002086, 6876079.873814061], [359848.64466959634, 6876102.070071912], [359828.77765279624, 6876099.863215408], [359816.45943808614, 6876109.148105252], [359826.09888341295, 6876121.451321267], [359833.03831250436, 6876147.995450411], [359813.94609670737, 6876166.619567218], [359776.9636210975, 6876164.3768910635], [359733.153552806, 6876195.962432064], [359732.2168217206, 6876217.116754574], [359716.0428347812, 6876262.858001195], [359664.08278911596, 6876334.638884015], [359596.77409104037, 6876401.307009002], [359546.0933271098, 6876480.1613727175], [359503.37217397225, 6876520.768162554], [359419.0796463551, 6876557.813536497], [359421.4449699673, 6876589.334747881], [359395.37122453074, 6876604.817202709], [359372.6215169083, 6876617.2361597195], [359323.9088034242, 6876617.523931216], [359291.702231291, 6876635.3714655815], [359288.9068192858, 6876650.974173439], [359324.1871910903, 6876718.36764447], [359338.14755047654, 6876776.898433473], [359366.52744101756, 6876857.684989557], [359378.2053020897, 6876879.387499528], [359408.7518954802, 6876979.503274598], [359394.3511631171, 6877035.293759611], [359382.4503870177, 6877079.7000119], [359404.75622684916, 6877144.701166943], [359439.75744780607, 6877210.993781507], [359456.94880610437, 6877281.0982230175], [359438.75359751156, 6877324.100328848], [359390.2579199156, 6877353.091790876], [359391.0506651226, 6877403.898079109], [359416.05526410986, 6877454.891004346], [359423.25355753186, 6877499.390175153], [359386.6897476844, 6877529.442505965], [359319.4636354234, 6877547.817841481], [359265.6559574812, 6877600.914416973], [359260.6715608402, 6877613.200034454], [359238.9501539295, 6877668.748550342], [359182.9181766495, 6877694.103983231], [359149.54397235496, 6877687.636024128], [359141.307897329, 6877698.486820671], [359131.60623772105, 6877729.477236049], [359149.1019881027, 6877772.990480863], [358364.38067151536, 6877543.446737052], [358177.4378672326, 6877433.240625748], [357498.2066393325, 6877735.109512517], [357115.11580326874, 6877866.669167259], [356615.9332487688, 6877964.958191846], [356261.10433765175, 6877925.911017603], [356214.6560118075, 6877913.75811867], [356081.7526610289, 6877825.23778443], [355257.4180412575, 6877360.387821935], [354641.2055052945, 6877034.981718784], [354595.8994303931, 6877139.248337689], [354573.6839711367, 6877215.760914769], [354554.4031293688, 6877317.132138544], [354555.1576821967, 6877496.12017419], [354556.78597966116, 6877678.321433322], [354561.89200055605, 6878113.070148336], [354568.57724370254, 6878552.04889206], [354492.072075816, 6878666.49442036], [354288.3211952406, 6878807.561671423], [354183.3250866048, 6878846.633971775], [353844.74344487913, 6879297.7435249165], [353706.4523288106, 6879436.558336617], [353574.5272972663, 6879520.507426916], [353491.95216479304, 6879572.53845772], [353437.9308582762, 6879644.014377346], [353428.4919744648, 6879741.59361475], [353465.3425199647, 6880134.11490053], [353441.93881381815, 6880232.818664533], [353362.69791238615, 6880371.570463749], [353192.82130233315, 6880603.741335882], [352963.72903398366, 6880981.744214557], [352861.39935490594, 6881151.879176164], [352692.21647993877, 6881250.962033555], [352492.4198686629, 6881278.3973220335], [352279.71260044933, 6881336.520424487], [352151.98989592737, 6881430.613877635], [351687.53703426104, 6881886.288821695], [351769.2516055975, 6881934.503187828], [351842.4171070569, 6881936.7103382815], [352035.74289658153, 6881815.509478454], [352104.65620301384, 6881799.510469841], [352241.25869180943, 6881877.182210616], [352402.48327264754, 6881945.860016494], [352453.24133448553, 6881990.050974429], [352488.74193206814, 6882091.200648777], [352502.47062552173, 6882261.551227007], [352539.40751131997, 6882395.907885991], [352544.0217752719, 6882545.09036144], [352555.2210132204, 6882739.844343724], [352581.7173636843, 6882886.449585117], [352592.5277879958, 6882982.583350927], [352646.1189552306, 6883026.808198113], [352658.2823147563, 6883054.108583297], [352639.91118404444, 6883205.544166505], [352731.0229477639, 6883439.173812751], [352802.7177525982, 6883597.71758794], [352887.24491222424, 6883645.337451996], [352955.27427976683, 6883787.633560501], [353007.29931215406, 6883886.779575522], [353110.6632086891, 6883939.3840164775], [353212.1893671821, 6883999.334108303], [353285.8199688482, 6884113.139759015], [353269.38497406733, 6884282.607099657], [353298.1465820916, 6884354.780711198], [353445.4318803499, 6884426.91622933], [353486.02171337535, 6884517.308721239], [353515.95587207197, 6884678.037563964], [353536.8223994704, 6884915.771215538], [353584.6379710098, 6885290.526298174], [353659.5405119724, 6885395.32406893], [353665.8518931002, 6885557.324632572], [353840.03108776966, 6886212.63786717], [353879.69335896824, 6886646.565253036], [353959.5678455052, 6886675.180644118], [353944.28758821194, 6886739.000200283], [354030.3343189029, 6886543.445841938], [354379.1603390637, 6886281.687898961], [354567.6046901671, 6885831.797169523], [354727.77012690436, 6885761.454029092], [354897.1160767219, 6885549.965311766], [354873.42351636104, 6885444.39207408], [355039.967212974, 6885318.21682662], [355001.12104680634, 6885000.094630242], [355081.8946486559, 6884892.600509707], [354995.14712342474, 6884780.675621042], [355126.2866656726, 6884654.323745287], [355094.025511705, 6884539.449066833], [355432.10852802906, 6884874.158157984], [355468.2323868463, 6885051.53341638], [355737.42326867447, 6884940.400560875], [355713.89739098726, 6884823.827409612], [355878.74412901135, 6884697.620764063], [355864.67365562054, 6884421.201977482], [355593.97525254847, 6884314.125400543], [355601.5285227477, 6884028.748035222], [355853.59604570246, 6883886.090099357], [356164.73659533786, 6883364.446697127], [356466.5110036147, 6883213.722276667], [356784.27183350973, 6883362.967692491], [356881.32468509395, 6883292.670143012], [356890.0107806438, 6883103.415759683], [357095.4056998906, 6882955.208006863], [357328.5249963532, 6883057.158529762], [357333.8460987035, 6882902.304742339], [357726.2743572887, 6882838.925745911], [357750.0992297011, 6882995.789741751], [358575.9085734417, 6882563.866444072], [359183.72216242115, 6882562.901506897], [360521.0837218225, 6882596.967004158], [360734.2098397786, 6882686.226865735], [360963.14709027123, 6882738.578566881], [361057.2428849933, 6882621.916820558], [361510.2469941719, 6882620.322610361], [361826.4459942117, 6882274.395817058], [361981.4495520138, 6881935.4921994135], [362376.03934293974, 6881610.595109645], [362788.40394142974, 6881101.190593856], [362970.95610575634, 6881083.602374253], [363235.6549425466, 6881247.123227509], [363535.50082824193, 6881226.451952529], [364054.48426358565, 6881407.759186699], [364258.9324082328, 6881358.321468885], [364493.9929188421, 6881514.904055297], [364734.29725776415, 6881471.462185223]], [[370265.08119593386, 6875650.2581216395], [370478.95286389254, 6875557.152680902], [370645.46262315474, 6875695.726944382], [370365.252870561, 6875775.313285042], [370325.74441004416, 6875759.16941472], [370265.08119593386, 6875650.2581216395]]]}, "properties": {"id": "431410005000180", "CD_SETOR": "431410005000180", "bairro_seplan": "São José", "populacao_universo_15m": 270, "alfabetizados": 264, "nao_alfabetizados": 6, "taxa_alfabetizacao": 97.78, "taxa_analfabetismo": 2.22, "homens_universo_15m": 139, "homens_alfabetizados": 134, "homens_nao_alfabetizados": 5, "taxa_alfabetizacao_homens": 96.4, "mulheres_universo_15m": 130, "mulheres_alfabetizadas": 130, "mulheres_nao_alfabetizadas": 0, "taxa_alfabetizacao_mulheres": 100.0, "classificacao_seplan": "97,5% a 99,0%", "fonte": "IBGE — Censo Demográfico 2022 (Agregados por Setores)", "natureza": "Dados estatísticos oficiais agregados por setor censitário"}}, {"type": "Feature", "geometry": {"type": "Polygon", "coordinates": [[[362118.0506567374, 6873178.8041753275], [362190.4598483804, 6873049.506689703], [362061.83544360683, 6872977.502084032], [361991.11358916527, 6873107.571998467], [361894.2124833312, 6873051.359601799], [361878.9158946021, 6873042.9814167535], [361867.50723100535, 6873062.196566844], [361800.4653689121, 6873178.501004608], [361919.796909882, 6873240.571170224], [362043.9329871163, 6873308.923596723], [362109.1752868892, 6873195.345140067], [362118.0506567374, 6873178.8041753275]]]}, "properties": {"id": "431410005010001", "CD_SETOR": "431410005010001", "bairro_seplan": "Centro e Vila Vergueiro", "populacao_universo_15m": 600, "alfabetizados": 600, "nao_alfabetizados": 0, "taxa_alfabetizacao": 100.0, "taxa_analfabetismo": 0.0, "homens_universo_15m": 236, "homens_alfabetizados": 236, "homens_nao_alfabetizados": 0, "taxa_alfabetizacao_homens": 100.0, "mulheres_universo_15m": 364, "mulheres_alfabetizadas": 364, "mulheres_nao_alfabetizadas": 0, "taxa_alfabetizacao_mulheres": 100.0, "classificacao_seplan": "Maior que 99,0%", "fonte": "IBGE — Censo Demográfico 2022 (Agregados por Setores)", "natureza": "Dados estatísticos oficiais agregados por setor censitário"}}, {"type": "Feature", "geometry": {"type": "Polygon", "coordinates": [[[361946.5435073405, 6872913.308287751], [362001.40625669394, 6872806.336006057], [361894.4049027071, 6872745.673204746], [361835.24699727993, 6872854.079920696], [361764.4598571348, 6872980.324789306], [361878.9158946021, 6873042.9814167535], [361946.5435073405, 6872913.308287751]]]}, "properties": {"id": "431410005010002", "CD_SETOR": "431410005010002", "bairro_seplan": "Centro e Vila Vergueiro", "populacao_universo_15m": 329, "alfabetizados": 329, "nao_alfabetizados": 0, "taxa_alfabetizacao": 100.0, "taxa_analfabetismo": 0.0, "homens_universo_15m": 139, "homens_alfabetizados": 139, "homens_nao_alfabetizados": 0, "taxa_alfabetizacao_homens": 100.0, "mulheres_universo_15m": 190, "mulheres_alfabetizadas": 190, "mulheres_nao_alfabetizadas": 0, "taxa_alfabetizacao_mulheres": 100.0, "classificacao_seplan": "Maior que 99,0%", "fonte": "IBGE — Censo Demográfico 2022 (Agregados por Setores)", "natureza": "Dados estatísticos oficiais agregados por setor censitário"}}, {"type": "Feature", "geometry": {"type": "Polygon", "coordinates": [[[361731.08584919147, 6873294.910854923], [361624.6975682697, 6873232.712663068], [361518.6822238046, 6873172.279735137], [361502.09105104196, 6873326.969592678], [361499.28299940715, 6873392.715470072], [361484.3365263409, 6873423.258429999], [361472.1243335133, 6873449.866178924], [361429.40680698655, 6873505.92653028], [361467.04256590735, 6873527.143314201], [361566.53414827987, 6873584.375510703], [361612.1209117378, 6873504.357129618], [361663.75276607554, 6873419.987618275], [361731.08584919147, 6873294.910854923]]]}, "properties": {"id": "431410005010003", "CD_SETOR": "431410005010003", "bairro_seplan": "Centro e Vila Vergueiro", "populacao_universo_15m": 463, "alfabetizados": 463, "nao_alfabetizados": 0, "taxa_alfabetizacao": 100.0, "taxa_analfabetismo": 0.0, "homens_universo_15m": 204, "homens_alfabetizados": 204, "homens_nao_alfabetizados": 0, "taxa_alfabetizacao_homens": 100.0, "mulheres_universo_15m": 259, "mulheres_alfabetizadas": 259, "mulheres_nao_alfabetizadas": 0, "taxa_alfabetizacao_mulheres": 100.0, "classificacao_seplan": "Maior que 99,0%", "fonte": "IBGE — Censo Demográfico 2022 (Agregados por Setores)", "natureza": "Dados estatísticos oficiais agregados por setor censitário"}}, {"type": "Feature", "geometry": {"type": "Polygon", "coordinates": [[[362266.9349015721, 6873831.158643903], [362233.86596907617, 6873796.700010248], [362161.2624511572, 6873734.555578379], [362116.70714303176, 6873695.630416857], [362024.99492170895, 6873638.238583994], [361898.6829884052, 6873560.951493736], [361851.63769402046, 6873643.358543035], [361811.65651314793, 6873716.483982898], [361915.02130415756, 6873830.715953159], [361964.12574415177, 6873858.136997901], [362014.59519194555, 6873897.297682929], [362068.67399000935, 6873836.125903919], [362175.92612240853, 6873930.221583194], [362266.9349015721, 6873831.158643903]]]}, "properties": {"id": "431410005010005", "CD_SETOR": "431410005010005", "bairro_seplan": "Centro e Vila Vergueiro", "populacao_universo_15m": 543, "alfabetizados": 539, "nao_alfabetizados": 4, "taxa_alfabetizacao": 99.26, "taxa_analfabetismo": 0.74, "homens_universo_15m": 231, "homens_alfabetizados": 231, "homens_nao_alfabetizados": 0, "taxa_alfabetizacao_homens": 100.0, "mulheres_universo_15m": 311, "mulheres_alfabetizadas": 308, "mulheres_nao_alfabetizadas": 3, "taxa_alfabetizacao_mulheres": 99.04, "classificacao_seplan": "Maior que 99,0%", "fonte": "IBGE — Censo Demográfico 2022 (Agregados por Setores)", "natureza": "Dados estatísticos oficiais agregados por setor censitário"}}, {"type": "Feature", "geometry": {"type": "Polygon", "coordinates": [[[361974.42594035354, 6873433.079098407], [361898.6829884052, 6873560.951493736], [362024.99492170895, 6873638.238583994], [362116.70714303176, 6873695.630416857], [362161.2624511572, 6873734.555578379], [362262.78069226944, 6873619.236640618], [362194.9593652523, 6873560.228438351], [362099.27189612354, 6873501.3393314555], [361974.42594035354, 6873433.079098407]]]}, "properties": {"id": "431410005010006", "CD_SETOR": "431410005010006", "bairro_seplan": "Centro e Vila Vergueiro", "populacao_universo_15m": 637, "alfabetizados": 637, "nao_alfabetizados": 0, "taxa_alfabetizacao": 100.0, "taxa_analfabetismo": 0.0, "homens_universo_15m": 270, "homens_alfabetizados": 270, "homens_nao_alfabetizados": 0, "taxa_alfabetizacao_homens": 100.0, "mulheres_universo_15m": 367, "mulheres_alfabetizadas": 367, "mulheres_nao_alfabetizadas": 0, "taxa_alfabetizacao_mulheres": 100.0, "classificacao_seplan": "Maior que 99,0%", "fonte": "IBGE — Censo Demográfico 2022 (Agregados por Setores)", "natureza": "Dados estatísticos oficiais agregados por setor censitário"}}, {"type": "Feature", "geometry": {"type": "Polygon", "coordinates": [[[362465.40743674943, 6873606.349495724], [362354.6657650771, 6873509.500978036], [362255.17178994213, 6873426.877240957], [362165.08900786535, 6873377.1624681465], [362043.9329871163, 6873308.923596723], [361974.42594035354, 6873433.079098407], [362099.27189612354, 6873501.3393314555], [362194.9593652523, 6873560.228438351], [362262.78069226944, 6873619.236640618], [362161.2624511572, 6873734.555578379], [362233.86596907617, 6873796.700010248], [362266.9349015721, 6873831.158643903], [362368.96085066185, 6873716.875272905], [362465.40743674943, 6873606.349495724]]]}, "properties": {"id": "431410005010007", "CD_SETOR": "431410005010007", "bairro_seplan": "Centro e Vila Vergueiro", "populacao_universo_15m": 665, "alfabetizados": 662, "nao_alfabetizados": 3, "taxa_alfabetizacao": 99.55, "taxa_analfabetismo": 0.45, "homens_universo_15m": 297, "homens_alfabetizados": 297, "homens_nao_alfabetizados": 0, "taxa_alfabetizacao_homens": 100.0, "mulheres_universo_15m": 368, "mulheres_alfabetizadas": 365, "mulheres_nao_alfabetizadas": 3, "taxa_alfabetizacao_mulheres": 99.18, "classificacao_seplan": "Maior que 99,0%", "fonte": "IBGE — Censo Demográfico 2022 (Agregados por Setores)", "natureza": "Dados estatísticos oficiais agregados por setor censitário"}}, {"type": "Feature", "geometry": {"type": "Polygon", "coordinates": [[[362560.83744944376, 6873502.116474214], [362660.59984148457, 6873390.486290216], [362707.57868706295, 6873336.144390127], [362624.6416815036, 6873200.4809510335], [362546.4266438592, 6873290.08704026], [362449.06593363825, 6873395.948627159], [362438.1553517274, 6873407.8010189235], [362354.6657650771, 6873509.500978036], [362465.40743674943, 6873606.349495724], [362498.556220221, 6873568.702677336], [362560.83744944376, 6873502.116474214]]]}, "properties": {"id": "431410005010008", "CD_SETOR": "431410005010008", "bairro_seplan": "Centro e Vila Vergueiro", "populacao_universo_15m": 658, "alfabetizados": 658, "nao_alfabetizados": 0, "taxa_alfabetizacao": 100.0, "taxa_analfabetismo": 0.0, "homens_universo_15m": 274, "homens_alfabetizados": 274, "homens_nao_alfabetizados": 0, "taxa_alfabetizacao_homens": 100.0, "mulheres_universo_15m": 384, "mulheres_alfabetizadas": 384, "mulheres_nao_alfabetizadas": 0, "taxa_alfabetizacao_mulheres": 100.0, "classificacao_seplan": "Maior que 99,0%", "fonte": "IBGE — Censo Demográfico 2022 (Agregados por Setores)", "natureza": "Dados estatísticos oficiais agregados por setor censitário"}}, {"type": "Feature", "geometry": {"type": "Polygon", "coordinates": [[[362624.6416815036, 6873200.4809510335], [362597.4651823781, 6873164.772800216], [362575.6269278696, 6873135.786231952], [362541.12643165095, 6873107.28458927], [362459.2991666723, 6873059.030580339], [362403.40977356397, 6873165.12854463], [362546.4266438592, 6873290.08704026], [362624.6416815036, 6873200.4809510335]]]}, "properties": {"id": "431410005010010", "CD_SETOR": "431410005010010", "bairro_seplan": "Centro e Vila Vergueiro", "populacao_universo_15m": 450, "alfabetizados": 447, "nao_alfabetizados": 3, "taxa_alfabetizacao": 99.33, "taxa_analfabetismo": 0.67, "homens_universo_15m": 196, "homens_alfabetizados": 196, "homens_nao_alfabetizados": 0, "taxa_alfabetizacao_homens": 100.0, "mulheres_universo_15m": 251, "mulheres_alfabetizadas": 251, "mulheres_nao_alfabetizadas": 0, "taxa_alfabetizacao_mulheres": 100.0, "classificacao_seplan": "Maior que 99,0%", "fonte": "IBGE — Censo Demográfico 2022 (Agregados por Setores)", "natureza": "Dados estatísticos oficiais agregados por setor censitário"}}, {"type": "Feature", "geometry": {"type": "Polygon", "coordinates": [[[362459.2991666723, 6873059.030580339], [362480.45337237243, 6873020.85699198], [362510.5454096212, 6873007.25436171], [362552.20078265376, 6872997.398088459], [362614.371132141, 6872980.798004748], [362640.72700914624, 6872979.717949142], [362637.7982249519, 6872952.180362365], [362620.64061948075, 6872829.943812819], [362608.887247522, 6872840.9222390205], [362599.2581102779, 6872852.313095838], [362594.6638448967, 6872835.593677355], [362591.3175263039, 6872824.639883164], [362584.73235045, 6872814.63481268], [362488.2023709414, 6872764.493013582], [362424.3347002049, 6872883.563393859], [362360.39752325084, 6873005.137038829], [362305.14390601905, 6873110.499509732], [362403.40977356397, 6873165.12854463], [362459.2991666723, 6873059.030580339]]]}, "properties": {"id": "431410005010013", "CD_SETOR": "431410005010013", "bairro_seplan": "Centro e Vila Vergueiro", "populacao_universo_15m": 644, "alfabetizados": 644, "nao_alfabetizados": 0, "taxa_alfabetizacao": 100.0, "taxa_analfabetismo": 0.0, "homens_universo_15m": 275, "homens_alfabetizados": 275, "homens_nao_alfabetizados": 0, "taxa_alfabetizacao_homens": 100.0, "mulheres_universo_15m": 369, "mulheres_alfabetizadas": 369, "mulheres_nao_alfabetizadas": 0, "taxa_alfabetizacao_mulheres": 100.0, "classificacao_seplan": "Maior que 99,0%", "fonte": "IBGE — Censo Demográfico 2022 (Agregados por Setores)", "natureza": "Dados estatísticos oficiais agregados por setor censitário"}}, {"type": "Feature", "geometry": {"type": "Polygon", "coordinates": [[[362545.71693276265, 6872616.138515768], [362534.7753842436, 6872585.848539743], [362433.05301303155, 6872530.171859201], [362606.74441457493, 6872478.628700952], [362593.9243562927, 6872433.490282996], [362570.54490639735, 6872355.58410625], [362535.51081641985, 6872230.247940443], [362467.35484275536, 6872252.340843187], [362372.4708951599, 6872284.861093759], [362359.25140312617, 6872290.314859329], [362212.5209936299, 6872341.901528416], [362183.5324886296, 6872347.604124028], [362172.76828525803, 6872511.592980045], [362009.4691257747, 6872490.989646044], [362001.32136650535, 6872534.41113392], [362092.66248950793, 6872540.238121506], [362151.8616543998, 6872548.705123905], [362270.75845170853, 6872563.283702964], [362383.3972517177, 6872579.450685713], [362471.4131660244, 6872598.78856094], [362538.6348771498, 6872618.549755614], [362545.71693276265, 6872616.138515768]]]}, "properties": {"id": "431410005010015", "CD_SETOR": "431410005010015", "bairro_seplan": "Centro e Vila Vergueiro", "populacao_universo_15m": 325, "alfabetizados": 325, "nao_alfabetizados": 0, "taxa_alfabetizacao": 100.0, "taxa_analfabetismo": 0.0, "homens_universo_15m": 145, "homens_alfabetizados": 145, "homens_nao_alfabetizados": 0, "taxa_alfabetizacao_homens": 100.0, "mulheres_universo_15m": 180, "mulheres_alfabetizadas": 180, "mulheres_nao_alfabetizadas": 0, "taxa_alfabetizacao_mulheres": 100.0, "classificacao_seplan": "Maior que 99,0%", "fonte": "IBGE — Censo Demográfico 2022 (Agregados por Setores)", "natureza": "Dados estatísticos oficiais agregados por setor censitário"}}, {"type": "Feature", "geometry": {"type": "Polygon", "coordinates": [[[361803.52020937146, 6872547.212690126], [361700.8125611773, 6872493.867301247], [361594.0994262219, 6872436.617947581], [361485.0937537375, 6872375.81695044], [361426.7191523592, 6872485.0066225305], [361532.86362401163, 6872545.564173764], [361639.2276953349, 6872604.2062084945], [361743.65187496855, 6872661.860553855], [361803.52020937146, 6872547.212690126]]]}, "properties": {"id": "431410005010016", "CD_SETOR": "431410005010016", "bairro_seplan": "Centro e Vila Vergueiro", "populacao_universo_15m": 278, "alfabetizados": 278, "nao_alfabetizados": 0, "taxa_alfabetizacao": 100.0, "taxa_analfabetismo": 0.0, "homens_universo_15m": 135, "homens_alfabetizados": 135, "homens_nao_alfabetizados": 0, "taxa_alfabetizacao_homens": 100.0, "mulheres_universo_15m": 143, "mulheres_alfabetizadas": 143, "mulheres_nao_alfabetizadas": 0, "taxa_alfabetizacao_mulheres": 100.0, "classificacao_seplan": "Maior que 99,0%", "fonte": "IBGE — Censo Demográfico 2022 (Agregados por Setores)", "natureza": "Dados estatísticos oficiais agregados por setor censitário"}}, {"type": "Feature", "geometry": {"type": "Polygon", "coordinates": [[[361878.9158946021, 6873042.9814167535], [361764.4598571348, 6872980.324789306], [361617.1357362564, 6872896.75007427], [361604.9231831303, 6872920.931124184], [361540.3501435114, 6873034.858355577], [361590.25804987026, 6873062.013533413], [361687.9561854745, 6873115.400954872], [361800.4653689121, 6873178.501004608], [361867.50723100535, 6873062.196566844], [361878.9158946021, 6873042.9814167535]]]}, "properties": {"id": "431410005010019", "CD_SETOR": "431410005010019", "bairro_seplan": "Centro e Vila Vergueiro", "populacao_universo_15m": 420, "alfabetizados": 420, "nao_alfabetizados": 0, "taxa_alfabetizacao": 100.0, "taxa_analfabetismo": 0.0, "homens_universo_15m": 170, "homens_alfabetizados": 170, "homens_nao_alfabetizados": 0, "taxa_alfabetizacao_homens": 100.0, "mulheres_universo_15m": 250, "mulheres_alfabetizadas": 250, "mulheres_nao_alfabetizadas": 0, "taxa_alfabetizacao_mulheres": 100.0, "classificacao_seplan": "Maior que 99,0%", "fonte": "IBGE — Censo Demográfico 2022 (Agregados por Setores)", "natureza": "Dados estatísticos oficiais agregados por setor censitário"}}, {"type": "Feature", "geometry": {"type": "Polygon", "coordinates": [[[362061.83544360683, 6872977.502084032], [361946.5435073405, 6872913.308287751], [361878.9158946021, 6873042.9814167535], [361894.2124833312, 6873051.359601799], [361991.11358916527, 6873107.571998467], [362061.83544360683, 6872977.502084032]]]}, "properties": {"id": "431410005010020", "CD_SETOR": "431410005010020", "bairro_seplan": "Centro e Vila Vergueiro", "populacao_universo_15m": 96, "alfabetizados": 96, "nao_alfabetizados": 0, "taxa_alfabetizacao": 100.0, "taxa_analfabetismo": 0.0, "homens_universo_15m": 37, "homens_alfabetizados": 37, "homens_nao_alfabetizados": 0, "taxa_alfabetizacao_homens": 100.0, "mulheres_universo_15m": 59, "mulheres_alfabetizadas": 59, "mulheres_nao_alfabetizadas": 0, "taxa_alfabetizacao_mulheres": 100.0, "classificacao_seplan": "Maior que 99,0%", "fonte": "IBGE — Censo Demográfico 2022 (Agregados por Setores)", "natureza": "Dados estatísticos oficiais agregados por setor censitário"}}, {"type": "Feature", "geometry": {"type": "Polygon", "coordinates": [[[362296.72674829647, 6872815.329633923], [362187.8469472971, 6872755.77805081], [362083.5453413131, 6872700.001936179], [362067.0355213219, 6872691.366082557], [362001.40625669394, 6872806.336006057], [361946.5435073405, 6872913.308287751], [362061.83544360683, 6872977.502084032], [362190.4598483804, 6873049.506689703], [362241.8474725733, 6872938.326480014], [362296.72674829647, 6872815.329633923]]]}, "properties": {"id": "431410005010021", "CD_SETOR": "431410005010021", "bairro_seplan": "Centro e Vila Vergueiro", "populacao_universo_15m": 545, "alfabetizados": 542, "nao_alfabetizados": 3, "taxa_alfabetizacao": 99.45, "taxa_analfabetismo": 0.55, "homens_universo_15m": 225, "homens_alfabetizados": 225, "homens_nao_alfabetizados": 0, "taxa_alfabetizacao_homens": 100.0, "mulheres_universo_15m": 317, "mulheres_alfabetizadas": 317, "mulheres_nao_alfabetizadas": 0, "taxa_alfabetizacao_mulheres": 100.0, "classificacao_seplan": "Maior que 99,0%", "fonte": "IBGE — Censo Demográfico 2022 (Agregados por Setores)", "natureza": "Dados estatísticos oficiais agregados por setor censitário"}}, {"type": "Feature", "geometry": {"type": "Polygon", "coordinates": [[[361894.4049027071, 6872745.673204746], [361956.43009879696, 6872629.376465817], [361879.34268092486, 6872587.400972251], [361803.52020937146, 6872547.212690126], [361743.65187496855, 6872661.860553855], [361811.4226160144, 6872698.453723133], [361740.41819034994, 6872805.503089796], [361835.24699727993, 6872854.079920696], [361894.4049027071, 6872745.673204746]]]}, "properties": {"id": "431410005010022", "CD_SETOR": "431410005010022", "bairro_seplan": "Centro e Vila Vergueiro", "populacao_universo_15m": 676, "alfabetizados": 676, "nao_alfabetizados": 0, "taxa_alfabetizacao": 100.0, "taxa_analfabetismo": 0.0, "homens_universo_15m": 283, "homens_alfabetizados": 283, "homens_nao_alfabetizados": 0, "taxa_alfabetizacao_homens": 100.0, "mulheres_universo_15m": 393, "mulheres_alfabetizadas": 393, "mulheres_nao_alfabetizadas": 0, "taxa_alfabetizacao_mulheres": 100.0, "classificacao_seplan": "Maior que 99,0%", "fonte": "IBGE — Censo Demográfico 2022 (Agregados por Setores)", "natureza": "Dados estatísticos oficiais agregados por setor censitário"}}, {"type": "Feature", "geometry": {"type": "Polygon", "coordinates": [[[361835.24699727993, 6872854.079920696], [361740.41819034994, 6872805.503089796], [361811.4226160144, 6872698.453723133], [361743.65187496855, 6872661.860553855], [361681.35541782377, 6872774.296836136], [361617.1357362564, 6872896.75007427], [361764.4598571348, 6872980.324789306], [361835.24699727993, 6872854.079920696]]]}, "properties": {"id": "431410005010023", "CD_SETOR": "431410005010023", "bairro_seplan": "Centro e Vila Vergueiro", "populacao_universo_15m": 423, "alfabetizados": 423, "nao_alfabetizados": 0, "taxa_alfabetizacao": 100.0, "taxa_analfabetismo": 0.0, "homens_universo_15m": 157, "homens_alfabetizados": 157, "homens_nao_alfabetizados": 0, "taxa_alfabetizacao_homens": 100.0, "mulheres_universo_15m": 266, "mulheres_alfabetizadas": 266, "mulheres_nao_alfabetizadas": 0, "taxa_alfabetizacao_mulheres": 100.0, "classificacao_seplan": "Maior que 99,0%", "fonte": "IBGE — Censo Demográfico 2022 (Agregados por Setores)", "natureza": "Dados estatísticos oficiais agregados por setor censitário"}}, {"type": "Feature", "geometry": {"type": "Polygon", "coordinates": [[[361478.6047575444, 6873147.676912965], [361261.51992631773, 6873026.415744011], [361162.92512493767, 6872970.210603154], [361107.11469963857, 6873073.600140297], [361088.0305637006, 6873112.227917468], [361046.8774604846, 6873184.60590318], [360992.1230428072, 6873282.278289022], [360918.43369421124, 6873412.385281036], [360893.18655552075, 6873464.4154723175], [360864.9077113626, 6873518.925542941], [360842.5308837546, 6873578.003775226], [360846.7026994952, 6873576.179938785], [360867.24151687295, 6873566.757785417], [360893.77960027504, 6873556.973737426], [360923.0706295639, 6873547.543248443], [360932.3158147885, 6873544.825833656], [360942.58954222326, 6873542.253438011], [360955.50275890506, 6873540.5098105185], [360966.4700614619, 6873539.873671316], [360984.0958471795, 6873539.55929876], [361005.5168509211, 6873541.926700728], [361012.4183446077, 6873543.281870818], [361016.64662797115, 6873544.173563469], [361025.38920922484, 6873546.669498047], [361035.5657198767, 6873550.722518876], [361040.5049389263, 6873552.907960305], [361048.4926742557, 6873557.02399507], [361053.20971097524, 6873559.749814932], [361058.4128666412, 6873562.858088362], [361078.89217175485, 6873576.107274638], [361124.6232111864, 6873600.61132752], [361169.34405887895, 6873622.576837242], [361194.32283094677, 6873634.5265164375], [361211.16460428876, 6873641.693602749], [361257.2916005987, 6873556.8180719195], [361322.3991701218, 6873443.78492213], [361369.8209548841, 6873353.771330485], [361478.6047575444, 6873147.676912965]]]}, "properties": {"id": "431410005010024", "CD_SETOR": "431410005010024", "bairro_seplan": "Centro e Vila Vergueiro", "populacao_universo_15m": 795, "alfabetizados": 795, "nao_alfabetizados": 0, "taxa_alfabetizacao": 100.0, "taxa_analfabetismo": 0.0, "homens_universo_15m": 340, "homens_alfabetizados": 340, "homens_nao_alfabetizados": 0, "taxa_alfabetizacao_homens": 100.0, "mulheres_universo_15m": 455, "mulheres_alfabetizadas": 455, "mulheres_nao_alfabetizadas": 0, "taxa_alfabetizacao_mulheres": 100.0, "classificacao_seplan": "Maior que 99,0%", "fonte": "IBGE — Censo Demográfico 2022 (Agregados por Setores)", "natureza": "Dados estatísticos oficiais agregados por setor censitário"}}, {"type": "Feature", "geometry": {"type": "Polygon", "coordinates": [[[361566.53414827987, 6873584.375510703], [361467.04256590735, 6873527.143314201], [361429.40680698655, 6873505.92653028], [361472.1243335133, 6873449.866178924], [361484.3365263409, 6873423.258429999], [361499.28299940715, 6873392.715470072], [361502.09105104196, 6873326.969592678], [361518.6822238046, 6873172.279735137], [361478.6047575444, 6873147.676912965], [361369.8209548841, 6873353.771330485], [361322.3991701218, 6873443.78492213], [361257.2916005987, 6873556.8180719195], [361211.16460428876, 6873641.693602749], [361194.32283094677, 6873634.5265164375], [361169.34405887895, 6873622.576837242], [361124.6232111864, 6873600.61132752], [361078.89217175485, 6873576.107274638], [361058.4128666412, 6873562.858088362], [361053.20971097524, 6873559.749814932], [361048.4926742557, 6873557.02399507], [361040.5049389263, 6873552.907960305], [361035.5657198767, 6873550.722518876], [361025.38920922484, 6873546.669498047], [361016.64662797115, 6873544.173563469], [361012.4183446077, 6873543.281870818], [361005.5168509211, 6873541.926700728], [360984.0958471795, 6873539.55929876], [360966.4700614619, 6873539.873671316], [360955.50275890506, 6873540.5098105185], [360942.58954222326, 6873542.253438011], [360932.3158147885, 6873544.825833656], [360923.0706295639, 6873547.543248443], [360893.77960027504, 6873556.973737426], [360867.24151687295, 6873566.757785417], [360846.7026994952, 6873576.179938785], [360842.5308837546, 6873578.003775226], [360849.44040636945, 6873586.207399966], [360885.2364263455, 6873649.646543488], [360922.22253058315, 6873707.015846707], [360973.71977884823, 6873741.871497961], [361044.58763636026, 6873789.187459778], [361082.548100079, 6873817.900216931], [361188.49136204296, 6873905.817617675], [361208.0205097062, 6873919.831118122], [361380.07800239616, 6873991.986172109], [361437.73248680227, 6873849.256116191], [361459.9858702207, 6873791.2836024705], [361490.02076043416, 6873716.425300203], [361521.29474425, 6873660.641230913], [361566.53414827987, 6873584.375510703]]]}, "properties": {"id": "431410005010025", "CD_SETOR": "431410005010025", "bairro_seplan": "Centro e Vila Vergueiro", "populacao_universo_15m": 665, "alfabetizados": 661, "nao_alfabetizados": 4, "taxa_alfabetizacao": 99.4, "taxa_analfabetismo": 0.6, "homens_universo_15m": 300, "homens_alfabetizados": 300, "homens_nao_alfabetizados": 0, "taxa_alfabetizacao_homens": 100.0, "mulheres_universo_15m": 361, "mulheres_alfabetizadas": 361, "mulheres_nao_alfabetizadas": 0, "taxa_alfabetizacao_mulheres": 100.0, "classificacao_seplan": "Maior que 99,0%", "fonte": "IBGE — Censo Demográfico 2022 (Agregados por Setores)", "natureza": "Dados estatísticos oficiais agregados por setor censitário"}}, {"type": "Feature", "geometry": {"type": "Polygon", "coordinates": [[[362014.59519194555, 6873897.297682929], [361964.12574415177, 6873858.136997901], [361915.02130415756, 6873830.715953159], [361811.65651314793, 6873716.483982898], [361688.7538812981, 6873650.625902038], [361566.53414827987, 6873584.375510703], [361521.29474425, 6873660.641230913], [361490.02076043416, 6873716.425300203], [361459.9858702207, 6873791.2836024705], [361437.73248680227, 6873849.256116191], [361380.07800239616, 6873991.986172109], [361550.73387133714, 6873940.499333581], [361676.37667522917, 6873996.240166444], [361799.87058901996, 6874051.234306153], [361922.75022898405, 6874106.829424607], [361942.55728517397, 6874061.604383893], [361928.0773761228, 6874003.137385432], [361955.7710138855, 6873964.010103624], [362014.59519194555, 6873897.297682929]]]}, "properties": {"id": "431410005010026", "CD_SETOR": "431410005010026", "bairro_seplan": "Centro e Vila Vergueiro", "populacao_universo_15m": 513, "alfabetizados": 513, "nao_alfabetizados": 0, "taxa_alfabetizacao": 100.0, "taxa_analfabetismo": 0.0, "homens_universo_15m": 227, "homens_alfabetizados": 227, "homens_nao_alfabetizados": 0, "taxa_alfabetizacao_homens": 100.0, "mulheres_universo_15m": 286, "mulheres_alfabetizadas": 286, "mulheres_nao_alfabetizadas": 0, "taxa_alfabetizacao_mulheres": 100.0, "classificacao_seplan": "Maior que 99,0%", "fonte": "IBGE — Censo Demográfico 2022 (Agregados por Setores)", "natureza": "Dados estatísticos oficiais agregados por setor censitário"}}, {"type": "Feature", "geometry": {"type": "Polygon", "coordinates": [[[362495.66257661255, 6874031.965278498], [362455.34643977834, 6873997.057706865], [362380.8899287092, 6873932.8875801], [362266.9349015721, 6873831.158643903], [362175.92612240853, 6873930.221583194], [362292.9059126674, 6874032.595925933], [362407.204545876, 6874132.810324064], [362495.66257661255, 6874031.965278498]]]}, "properties": {"id": "431410005010027", "CD_SETOR": "431410005010027", "bairro_seplan": "Centro e Vila Vergueiro", "populacao_universo_15m": 256, "alfabetizados": 256, "nao_alfabetizados": 0, "taxa_alfabetizacao": 100.0, "taxa_analfabetismo": 0.0, "homens_universo_15m": 116, "homens_alfabetizados": 116, "homens_nao_alfabetizados": 0, "taxa_alfabetizacao_homens": 100.0, "mulheres_universo_15m": 140, "mulheres_alfabetizadas": 140, "mulheres_nao_alfabetizadas": 0, "taxa_alfabetizacao_mulheres": 100.0, "classificacao_seplan": "Maior que 99,0%", "fonte": "IBGE — Censo Demográfico 2022 (Agregados por Setores)", "natureza": "Dados estatísticos oficiais agregados por setor censitário"}}, {"type": "Feature", "geometry": {"type": "Polygon", "coordinates": [[[362672.93121518043, 6873600.108918345], [362560.83744944376, 6873502.116474214], [362498.556220221, 6873568.702677336], [362465.40743674943, 6873606.349495724], [362368.96085066185, 6873716.875272905], [362266.9349015721, 6873831.158643903], [362380.8899287092, 6873932.8875801], [362484.29420746077, 6873814.785111781], [362581.62842712237, 6873704.678709965], [362672.93121518043, 6873600.108918345]]]}, "properties": {"id": "431410005010028", "CD_SETOR": "431410005010028", "bairro_seplan": "Centro e Vila Vergueiro", "populacao_universo_15m": 684, "alfabetizados": 681, "nao_alfabetizados": 3, "taxa_alfabetizacao": 99.56, "taxa_analfabetismo": 0.44, "homens_universo_15m": 292, "homens_alfabetizados": 292, "homens_nao_alfabetizados": 0, "taxa_alfabetizacao_homens": 100.0, "mulheres_universo_15m": 389, "mulheres_alfabetizadas": 389, "mulheres_nao_alfabetizadas": 0, "taxa_alfabetizacao_mulheres": 100.0, "classificacao_seplan": "Maior que 99,0%", "fonte": "IBGE — Censo Demográfico 2022 (Agregados por Setores)", "natureza": "Dados estatísticos oficiais agregados por setor censitário"}}, {"type": "Feature", "geometry": {"type": "Polygon", "coordinates": [[[362696.2491055996, 6873801.558683664], [362786.14093090565, 6873697.636602903], [362672.93121518043, 6873600.108918345], [362581.62842712237, 6873704.678709965], [362484.29420746077, 6873814.785111781], [362380.8899287092, 6873932.8875801], [362455.34643977834, 6873997.057706865], [362495.66257661255, 6874031.965278498], [362537.7917036834, 6873983.19702653], [362596.908926154, 6873912.917121046], [362696.2491055996, 6873801.558683664]]]}, "properties": {"id": "431410005010029", "CD_SETOR": "431410005010029", "bairro_seplan": "Centro e Vila Vergueiro", "populacao_universo_15m": 704, "alfabetizados": 704, "nao_alfabetizados": 0, "taxa_alfabetizacao": 100.0, "taxa_analfabetismo": 0.0, "homens_universo_15m": 311, "homens_alfabetizados": 311, "homens_nao_alfabetizados": 0, "taxa_alfabetizacao_homens": 100.0, "mulheres_universo_15m": 393, "mulheres_alfabetizadas": 393, "mulheres_nao_alfabetizadas": 0, "taxa_alfabetizacao_mulheres": 100.0, "classificacao_seplan": "Maior que 99,0%", "fonte": "IBGE — Censo Demográfico 2022 (Agregados por Setores)", "natureza": "Dados estatísticos oficiais agregados por setor censitário"}}, {"type": "Feature", "geometry": {"type": "Polygon", "coordinates": [[[363063.9328890791, 6873940.243356114], [362786.14093090565, 6873697.636602903], [362696.2491055996, 6873801.558683664], [362818.72389390285, 6873908.401589323], [362722.9383791874, 6874020.411594851], [362793.95313438645, 6874081.182055304], [362877.0574070548, 6874153.8377942], [362928.9646093837, 6874199.704025513], [362936.5101623215, 6874182.71497092], [362952.6388798257, 6874137.04705267], [362957.3990673218, 6874117.388501041], [362957.9330884661, 6874105.127747877], [362960.73580523435, 6874090.987212069], [362974.5924840956, 6874064.474644933], [362985.93838240625, 6874054.0119451], [362996.43729492056, 6874044.669745689], [363005.23225488677, 6874039.286034409], [363009.1756834495, 6874036.827183291], [363013.72086307395, 6874034.9404171], [363017.7930134282, 6874031.530063288], [363021.91523843945, 6874028.031636165], [363025.0584216659, 6874024.344611794], [363028.3297532485, 6874018.054977505], [363030.40048468893, 6874011.219591437], [363032.4894332577, 6873997.702436881], [363036.88465513237, 6873981.596721539], [363040.9957685747, 6873971.405100958], [363051.5494006452, 6873957.309643916], [363063.9328890791, 6873940.243356114]]]}, "properties": {"id": "431410005010030", "CD_SETOR": "431410005010030", "bairro_seplan": "Centro e Vila Vergueiro", "populacao_universo_15m": 474, "alfabetizados": 474, "nao_alfabetizados": 0, "taxa_alfabetizacao": 100.0, "taxa_analfabetismo": 0.0, "homens_universo_15m": 208, "homens_alfabetizados": 208, "homens_nao_alfabetizados": 0, "taxa_alfabetizacao_homens": 100.0, "mulheres_universo_15m": 266, "mulheres_alfabetizadas": 266, "mulheres_nao_alfabetizadas": 0, "taxa_alfabetizacao_mulheres": 100.0, "classificacao_seplan": "Maior que 99,0%", "fonte": "IBGE — Censo Demográfico 2022 (Agregados por Setores)", "natureza": "Dados estatísticos oficiais agregados por setor censitário"}}, {"type": "Feature", "geometry": {"type": "Polygon", "coordinates": [[[362888.0810414459, 6873355.816987541], [362826.272616292, 6873335.034641891], [362819.91363351094, 6873281.6492725685], [362791.63685333834, 6873270.606829692], [362768.1441991151, 6873255.663631535], [362743.0965060126, 6873238.596961578], [362707.3289109856, 6873199.132909939], [362693.4450570934, 6873179.679823928], [362678.6260761445, 6873158.797497809], [362662.2861091701, 6873121.829727683], [362659.6902654348, 6873111.29465594], [362657.5636445358, 6873100.90906998], [362653.84009439393, 6873075.910986265], [362648.5102193231, 6873036.267048033], [362640.72700914624, 6872979.717949142], [362614.371132141, 6872980.798004748], [362552.20078265376, 6872997.398088459], [362510.5454096212, 6873007.25436171], [362480.45337237243, 6873020.85699198], [362459.2991666723, 6873059.030580339], [362541.12643165095, 6873107.28458927], [362575.6269278696, 6873135.786231952], [362597.4651823781, 6873164.772800216], [362624.6416815036, 6873200.4809510335], [362707.57868706295, 6873336.144390127], [362660.59984148457, 6873390.486290216], [362771.76140820433, 6873488.455960756], [362888.0810414459, 6873355.816987541]]]}, "properties": {"id": "431410005010032", "CD_SETOR": "431410005010032", "bairro_seplan": "Centro e Vila Vergueiro", "populacao_universo_15m": 435, "alfabetizados": 435, "nao_alfabetizados": 0, "taxa_alfabetizacao": 100.0, "taxa_analfabetismo": 0.0, "homens_universo_15m": 190, "homens_alfabetizados": 190, "homens_nao_alfabetizados": 0, "taxa_alfabetizacao_homens": 100.0, "mulheres_universo_15m": 245, "mulheres_alfabetizadas": 245, "mulheres_nao_alfabetizadas": 0, "taxa_alfabetizacao_mulheres": 100.0, "classificacao_seplan": "Maior que 99,0%", "fonte": "IBGE — Censo Demográfico 2022 (Agregados por Setores)", "natureza": "Dados estatísticos oficiais agregados por setor censitário"}}, {"type": "Feature", "geometry": {"type": "Polygon", "coordinates": [[[363020.79300495045, 6873401.707601858], [362888.0810414459, 6873355.816987541], [362771.76140820433, 6873488.455960756], [362660.59984148457, 6873390.486290216], [362560.83744944376, 6873502.116474214], [362672.93121518043, 6873600.108918345], [362786.14093090565, 6873697.636602903], [362878.563671637, 6873582.584340014], [363020.79300495045, 6873401.707601858]]]}, "properties": {"id": "431410005010033", "CD_SETOR": "431410005010033", "bairro_seplan": "Centro e Vila Vergueiro", "populacao_universo_15m": 785, "alfabetizados": 782, "nao_alfabetizados": 3, "taxa_alfabetizacao": 99.62, "taxa_analfabetismo": 0.38, "homens_universo_15m": 345, "homens_alfabetizados": 345, "homens_nao_alfabetizados": 0, "taxa_alfabetizacao_homens": 100.0, "mulheres_universo_15m": 440, "mulheres_alfabetizadas": 437, "mulheres_nao_alfabetizadas": 3, "taxa_alfabetizacao_mulheres": 99.32, "classificacao_seplan": "Maior que 99,0%", "fonte": "IBGE — Censo Demográfico 2022 (Agregados por Setores)", "natureza": "Dados estatísticos oficiais agregados por setor censitário"}}, {"type": "Feature", "geometry": {"type": "Polygon", "coordinates": [[[361374.8110836523, 6872315.243757451], [361263.6932787094, 6872254.028074047], [361159.2254494164, 6872194.728618003], [361095.7178284711, 6872305.56325455], [361034.1643379762, 6872419.501099349], [360968.7854578565, 6872535.776333464], [361079.69477058365, 6872596.482511624], [361146.89957953175, 6872480.881884208], [361252.8422673008, 6872538.447693646], [361374.8110836523, 6872315.243757451]]]}, "properties": {"id": "431410005010034", "CD_SETOR": "431410005010034", "bairro_seplan": "Centro e Vila Vergueiro", "populacao_universo_15m": 698, "alfabetizados": 679, "nao_alfabetizados": 19, "taxa_alfabetizacao": 97.28, "taxa_analfabetismo": 2.72, "homens_universo_15m": 307, "homens_alfabetizados": 301, "homens_nao_alfabetizados": 6, "taxa_alfabetizacao_homens": 98.05, "mulheres_universo_15m": 391, "mulheres_alfabetizadas": 378, "mulheres_nao_alfabetizadas": 13, "taxa_alfabetizacao_mulheres": 96.68, "classificacao_seplan": "95,0% a 97,5%", "fonte": "IBGE — Censo Demográfico 2022 (Agregados por Setores)", "natureza": "Dados estatísticos oficiais agregados por setor censitário"}}, {"type": "Feature", "geometry": {"type": "Polygon", "coordinates": [[[361364.4179677131, 6872597.651867547], [361426.7191523592, 6872485.0066225305], [361485.0937537375, 6872375.81695044], [361374.8110836523, 6872315.243757451], [361252.8422673008, 6872538.447693646], [361146.89957953175, 6872480.881884208], [361079.69477058365, 6872596.482511624], [361186.4514939921, 6872654.978148846], [361298.7075259194, 6872716.484684681], [361364.4179677131, 6872597.651867547]]]}, "properties": {"id": "431410005010035", "CD_SETOR": "431410005010035", "bairro_seplan": "Centro e Vila Vergueiro", "populacao_universo_15m": 650, "alfabetizados": 647, "nao_alfabetizados": 3, "taxa_alfabetizacao": 99.54, "taxa_analfabetismo": 0.46, "homens_universo_15m": 281, "homens_alfabetizados": 281, "homens_nao_alfabetizados": 0, "taxa_alfabetizacao_homens": 100.0, "mulheres_universo_15m": 369, "mulheres_alfabetizadas": 366, "mulheres_nao_alfabetizadas": 3, "taxa_alfabetizacao_mulheres": 99.19, "classificacao_seplan": "Maior que 99,0%", "fonte": "IBGE — Censo Demográfico 2022 (Agregados por Setores)", "natureza": "Dados estatísticos oficiais agregados por setor censitário"}}, {"type": "Feature", "geometry": {"type": "Polygon", "coordinates": [[[361162.92512493767, 6872970.210603154], [361223.5281435114, 6872859.629700895], [361105.9221211426, 6872797.439340429], [361002.1176940874, 6872737.260013215], [360894.4075831582, 6872676.402293945], [360831.8281080546, 6872787.157939853], [360942.7691679326, 6872847.821336532], [361043.30520464847, 6872904.815766233], [360984.3850603478, 6873010.606254977], [361107.11469963857, 6873073.600140297], [361162.92512493767, 6872970.210603154]]]}, "properties": {"id": "431410005010036", "CD_SETOR": "431410005010036", "bairro_seplan": "Centro e Vila Vergueiro", "populacao_universo_15m": 415, "alfabetizados": 415, "nao_alfabetizados": 0, "taxa_alfabetizacao": 100.0, "taxa_analfabetismo": 0.0, "homens_universo_15m": 175, "homens_alfabetizados": 175, "homens_nao_alfabetizados": 0, "taxa_alfabetizacao_homens": 100.0, "mulheres_universo_15m": 240, "mulheres_alfabetizadas": 240, "mulheres_nao_alfabetizadas": 0, "taxa_alfabetizacao_mulheres": 100.0, "classificacao_seplan": "Maior que 99,0%", "fonte": "IBGE — Censo Demográfico 2022 (Agregados por Setores)", "natureza": "Dados estatísticos oficiais agregados por setor censitário"}}, {"type": "Feature", "geometry": {"type": "Polygon", "coordinates": [[[360831.8281080546, 6872787.157939853], [360774.08169099793, 6872898.989490569], [360881.5302084949, 6872957.185619611], [360928.14586469985, 6872981.313119223], [360984.3850603478, 6873010.606254977], [361043.30520464847, 6872904.815766233], [360942.7691679326, 6872847.821336532], [360831.8281080546, 6872787.157939853]]]}, "properties": {"id": "431410005010037", "CD_SETOR": "431410005010037", "bairro_seplan": "Centro e Vila Vergueiro", "populacao_universo_15m": 36, "alfabetizados": 36, "nao_alfabetizados": 0, "taxa_alfabetizacao": 100.0, "taxa_analfabetismo": 0.0, "homens_universo_15m": 18, "homens_alfabetizados": 18, "homens_nao_alfabetizados": 0, "taxa_alfabetizacao_homens": 100.0, "mulheres_universo_15m": 18, "mulheres_alfabetizadas": 18, "mulheres_nao_alfabetizadas": 0, "taxa_alfabetizacao_mulheres": 100.0, "classificacao_seplan": "Maior que 99,0%", "fonte": "IBGE — Censo Demográfico 2022 (Agregados por Setores)", "natureza": "Dados estatísticos oficiais agregados por setor censitário"}}, {"type": "Feature", "geometry": {"type": "Polygon", "coordinates": [[[361919.796909882, 6873240.571170224], [361800.4653689121, 6873178.501004608], [361687.9561854745, 6873115.400954872], [361590.25804987026, 6873062.013533413], [361518.6822238046, 6873172.279735137], [361624.6975682697, 6873232.712663068], [361731.08584919147, 6873294.910854923], [361781.632563913, 6873322.105825583], [361849.1820929617, 6873362.031436805], [361919.796909882, 6873240.571170224]]]}, "properties": {"id": "431410005010038", "CD_SETOR": "431410005010038", "bairro_seplan": "Centro e Vila Vergueiro", "populacao_universo_15m": 606, "alfabetizados": 606, "nao_alfabetizados": 0, "taxa_alfabetizacao": 100.0, "taxa_analfabetismo": 0.0, "homens_universo_15m": 244, "homens_alfabetizados": 244, "homens_nao_alfabetizados": 0, "taxa_alfabetizacao_homens": 100.0, "mulheres_universo_15m": 362, "mulheres_alfabetizadas": 362, "mulheres_nao_alfabetizadas": 0, "taxa_alfabetizacao_mulheres": 100.0, "classificacao_seplan": "Maior que 99,0%", "fonte": "IBGE — Censo Demográfico 2022 (Agregados por Setores)", "natureza": "Dados estatísticos oficiais agregados por setor censitário"}}, {"type": "Feature", "geometry": {"type": "Polygon", "coordinates": [[[362722.9383791874, 6874020.411594851], [362818.72389390285, 6873908.401589323], [362696.2491055996, 6873801.558683664], [362596.908926154, 6873912.917121046], [362537.7917036834, 6873983.19702653], [362495.66257661255, 6874031.965278498], [362407.204545876, 6874132.810324064], [362530.3243696258, 6874239.131687426], [362617.6168560153, 6874141.463663287], [362644.9397622743, 6874110.453143539], [362722.9383791874, 6874020.411594851]]]}, "properties": {"id": "431410005010039", "CD_SETOR": "431410005010039", "bairro_seplan": "Centro e Vila Vergueiro", "populacao_universo_15m": 800, "alfabetizados": 792, "nao_alfabetizados": 8, "taxa_alfabetizacao": 99.0, "taxa_analfabetismo": 1.0, "homens_universo_15m": 371, "homens_alfabetizados": 367, "homens_nao_alfabetizados": 4, "taxa_alfabetizacao_homens": 98.92, "mulheres_universo_15m": 429, "mulheres_alfabetizadas": 425, "mulheres_nao_alfabetizadas": 4, "taxa_alfabetizacao_mulheres": 99.07, "classificacao_seplan": "97,5% a 99,0%", "fonte": "IBGE — Censo Demográfico 2022 (Agregados por Setores)", "natureza": "Dados estatísticos oficiais agregados por setor censitário"}}, {"type": "Feature", "geometry": {"type": "Polygon", "coordinates": [[[361298.7075259194, 6872716.484684681], [361186.4514939921, 6872654.978148846], [361079.69477058365, 6872596.482511624], [360968.7854578565, 6872535.776333464], [360949.911901179, 6872574.0406786185], [360894.4075831582, 6872676.402293945], [361002.1176940874, 6872737.260013215], [361105.9221211426, 6872797.439340429], [361223.5281435114, 6872859.629700895], [361282.8452939887, 6872744.811513086], [361298.7075259194, 6872716.484684681]]]}, "properties": {"id": "431410005010040", "CD_SETOR": "431410005010040", "bairro_seplan": "Centro e Vila Vergueiro", "populacao_universo_15m": 734, "alfabetizados": 730, "nao_alfabetizados": 4, "taxa_alfabetizacao": 99.46, "taxa_analfabetismo": 0.54, "homens_universo_15m": 309, "homens_alfabetizados": 309, "homens_nao_alfabetizados": 0, "taxa_alfabetizacao_homens": 100.0, "mulheres_universo_15m": 421, "mulheres_alfabetizadas": 421, "mulheres_nao_alfabetizadas": 0, "taxa_alfabetizacao_mulheres": 100.0, "classificacao_seplan": "Maior que 99,0%", "fonte": "IBGE — Censo Demográfico 2022 (Agregados por Setores)", "natureza": "Dados estatísticos oficiais agregados por setor censitário"}}, {"type": "Feature", "geometry": {"type": "Polygon", "coordinates": [[[361681.35541782377, 6872774.296836136], [361573.39381219936, 6872715.359612614], [361469.1304076726, 6872654.879896272], [361364.4179677131, 6872597.651867547], [361298.7075259194, 6872716.484684681], [361401.4767538451, 6872772.992424619], [361510.5623372914, 6872834.80332084], [361617.1357362564, 6872896.75007427], [361681.35541782377, 6872774.296836136]]]}, "properties": {"id": "431410005010041", "CD_SETOR": "431410005010041", "bairro_seplan": "Centro e Vila Vergueiro", "populacao_universo_15m": 276, "alfabetizados": 276, "nao_alfabetizados": 0, "taxa_alfabetizacao": 100.0, "taxa_analfabetismo": 0.0, "homens_universo_15m": 96, "homens_alfabetizados": 96, "homens_nao_alfabetizados": 0, "taxa_alfabetizacao_homens": 100.0, "mulheres_universo_15m": 180, "mulheres_alfabetizadas": 180, "mulheres_nao_alfabetizadas": 0, "taxa_alfabetizacao_mulheres": 100.0, "classificacao_seplan": "Maior que 99,0%", "fonte": "IBGE — Censo Demográfico 2022 (Agregados por Setores)", "natureza": "Dados estatísticos oficiais agregados por setor censitário"}}, {"type": "Feature", "geometry": {"type": "Polygon", "coordinates": [[[361743.65187496855, 6872661.860553855], [361639.2276953349, 6872604.2062084945], [361532.86362401163, 6872545.564173764], [361426.7191523592, 6872485.0066225305], [361364.4179677131, 6872597.651867547], [361469.1304076726, 6872654.879896272], [361573.39381219936, 6872715.359612614], [361681.35541782377, 6872774.296836136], [361743.65187496855, 6872661.860553855]]]}, "properties": {"id": "431410005010042", "CD_SETOR": "431410005010042", "bairro_seplan": "Centro e Vila Vergueiro", "populacao_universo_15m": 586, "alfabetizados": 582, "nao_alfabetizados": 4, "taxa_alfabetizacao": 99.32, "taxa_analfabetismo": 0.68, "homens_universo_15m": 230, "homens_alfabetizados": 230, "homens_nao_alfabetizados": 0, "taxa_alfabetizacao_homens": 100.0, "mulheres_universo_15m": 355, "mulheres_alfabetizadas": 352, "mulheres_nao_alfabetizadas": 3, "taxa_alfabetizacao_mulheres": 99.15, "classificacao_seplan": "Maior que 99,0%", "fonte": "IBGE — Censo Demográfico 2022 (Agregados por Setores)", "natureza": "Dados estatísticos oficiais agregados por setor censitário"}}, {"type": "Feature", "geometry": {"type": "Polygon", "coordinates": [[[361590.25804987026, 6873062.013533413], [361540.3501435114, 6873034.858355577], [361430.4729400389, 6872977.648438029], [361320.0678224471, 6872916.164965183], [361223.5281435114, 6872859.629700895], [361162.92512493767, 6872970.210603154], [361261.51992631773, 6873026.415744011], [361478.6047575444, 6873147.676912965], [361518.6822238046, 6873172.279735137], [361590.25804987026, 6873062.013533413]]]}, "properties": {"id": "431410005010043", "CD_SETOR": "431410005010043", "bairro_seplan": "Centro e Vila Vergueiro", "populacao_universo_15m": 297, "alfabetizados": 297, "nao_alfabetizados": 0, "taxa_alfabetizacao": 100.0, "taxa_analfabetismo": 0.0, "homens_universo_15m": 119, "homens_alfabetizados": 119, "homens_nao_alfabetizados": 0, "taxa_alfabetizacao_homens": 100.0, "mulheres_universo_15m": 178, "mulheres_alfabetizadas": 178, "mulheres_nao_alfabetizadas": 0, "taxa_alfabetizacao_mulheres": 100.0, "classificacao_seplan": "Maior que 99,0%", "fonte": "IBGE — Censo Demográfico 2022 (Agregados por Setores)", "natureza": "Dados estatísticos oficiais agregados por setor censitário"}}, {"type": "Feature", "geometry": {"type": "Polygon", "coordinates": [[[361617.1357362564, 6872896.75007427], [361510.5623372914, 6872834.80332084], [361401.4767538451, 6872772.992424619], [361298.7075259194, 6872716.484684681], [361282.8452939887, 6872744.811513086], [361223.5281435114, 6872859.629700895], [361320.0678224471, 6872916.164965183], [361430.4729400389, 6872977.648438029], [361540.3501435114, 6873034.858355577], [361604.9231831303, 6872920.931124184], [361617.1357362564, 6872896.75007427]]]}, "properties": {"id": "431410005010044", "CD_SETOR": "431410005010044", "bairro_seplan": "Centro e Vila Vergueiro", "populacao_universo_15m": 737, "alfabetizados": 737, "nao_alfabetizados": 0, "taxa_alfabetizacao": 100.0, "taxa_analfabetismo": 0.0, "homens_universo_15m": 312, "homens_alfabetizados": 312, "homens_nao_alfabetizados": 0, "taxa_alfabetizacao_homens": 100.0, "mulheres_universo_15m": 425, "mulheres_alfabetizadas": 425, "mulheres_nao_alfabetizadas": 0, "taxa_alfabetizacao_mulheres": 100.0, "classificacao_seplan": "Maior que 99,0%", "fonte": "IBGE — Censo Demográfico 2022 (Agregados por Setores)", "natureza": "Dados estatísticos oficiais agregados por setor censitário"}}, {"type": "Feature", "geometry": {"type": "Polygon", "coordinates": [[[362328.73145693133, 6873298.19069659], [362236.3729755575, 6873246.798912192], [362118.0506567374, 6873178.8041753275], [362109.1752868892, 6873195.345140067], [362043.9329871163, 6873308.923596723], [362165.08900786535, 6873377.1624681465], [362255.17178994213, 6873426.877240957], [362322.2384991797, 6873311.523712239], [362328.73145693133, 6873298.19069659]]]}, "properties": {"id": "431410005010045", "CD_SETOR": "431410005010045", "bairro_seplan": "Centro e Vila Vergueiro", "populacao_universo_15m": 451, "alfabetizados": 448, "nao_alfabetizados": 3, "taxa_alfabetizacao": 99.33, "taxa_analfabetismo": 0.67, "homens_universo_15m": 174, "homens_alfabetizados": 174, "homens_nao_alfabetizados": 0, "taxa_alfabetizacao_homens": 100.0, "mulheres_universo_15m": 274, "mulheres_alfabetizadas": 274, "mulheres_nao_alfabetizadas": 0, "taxa_alfabetizacao_mulheres": 100.0, "classificacao_seplan": "Maior que 99,0%", "fonte": "IBGE — Censo Demográfico 2022 (Agregados por Setores)", "natureza": "Dados estatísticos oficiais agregados por setor censitário"}}, {"type": "Feature", "geometry": {"type": "Polygon", "coordinates": [[[362403.40977356397, 6873165.12854463], [362305.14390601905, 6873110.499509732], [362190.4598483804, 6873049.506689703], [362118.0506567374, 6873178.8041753275], [362236.3729755575, 6873246.798912192], [362328.73145693133, 6873298.19069659], [362355.31288873137, 6873248.9657431515], [362403.40977356397, 6873165.12854463]]]}, "properties": {"id": "431410005010046", "CD_SETOR": "431410005010046", "bairro_seplan": "Centro e Vila Vergueiro", "populacao_universo_15m": 484, "alfabetizados": 484, "nao_alfabetizados": 0, "taxa_alfabetizacao": 100.0, "taxa_analfabetismo": 0.0, "homens_universo_15m": 204, "homens_alfabetizados": 204, "homens_nao_alfabetizados": 0, "taxa_alfabetizacao_homens": 100.0, "mulheres_universo_15m": 280, "mulheres_alfabetizadas": 280, "mulheres_nao_alfabetizadas": 0, "taxa_alfabetizacao_mulheres": 100.0, "classificacao_seplan": "Maior que 99,0%", "fonte": "IBGE — Censo Demográfico 2022 (Agregados por Setores)", "natureza": "Dados estatísticos oficiais agregados por setor censitário"}}, {"type": "Feature", "geometry": {"type": "Polygon", "coordinates": [[[362424.3347002049, 6872883.563393859], [362296.72674829647, 6872815.329633923], [362241.8474725733, 6872938.326480014], [362190.4598483804, 6873049.506689703], [362305.14390601905, 6873110.499509732], [362360.39752325084, 6873005.137038829], [362424.3347002049, 6872883.563393859]]]}, "properties": {"id": "431410005010047", "CD_SETOR": "431410005010047", "bairro_seplan": "Centro e Vila Vergueiro", "populacao_universo_15m": 795, "alfabetizados": 789, "nao_alfabetizados": 6, "taxa_alfabetizacao": 99.25, "taxa_analfabetismo": 0.75, "homens_universo_15m": 337, "homens_alfabetizados": 337, "homens_nao_alfabetizados": 0, "taxa_alfabetizacao_homens": 100.0, "mulheres_universo_15m": 456, "mulheres_alfabetizadas": 452, "mulheres_nao_alfabetizadas": 4, "taxa_alfabetizacao_mulheres": 99.12, "classificacao_seplan": "Maior que 99,0%", "fonte": "IBGE — Censo Demográfico 2022 (Agregados por Setores)", "natureza": "Dados estatísticos oficiais agregados por setor censitário"}}, {"type": "Feature", "geometry": {"type": "Polygon", "coordinates": [[[362488.2023709414, 6872764.493013582], [362360.18742367206, 6872699.291430162], [362296.72674829647, 6872815.329633923], [362424.3347002049, 6872883.563393859], [362488.2023709414, 6872764.493013582]]]}, "properties": {"id": "431410005010048", "CD_SETOR": "431410005010048", "bairro_seplan": "Centro e Vila Vergueiro", "populacao_universo_15m": 276, "alfabetizados": 276, "nao_alfabetizados": 0, "taxa_alfabetizacao": 100.0, "taxa_analfabetismo": 0.0, "homens_universo_15m": 128, "homens_alfabetizados": 128, "homens_nao_alfabetizados": 0, "taxa_alfabetizacao_homens": 100.0, "mulheres_universo_15m": 148, "mulheres_alfabetizadas": 148, "mulheres_nao_alfabetizadas": 0, "taxa_alfabetizacao_mulheres": 100.0, "classificacao_seplan": "Maior que 99,0%", "fonte": "IBGE — Censo Demográfico 2022 (Agregados por Setores)", "natureza": "Dados estatísticos oficiais agregados por setor censitário"}}, {"type": "Feature", "geometry": {"type": "Polygon", "coordinates": [[[362449.06593363825, 6873395.948627159], [362384.19936035655, 6873338.549253214], [362328.73145693133, 6873298.19069659], [362322.2384991797, 6873311.523712239], [362255.17178994213, 6873426.877240957], [362354.6657650771, 6873509.500978036], [362438.1553517274, 6873407.8010189235], [362449.06593363825, 6873395.948627159]]]}, "properties": {"id": "431410005010049", "CD_SETOR": "431410005010049", "bairro_seplan": "Centro e Vila Vergueiro", "populacao_universo_15m": 520, "alfabetizados": 516, "nao_alfabetizados": 4, "taxa_alfabetizacao": 99.23, "taxa_analfabetismo": 0.77, "homens_universo_15m": 205, "homens_alfabetizados": 205, "homens_nao_alfabetizados": 0, "taxa_alfabetizacao_homens": 100.0, "mulheres_universo_15m": 315, "mulheres_alfabetizadas": 311, "mulheres_nao_alfabetizadas": 4, "taxa_alfabetizacao_mulheres": 98.73, "classificacao_seplan": "Maior que 99,0%", "fonte": "IBGE — Censo Demográfico 2022 (Agregados por Setores)", "natureza": "Dados estatísticos oficiais agregados por setor censitário"}}, {"type": "Feature", "geometry": {"type": "Polygon", "coordinates": [[[362546.4266438592, 6873290.08704026], [362403.40977356397, 6873165.12854463], [362355.31288873137, 6873248.9657431515], [362328.73145693133, 6873298.19069659], [362384.19936035655, 6873338.549253214], [362449.06593363825, 6873395.948627159], [362546.4266438592, 6873290.08704026]]]}, "properties": {"id": "431410005010050", "CD_SETOR": "431410005010050", "bairro_seplan": "Centro e Vila Vergueiro", "populacao_universo_15m": 480, "alfabetizados": 480, "nao_alfabetizados": 0, "taxa_alfabetizacao": 100.0, "taxa_analfabetismo": 0.0, "homens_universo_15m": 187, "homens_alfabetizados": 187, "homens_nao_alfabetizados": 0, "taxa_alfabetizacao_homens": 100.0, "mulheres_universo_15m": 293, "mulheres_alfabetizadas": 293, "mulheres_nao_alfabetizadas": 0, "taxa_alfabetizacao_mulheres": 100.0, "classificacao_seplan": "Maior que 99,0%", "fonte": "IBGE — Censo Demográfico 2022 (Agregados por Setores)", "natureza": "Dados estatísticos oficiais agregados por setor censitário"}}, {"type": "Feature", "geometry": {"type": "Polygon", "coordinates": [[[362043.9329871163, 6873308.923596723], [361919.796909882, 6873240.571170224], [361849.1820929617, 6873362.031436805], [361974.42594035354, 6873433.079098407], [362043.9329871163, 6873308.923596723]]]}, "properties": {"id": "431410005010051", "CD_SETOR": "431410005010051", "bairro_seplan": "Centro e Vila Vergueiro", "populacao_universo_15m": 322, "alfabetizados": 322, "nao_alfabetizados": 0, "taxa_alfabetizacao": 100.0, "taxa_analfabetismo": 0.0, "homens_universo_15m": 134, "homens_alfabetizados": 134, "homens_nao_alfabetizados": 0, "taxa_alfabetizacao_homens": 100.0, "mulheres_universo_15m": 188, "mulheres_alfabetizadas": 188, "mulheres_nao_alfabetizadas": 0, "taxa_alfabetizacao_mulheres": 100.0, "classificacao_seplan": "Maior que 99,0%", "fonte": "IBGE — Censo Demográfico 2022 (Agregados por Setores)", "natureza": "Dados estatísticos oficiais agregados por setor censitário"}}, {"type": "Feature", "geometry": {"type": "Polygon", "coordinates": [[[361898.6829884052, 6873560.951493736], [361974.42594035354, 6873433.079098407], [361849.1820929617, 6873362.031436805], [361781.632563913, 6873322.105825583], [361731.08584919147, 6873294.910854923], [361663.75276607554, 6873419.987618275], [361612.1209117378, 6873504.357129618], [361566.53414827987, 6873584.375510703], [361688.7538812981, 6873650.625902038], [361811.65651314793, 6873716.483982898], [361851.63769402046, 6873643.358543035], [361898.6829884052, 6873560.951493736]]]}, "properties": {"id": "431410005010052", "CD_SETOR": "431410005010052", "bairro_seplan": "Centro e Vila Vergueiro", "populacao_universo_15m": 386, "alfabetizados": 386, "nao_alfabetizados": 0, "taxa_alfabetizacao": 100.0, "taxa_analfabetismo": 0.0, "homens_universo_15m": 173, "homens_alfabetizados": 173, "homens_nao_alfabetizados": 0, "taxa_alfabetizacao_homens": 100.0, "mulheres_universo_15m": 213, "mulheres_alfabetizadas": 213, "mulheres_nao_alfabetizadas": 0, "taxa_alfabetizacao_mulheres": 100.0, "classificacao_seplan": "Maior que 99,0%", "fonte": "IBGE — Censo Demográfico 2022 (Agregados por Setores)", "natureza": "Dados estatísticos oficiais agregados por setor censitário"}}, {"type": "Feature", "geometry": {"type": "Polygon", "coordinates": [[[362360.18742367206, 6872699.291430162], [362255.0213407787, 6872641.057841774], [362220.12993814936, 6872630.358219352], [362167.68845416734, 6872622.036572387], [362127.061704383, 6872619.4369528415], [362108.6567449324, 6872619.389292669], [362097.57870722964, 6872637.234396846], [362067.0355213219, 6872691.366082557], [362083.5453413131, 6872700.001936179], [362187.8469472971, 6872755.77805081], [362296.72674829647, 6872815.329633923], [362360.18742367206, 6872699.291430162]]]}, "properties": {"id": "431410005010053", "CD_SETOR": "431410005010053", "bairro_seplan": "Centro e Vila Vergueiro", "populacao_universo_15m": 376, "alfabetizados": 373, "nao_alfabetizados": 3, "taxa_alfabetizacao": 99.2, "taxa_analfabetismo": 0.8, "homens_universo_15m": 156, "homens_alfabetizados": 156, "homens_nao_alfabetizados": 0, "taxa_alfabetizacao_homens": 100.0, "mulheres_universo_15m": 217, "mulheres_alfabetizadas": 217, "mulheres_nao_alfabetizadas": 0, "taxa_alfabetizacao_mulheres": 100.0, "classificacao_seplan": "Maior que 99,0%", "fonte": "IBGE — Censo Demográfico 2022 (Agregados por Setores)", "natureza": "Dados estatísticos oficiais agregados por setor censitário"}}, {"type": "Feature", "geometry": {"type": "Polygon", "coordinates": [[[362620.64061948075, 6872829.943812819], [362608.15361638926, 6872728.8821717985], [362604.2344068596, 6872713.17896394], [362596.5597702791, 6872692.201909128], [362590.33068110637, 6872676.870871009], [362561.6661814024, 6872633.377344182], [362538.6348771498, 6872618.549755614], [362471.4131660244, 6872598.78856094], [362383.3972517177, 6872579.450685713], [362270.75845170853, 6872563.283702964], [362151.8616543998, 6872548.705123905], [362092.66248950793, 6872540.238121506], [362001.32136650535, 6872534.41113392], [362009.4691257747, 6872490.989646044], [362015.8642212484, 6872437.9846100565], [361949.883564031, 6872423.010834606], [361886.650867439, 6872389.429919793], [361803.52020937146, 6872547.212690126], [361879.34268092486, 6872587.400972251], [361956.43009879696, 6872629.376465817], [361894.4049027071, 6872745.673204746], [362001.40625669394, 6872806.336006057], [362067.0355213219, 6872691.366082557], [362097.57870722964, 6872637.234396846], [362108.6567449324, 6872619.389292669], [362127.061704383, 6872619.4369528415], [362167.68845416734, 6872622.036572387], [362220.12993814936, 6872630.358219352], [362255.0213407787, 6872641.057841774], [362360.18742367206, 6872699.291430162], [362488.2023709414, 6872764.493013582], [362584.73235045, 6872814.63481268], [362591.3175263039, 6872824.639883164], [362594.6638448967, 6872835.593677355], [362599.2581102779, 6872852.313095838], [362608.887247522, 6872840.9222390205], [362620.64061948075, 6872829.943812819]]]}, "properties": {"id": "431410005010054", "CD_SETOR": "431410005010054", "bairro_seplan": "Centro e Vila Vergueiro", "populacao_universo_15m": 495, "alfabetizados": 495, "nao_alfabetizados": 0, "taxa_alfabetizacao": 100.0, "taxa_analfabetismo": 0.0, "homens_universo_15m": 201, "homens_alfabetizados": 201, "homens_nao_alfabetizados": 0, "taxa_alfabetizacao_homens": 100.0, "mulheres_universo_15m": 294, "mulheres_alfabetizadas": 294, "mulheres_nao_alfabetizadas": 0, "taxa_alfabetizacao_mulheres": 100.0, "classificacao_seplan": "Maior que 99,0%", "fonte": "IBGE — Censo Demográfico 2022 (Agregados por Setores)", "natureza": "Dados estatísticos oficiais agregados por setor censitário"}}, {"type": "Feature", "geometry": {"type": "Polygon", "coordinates": [[[363185.27595190215, 6873849.402398783], [363167.63874862366, 6873830.261302879], [363243.85410450096, 6873742.046606068], [363164.6849744043, 6873671.976323849], [363240.54183618724, 6873586.694070945], [363152.37349852733, 6873510.92392359], [363071.1429082573, 6873440.275058297], [363020.79300495045, 6873401.707601858], [362878.563671637, 6873582.584340014], [362786.14093090565, 6873697.636602903], [363063.9328890791, 6873940.243356114], [363087.94213298964, 6873907.143641856], [363120.98938986403, 6873880.741430374], [363175.2917989703, 6873855.825242257], [363185.27595190215, 6873849.402398783]]]}, "properties": {"id": "431410005010055", "CD_SETOR": "431410005010055", "bairro_seplan": "Centro e Vila Vergueiro", "populacao_universo_15m": 664, "alfabetizados": 655, "nao_alfabetizados": 9, "taxa_alfabetizacao": 98.64, "taxa_analfabetismo": 1.36, "homens_universo_15m": 314, "homens_alfabetizados": 310, "homens_nao_alfabetizados": 4, "taxa_alfabetizacao_homens": 98.73, "mulheres_universo_15m": 350, "mulheres_alfabetizadas": 345, "mulheres_nao_alfabetizadas": 5, "taxa_alfabetizacao_mulheres": 98.57, "classificacao_seplan": "97,5% a 99,0%", "fonte": "IBGE — Censo Demográfico 2022 (Agregados por Setores)", "natureza": "Dados estatísticos oficiais agregados por setor censitário"}}, {"type": "Feature", "geometry": {"type": "Polygon", "coordinates": [[[363243.85410450096, 6873742.046606068], [363167.63874862366, 6873830.261302879], [363185.27595190215, 6873849.402398783], [363225.6870681618, 6873823.395058002], [363245.7737636564, 6873809.630906396], [363254.89198231045, 6873801.713148832], [363269.4470492831, 6873781.779485239], [363275.59586391965, 6873770.137464299], [363243.85410450096, 6873742.046606068]]]}, "properties": {"id": "431410005010056", "CD_SETOR": "431410005010056", "bairro_seplan": "Centro e Vila Vergueiro", "populacao_universo_15m": 0, "alfabetizados": 0, "nao_alfabetizados": 0, "taxa_alfabetizacao": null, "taxa_analfabetismo": null, "homens_universo_15m": 0, "homens_alfabetizados": 0, "homens_nao_alfabetizados": 0, "taxa_alfabetizacao_homens": null, "mulheres_universo_15m": 0, "mulheres_alfabetizadas": 0, "mulheres_nao_alfabetizadas": 0, "taxa_alfabetizacao_mulheres": null, "classificacao_seplan": "Setor não residencial ou sem população", "fonte": "IBGE — Censo Demográfico 2022 (Agregados por Setores)", "natureza": "Dados estatísticos oficiais agregados por setor censitário"}}, {"type": "Feature", "geometry": {"type": "Polygon", "coordinates": [[[359366.990241962, 6873572.336976628], [359345.59130641614, 6873414.93791607], [359341.9070979075, 6873387.19072126], [359332.8103230718, 6873325.20429123], [359326.57473815395, 6873263.550956342], [359320.30735247716, 6873201.276673197], [359311.1987783853, 6873130.380596552], [359301.44409306144, 6873058.546000614], [359292.5915202333, 6872992.561989289], [359288.152480831, 6872985.472651033], [359256.10391043074, 6872994.101788516], [359177.67925277934, 6873068.624835403], [359153.57249289873, 6873070.255835926], [359118.62128600694, 6873069.630419332], [359117.2694347777, 6873181.027055049], [359112.8690989702, 6873292.176939882], [359111.4978410995, 6873354.792881314], [359110.429477557, 6873418.343253165], [359198.7841894082, 6873406.027551426], [359210.4066973679, 6873494.916511565], [359220.0860660612, 6873573.099907936], [359236.84473515284, 6873658.337445766], [359246.07758422726, 6873656.7071510255], [359277.34934267885, 6873624.3656015145], [359308.0973359617, 6873608.052572256], [359328.02263230196, 6873595.877550997], [359342.1134111058, 6873587.534015408], [359355.5300544143, 6873580.600896591], [359366.990241962, 6873572.336976628]]]}, "properties": {"id": "431410005020001", "CD_SETOR": "431410005020001", "bairro_seplan": "Boqueirão", "populacao_universo_15m": 547, "alfabetizados": 540, "nao_alfabetizados": 7, "taxa_alfabetizacao": 98.72, "taxa_analfabetismo": 1.28, "homens_universo_15m": 243, "homens_alfabetizados": 240, "homens_nao_alfabetizados": 3, "taxa_alfabetizacao_homens": 98.77, "mulheres_universo_15m": 304, "mulheres_alfabetizadas": 300, "mulheres_nao_alfabetizadas": 4, "taxa_alfabetizacao_mulheres": 98.68, "classificacao_seplan": "97,5% a 99,0%", "fonte": "IBGE — Censo Demográfico 2022 (Agregados por Setores)", "natureza": "Dados estatísticos oficiais agregados por setor censitário"}}, {"type": "Feature", "geometry": {"type": "Polygon", "coordinates": [[[359682.2042698391, 6873235.824329184], [359681.83638387476, 6873232.08554806], [359697.11882947653, 6873187.619270839], [359719.76413562975, 6873174.3344161175], [359740.8608450752, 6873138.491655845], [359789.01694226667, 6873076.971640253], [359841.03653510765, 6872996.4924901], [359865.75346316525, 6872984.705674356], [359867.17484827095, 6872956.564636882], [359883.3467504472, 6872928.0880323965], [359906.08868215967, 6872892.4306628965], [359917.53264905594, 6872867.998315347], [359919.97833496967, 6872824.554880304], [359871.4462043587, 6872799.248181725], [359533.3685515248, 6872739.511419691], [359398.6052208664, 6872713.469715338], [359366.5795267174, 6872711.959880432], [359317.69647620956, 6872716.378133377], [359254.72890186426, 6872722.069717033], [359261.83204889396, 6872783.301284531], [359279.89023739577, 6872929.291595414], [359253.23256731284, 6872941.696921857], [359150.2386889169, 6873041.969707944], [359153.57249289873, 6873070.255835926], [359177.67925277934, 6873068.624835403], [359256.10391043074, 6872994.101788516], [359288.152480831, 6872985.472651033], [359292.5915202333, 6872992.561989289], [359301.44409306144, 6873058.546000614], [359311.1987783853, 6873130.380596552], [359320.30735247716, 6873201.276673197], [359326.57473815395, 6873263.550956342], [359332.8103230718, 6873325.20429123], [359341.9070979075, 6873387.19072126], [359345.59130641614, 6873414.93791607], [359366.990241962, 6873572.336976628], [359383.2850311424, 6873565.127649323], [359426.82929905626, 6873540.37782733], [359450.4853541793, 6873528.823029482], [359465.26133810345, 6873529.71828036], [359481.58725309884, 6873499.149591176], [359489.5971245526, 6873454.109854412], [359512.9563602522, 6873422.848692029], [359546.71772849595, 6873394.757977519], [359583.979718527, 6873396.694863639], [359624.52767398563, 6873381.2948623095], [359654.9687318852, 6873377.565826666], [359668.88486802205, 6873371.502629637], [359686.59950201365, 6873354.535904199], [359691.9742667267, 6873308.234879239], [359687.5236575844, 6873275.5364643885], [359685.663384055, 6873258.604256881], [359683.93926828494, 6873242.604495717], [359682.2042698391, 6873235.824329184]]]}, "properties": {"id": "431410005020002", "CD_SETOR": "431410005020002", "bairro_seplan": "Boqueirão", "populacao_universo_15m": 1417, "alfabetizados": 1407, "nao_alfabetizados": 10, "taxa_alfabetizacao": 99.29, "taxa_analfabetismo": 0.71, "homens_universo_15m": 678, "homens_alfabetizados": 672, "homens_nao_alfabetizados": 6, "taxa_alfabetizacao_homens": 99.12, "mulheres_universo_15m": 739, "mulheres_alfabetizadas": 735, "mulheres_nao_alfabetizadas": 4, "taxa_alfabetizacao_mulheres": 99.46, "classificacao_seplan": "Maior que 99,0%", "fonte": "IBGE — Censo Demográfico 2022 (Agregados por Setores)", "natureza": "Dados estatísticos oficiais agregados por setor censitário"}}, {"type": "Feature", "geometry": {"type": "Polygon", "coordinates": [[[359977.18350869126, 6873182.5050863195], [360076.79748534004, 6873097.910084002], [360139.5347403708, 6872991.991349334], [359917.53264905594, 6872867.998315347], [359906.08868215967, 6872892.4306628965], [359883.3467504472, 6872928.0880323965], [359867.17484827095, 6872956.564636882], [359865.75346316525, 6872984.705674356], [359841.03653510765, 6872996.4924901], [359789.01694226667, 6873076.971640253], [359740.8608450752, 6873138.491655845], [359719.76413562975, 6873174.3344161175], [359697.11882947653, 6873187.619270839], [359681.83638387476, 6873232.08554806], [359693.2366019954, 6873217.227197847], [359717.1240624086, 6873205.109496081], [359747.9265039942, 6873195.666517829], [359770.28187206236, 6873197.78128242], [359790.69229552255, 6873203.407991417], [359837.4424535434, 6873203.605611587], [359849.0767899586, 6873202.96731331], [359867.84895951615, 6873197.770184804], [359902.38463207625, 6873183.749954643], [359919.9976801842, 6873171.181021146], [359938.5060756783, 6873169.205355361], [359953.0130734206, 6873169.576021954], [359977.18350869126, 6873182.5050863195]]]}, "properties": {"id": "431410005020003", "CD_SETOR": "431410005020003", "bairro_seplan": "Boqueirão", "populacao_universo_15m": 333, "alfabetizados": 314, "nao_alfabetizados": 19, "taxa_alfabetizacao": 94.29, "taxa_analfabetismo": 5.71, "homens_universo_15m": 166, "homens_alfabetizados": 157, "homens_nao_alfabetizados": 9, "taxa_alfabetizacao_homens": 94.58, "mulheres_universo_15m": 167, "mulheres_alfabetizadas": 157, "mulheres_nao_alfabetizadas": 10, "taxa_alfabetizacao_mulheres": 94.01, "classificacao_seplan": "92,0% a 95,0%", "fonte": "IBGE — Censo Demográfico 2022 (Agregados por Setores)", "natureza": "Dados estatísticos oficiais agregados por setor censitário"}}, {"type": "Feature", "geometry": {"type": "Polygon", "coordinates": [[[360589.2820003382, 6873332.71608281], [360649.9357712354, 6873251.847485656], [360565.02242601186, 6873203.698991148], [360476.8076476191, 6873158.5140859615], [360454.60061150335, 6873150.462787518], [360402.0251190573, 6873132.546449169], [360361.5931215905, 6873115.747922681], [360233.3246676599, 6873044.281238726], [360139.5347403708, 6872991.991349334], [360076.79748534004, 6873097.910084002], [359977.18350869126, 6873182.5050863195], [359989.62636903, 6873189.843706939], [360007.9519656151, 6873193.384304646], [360025.2730982796, 6873193.909971621], [360044.52575486165, 6873190.391524466], [360064.30047977186, 6873190.02631476], [360074.44355710247, 6873185.214695482], [360082.80611135706, 6873179.1298802355], [360100.52317466564, 6873165.209987406], [360121.7296273541, 6873158.245978872], [360135.7383031766, 6873148.448925503], [360155.6712929474, 6873145.470227689], [360171.9601853023, 6873140.332018448], [360185.9209008479, 6873140.430012552], [360193.7767447401, 6873144.035357313], [360210.4834328769, 6873150.072043633], [360249.57580118044, 6873148.981059971], [360255.80302593624, 6873143.413970459], [360282.80273999885, 6873145.227854868], [360301.01501871675, 6873159.227478869], [360299.92857274925, 6873163.170738857], [360243.57408096036, 6873261.209007377], [360372.92605169327, 6873334.195245673], [360437.53410454927, 6873376.931350089], [360512.56108776113, 6873430.660338568], [360589.2820003382, 6873332.71608281]]]}, "properties": {"id": "431410005020004", "CD_SETOR": "431410005020004", "bairro_seplan": "Vera Cruz", "populacao_universo_15m": 472, "alfabetizados": 458, "nao_alfabetizados": 14, "taxa_alfabetizacao": 97.03, "taxa_analfabetismo": 2.97, "homens_universo_15m": 216, "homens_alfabetizados": 213, "homens_nao_alfabetizados": 3, "taxa_alfabetizacao_homens": 98.61, "mulheres_universo_15m": 256, "mulheres_alfabetizadas": 245, "mulheres_nao_alfabetizadas": 11, "taxa_alfabetizacao_mulheres": 95.7, "classificacao_seplan": "95,0% a 97,5%", "fonte": "IBGE — Censo Demográfico 2022 (Agregados por Setores)", "natureza": "Dados estatísticos oficiais agregados por setor censitário"}}, {"type": "Feature", "geometry": {"type": "Polygon", "coordinates": [[[360918.43369421124, 6873412.385281036], [360796.5564797922, 6873336.711466808], [360721.2561082274, 6873292.854573418], [360702.88433518296, 6873282.355467123], [360649.9357712354, 6873251.847485656], [360589.2820003382, 6873332.71608281], [360672.57824870804, 6873387.4830862535], [360741.5259808579, 6873436.77315394], [360864.9077113626, 6873518.925542941], [360893.18655552075, 6873464.4154723175], [360918.43369421124, 6873412.385281036]]]}, "properties": {"id": "431410005020005", "CD_SETOR": "431410005020005", "bairro_seplan": "Boqueirão", "populacao_universo_15m": 120, "alfabetizados": 120, "nao_alfabetizados": 0, "taxa_alfabetizacao": 100.0, "taxa_analfabetismo": 0.0, "homens_universo_15m": 58, "homens_alfabetizados": 58, "homens_nao_alfabetizados": 0, "taxa_alfabetizacao_homens": 100.0, "mulheres_universo_15m": 62, "mulheres_alfabetizadas": 62, "mulheres_nao_alfabetizadas": 0, "taxa_alfabetizacao_mulheres": 100.0, "classificacao_seplan": "Maior que 99,0%", "fonte": "IBGE — Censo Demográfico 2022 (Agregados por Setores)", "natureza": "Dados estatísticos oficiais agregados por setor censitário"}}, {"type": "Feature", "geometry": {"type": "Polygon", "coordinates": [[[361107.11469963857, 6873073.600140297], [360984.3850603478, 6873010.606254977], [360928.14586469985, 6872981.313119223], [360881.5302084949, 6872957.185619611], [360774.08169099793, 6872898.989490569], [360712.3843590978, 6873009.633048106], [360660.56225222955, 6873101.387760426], [360712.9978207267, 6873130.404812687], [360565.02242601186, 6873203.698991148], [360649.9357712354, 6873251.847485656], [360702.88433518296, 6873282.355467123], [360721.2561082274, 6873292.854573418], [360796.5564797922, 6873336.711466808], [360918.43369421124, 6873412.385281036], [360992.1230428072, 6873282.278289022], [361046.8774604846, 6873184.60590318], [361088.0305637006, 6873112.227917468], [361107.11469963857, 6873073.600140297]]]}, "properties": {"id": "431410005020006", "CD_SETOR": "431410005020006", "bairro_seplan": "Boqueirão", "populacao_universo_15m": 451, "alfabetizados": 448, "nao_alfabetizados": 3, "taxa_alfabetizacao": 99.33, "taxa_analfabetismo": 0.67, "homens_universo_15m": 199, "homens_alfabetizados": 199, "homens_nao_alfabetizados": 0, "taxa_alfabetizacao_homens": 100.0, "mulheres_universo_15m": 252, "mulheres_alfabetizadas": 249, "mulheres_nao_alfabetizadas": 3, "taxa_alfabetizacao_mulheres": 98.81, "classificacao_seplan": "Maior que 99,0%", "fonte": "IBGE — Censo Demográfico 2022 (Agregados por Setores)", "natureza": "Dados estatísticos oficiais agregados por setor censitário"}}, {"type": "Feature", "geometry": {"type": "Polygon", "coordinates": [[[360774.08169099793, 6872898.989490569], [360533.146866707, 6872759.371867403], [360511.88275979273, 6872797.197488828], [360502.7811450558, 6872842.823287418], [360472.4784579746, 6873005.994719543], [360418.36642694694, 6873000.316342996], [360299.1673450579, 6872932.791142115], [360233.3246676599, 6873044.281238726], [360361.5931215905, 6873115.747922681], [360402.0251190573, 6873132.546449169], [360454.60061150335, 6873150.462787518], [360476.8076476191, 6873158.5140859615], [360565.02242601186, 6873203.698991148], [360712.9978207267, 6873130.404812687], [360660.56225222955, 6873101.387760426], [360712.3843590978, 6873009.633048106], [360774.08169099793, 6872898.989490569]]]}, "properties": {"id": "431410005020007", "CD_SETOR": "431410005020007", "bairro_seplan": "Boqueirão", "populacao_universo_15m": 643, "alfabetizados": 620, "nao_alfabetizados": 23, "taxa_alfabetizacao": 96.42, "taxa_analfabetismo": 3.58, "homens_universo_15m": 302, "homens_alfabetizados": 294, "homens_nao_alfabetizados": 8, "taxa_alfabetizacao_homens": 97.35, "mulheres_universo_15m": 341, "mulheres_alfabetizadas": 326, "mulheres_nao_alfabetizadas": 15, "taxa_alfabetizacao_mulheres": 95.6, "classificacao_seplan": "95,0% a 97,5%", "fonte": "IBGE — Censo Demográfico 2022 (Agregados por Setores)", "natureza": "Dados estatísticos oficiais agregados por setor censitário"}}, {"type": "Feature", "geometry": {"type": "Polygon", "coordinates": [[[360831.8281080546, 6872787.157939853], [360894.4075831582, 6872676.402293945], [360949.911901179, 6872574.0406786185], [360968.7854578565, 6872535.776333464], [360860.47231487243, 6872477.991734682], [360727.39774834807, 6872411.814970559], [360708.8381459706, 6872448.353962619], [360660.05067235767, 6872544.211101903], [360553.0555141781, 6872483.746331522], [360492.4574047763, 6872593.504132412], [360430.3626969898, 6872703.620829217], [360552.6758898641, 6872723.077213164], [360533.146866707, 6872759.371867403], [360774.08169099793, 6872898.989490569], [360831.8281080546, 6872787.157939853]]]}, "properties": {"id": "431410005020008", "CD_SETOR": "431410005020008", "bairro_seplan": "Boqueirão", "populacao_universo_15m": 604, "alfabetizados": 598, "nao_alfabetizados": 6, "taxa_alfabetizacao": 99.01, "taxa_analfabetismo": 0.99, "homens_universo_15m": 269, "homens_alfabetizados": 266, "homens_nao_alfabetizados": 3, "taxa_alfabetizacao_homens": 98.88, "mulheres_universo_15m": 335, "mulheres_alfabetizadas": 332, "mulheres_nao_alfabetizadas": 3, "taxa_alfabetizacao_mulheres": 99.1, "classificacao_seplan": "Maior que 99,0%", "fonte": "IBGE — Censo Demográfico 2022 (Agregados por Setores)", "natureza": "Dados estatísticos oficiais agregados por setor censitário"}}, {"type": "Feature", "geometry": {"type": "Polygon", "coordinates": [[[361159.2254494164, 6872194.728618003], [361041.0325622822, 6872130.480278466], [360984.48289909307, 6872241.063426655], [360752.736932395, 6872111.9515585825], [360689.175281309, 6872232.93410497], [360786.33739965304, 6872285.946511364], [360923.40650334914, 6872361.101079457], [361034.1643379762, 6872419.501099349], [361095.7178284711, 6872305.56325455], [361159.2254494164, 6872194.728618003]]]}, "properties": {"id": "431410005020009", "CD_SETOR": "431410005020009", "bairro_seplan": "Boqueirão", "populacao_universo_15m": 664, "alfabetizados": 653, "nao_alfabetizados": 11, "taxa_alfabetizacao": 98.34, "taxa_analfabetismo": 1.66, "homens_universo_15m": 294, "homens_alfabetizados": 291, "homens_nao_alfabetizados": 3, "taxa_alfabetizacao_homens": 98.98, "mulheres_universo_15m": 370, "mulheres_alfabetizadas": 362, "mulheres_nao_alfabetizadas": 8, "taxa_alfabetizacao_mulheres": 97.84, "classificacao_seplan": "97,5% a 99,0%", "fonte": "IBGE — Censo Demográfico 2022 (Agregados por Setores)", "natureza": "Dados estatísticos oficiais agregados por setor censitário"}}, {"type": "Feature", "geometry": {"type": "Polygon", "coordinates": [[[360689.175281309, 6872232.93410497], [360752.736932395, 6872111.9515585825], [360984.48289909307, 6872241.063426655], [361041.0325622822, 6872130.480278466], [360966.0801150862, 6872089.354600199], [360903.2154234769, 6872054.874918617], [360809.6581409116, 6872004.9641348105], [360836.1022077339, 6871955.242044102], [360686.66395299806, 6871874.533178819], [360648.370386204, 6871853.926356175], [360608.3875653383, 6871830.983544076], [360532.62158042885, 6871790.909187135], [360476.179390372, 6871760.281348112], [360442.4841377919, 6871839.194409721], [360381.3270281121, 6871982.432987858], [360351.2961643583, 6872049.986216063], [360287.8579129496, 6872191.8123603], [360403.1859956677, 6872252.477540905], [360516.3491224154, 6872307.1210588105], [360619.02217724937, 6872357.861458989], [360689.175281309, 6872232.93410497]]]}, "properties": {"id": "431410005020010", "CD_SETOR": "431410005020010", "bairro_seplan": "Boqueirão", "populacao_universo_15m": 552, "alfabetizados": 546, "nao_alfabetizados": 6, "taxa_alfabetizacao": 98.91, "taxa_analfabetismo": 1.09, "homens_universo_15m": 251, "homens_alfabetizados": 247, "homens_nao_alfabetizados": 4, "taxa_alfabetizacao_homens": 98.41, "mulheres_universo_15m": 299, "mulheres_alfabetizadas": 299, "mulheres_nao_alfabetizadas": 0, "taxa_alfabetizacao_mulheres": 100.0, "classificacao_seplan": "97,5% a 99,0%", "fonte": "IBGE — Censo Demográfico 2022 (Agregados por Setores)", "natureza": "Dados estatísticos oficiais agregados por setor censitário"}}, {"type": "Feature", "geometry": {"type": "Polygon", "coordinates": [[[360836.1022077339, 6871955.242044102], [360917.6303764726, 6871807.774502164], [360928.51460079267, 6871787.312953072], [360917.10950247356, 6871726.697158086], [360916.59410814533, 6871710.412594295], [360915.0378594913, 6871693.373373573], [360917.2548249031, 6871676.655431677], [360926.9547947638, 6871669.333576504], [360936.9269375545, 6871663.898736509], [360948.62740032154, 6871659.991215786], [360961.4546484066, 6871655.36552286], [360952.7262676553, 6871616.63357655], [360958.64175760176, 6871567.268970495], [360925.3400128217, 6871433.071047397], [360865.2011158839, 6871250.187955662], [360864.18009145145, 6871198.414889022], [360768.94633323094, 6871193.307864722], [360586.69979860284, 6871129.676145835], [360532.99121186626, 6871146.309410963], [360360.8170106702, 6871192.165968763], [360305.18565335975, 6871229.564297192], [360255.8361180329, 6871269.972977055], [360230.2404746722, 6871284.232302004], [360199.36025191774, 6871290.738785995], [360213.62059306086, 6871618.9717332395], [360219.3446065866, 6871716.810355222], [360228.23817901383, 6871764.6427286705], [360255.2207543758, 6871818.4394565895], [360300.2784802987, 6871877.734817769], [360327.2855938636, 6871913.668435339], [360370.6211334871, 6871975.979505288], [360381.3270281121, 6871982.432987858], [360442.4841377919, 6871839.194409721], [360476.179390372, 6871760.281348112], [360532.62158042885, 6871790.909187135], [360608.3875653383, 6871830.983544076], [360648.370386204, 6871853.926356175], [360686.66395299806, 6871874.533178819], [360836.1022077339, 6871955.242044102]]]}, "properties": {"id": "431410005020011", "CD_SETOR": "431410005020011", "bairro_seplan": "Boqueirão", "populacao_universo_15m": 820, "alfabetizados": 813, "nao_alfabetizados": 7, "taxa_alfabetizacao": 99.15, "taxa_analfabetismo": 0.85, "homens_universo_15m": 396, "homens_alfabetizados": 396, "homens_nao_alfabetizados": 0, "taxa_alfabetizacao_homens": 100.0, "mulheres_universo_15m": 422, "mulheres_alfabetizadas": 417, "mulheres_nao_alfabetizadas": 5, "taxa_alfabetizacao_mulheres": 98.82, "classificacao_seplan": "Maior que 99,0%", "fonte": "IBGE — Censo Demográfico 2022 (Agregados por Setores)", "natureza": "Dados estatísticos oficiais agregados por setor censitário"}}, {"type": "Feature", "geometry": {"type": "Polygon", "coordinates": [[[360864.18009145145, 6871198.414889022], [360867.9122334572, 6871056.738996273], [360867.8421661736, 6871029.267447146], [360784.320884372, 6871005.093862762], [360750.2929118321, 6870990.709614243], [360708.0736045504, 6870974.677650668], [360658.3814528643, 6870945.9471017085], [360565.43866315956, 6870900.5179087], [360512.40247755684, 6870877.587282063], [360449.7940675114, 6870853.668323678], [360393.40208468644, 6870841.679313565], [360339.0056545161, 6870831.841163728], [360270.45997203933, 6871050.423254913], [360158.4057765738, 6871204.009348687], [360170.5389644458, 6871219.965584992], [360188.1462565737, 6871259.212968878], [360199.36025191774, 6871290.738785995], [360230.2404746722, 6871284.232302004], [360255.8361180329, 6871269.972977055], [360305.18565335975, 6871229.564297192], [360360.8170106702, 6871192.165968763], [360532.99121186626, 6871146.309410963], [360586.69979860284, 6871129.676145835], [360768.94633323094, 6871193.307864722], [360864.18009145145, 6871198.414889022]]]}, "properties": {"id": "431410005020012", "CD_SETOR": "431410005020012", "bairro_seplan": "Boqueirão", "populacao_universo_15m": 562, "alfabetizados": 548, "nao_alfabetizados": 14, "taxa_alfabetizacao": 97.51, "taxa_analfabetismo": 2.49, "homens_universo_15m": 260, "homens_alfabetizados": 251, "homens_nao_alfabetizados": 9, "taxa_alfabetizacao_homens": 96.54, "mulheres_universo_15m": 302, "mulheres_alfabetizadas": 297, "mulheres_nao_alfabetizadas": 5, "taxa_alfabetizacao_mulheres": 98.34, "classificacao_seplan": "97,5% a 99,0%", "fonte": "IBGE — Censo Demográfico 2022 (Agregados por Setores)", "natureza": "Dados estatísticos oficiais agregados por setor censitário"}}, {"type": "Feature", "geometry": {"type": "Polygon", "coordinates": [[[360381.3270281121, 6871982.432987858], [360370.6211334871, 6871975.979505288], [360327.2855938636, 6871913.668435339], [360300.2784802987, 6871877.734817769], [360255.2207543758, 6871818.4394565895], [360228.23817901383, 6871764.6427286705], [360219.3446065866, 6871716.810355222], [360213.62059306086, 6871618.9717332395], [360199.36025191774, 6871290.738785995], [360188.1462565737, 6871259.212968878], [360170.5389644458, 6871219.965584992], [360158.4057765738, 6871204.009348687], [360105.9114811829, 6871159.197551031], [360038.5369681525, 6871101.831941592], [360011.48925847554, 6871079.549309049], [360004.49475876737, 6871072.0754317865], [359973.3767117697, 6871038.94026753], [359926.87581015145, 6870988.469270434], [359879.3068699535, 6870936.267825235], [359869.76346380473, 6870933.65064626], [359863.95038222475, 6870931.642698297], [359858.6430560503, 6870927.513091022], [359856.1380521108, 6870923.660393128], [359773.8015008853, 6870978.6814450845], [359610.6388358382, 6871102.635945524], [359535.75687161216, 6871151.737567781], [359444.36630424845, 6871212.234280956], [359387.2379310482, 6871252.336755641], [359333.4403418335, 6871287.835355576], [359250.20605351473, 6871344.504578661], [359309.7501767429, 6871356.370119283], [359349.7556106212, 6871374.597109463], [359431.412850562, 6871438.541065702], [359461.4141446785, 6871481.44933264], [359487.16672204377, 6871536.042414108], [359502.3512960035, 6871580.082613654], [359515.2124667597, 6871604.115443878], [359531.57397181686, 6871660.625059828], [359603.88499743404, 6871764.339012351], [359642.82324015297, 6871821.503478082], [359651.7566518093, 6871825.155237485], [359664.0653992747, 6871826.276034232], [359676.48253281135, 6871833.991545687], [359709.6236110827, 6871862.098185498], [359746.88123334374, 6871873.9526334535], [359765.1166383149, 6871917.308182365], [359769.6451491092, 6871929.263157574], [359809.1901467426, 6872027.346738394], [359855.16849877185, 6872134.005582166], [359961.4402936044, 6872118.07329901], [360040.30581054254, 6872116.665843316], [360085.29012731573, 6872115.656170373], [360111.47778402665, 6872119.577539941], [360133.0939190639, 6872125.140405878], [360155.705053175, 6872133.684773931], [360218.29928112024, 6872161.017818522], [360287.8579129496, 6872191.8123603], [360351.2961643583, 6872049.986216063], [360381.3270281121, 6871982.432987858]]]}, "properties": {"id": "431410005020013", "CD_SETOR": "431410005020013", "bairro_seplan": "Alviverde", "populacao_universo_15m": 897, "alfabetizados": 878, "nao_alfabetizados": 19, "taxa_alfabetizacao": 97.88, "taxa_analfabetismo": 2.12, "homens_universo_15m": 413, "homens_alfabetizados": 405, "homens_nao_alfabetizados": 8, "taxa_alfabetizacao_homens": 98.06, "mulheres_universo_15m": 484, "mulheres_alfabetizadas": 473, "mulheres_nao_alfabetizadas": 11, "taxa_alfabetizacao_mulheres": 97.73, "classificacao_seplan": "97,5% a 99,0%", "fonte": "IBGE — Censo Demográfico 2022 (Agregados por Setores)", "natureza": "Dados estatísticos oficiais agregados por setor censitário"}}, {"type": "Feature", "geometry": {"type": "Polygon", "coordinates": [[[359515.2124667597, 6871604.115443878], [359502.3512960035, 6871580.082613654], [359487.16672204377, 6871536.042414108], [359461.4141446785, 6871481.44933264], [359431.412850562, 6871438.541065702], [359349.7556106212, 6871374.597109463], [359309.7501767429, 6871356.370119283], [359250.20605351473, 6871344.504578661], [359190.8918590463, 6871386.818681424], [359143.151840155, 6871426.776649591], [359087.29918064445, 6871471.624709969], [359060.3741512259, 6871498.520834031], [359030.5219158561, 6871529.847938048], [358992.79366527405, 6871572.57281284], [358930.80564125907, 6871654.758263324], [358828.3311982268, 6871794.4509310145], [358751.8474571653, 6871900.797916585], [358702.2753976398, 6871963.305405311], [358742.0468263165, 6872021.890275052], [358797.22863750334, 6872099.663129438], [358834.4775371644, 6872151.00357572], [358855.4783116947, 6872178.569245441], [358871.4248205379, 6872183.191541996], [358875.64176030067, 6872184.161467716], [358878.72660182987, 6872184.630340939], [358884.4534849955, 6872184.85360471], [358888.3911665678, 6872184.556918202], [358892.83427038783, 6872183.8340654075], [358896.2054489235, 6872182.500062874], [358899.9046877538, 6872180.8042733455], [358904.0263333578, 6872178.238071779], [358921.5580564442, 6872165.060177427], [358970.8288935417, 6872130.329424584], [359014.34586801706, 6872097.624494011], [359060.30466800055, 6872064.161643622], [359105.94455880974, 6872029.442636421], [359147.94325165456, 6871998.126561271], [359211.74007485696, 6871952.009400263], [359211.76669336937, 6871863.8014333295], [359293.2320182363, 6871862.285821846], [359354.9957899313, 6871780.672153769], [359440.4235806817, 6871678.184194354], [359515.2124667597, 6871604.115443878]]]}, "properties": {"id": "431410005020014", "CD_SETOR": "431410005020014", "bairro_seplan": "Alviverde", "populacao_universo_15m": 653, "alfabetizados": 644, "nao_alfabetizados": 9, "taxa_alfabetizacao": 98.62, "taxa_analfabetismo": 1.38, "homens_universo_15m": 283, "homens_alfabetizados": 279, "homens_nao_alfabetizados": 4, "taxa_alfabetizacao_homens": 98.59, "mulheres_universo_15m": 370, "mulheres_alfabetizadas": 365, "mulheres_nao_alfabetizadas": 5, "taxa_alfabetizacao_mulheres": 98.65, "classificacao_seplan": "97,5% a 99,0%", "fonte": "IBGE — Censo Demográfico 2022 (Agregados por Setores)", "natureza": "Dados estatísticos oficiais agregados por setor censitário"}}, {"type": "Feature", "geometry": {"type": "Polygon", "coordinates": [[[359597.6868646579, 6872244.922328667], [359726.2570558593, 6872188.59825597], [359821.90783620684, 6872146.644345693], [359855.16849877185, 6872134.005582166], [359809.1901467426, 6872027.346738394], [359769.6451491092, 6871929.263157574], [359765.1166383149, 6871917.308182365], [359746.88123334374, 6871873.9526334535], [359709.6236110827, 6871862.098185498], [359676.48253281135, 6871833.991545687], [359664.0653992747, 6871826.276034232], [359651.7566518093, 6871825.155237485], [359642.82324015297, 6871821.503478082], [359603.88499743404, 6871764.339012351], [359531.57397181686, 6871660.625059828], [359515.2124667597, 6871604.115443878], [359440.4235806817, 6871678.184194354], [359354.9957899313, 6871780.672153769], [359293.2320182363, 6871862.285821846], [359211.76669336937, 6871863.8014333295], [359211.74007485696, 6871952.009400263], [359147.94325165456, 6871998.126561271], [359105.94455880974, 6872029.442636421], [359060.30466800055, 6872064.161643622], [359014.34586801706, 6872097.624494011], [358970.8288935417, 6872130.329424584], [358921.5580564442, 6872165.060177427], [358904.0263333578, 6872178.238071779], [358899.9046877538, 6872180.8042733455], [358896.2054489235, 6872182.500062874], [358892.83427038783, 6872183.8340654075], [358888.3911665678, 6872184.556918202], [358884.4534849955, 6872184.85360471], [358878.72660182987, 6872184.630340939], [358875.64176030067, 6872184.161467716], [358871.4248205379, 6872183.191541996], [358855.4783116947, 6872178.569245441], [358919.4379823477, 6872258.362957301], [358924.9682653595, 6872265.221651004], [358928.83207121433, 6872269.489629125], [358933.0002390612, 6872273.739061989], [358938.68183550274, 6872279.424913829], [358946.9696062174, 6872287.05883962], [358955.33672421385, 6872293.796104915], [358962.62987469125, 6872299.26839272], [358969.7466601691, 6872303.896389041], [358977.2408242043, 6872308.141015898], [358985.46801309864, 6872311.795952341], [358992.00427599344, 6872314.0899303295], [359001.6894788141, 6872317.241356142], [359013.10090811603, 6872320.4354507085], [359028.0971184148, 6872324.137551026], [359043.96237229253, 6872327.362373512], [359059.4662587398, 6872330.449904073], [359094.3905056496, 6872335.64084471], [359233.65080217604, 6872353.539372175], [359292.098395853, 6872362.333232481], [359307.2591295565, 6872363.754149128], [359322.4850296513, 6872364.643910281], [359341.85097638867, 6872365.5494917], [359347.52145067544, 6872365.57239251], [359352.15236995835, 6872365.560803976], [359356.0398611218, 6872365.363097766], [359359.84458212793, 6872364.698989133], [359362.78671470564, 6872363.969247045], [359369.1141584321, 6872361.539848307], [359473.48549382715, 6872307.513497377], [359579.9086548012, 6872253.288932959], [359597.6868646579, 6872244.922328667]]]}, "properties": {"id": "431410005020015", "CD_SETOR": "431410005020015", "bairro_seplan": "Alviverde", "populacao_universo_15m": 810, "alfabetizados": 799, "nao_alfabetizados": 11, "taxa_alfabetizacao": 98.64, "taxa_analfabetismo": 1.36, "homens_universo_15m": 382, "homens_alfabetizados": 377, "homens_nao_alfabetizados": 5, "taxa_alfabetizacao_homens": 98.69, "mulheres_universo_15m": 428, "mulheres_alfabetizadas": 422, "mulheres_nao_alfabetizadas": 6, "taxa_alfabetizacao_mulheres": 98.6, "classificacao_seplan": "97,5% a 99,0%", "fonte": "IBGE — Censo Demográfico 2022 (Agregados por Setores)", "natureza": "Dados estatísticos oficiais agregados por setor censitário"}}, {"type": "Feature", "geometry": {"type": "Polygon", "coordinates": [[[359236.28891698725, 6872598.403847244], [359258.22623323434, 6872591.826840986], [359308.8807887123, 6872581.113450224], [359386.49838513724, 6872561.94293266], [359474.52822662843, 6872517.673933571], [359551.1865728429, 6872475.873840582], [359589.81851638376, 6872566.578129223], [359750.24585860566, 6872591.8351427335], [359720.4593558329, 6872517.968960028], [359672.1760376056, 6872409.5537029095], [359603.46397415333, 6872259.141668739], [359597.6868646579, 6872244.922328667], [359579.9086548012, 6872253.288932959], [359473.48549382715, 6872307.513497377], [359369.1141584321, 6872361.539848307], [359362.78671470564, 6872363.969247045], [359359.84458212793, 6872364.698989133], [359356.0398611218, 6872365.363097766], [359352.15236995835, 6872365.560803976], [359347.52145067544, 6872365.57239251], [359341.85097638867, 6872365.5494917], [359322.4850296513, 6872364.643910281], [359307.2591295565, 6872363.754149128], [359292.098395853, 6872362.333232481], [359233.65080217604, 6872353.539372175], [359094.3905056496, 6872335.64084471], [359059.4662587398, 6872330.449904073], [359043.96237229253, 6872327.362373512], [359028.0971184148, 6872324.137551026], [359013.10090811603, 6872320.4354507085], [359001.6894788141, 6872317.241356142], [358992.00427599344, 6872314.0899303295], [358985.46801309864, 6872311.795952341], [358977.2408242043, 6872308.141015898], [358969.7466601691, 6872303.896389041], [358962.62987469125, 6872299.26839272], [358955.33672421385, 6872293.796104915], [358946.9696062174, 6872287.05883962], [358938.68183550274, 6872279.424913829], [358933.0002390612, 6872273.739061989], [358928.83207121433, 6872269.489629125], [358924.9682653595, 6872265.221651004], [358919.4379823477, 6872258.362957301], [358855.4783116947, 6872178.569245441], [358834.4775371644, 6872151.00357572], [358797.22863750334, 6872099.663129438], [358742.0468263165, 6872021.890275052], [358702.2753976398, 6871963.305405311], [358625.0290563018, 6872059.37006175], [358562.8238928466, 6872146.183273539], [358475.3576837242, 6872278.804887952], [358459.0514465285, 6872330.6489578225], [358465.5347234643, 6872343.95758239], [358471.33514640306, 6872356.116664892], [358478.9639039093, 6872361.40487756], [358488.50799705565, 6872364.865324863], [358497.19264960545, 6872367.174122205], [358523.861374137, 6872358.748888948], [358562.59156321234, 6872339.308356335], [358580.93463379645, 6872331.371060171], [358606.9852059133, 6872322.938278824], [358636.144611562, 6872317.900169672], [358660.81140949315, 6872316.908610377], [358674.3412730759, 6872325.923877931], [358726.82301935705, 6872327.335718597], [358739.2352722039, 6872393.1411594], [358746.4188113218, 6872433.363728091], [358751.6258378424, 6872461.605865445], [358759.64628572017, 6872507.356946231], [358764.68083293235, 6872531.96230109], [358776.43774488056, 6872599.289101806], [358870.25627934077, 6872600.615941286], [358948.79473242996, 6872602.281229153], [359089.73704846075, 6872604.376985532], [359110.0900278031, 6872604.818144932], [359192.19762111414, 6872605.006043848], [359236.28891698725, 6872598.403847244]]]}, "properties": {"id": "431410005020016", "CD_SETOR": "431410005020016", "bairro_seplan": "Boqueirão", "populacao_universo_15m": 623, "alfabetizados": 616, "nao_alfabetizados": 7, "taxa_alfabetizacao": 98.88, "taxa_analfabetismo": 1.12, "homens_universo_15m": 292, "homens_alfabetizados": 288, "homens_nao_alfabetizados": 4, "taxa_alfabetizacao_homens": 98.63, "mulheres_universo_15m": 331, "mulheres_alfabetizadas": 328, "mulheres_nao_alfabetizadas": 3, "taxa_alfabetizacao_mulheres": 99.09, "classificacao_seplan": "97,5% a 99,0%", "fonte": "IBGE — Censo Demográfico 2022 (Agregados por Setores)", "natureza": "Dados estatísticos oficiais agregados por setor censitário"}}, {"type": "Feature", "geometry": {"type": "Polygon", "coordinates": [[[358746.4188113218, 6872433.363728091], [358739.2352722039, 6872393.1411594], [358726.82301935705, 6872327.335718597], [358674.3412730759, 6872325.923877931], [358660.81140949315, 6872316.908610377], [358636.144611562, 6872317.900169672], [358606.9852059133, 6872322.938278824], [358580.93463379645, 6872331.371060171], [358562.59156321234, 6872339.308356335], [358523.861374137, 6872358.748888948], [358509.04591821745, 6872403.241615659], [358578.51917940687, 6872420.4261792945], [358630.2270958938, 6872430.827349454], [358660.4116917181, 6872432.8159488775], [358746.4188113218, 6872433.363728091]]]}, "properties": {"id": "431410005020017", "CD_SETOR": "431410005020017", "bairro_seplan": "Boqueirão", "populacao_universo_15m": 36, "alfabetizados": 36, "nao_alfabetizados": 0, "taxa_alfabetizacao": 100.0, "taxa_analfabetismo": 0.0, "homens_universo_15m": 17, "homens_alfabetizados": 17, "homens_nao_alfabetizados": 0, "taxa_alfabetizacao_homens": 100.0, "mulheres_universo_15m": 19, "mulheres_alfabetizadas": 19, "mulheres_nao_alfabetizadas": 0, "taxa_alfabetizacao_mulheres": 100.0, "classificacao_seplan": "Maior que 99,0%", "fonte": "IBGE — Censo Demográfico 2022 (Agregados por Setores)", "natureza": "Dados estatísticos oficiais agregados por setor censitário"}}, {"type": "Feature", "geometry": {"type": "Polygon", "coordinates": [[[358948.79473242996, 6872602.281229153], [358870.25627934077, 6872600.615941286], [358776.43774488056, 6872599.289101806], [358790.2618673654, 6872678.420062686], [358816.75463727606, 6872826.650504272], [358830.916546909, 6872906.306211598], [358844.55908169225, 6872985.102434121], [358852.43450124434, 6872992.797979346], [358880.0051255075, 6873002.678081219], [359146.4475135972, 6873009.234495373], [359135.96909624944, 6872924.90233061], [359126.2885662161, 6872912.221069544], [359109.7349332692, 6872896.665676286], [359007.6649265304, 6872792.761674589], [359008.2858863864, 6872719.033152921], [359008.1738577769, 6872699.561730916], [358981.13485799805, 6872668.943749116], [358948.47161748144, 6872634.413577866], [358948.79473242996, 6872602.281229153]]]}, "properties": {"id": "431410005020018", "CD_SETOR": "431410005020018", "bairro_seplan": "Boqueirão", "populacao_universo_15m": 492, "alfabetizados": 482, "nao_alfabetizados": 10, "taxa_alfabetizacao": 97.97, "taxa_analfabetismo": 2.03, "homens_universo_15m": 224, "homens_alfabetizados": 220, "homens_nao_alfabetizados": 4, "taxa_alfabetizacao_homens": 98.21, "mulheres_universo_15m": 268, "mulheres_alfabetizadas": 262, "mulheres_nao_alfabetizadas": 6, "taxa_alfabetizacao_mulheres": 97.76, "classificacao_seplan": "97,5% a 99,0%", "fonte": "IBGE — Censo Demográfico 2022 (Agregados por Setores)", "natureza": "Dados estatísticos oficiais agregados por setor censitário"}}, {"type": "Feature", "geometry": {"type": "Polygon", "coordinates": [[[360032.1921417559, 6872643.922619412], [359979.5031044602, 6872634.203138834], [359910.5050346347, 6872622.240816531], [359828.6123491004, 6872606.369164975], [359750.24585860566, 6872591.8351427335], [359589.81851638376, 6872566.578129223], [359551.1865728429, 6872475.873840582], [359474.52822662843, 6872517.673933571], [359386.49838513724, 6872561.94293266], [359393.7624084803, 6872637.792706741], [359398.6052208664, 6872713.469715338], [359533.3685515248, 6872739.511419691], [359871.4462043587, 6872799.248181725], [359919.97833496967, 6872824.554880304], [359922.8556568935, 6872811.03630235], [359931.6760918362, 6872794.407518756], [359947.1721043891, 6872784.927451584], [359967.0034407916, 6872780.540561929], [359999.6638360105, 6872744.900349368], [360023.10410391376, 6872696.562831143], [360025.76730636193, 6872667.9156093355], [360032.1921417559, 6872643.922619412]]]}, "properties": {"id": "431410005020019", "CD_SETOR": "431410005020019", "bairro_seplan": "Boqueirão", "populacao_universo_15m": 493, "alfabetizados": 485, "nao_alfabetizados": 8, "taxa_alfabetizacao": 98.38, "taxa_analfabetismo": 1.62, "homens_universo_15m": 227, "homens_alfabetizados": 222, "homens_nao_alfabetizados": 5, "taxa_alfabetizacao_homens": 97.8, "mulheres_universo_15m": 266, "mulheres_alfabetizadas": 263, "mulheres_nao_alfabetizadas": 3, "taxa_alfabetizacao_mulheres": 98.87, "classificacao_seplan": "97,5% a 99,0%", "fonte": "IBGE — Censo Demográfico 2022 (Agregados por Setores)", "natureza": "Dados estatísticos oficiais agregados por setor censitário"}}, {"type": "Feature", "geometry": {"type": "Polygon", "coordinates": [[[360533.146866707, 6872759.371867403], [360552.6758898641, 6872723.077213164], [360430.3626969898, 6872703.620829217], [360310.97857201623, 6872685.405517513], [360190.3443169772, 6872666.731000599], [360032.1921417559, 6872643.922619412], [360025.76730636193, 6872667.9156093355], [360023.10410391376, 6872696.562831143], [359999.6638360105, 6872744.900349368], [359967.0034407916, 6872780.540561929], [359947.1721043891, 6872784.927451584], [359931.6760918362, 6872794.407518756], [359922.8556568935, 6872811.03630235], [359919.97833496967, 6872824.554880304], [359917.53264905594, 6872867.998315347], [360139.5347403708, 6872991.991349334], [360233.3246676599, 6873044.281238726], [360299.1673450579, 6872932.791142115], [360418.36642694694, 6873000.316342996], [360472.4784579746, 6873005.994719543], [360502.7811450558, 6872842.823287418], [360511.88275979273, 6872797.197488828], [360533.146866707, 6872759.371867403]]]}, "properties": {"id": "431410005020020", "CD_SETOR": "431410005020020", "bairro_seplan": "Boqueirão", "populacao_universo_15m": 727, "alfabetizados": 712, "nao_alfabetizados": 15, "taxa_alfabetizacao": 97.94, "taxa_analfabetismo": 2.06, "homens_universo_15m": 353, "homens_alfabetizados": 345, "homens_nao_alfabetizados": 8, "taxa_alfabetizacao_homens": 97.73, "mulheres_universo_15m": 374, "mulheres_alfabetizadas": 367, "mulheres_nao_alfabetizadas": 7, "taxa_alfabetizacao_mulheres": 98.13, "classificacao_seplan": "97,5% a 99,0%", "fonte": "IBGE — Censo Demográfico 2022 (Agregados por Setores)", "natureza": "Dados estatísticos oficiais agregados por setor censitário"}}, {"type": "Feature", "geometry": {"type": "Polygon", "coordinates": [[[360727.39774834807, 6872411.814970559], [360619.02217724937, 6872357.861458989], [360516.3491224154, 6872307.1210588105], [360403.1859956677, 6872252.477540905], [360343.0428489828, 6872367.725261294], [360190.3443169772, 6872666.731000599], [360310.97857201623, 6872685.405517513], [360430.3626969898, 6872703.620829217], [360492.4574047763, 6872593.504132412], [360553.0555141781, 6872483.746331522], [360660.05067235767, 6872544.211101903], [360708.8381459706, 6872448.353962619], [360727.39774834807, 6872411.814970559]]]}, "properties": {"id": "431410005020021", "CD_SETOR": "431410005020021", "bairro_seplan": "Boqueirão", "populacao_universo_15m": 730, "alfabetizados": 720, "nao_alfabetizados": 10, "taxa_alfabetizacao": 98.63, "taxa_analfabetismo": 1.37, "homens_universo_15m": 328, "homens_alfabetizados": 324, "homens_nao_alfabetizados": 4, "taxa_alfabetizacao_homens": 98.78, "mulheres_universo_15m": 402, "mulheres_alfabetizadas": 396, "mulheres_nao_alfabetizadas": 6, "taxa_alfabetizacao_mulheres": 98.51, "classificacao_seplan": "97,5% a 99,0%", "fonte": "IBGE — Censo Demográfico 2022 (Agregados por Setores)", "natureza": "Dados estatísticos oficiais agregados por setor censitário"}}, {"type": "Feature", "geometry": {"type": "Polygon", "coordinates": [[[360403.1859956677, 6872252.477540905], [360287.8579129496, 6872191.8123603], [360218.29928112024, 6872161.017818522], [360108.5868653507, 6872211.652000582], [359924.89438662713, 6872291.808239508], [359974.3181128002, 6872401.831571002], [359845.481847386, 6872461.5018131975], [359906.91405294806, 6872595.658470957], [359910.4604604303, 6872606.903636297], [359910.5050346347, 6872622.240816531], [359979.5031044602, 6872634.203138834], [360032.1921417559, 6872643.922619412], [360190.3443169772, 6872666.731000599], [360343.0428489828, 6872367.725261294], [360403.1859956677, 6872252.477540905]]]}, "properties": {"id": "431410005020022", "CD_SETOR": "431410005020022", "bairro_seplan": "Boqueirão", "populacao_universo_15m": 759, "alfabetizados": 726, "nao_alfabetizados": 33, "taxa_alfabetizacao": 95.65, "taxa_analfabetismo": 4.35, "homens_universo_15m": 377, "homens_alfabetizados": 357, "homens_nao_alfabetizados": 20, "taxa_alfabetizacao_homens": 94.69, "mulheres_universo_15m": 382, "mulheres_alfabetizadas": 369, "mulheres_nao_alfabetizadas": 13, "taxa_alfabetizacao_mulheres": 96.6, "classificacao_seplan": "95,0% a 97,5%", "fonte": "IBGE — Censo Demográfico 2022 (Agregados por Setores)", "natureza": "Dados estatísticos oficiais agregados por setor censitário"}}, {"type": "Feature", "geometry": {"type": "Polygon", "coordinates": [[[360218.29928112024, 6872161.017818522], [360155.705053175, 6872133.684773931], [360133.0939190639, 6872125.140405878], [360111.47778402665, 6872119.577539941], [360085.29012731573, 6872115.656170373], [360040.30581054254, 6872116.665843316], [359961.4402936044, 6872118.07329901], [359855.16849877185, 6872134.005582166], [359821.90783620684, 6872146.644345693], [359726.2570558593, 6872188.59825597], [359597.6868646579, 6872244.922328667], [359603.46397415333, 6872259.141668739], [359672.1760376056, 6872409.5537029095], [359720.4593558329, 6872517.968960028], [359750.24585860566, 6872591.8351427335], [359828.6123491004, 6872606.369164975], [359910.5050346347, 6872622.240816531], [359910.4604604303, 6872606.903636297], [359906.91405294806, 6872595.658470957], [359845.481847386, 6872461.5018131975], [359974.3181128002, 6872401.831571002], [359924.89438662713, 6872291.808239508], [360108.5868653507, 6872211.652000582], [360218.29928112024, 6872161.017818522]]]}, "properties": {"id": "431410005020023", "CD_SETOR": "431410005020023", "bairro_seplan": "Boqueirão", "populacao_universo_15m": 335, "alfabetizados": 328, "nao_alfabetizados": 7, "taxa_alfabetizacao": 97.91, "taxa_analfabetismo": 2.09, "homens_universo_15m": 154, "homens_alfabetizados": 154, "homens_nao_alfabetizados": 0, "taxa_alfabetizacao_homens": 100.0, "mulheres_universo_15m": 179, "mulheres_alfabetizadas": 174, "mulheres_nao_alfabetizadas": 5, "taxa_alfabetizacao_mulheres": 97.21, "classificacao_seplan": "97,5% a 99,0%", "fonte": "IBGE — Censo Demográfico 2022 (Agregados por Setores)", "natureza": "Dados estatísticos oficiais agregados por setor censitário"}}, {"type": "Feature", "geometry": {"type": "Polygon", "coordinates": [[[359110.429477557, 6873418.343253165], [359111.4978410995, 6873354.792881314], [359112.8690989702, 6873292.176939882], [359117.2694347777, 6873181.027055049], [359118.62128600694, 6873069.630419332], [359153.57249289873, 6873070.255835926], [359150.2386889169, 6873041.969707944], [359146.4475135972, 6873009.234495373], [358880.0051255075, 6873002.678081219], [358852.43450124434, 6872992.797979346], [358855.67219272075, 6873055.502049921], [358869.9747353258, 6873062.332097318], [359052.52153639856, 6873068.7347220415], [359050.81799168605, 6873137.818300912], [359043.2573205709, 6873476.188605929], [359110.6255481518, 6873462.992638873], [359110.429477557, 6873418.343253165]]]}, "properties": {"id": "431410005020024", "CD_SETOR": "431410005020024", "bairro_seplan": "Boqueirão", "populacao_universo_15m": 241, "alfabetizados": 241, "nao_alfabetizados": 0, "taxa_alfabetizacao": 100.0, "taxa_analfabetismo": 0.0, "homens_universo_15m": 115, "homens_alfabetizados": 115, "homens_nao_alfabetizados": 0, "taxa_alfabetizacao_homens": 100.0, "mulheres_universo_15m": 126, "mulheres_alfabetizadas": 126, "mulheres_nao_alfabetizadas": 0, "taxa_alfabetizacao_mulheres": 100.0, "classificacao_seplan": "Maior que 99,0%", "fonte": "IBGE — Censo Demográfico 2022 (Agregados por Setores)", "natureza": "Dados estatísticos oficiais agregados por setor censitário"}}, {"type": "Feature", "geometry": {"type": "Polygon", "coordinates": [[[360339.0056545161, 6870831.841163728], [360270.0384931462, 6870835.616331106], [360187.4898033982, 6870842.3005145565], [360088.246885146, 6870862.118097378], [360037.51766258164, 6870872.368113512], [359990.5777667393, 6870882.37454428], [359905.50327055366, 6870902.690362693], [359856.1380521108, 6870923.660393128], [359858.6430560503, 6870927.513091022], [359863.95038222475, 6870931.642698297], [359869.76346380473, 6870933.65064626], [359879.3068699535, 6870936.267825235], [359926.87581015145, 6870988.469270434], [359973.3767117697, 6871038.94026753], [360004.49475876737, 6871072.0754317865], [360011.48925847554, 6871079.549309049], [360038.5369681525, 6871101.831941592], [360105.9114811829, 6871159.197551031], [360158.4057765738, 6871204.009348687], [360270.45997203933, 6871050.423254913], [360339.0056545161, 6870831.841163728]]]}, "properties": {"id": "431410005020025", "CD_SETOR": "431410005020025", "bairro_seplan": "Boqueirão", "populacao_universo_15m": 377, "alfabetizados": 366, "nao_alfabetizados": 11, "taxa_alfabetizacao": 97.08, "taxa_analfabetismo": 2.92, "homens_universo_15m": 181, "homens_alfabetizados": 178, "homens_nao_alfabetizados": 3, "taxa_alfabetizacao_homens": 98.34, "mulheres_universo_15m": 196, "mulheres_alfabetizadas": 188, "mulheres_nao_alfabetizadas": 8, "taxa_alfabetizacao_mulheres": 95.92, "classificacao_seplan": "95,0% a 97,5%", "fonte": "IBGE — Censo Demográfico 2022 (Agregados por Setores)", "natureza": "Dados estatísticos oficiais agregados por setor censitário"}}, {"type": "Feature", "geometry": {"type": "Polygon", "coordinates": [[[361034.1643379762, 6872419.501099349], [360923.40650334914, 6872361.101079457], [360786.33739965304, 6872285.946511364], [360689.175281309, 6872232.93410497], [360619.02217724937, 6872357.861458989], [360727.39774834807, 6872411.814970559], [360860.47231487243, 6872477.991734682], [360968.7854578565, 6872535.776333464], [361034.1643379762, 6872419.501099349]]]}, "properties": {"id": "431410005020026", "CD_SETOR": "431410005020026", "bairro_seplan": "Boqueirão", "populacao_universo_15m": 448, "alfabetizados": 445, "nao_alfabetizados": 3, "taxa_alfabetizacao": 99.33, "taxa_analfabetismo": 0.67, "homens_universo_15m": 207, "homens_alfabetizados": 207, "homens_nao_alfabetizados": 0, "taxa_alfabetizacao_homens": 100.0, "mulheres_universo_15m": 241, "mulheres_alfabetizadas": 238, "mulheres_nao_alfabetizadas": 3, "taxa_alfabetizacao_mulheres": 98.76, "classificacao_seplan": "Maior que 99,0%", "fonte": "IBGE — Censo Demográfico 2022 (Agregados por Setores)", "natureza": "Dados estatísticos oficiais agregados por setor censitário"}}, {"type": "Feature", "geometry": {"type": "Polygon", "coordinates": [[[359254.72890186426, 6872722.069717033], [359247.9182940052, 6872672.57684003], [359236.28891698725, 6872598.403847244], [359192.19762111414, 6872605.006043848], [359110.0900278031, 6872604.818144932], [359089.73704846075, 6872604.376985532], [358948.79473242996, 6872602.281229153], [358948.47161748144, 6872634.413577866], [358981.13485799805, 6872668.943749116], [359008.1738577769, 6872699.561730916], [359008.2858863864, 6872719.033152921], [359007.6649265304, 6872792.761674589], [359109.7349332692, 6872896.665676286], [359126.2885662161, 6872912.221069544], [359135.96909624944, 6872924.90233061], [359146.4475135972, 6873009.234495373], [359150.2386889169, 6873041.969707944], [359253.23256731284, 6872941.696921857], [359279.89023739577, 6872929.291595414], [359261.83204889396, 6872783.301284531], [359254.72890186426, 6872722.069717033]]]}, "properties": {"id": "431410005020027", "CD_SETOR": "431410005020027", "bairro_seplan": "Boqueirão", "populacao_universo_15m": 388, "alfabetizados": 384, "nao_alfabetizados": 4, "taxa_alfabetizacao": 98.97, "taxa_analfabetismo": 1.03, "homens_universo_15m": 165, "homens_alfabetizados": 165, "homens_nao_alfabetizados": 0, "taxa_alfabetizacao_homens": 100.0, "mulheres_universo_15m": 219, "mulheres_alfabetizadas": 219, "mulheres_nao_alfabetizadas": 0, "taxa_alfabetizacao_mulheres": 100.0, "classificacao_seplan": "97,5% a 99,0%", "fonte": "IBGE — Censo Demográfico 2022 (Agregados por Setores)", "natureza": "Dados estatísticos oficiais agregados por setor censitário"}}, {"type": "Feature", "geometry": {"type": "Polygon", "coordinates": [[[359398.6052208664, 6872713.469715338], [359393.7624084803, 6872637.792706741], [359386.49838513724, 6872561.94293266], [359308.8807887123, 6872581.113450224], [359258.22623323434, 6872591.826840986], [359236.28891698725, 6872598.403847244], [359247.9182940052, 6872672.57684003], [359254.72890186426, 6872722.069717033], [359317.69647620956, 6872716.378133377], [359366.5795267174, 6872711.959880432], [359398.6052208664, 6872713.469715338]]]}, "properties": {"id": "431410005020028", "CD_SETOR": "431410005020028", "bairro_seplan": "Boqueirão", "populacao_universo_15m": 454, "alfabetizados": 449, "nao_alfabetizados": 5, "taxa_alfabetizacao": 98.9, "taxa_analfabetismo": 1.1, "homens_universo_15m": 176, "homens_alfabetizados": 176, "homens_nao_alfabetizados": 0, "taxa_alfabetizacao_homens": 100.0, "mulheres_universo_15m": 277, "mulheres_alfabetizadas": 273, "mulheres_nao_alfabetizadas": 4, "taxa_alfabetizacao_mulheres": 98.56, "classificacao_seplan": "97,5% a 99,0%", "fonte": "IBGE — Censo Demográfico 2022 (Agregados por Setores)", "natureza": "Dados estatísticos oficiais agregados por setor censitário"}}, {"type": "Feature", "geometry": {"type": "Polygon", "coordinates": [[[359224.0430706333, 6875359.734959522], [359236.14855924074, 6875341.882255648], [359260.7897623632, 6875286.423797507], [359277.366898007, 6875246.4723479245], [359295.9322769565, 6875205.181422954], [359313.5759213645, 6875176.246383853], [359284.98693403375, 6875167.375026233], [359043.2400135292, 6875098.429939484], [359094.4436404823, 6875079.567529572], [359061.5854460194, 6874978.979597843], [358872.30063757347, 6875045.768913897], [358705.55610848044, 6875105.011106819], [358652.7111020747, 6875124.01856626], [358636.1239986083, 6875126.713395231], [358615.6078798945, 6875127.244877129], [358552.9420529449, 6875106.485646658], [358548.264449375, 6875195.192158554], [358657.41423800815, 6875226.876875313], [358766.5050443481, 6875255.313002048], [358914.88793156715, 6875296.249308027], [358922.02492388315, 6875298.506038882], [358894.7094396052, 6875400.507255883], [358881.60449580866, 6875448.744061239], [358864.9258042307, 6875515.278117366], [358858.1693635902, 6875548.708004942], [358906.10239623935, 6875550.086402973], [358946.7861119009, 6875547.910047044], [358981.09140365396, 6875542.388817657], [359009.61343261297, 6875532.986846874], [359044.5719298929, 6875515.416632658], [359074.0147376609, 6875494.567277636], [359120.5591016704, 6875459.935982147], [359141.76053305366, 6875443.033429275], [359166.6037237126, 6875421.907686091], [359188.2442279081, 6875401.896391824], [359200.8307282027, 6875389.833907962], [359224.0430706333, 6875359.734959522]]]}, "properties": {"id": "431410005030001", "CD_SETOR": "431410005030001", "bairro_seplan": "Vera Cruz", "populacao_universo_15m": 954, "alfabetizados": 917, "nao_alfabetizados": 37, "taxa_alfabetizacao": 96.12, "taxa_analfabetismo": 3.88, "homens_universo_15m": 446, "homens_alfabetizados": 433, "homens_nao_alfabetizados": 13, "taxa_alfabetizacao_homens": 97.09, "mulheres_universo_15m": 508, "mulheres_alfabetizadas": 484, "mulheres_nao_alfabetizadas": 24, "taxa_alfabetizacao_mulheres": 95.28, "classificacao_seplan": "95,0% a 97,5%", "fonte": "IBGE — Censo Demográfico 2022 (Agregados por Setores)", "natureza": "Dados estatísticos oficiais agregados por setor censitário"}}, {"type": "Feature", "geometry": {"type": "Polygon", "coordinates": [[[359504.8686476484, 6875130.439797544], [359539.8521794393, 6875137.967834698], [359572.67754119984, 6875144.6059013605], [359588.92377817, 6875146.648574078], [359605.5618743334, 6875146.257954279], [359621.47967114334, 6875143.709011086], [359638.92501646304, 6875137.288538478], [359652.05427871895, 6875132.3795109475], [359681.10566594114, 6875116.24478639], [359696.58571492194, 6875105.058186365], [359715.543599883, 6875088.549265958], [359728.0821372584, 6875073.826169461], [359761.462399406, 6875035.125317314], [359801.402702893, 6874987.68105835], [359905.2835741339, 6874843.840838261], [359980.3740200202, 6874743.852835729], [360034.35029809934, 6874677.635327226], [360019.4962103789, 6874662.433905564], [360002.0273363794, 6874677.586728774], [359988.9882120568, 6874690.7195452005], [359968.22836410475, 6874716.161348574], [359940.78634770063, 6874749.879655014], [359857.0278318883, 6874856.757476747], [359779.40252878604, 6874953.534494525], [359581.6500911635, 6875019.835962558], [359427.1539697363, 6875075.188179934], [359383.98140001437, 6875085.49252259], [359368.89892230637, 6875092.084662491], [359321.88910885097, 6875123.940972756], [359284.98693403375, 6875167.375026233], [359313.5759213645, 6875176.246383853], [359353.5586398034, 6875137.846433004], [359393.3732470827, 6875124.399647674], [359423.77431242575, 6875117.800421554], [359450.740155, 6875120.369094716], [359465.70833288605, 6875121.776256431], [359504.8686476484, 6875130.439797544]]]}, "properties": {"id": "431410005030002", "CD_SETOR": "431410005030002", "bairro_seplan": "Vera Cruz", "populacao_universo_15m": 452, "alfabetizados": 395, "nao_alfabetizados": 57, "taxa_alfabetizacao": 87.39, "taxa_analfabetismo": 12.61, "homens_universo_15m": 236, "homens_alfabetizados": 208, "homens_nao_alfabetizados": 28, "taxa_alfabetizacao_homens": 88.14, "mulheres_universo_15m": 216, "mulheres_alfabetizadas": 187, "mulheres_nao_alfabetizadas": 29, "taxa_alfabetizacao_mulheres": 86.57, "classificacao_seplan": "Menor que 92,0%", "fonte": "IBGE — Censo Demográfico 2022 (Agregados por Setores)", "natureza": "Dados estatísticos oficiais agregados por setor censitário"}}, {"type": "Feature", "geometry": {"type": "Polygon", "coordinates": [[[359857.0278318883, 6874856.757476747], [359815.83194108214, 6874825.243410589], [359725.7317445051, 6874747.762295673], [359722.90485307516, 6874745.335324987], [359551.1607936672, 6874805.748848651], [359509.8133963771, 6874820.297188368], [359455.23444273125, 6874839.287573835], [359302.02661600604, 6874893.711414065], [359061.5854460194, 6874978.979597843], [359094.4436404823, 6875079.567529572], [359043.2400135292, 6875098.429939484], [359284.98693403375, 6875167.375026233], [359321.88910885097, 6875123.940972756], [359368.89892230637, 6875092.084662491], [359383.98140001437, 6875085.49252259], [359427.1539697363, 6875075.188179934], [359581.6500911635, 6875019.835962558], [359779.40252878604, 6874953.534494525], [359857.0278318883, 6874856.757476747]]]}, "properties": {"id": "431410005030003", "CD_SETOR": "431410005030003", "bairro_seplan": "Vera Cruz", "populacao_universo_15m": 705, "alfabetizados": 682, "nao_alfabetizados": 23, "taxa_alfabetizacao": 96.74, "taxa_analfabetismo": 3.26, "homens_universo_15m": 328, "homens_alfabetizados": 320, "homens_nao_alfabetizados": 8, "taxa_alfabetizacao_homens": 97.56, "mulheres_universo_15m": 377, "mulheres_alfabetizadas": 362, "mulheres_nao_alfabetizadas": 15, "taxa_alfabetizacao_mulheres": 96.02, "classificacao_seplan": "95,0% a 97,5%", "fonte": "IBGE — Censo Demográfico 2022 (Agregados por Setores)", "natureza": "Dados estatísticos oficiais agregados por setor censitário"}}, {"type": "Feature", "geometry": {"type": "Polygon", "coordinates": [[[359722.90485307516, 6874745.335324987], [359633.4179411398, 6874670.032633232], [359629.8196463098, 6874667.2862407975], [359582.44873555284, 6874629.470555042], [359533.75024825736, 6874588.602658147], [359442.97262210055, 6874511.454691753], [359395.6386099188, 6874485.540043382], [359195.2880576808, 6874424.644949481], [359109.49915927823, 6874423.527543854], [359044.7446430548, 6874422.747899717], [358958.3366688549, 6874420.048490815], [358927.25191006646, 6874550.384516276], [358943.3318955864, 6874635.73622434], [358976.699725642, 6874740.331075644], [359012.30366331816, 6874839.300817362], [359061.5854460194, 6874978.979597843], [359302.02661600604, 6874893.711414065], [359455.23444273125, 6874839.287573835], [359509.8133963771, 6874820.297188368], [359551.1607936672, 6874805.748848651], [359722.90485307516, 6874745.335324987]]]}, "properties": {"id": "431410005030004", "CD_SETOR": "431410005030004", "bairro_seplan": "Vera Cruz", "populacao_universo_15m": 805, "alfabetizados": 789, "nao_alfabetizados": 16, "taxa_alfabetizacao": 98.01, "taxa_analfabetismo": 1.99, "homens_universo_15m": 380, "homens_alfabetizados": 376, "homens_nao_alfabetizados": 4, "taxa_alfabetizacao_homens": 98.95, "mulheres_universo_15m": 425, "mulheres_alfabetizadas": 413, "mulheres_nao_alfabetizadas": 12, "taxa_alfabetizacao_mulheres": 97.18, "classificacao_seplan": "97,5% a 99,0%", "fonte": "IBGE — Censo Demográfico 2022 (Agregados por Setores)", "natureza": "Dados estatísticos oficiais agregados por setor censitário"}}, {"type": "Feature", "geometry": {"type": "Polygon", "coordinates": [[[359061.5854460194, 6874978.979597843], [359012.30366331816, 6874839.300817362], [358976.699725642, 6874740.331075644], [358943.3318955864, 6874635.73622434], [358927.25191006646, 6874550.384516276], [358958.3366688549, 6874420.048490815], [358833.85282692086, 6874382.077982198], [358713.355153396, 6874347.278524201], [358687.1750499853, 6874475.068292199], [358661.469672699, 6874569.530722195], [358660.97709397296, 6874571.342213323], [358627.7481313867, 6874686.958125854], [358599.6969925903, 6874757.489874487], [358537.57123344246, 6874893.383996667], [358501.9934777471, 6874955.592387289], [358436.99991609796, 6875056.933230292], [358552.9420529449, 6875106.485646658], [358615.6078798945, 6875127.244877129], [358636.1239986083, 6875126.713395231], [358652.7111020747, 6875124.01856626], [358705.55610848044, 6875105.011106819], [358872.30063757347, 6875045.768913897], [359061.5854460194, 6874978.979597843]]]}, "properties": {"id": "431410005030005", "CD_SETOR": "431410005030005", "bairro_seplan": "Vera Cruz", "populacao_universo_15m": 993, "alfabetizados": 966, "nao_alfabetizados": 27, "taxa_alfabetizacao": 97.28, "taxa_analfabetismo": 2.72, "homens_universo_15m": 473, "homens_alfabetizados": 463, "homens_nao_alfabetizados": 10, "taxa_alfabetizacao_homens": 97.89, "mulheres_universo_15m": 520, "mulheres_alfabetizadas": 503, "mulheres_nao_alfabetizadas": 17, "taxa_alfabetizacao_mulheres": 96.73, "classificacao_seplan": "95,0% a 97,5%", "fonte": "IBGE — Censo Demográfico 2022 (Agregados por Setores)", "natureza": "Dados estatísticos oficiais agregados por setor censitário"}}, {"type": "Feature", "geometry": {"type": "Polygon", "coordinates": [[[359593.6490657573, 6874144.548570715], [359533.7996956423, 6874094.240288869], [359501.9893050918, 6874067.589881411], [359410.2806830696, 6873989.056276564], [359269.1631247216, 6873871.251050821], [359218.43147337914, 6873829.260433866], [359168.6225110245, 6873789.751681497], [359112.6624540965, 6873745.216301073], [359097.82824529824, 6873730.191122644], [359078.53134213004, 6873751.382435622], [359047.12177971273, 6873804.344392616], [359003.36443598184, 6873831.184765388], [358956.4104151082, 6873828.100400216], [358874.57042197546, 6873831.094871889], [358889.9586474619, 6873884.524071397], [358882.6442951124, 6873908.816266002], [358922.0391834023, 6873918.016673207], [358959.43047401356, 6873914.992493615], [358969.2128831574, 6873919.984541459], [358966.42723525304, 6873930.633939784], [358949.24385985837, 6873998.525134042], [358927.4318209729, 6874068.644079011], [358903.2560755192, 6874147.733015081], [358878.3523034486, 6874225.3061831705], [358853.4747722834, 6874303.123411361], [358833.85282692086, 6874382.077982198], [358958.3366688549, 6874420.048490815], [359044.7446430548, 6874422.747899717], [359109.49915927823, 6874423.527543854], [359195.2880576808, 6874424.644949481], [359395.6386099188, 6874485.540043382], [359442.97262210055, 6874511.454691753], [359531.5650265195, 6874405.035788346], [359567.70602164196, 6874360.15151328], [359476.9140318435, 6874284.355461415], [359515.8392588381, 6874236.357183689], [359593.6490657573, 6874144.548570715]]]}, "properties": {"id": "431410005030006", "CD_SETOR": "431410005030006", "bairro_seplan": "Vera Cruz", "populacao_universo_15m": 1298, "alfabetizados": 1250, "nao_alfabetizados": 48, "taxa_alfabetizacao": 96.3, "taxa_analfabetismo": 3.7, "homens_universo_15m": 606, "homens_alfabetizados": 588, "homens_nao_alfabetizados": 18, "taxa_alfabetizacao_homens": 97.03, "mulheres_universo_15m": 692, "mulheres_alfabetizadas": 662, "mulheres_nao_alfabetizadas": 30, "taxa_alfabetizacao_mulheres": 95.66, "classificacao_seplan": "95,0% a 97,5%", "fonte": "IBGE — Censo Demográfico 2022 (Agregados por Setores)", "natureza": "Dados estatísticos oficiais agregados por setor censitário"}}, {"type": "Feature", "geometry": {"type": "Polygon", "coordinates": [[[360019.4962103789, 6874662.433905564], [359972.4352059427, 6874621.542872523], [360056.7528144524, 6874550.264266055], [360064.7454970061, 6874541.504456731], [359964.854914998, 6874456.374378217], [359891.8200602835, 6874395.595810703], [359874.2611056422, 6874380.982811297], [359799.2950638366, 6874473.8573459275], [359721.97418740066, 6874565.783883761], [359633.4179411398, 6874670.032633232], [359722.90485307516, 6874745.335324987], [359725.7317445051, 6874747.762295673], [359815.83194108214, 6874825.243410589], [359857.0278318883, 6874856.757476747], [359940.78634770063, 6874749.879655014], [359968.22836410475, 6874716.161348574], [359988.9882120568, 6874690.7195452005], [360002.0273363794, 6874677.586728774], [360019.4962103789, 6874662.433905564]]]}, "properties": {"id": "431410005030007", "CD_SETOR": "431410005030007", "bairro_seplan": "Vera Cruz", "populacao_universo_15m": 467, "alfabetizados": 451, "nao_alfabetizados": 16, "taxa_alfabetizacao": 96.57, "taxa_analfabetismo": 3.43, "homens_universo_15m": 214, "homens_alfabetizados": 206, "homens_nao_alfabetizados": 8, "taxa_alfabetizacao_homens": 96.26, "mulheres_universo_15m": 253, "mulheres_alfabetizadas": 245, "mulheres_nao_alfabetizadas": 8, "taxa_alfabetizacao_mulheres": 96.84, "classificacao_seplan": "95,0% a 97,5%", "fonte": "IBGE — Censo Demográfico 2022 (Agregados por Setores)", "natureza": "Dados estatísticos oficiais agregados por setor censitário"}}, {"type": "Feature", "geometry": {"type": "Polygon", "coordinates": [[[360066.9547139272, 6875768.224969858], [360040.5113314559, 6875686.199621513], [360003.4998681484, 6875561.641321868], [359989.261125513, 6875515.785096344], [359987.25731109607, 6875507.616684902], [359986.0071914466, 6875498.781194797], [359982.32201717, 6875440.106330065], [359979.68758299906, 6875395.528242445], [359971.36127785116, 6875278.543973547], [359963.4662534259, 6875159.957959985], [359956.6181119119, 6875087.427300295], [359947.62331133627, 6874972.263483128], [359993.23755706166, 6874907.919979682], [359905.2835741339, 6874843.840838261], [359801.402702893, 6874987.68105835], [359761.462399406, 6875035.125317314], [359728.0821372584, 6875073.826169461], [359715.543599883, 6875088.549265958], [359696.58571492194, 6875105.058186365], [359681.10566594114, 6875116.24478639], [359652.05427871895, 6875132.3795109475], [359638.92501646304, 6875137.288538478], [359621.47967114334, 6875143.709011086], [359605.5618743334, 6875146.257954279], [359588.92377817, 6875146.648574078], [359572.67754119984, 6875144.6059013605], [359539.8521794393, 6875137.967834698], [359504.8686476484, 6875130.439797544], [359528.9256582643, 6875422.109132849], [359529.9379110804, 6875434.432509796], [359588.7670029311, 6875626.447923068], [359697.8998947602, 6875890.254836077], [359816.3294452635, 6875843.20523238], [359956.3489804084, 6875789.438866563], [359999.4968775795, 6875778.057165403], [360066.9547139272, 6875768.224969858]]]}, "properties": {"id": "431410005030008", "CD_SETOR": "431410005030008", "bairro_seplan": "Vera Cruz", "populacao_universo_15m": 526, "alfabetizados": 514, "nao_alfabetizados": 12, "taxa_alfabetizacao": 97.72, "taxa_analfabetismo": 2.28, "homens_universo_15m": 256, "homens_alfabetizados": 253, "homens_nao_alfabetizados": 3, "taxa_alfabetizacao_homens": 98.83, "mulheres_universo_15m": 270, "mulheres_alfabetizadas": 261, "mulheres_nao_alfabetizadas": 9, "taxa_alfabetizacao_mulheres": 96.67, "classificacao_seplan": "97,5% a 99,0%", "fonte": "IBGE — Censo Demográfico 2022 (Agregados por Setores)", "natureza": "Dados estatísticos oficiais agregados por setor censitário"}}, {"type": "Feature", "geometry": {"type": "Polygon", "coordinates": [[[360371.92431133974, 6875129.78326891], [360336.84775573405, 6875132.639826808], [360224.3042042039, 6875141.455249534], [360155.7984697808, 6875146.422183568], [360080.9256624193, 6875151.236146842], [360069.4728090071, 6875013.880832089], [359956.6181119119, 6875087.427300295], [359963.4662534259, 6875159.957959985], [359971.36127785116, 6875278.543973547], [359979.68758299906, 6875395.528242445], [359982.32201717, 6875440.106330065], [359986.0071914466, 6875498.781194797], [359987.25731109607, 6875507.616684902], [359989.261125513, 6875515.785096344], [360003.4998681484, 6875561.641321868], [360040.5113314559, 6875686.199621513], [360066.9547139272, 6875768.224969858], [360116.6570600385, 6875764.422126554], [360163.861663507, 6875764.3794926815], [360237.5938007704, 6875770.089737518], [360298.8812630257, 6875778.379185791], [360325.4358375628, 6875781.838534847], [360328.951987904, 6875772.416421566], [360332.521360187, 6875765.144710932], [360334.1265577265, 6875760.498344094], [360334.2869911182, 6875756.034454845], [360333.606817761, 6875751.283649212], [360334.36259118025, 6875747.934892308], [360357.31764078035, 6875721.155234117], [360358.6113035503, 6875716.29465708], [360357.2475606319, 6875712.089883793], [360342.7862073005, 6875680.02781086], [360337.6724079306, 6875666.747661693], [360333.7609768809, 6875651.365112423], [360331.2399501747, 6875634.580498973], [360329.10578087013, 6875599.084064448], [360329.21292442654, 6875585.798807788], [360330.4525536552, 6875573.014445588], [360331.55409863323, 6875566.96590931], [360333.19010303763, 6875561.366910422], [360336.5802811525, 6875553.472538369], [360340.4149535326, 6875547.001802117], [360347.4653014327, 6875528.27967513], [360348.9404368863, 6875521.337941989], [360349.8996974689, 6875511.531160049], [360350.1645213303, 6875491.510306871], [360348.14406143234, 6875479.729258804], [360344.3378501424, 6875463.74955166], [360342.65906641475, 6875442.94123251], [360342.16858447477, 6875427.066996282], [360342.4766619897, 6875410.880790386], [360345.2650024106, 6875366.532833267], [360350.1921567109, 6875331.407529244], [360350.7315117357, 6875293.8813901255], [360347.087603281, 6875267.442804469], [360347.3416398645, 6875248.34156872], [360346.6032164305, 6875236.863703386], [360355.436051563, 6875215.924103186], [360358.60216677445, 6875200.369889436], [360371.92431133974, 6875129.78326891]]]}, "properties": {"id": "431410005030009", "CD_SETOR": "431410005030009", "bairro_seplan": "Vera Cruz", "populacao_universo_15m": 423, "alfabetizados": 410, "nao_alfabetizados": 13, "taxa_alfabetizacao": 96.93, "taxa_analfabetismo": 3.07, "homens_universo_15m": 193, "homens_alfabetizados": 187, "homens_nao_alfabetizados": 6, "taxa_alfabetizacao_homens": 96.89, "mulheres_universo_15m": 230, "mulheres_alfabetizadas": 223, "mulheres_nao_alfabetizadas": 7, "taxa_alfabetizacao_mulheres": 96.96, "classificacao_seplan": "95,0% a 97,5%", "fonte": "IBGE — Censo Demográfico 2022 (Agregados por Setores)", "natureza": "Dados estatísticos oficiais agregados por setor censitário"}}, {"type": "Feature", "geometry": {"type": "Polygon", "coordinates": [[[360608.60123895993, 6874500.9387456905], [360582.4546938229, 6874492.221033625], [360548.7148295011, 6874482.5275761], [360517.58866426465, 6874475.87884842], [360495.942260023, 6874472.510684112], [360467.31304586196, 6874470.489915571], [360458.2842586591, 6874469.752172857], [360401.1909386405, 6874470.865150146], [360369.9167716446, 6874475.140497312], [360340.93624694314, 6874480.462225865], [360279.2919195617, 6874497.234445417], [360213.17021836794, 6874523.394956753], [360187.8314636259, 6874536.926152881], [360150.916995788, 6874561.834494812], [360132.85520289186, 6874573.201769909], [360115.26227738464, 6874586.414048133], [360073.8750413448, 6874627.791778346], [360034.35029809934, 6874677.635327226], [359980.3740200202, 6874743.852835729], [359905.2835741339, 6874843.840838261], [359993.23755706166, 6874907.919979682], [360068.1106843669, 6874807.18643627], [360111.999165308, 6874726.798554059], [360167.48390608106, 6874811.570598664], [360203.46804184944, 6874865.749894096], [360208.488313135, 6874920.273817735], [360318.23045218893, 6874849.9464109], [360439.7329916697, 6874765.760542367], [360429.03836781776, 6874696.34323043], [360605.976367395, 6874701.967636961], [360608.16565179516, 6874584.852573017], [360607.80578352546, 6874526.904054875], [360608.60123895993, 6874500.9387456905]]]}, "properties": {"id": "431410005030010", "CD_SETOR": "431410005030010", "bairro_seplan": "Vera Cruz", "populacao_universo_15m": 819, "alfabetizados": 802, "nao_alfabetizados": 17, "taxa_alfabetizacao": 97.92, "taxa_analfabetismo": 2.08, "homens_universo_15m": 388, "homens_alfabetizados": 381, "homens_nao_alfabetizados": 7, "taxa_alfabetizacao_homens": 98.2, "mulheres_universo_15m": 431, "mulheres_alfabetizadas": 421, "mulheres_nao_alfabetizadas": 10, "taxa_alfabetizacao_mulheres": 97.68, "classificacao_seplan": "97,5% a 99,0%", "fonte": "IBGE — Censo Demográfico 2022 (Agregados por Setores)", "natureza": "Dados estatísticos oficiais agregados por setor censitário"}}, {"type": "Feature", "geometry": {"type": "Polygon", "coordinates": [[[360467.31304586196, 6874470.489915571], [360543.38670820836, 6874419.855435891], [360480.9310966132, 6874320.3426151015], [360416.03222645144, 6874216.744898919], [360527.7071314921, 6874139.113851641], [360526.5173632301, 6874134.312733592], [360528.79318393563, 6874072.560975078], [360533.6732077217, 6873900.225807095], [360478.08926227153, 6873902.553529317], [360463.4939551883, 6873903.778228661], [360447.99218172894, 6873906.155795976], [360434.5017943003, 6873909.377011186], [360424.56136054546, 6873912.772927445], [360419.9455243086, 6873914.790867945], [360407.38920770487, 6873922.854506021], [360389.0077426087, 6873937.310055105], [360353.7997894634, 6873985.000099918], [360335.81634707307, 6874043.176201781], [360339.5810731748, 6874094.327697039], [360349.2143667123, 6874165.439246711], [360351.1779938801, 6874182.860067152], [360351.82675587264, 6874201.949785918], [360350.78971154406, 6874215.035745081], [360345.2890264767, 6874240.546800908], [360341.76235211425, 6874251.730725388], [360297.01734349853, 6874326.790206963], [360288.66114302934, 6874321.439318863], [360189.4143634196, 6874459.164760388], [360279.2919195617, 6874497.234445417], [360340.93624694314, 6874480.462225865], [360369.9167716446, 6874475.140497312], [360401.1909386405, 6874470.865150146], [360458.2842586591, 6874469.752172857], [360467.31304586196, 6874470.489915571]]]}, "properties": {"id": "431410005030011", "CD_SETOR": "431410005030011", "bairro_seplan": "Vera Cruz", "populacao_universo_15m": 341, "alfabetizados": 338, "nao_alfabetizados": 3, "taxa_alfabetizacao": 99.12, "taxa_analfabetismo": 0.88, "homens_universo_15m": 155, "homens_alfabetizados": 155, "homens_nao_alfabetizados": 0, "taxa_alfabetizacao_homens": 100.0, "mulheres_universo_15m": 183, "mulheres_alfabetizadas": 183, "mulheres_nao_alfabetizadas": 0, "taxa_alfabetizacao_mulheres": 100.0, "classificacao_seplan": "Maior que 99,0%", "fonte": "IBGE — Censo Demográfico 2022 (Agregados por Setores)", "natureza": "Dados estatísticos oficiais agregados por setor censitário"}}, {"type": "Feature", "geometry": {"type": "Polygon", "coordinates": [[[361004.2891473333, 6874232.544787612], [361028.56912375835, 6874233.039564416], [361063.1351814668, 6874240.015344253], [361112.4742870267, 6874259.120587097], [361160.47244654654, 6874151.251345508], [361207.45149552525, 6874040.677266194], [361380.07800239616, 6873991.986172109], [361208.0205097062, 6873919.831118122], [361188.49136204296, 6873905.817617675], [361082.548100079, 6873817.900216931], [361044.58763636026, 6873789.187459778], [360973.71977884823, 6873741.871497961], [360902.6578353641, 6873853.514501265], [360876.6181822532, 6873896.903035831], [360864.2067873427, 6873914.399050647], [360848.47394593654, 6873928.963893304], [360837.0231785814, 6873937.3290444575], [360797.21859939006, 6873962.969976936], [360696.8390091099, 6873810.000305492], [360677.1936813018, 6873830.192659466], [360659.5065196749, 6873846.562743735], [360641.734283451, 6873860.981488824], [360615.8257318037, 6873879.748296358], [360582.7576466526, 6873891.53837223], [360566.78002657753, 6873896.004878238], [360556.96552723437, 6873897.873156184], [360533.6732077217, 6873900.225807095], [360528.79318393563, 6874072.560975078], [360526.5173632301, 6874134.312733592], [360527.7071314921, 6874139.113851641], [360416.03222645144, 6874216.744898919], [360480.9310966132, 6874320.3426151015], [360543.38670820836, 6874419.855435891], [360663.49145282205, 6874343.064539056], [360753.31599317363, 6874281.941005278], [360840.95547724824, 6874228.005168499], [361004.2891473333, 6874232.544787612]]]}, "properties": {"id": "431410005030012", "CD_SETOR": "431410005030012", "bairro_seplan": "Vera Cruz", "populacao_universo_15m": 631, "alfabetizados": 627, "nao_alfabetizados": 4, "taxa_alfabetizacao": 99.37, "taxa_analfabetismo": 0.63, "homens_universo_15m": 264, "homens_alfabetizados": 264, "homens_nao_alfabetizados": 0, "taxa_alfabetizacao_homens": 100.0, "mulheres_universo_15m": 366, "mulheres_alfabetizadas": 363, "mulheres_nao_alfabetizadas": 3, "taxa_alfabetizacao_mulheres": 99.18, "classificacao_seplan": "Maior que 99,0%", "fonte": "IBGE — Censo Demográfico 2022 (Agregados por Setores)", "natureza": "Dados estatísticos oficiais agregados por setor censitário"}}, {"type": "Feature", "geometry": {"type": "Polygon", "coordinates": [[[360973.71977884823, 6873741.871497961], [360922.22253058315, 6873707.015846707], [360885.2364263455, 6873649.646543488], [360849.44040636945, 6873586.207399966], [360842.5308837546, 6873578.003775226], [360808.8983923381, 6873607.894719381], [360794.0495938043, 6873622.403357144], [360779.9657184679, 6873643.636241278], [360770.9965186131, 6873659.621143455], [360758.49836141267, 6873686.19164813], [360726.14554564713, 6873754.992896306], [360696.8390091099, 6873810.000305492], [360797.21859939006, 6873962.969976936], [360837.0231785814, 6873937.3290444575], [360848.47394593654, 6873928.963893304], [360864.2067873427, 6873914.399050647], [360876.6181822532, 6873896.903035831], [360902.6578353641, 6873853.514501265], [360973.71977884823, 6873741.871497961]]]}, "properties": {"id": "431410005030013", "CD_SETOR": "431410005030013", "bairro_seplan": "Vera Cruz", "populacao_universo_15m": 314, "alfabetizados": 314, "nao_alfabetizados": 0, "taxa_alfabetizacao": 100.0, "taxa_analfabetismo": 0.0, "homens_universo_15m": 147, "homens_alfabetizados": 147, "homens_nao_alfabetizados": 0, "taxa_alfabetizacao_homens": 100.0, "mulheres_universo_15m": 167, "mulheres_alfabetizadas": 167, "mulheres_nao_alfabetizadas": 0, "taxa_alfabetizacao_mulheres": 100.0, "classificacao_seplan": "Maior que 99,0%", "fonte": "IBGE — Censo Demográfico 2022 (Agregados por Setores)", "natureza": "Dados estatísticos oficiais agregados por setor censitário"}}, {"type": "Feature", "geometry": {"type": "Polygon", "coordinates": [[[360203.0592686626, 6873667.938948808], [360013.9774285676, 6873654.994854472], [359868.81846694037, 6873814.582649996], [359821.15804867126, 6873878.801691942], [359919.2187950682, 6873948.852173386], [360008.18539276463, 6874008.023447791], [360127.3901920732, 6874095.04317526], [360196.7776130177, 6874016.362801462], [360231.09182361554, 6873972.97331272], [360215.00560966856, 6873794.152334272], [360203.0592686626, 6873667.938948808]]]}, "properties": {"id": "431410005030014", "CD_SETOR": "431410005030014", "bairro_seplan": "Vera Cruz", "populacao_universo_15m": 497, "alfabetizados": 452, "nao_alfabetizados": 45, "taxa_alfabetizacao": 90.95, "taxa_analfabetismo": 9.05, "homens_universo_15m": 226, "homens_alfabetizados": 204, "homens_nao_alfabetizados": 22, "taxa_alfabetizacao_homens": 90.27, "mulheres_universo_15m": 271, "mulheres_alfabetizadas": 248, "mulheres_nao_alfabetizadas": 23, "taxa_alfabetizacao_mulheres": 91.51, "classificacao_seplan": "Menor que 92,0%", "fonte": "IBGE — Censo Demográfico 2022 (Agregados por Setores)", "natureza": "Dados estatísticos oficiais agregados por setor censitário"}}, {"type": "Feature", "geometry": {"type": "Polygon", "coordinates": [[[360279.2919195617, 6874497.234445417], [360189.4143634196, 6874459.164760388], [360288.66114302934, 6874321.439318863], [360229.3573292465, 6874285.325310394], [360150.4944699219, 6874241.977190114], [360139.55173554295, 6874224.638932954], [360127.3901920732, 6874095.04317526], [360008.18539276463, 6874008.023447791], [359919.2187950682, 6873948.852173386], [359821.15804867126, 6873878.801691942], [359748.6545031641, 6873960.29107709], [359668.3205436517, 6874051.671834219], [359593.6490657573, 6874144.548570715], [359683.54218364117, 6874220.809638426], [359777.8971245948, 6874300.735183414], [359820.1235445044, 6874335.386620119], [359874.2611056422, 6874380.982811297], [359891.8200602835, 6874395.595810703], [359964.854914998, 6874456.374378217], [360064.7454970061, 6874541.504456731], [360056.7528144524, 6874550.264266055], [359972.4352059427, 6874621.542872523], [360019.4962103789, 6874662.433905564], [360034.35029809934, 6874677.635327226], [360073.8750413448, 6874627.791778346], [360115.26227738464, 6874586.414048133], [360132.85520289186, 6874573.201769909], [360150.916995788, 6874561.834494812], [360187.8314636259, 6874536.926152881], [360213.17021836794, 6874523.394956753], [360279.2919195617, 6874497.234445417]]]}, "properties": {"id": "431410005030015", "CD_SETOR": "431410005030015", "bairro_seplan": "Vera Cruz", "populacao_universo_15m": 794, "alfabetizados": 781, "nao_alfabetizados": 13, "taxa_alfabetizacao": 98.36, "taxa_analfabetismo": 1.64, "homens_universo_15m": 366, "homens_alfabetizados": 361, "homens_nao_alfabetizados": 5, "taxa_alfabetizacao_homens": 98.63, "mulheres_universo_15m": 428, "mulheres_alfabetizadas": 420, "mulheres_nao_alfabetizadas": 8, "taxa_alfabetizacao_mulheres": 98.13, "classificacao_seplan": "97,5% a 99,0%", "fonte": "IBGE — Censo Demográfico 2022 (Agregados por Setores)", "natureza": "Dados estatísticos oficiais agregados por setor censitário"}}, {"type": "Feature", "geometry": {"type": "Polygon", "coordinates": [[[359821.15804867126, 6873878.801691942], [359868.81846694037, 6873814.582649996], [359762.07733233063, 6873775.102396585], [359638.8865340238, 6873726.93829716], [359535.3184433873, 6873654.925206419], [359476.5265502292, 6873731.023452187], [359379.000515184, 6873651.811073928], [359327.4860643761, 6873607.20747541], [359248.37064586394, 6873695.02062693], [359236.84473515284, 6873658.337445766], [359214.00183933636, 6873664.9924183665], [359174.8762365294, 6873672.85044007], [359129.2973710161, 6873695.3257136345], [359097.82824529824, 6873730.191122644], [359112.6624540965, 6873745.216301073], [359168.6225110245, 6873789.751681497], [359218.43147337914, 6873829.260433866], [359269.1631247216, 6873871.251050821], [359410.2806830696, 6873989.056276564], [359501.9893050918, 6874067.589881411], [359533.7996956423, 6874094.240288869], [359593.6490657573, 6874144.548570715], [359668.3205436517, 6874051.671834219], [359748.6545031641, 6873960.29107709], [359821.15804867126, 6873878.801691942]]]}, "properties": {"id": "431410005030016", "CD_SETOR": "431410005030016", "bairro_seplan": "Vera Cruz", "populacao_universo_15m": 929, "alfabetizados": 894, "nao_alfabetizados": 35, "taxa_alfabetizacao": 96.23, "taxa_analfabetismo": 3.77, "homens_universo_15m": 444, "homens_alfabetizados": 429, "homens_nao_alfabetizados": 15, "taxa_alfabetizacao_homens": 96.62, "mulheres_universo_15m": 485, "mulheres_alfabetizadas": 465, "mulheres_nao_alfabetizadas": 20, "taxa_alfabetizacao_mulheres": 95.88, "classificacao_seplan": "95,0% a 97,5%", "fonte": "IBGE — Censo Demográfico 2022 (Agregados por Setores)", "natureza": "Dados estatísticos oficiais agregados por setor censitário"}}, {"type": "Feature", "geometry": {"type": "Polygon", "coordinates": [[[360013.9774285676, 6873654.994854472], [359822.3413929337, 6873578.35499955], [359931.3464441101, 6873292.0023558205], [359724.03060194466, 6873244.1976505555], [359682.2042698391, 6873235.824329184], [359683.93926828494, 6873242.604495717], [359685.663384055, 6873258.604256881], [359687.5236575844, 6873275.5364643885], [359691.9742667267, 6873308.234879239], [359686.59950201365, 6873354.535904199], [359668.88486802205, 6873371.502629637], [359654.9687318852, 6873377.565826666], [359624.52767398563, 6873381.2948623095], [359583.979718527, 6873396.694863639], [359546.71772849595, 6873394.757977519], [359512.9563602522, 6873422.848692029], [359489.5971245526, 6873454.109854412], [359481.58725309884, 6873499.149591176], [359465.26133810345, 6873529.71828036], [359450.4853541793, 6873528.823029482], [359426.82929905626, 6873540.37782733], [359383.2850311424, 6873565.127649323], [359366.990241962, 6873572.336976628], [359355.5300544143, 6873580.600896591], [359342.1134111058, 6873587.534015408], [359328.02263230196, 6873595.877550997], [359308.0973359617, 6873608.052572256], [359277.34934267885, 6873624.3656015145], [359246.07758422726, 6873656.7071510255], [359236.84473515284, 6873658.337445766], [359248.37064586394, 6873695.02062693], [359327.4860643761, 6873607.20747541], [359379.000515184, 6873651.811073928], [359476.5265502292, 6873731.023452187], [359535.3184433873, 6873654.925206419], [359638.8865340238, 6873726.93829716], [359762.07733233063, 6873775.102396585], [359868.81846694037, 6873814.582649996], [360013.9774285676, 6873654.994854472]]]}, "properties": {"id": "431410005030017", "CD_SETOR": "431410005030017", "bairro_seplan": "Vera Cruz", "populacao_universo_15m": 1011, "alfabetizados": 987, "nao_alfabetizados": 24, "taxa_alfabetizacao": 97.63, "taxa_analfabetismo": 2.37, "homens_universo_15m": 460, "homens_alfabetizados": 452, "homens_nao_alfabetizados": 8, "taxa_alfabetizacao_homens": 98.26, "mulheres_universo_15m": 551, "mulheres_alfabetizadas": 535, "mulheres_nao_alfabetizadas": 16, "taxa_alfabetizacao_mulheres": 97.1, "classificacao_seplan": "97,5% a 99,0%", "fonte": "IBGE — Censo Demográfico 2022 (Agregados por Setores)", "natureza": "Dados estatísticos oficiais agregados por setor censitário"}}, {"type": "Feature", "geometry": {"type": "Polygon", "coordinates": [[[360402.2369488241, 6873675.956731979], [360424.87710302137, 6873552.133937824], [360314.13381019945, 6873515.138090245], [360301.2368280293, 6873556.341952964], [360235.7706566558, 6873479.7747036945], [360159.63093266066, 6873458.100302974], [360100.9763682758, 6873432.243285637], [360050.1463506477, 6873286.200938167], [359948.8023511857, 6873246.198444592], [359931.3464441101, 6873292.0023558205], [359822.3413929337, 6873578.35499955], [360013.9774285676, 6873654.994854472], [360203.0592686626, 6873667.938948808], [360273.356943936, 6873670.894287878], [360331.49340543314, 6873675.035882752], [360374.05307821254, 6873676.279039048], [360402.2369488241, 6873675.956731979]]]}, "properties": {"id": "431410005030018", "CD_SETOR": "431410005030018", "bairro_seplan": "Vera Cruz", "populacao_universo_15m": 612, "alfabetizados": 590, "nao_alfabetizados": 22, "taxa_alfabetizacao": 96.41, "taxa_analfabetismo": 3.59, "homens_universo_15m": 290, "homens_alfabetizados": 284, "homens_nao_alfabetizados": 6, "taxa_alfabetizacao_homens": 97.93, "mulheres_universo_15m": 322, "mulheres_alfabetizadas": 306, "mulheres_nao_alfabetizadas": 16, "taxa_alfabetizacao_mulheres": 95.03, "classificacao_seplan": "95,0% a 97,5%", "fonte": "IBGE — Censo Demográfico 2022 (Agregados por Setores)", "natureza": "Dados estatísticos oficiais agregados por setor censitário"}}, {"type": "Feature", "geometry": {"type": "Polygon", "coordinates": [[[360726.14554564713, 6873754.992896306], [360758.49836141267, 6873686.19164813], [360770.9965186131, 6873659.621143455], [360779.9657184679, 6873643.636241278], [360794.0495938043, 6873622.403357144], [360808.8983923381, 6873607.894719381], [360842.5308837546, 6873578.003775226], [360864.9077113626, 6873518.925542941], [360741.5259808579, 6873436.77315394], [360672.57824870804, 6873387.4830862535], [360589.2820003382, 6873332.71608281], [360512.56108776113, 6873430.660338568], [360436.83384930226, 6873525.767927182], [360424.87710302137, 6873552.133937824], [360402.2369488241, 6873675.956731979], [360543.2624198431, 6873805.615104306], [360671.6864715243, 6873794.468263354], [360696.9934988981, 6873767.571664024], [360726.14554564713, 6873754.992896306]]]}, "properties": {"id": "431410005030019", "CD_SETOR": "431410005030019", "bairro_seplan": "Vera Cruz", "populacao_universo_15m": 628, "alfabetizados": 617, "nao_alfabetizados": 11, "taxa_alfabetizacao": 98.25, "taxa_analfabetismo": 1.75, "homens_universo_15m": 284, "homens_alfabetizados": 278, "homens_nao_alfabetizados": 6, "taxa_alfabetizacao_homens": 97.89, "mulheres_universo_15m": 344, "mulheres_alfabetizadas": 339, "mulheres_nao_alfabetizadas": 5, "taxa_alfabetizacao_mulheres": 98.55, "classificacao_seplan": "97,5% a 99,0%", "fonte": "IBGE — Censo Demográfico 2022 (Agregados por Setores)", "natureza": "Dados estatísticos oficiais agregados por setor censitário"}}, {"type": "Feature", "geometry": {"type": "Polygon", "coordinates": [[[360424.87710302137, 6873552.133937824], [360436.83384930226, 6873525.767927182], [360512.56108776113, 6873430.660338568], [360437.53410454927, 6873376.931350089], [360372.92605169327, 6873334.195245673], [360243.57408096036, 6873261.209007377], [360299.92857274925, 6873163.170738857], [360301.01501871675, 6873159.227478869], [360282.80273999885, 6873145.227854868], [360255.80302593624, 6873143.413970459], [360249.57580118044, 6873148.981059971], [360210.4834328769, 6873150.072043633], [360193.7767447401, 6873144.035357313], [360185.9209008479, 6873140.430012552], [360171.9601853023, 6873140.332018448], [360155.6712929474, 6873145.470227689], [360135.7383031766, 6873148.448925503], [360121.7296273541, 6873158.245978872], [360100.52317466564, 6873165.209987406], [360082.80611135706, 6873179.1298802355], [360074.44355710247, 6873185.214695482], [360064.30047977186, 6873190.02631476], [360044.52575486165, 6873190.391524466], [360025.2730982796, 6873193.909971621], [360007.9519656151, 6873193.384304646], [359989.62636903, 6873189.843706939], [359977.18350869126, 6873182.5050863195], [359965.380614865, 6873207.409754721], [359948.8023511857, 6873246.198444592], [360050.1463506477, 6873286.200938167], [360100.9763682758, 6873432.243285637], [360159.63093266066, 6873458.100302974], [360235.7706566558, 6873479.7747036945], [360301.2368280293, 6873556.341952964], [360314.13381019945, 6873515.138090245], [360424.87710302137, 6873552.133937824]]]}, "properties": {"id": "431410005030020", "CD_SETOR": "431410005030020", "bairro_seplan": "Vera Cruz", "populacao_universo_15m": 330, "alfabetizados": 321, "nao_alfabetizados": 9, "taxa_alfabetizacao": 97.27, "taxa_analfabetismo": 2.73, "homens_universo_15m": 155, "homens_alfabetizados": 151, "homens_nao_alfabetizados": 4, "taxa_alfabetizacao_homens": 97.42, "mulheres_universo_15m": 175, "mulheres_alfabetizadas": 170, "mulheres_nao_alfabetizadas": 5, "taxa_alfabetizacao_mulheres": 97.14, "classificacao_seplan": "95,0% a 97,5%", "fonte": "IBGE — Censo Demográfico 2022 (Agregados por Setores)", "natureza": "Dados estatísticos oficiais agregados por setor censitário"}}, {"type": "Feature", "geometry": {"type": "Polygon", "coordinates": [[[359948.8023511857, 6873246.198444592], [359965.380614865, 6873207.409754721], [359977.18350869126, 6873182.5050863195], [359953.0130734206, 6873169.576021954], [359938.5060756783, 6873169.205355361], [359919.9976801842, 6873171.181021146], [359902.38463207625, 6873183.749954643], [359867.84895951615, 6873197.770184804], [359849.0767899586, 6873202.96731331], [359837.4424535434, 6873203.605611587], [359790.69229552255, 6873203.407991417], [359770.28187206236, 6873197.78128242], [359747.9265039942, 6873195.666517829], [359717.1240624086, 6873205.109496081], [359693.2366019954, 6873217.227197847], [359681.83638387476, 6873232.08554806], [359682.2042698391, 6873235.824329184], [359724.03060194466, 6873244.1976505555], [359931.3464441101, 6873292.0023558205], [359948.8023511857, 6873246.198444592]]]}, "properties": {"id": "431410005030021", "CD_SETOR": "431410005030021", "bairro_seplan": "Vera Cruz", "populacao_universo_15m": 76, "alfabetizados": 76, "nao_alfabetizados": 0, "taxa_alfabetizacao": 100.0, "taxa_analfabetismo": 0.0, "homens_universo_15m": 34, "homens_alfabetizados": 34, "homens_nao_alfabetizados": 0, "taxa_alfabetizacao_homens": 100.0, "mulheres_universo_15m": 42, "mulheres_alfabetizadas": 42, "mulheres_nao_alfabetizadas": 0, "taxa_alfabetizacao_mulheres": 100.0, "classificacao_seplan": "Maior que 99,0%", "fonte": "IBGE — Censo Demográfico 2022 (Agregados por Setores)", "natureza": "Dados estatísticos oficiais agregados por setor censitário"}}, {"type": "Feature", "geometry": {"type": "Polygon", "coordinates": [[[359874.2611056422, 6874380.982811297], [359820.1235445044, 6874335.386620119], [359777.8971245948, 6874300.735183414], [359683.54218364117, 6874220.809638426], [359593.6490657573, 6874144.548570715], [359515.8392588381, 6874236.357183689], [359476.9140318435, 6874284.355461415], [359567.70602164196, 6874360.15151328], [359531.5650265195, 6874405.035788346], [359442.97262210055, 6874511.454691753], [359533.75024825736, 6874588.602658147], [359582.44873555284, 6874629.470555042], [359629.8196463098, 6874667.2862407975], [359633.4179411398, 6874670.032633232], [359721.97418740066, 6874565.783883761], [359799.2950638366, 6874473.8573459275], [359874.2611056422, 6874380.982811297]]]}, "properties": {"id": "431410005030023", "CD_SETOR": "431410005030023", "bairro_seplan": "Vera Cruz", "populacao_universo_15m": 509, "alfabetizados": 503, "nao_alfabetizados": 6, "taxa_alfabetizacao": 98.82, "taxa_analfabetismo": 1.18, "homens_universo_15m": 238, "homens_alfabetizados": 234, "homens_nao_alfabetizados": 4, "taxa_alfabetizacao_homens": 98.32, "mulheres_universo_15m": 269, "mulheres_alfabetizadas": 269, "mulheres_nao_alfabetizadas": 0, "taxa_alfabetizacao_mulheres": 100.0, "classificacao_seplan": "97,5% a 99,0%", "fonte": "IBGE — Censo Demográfico 2022 (Agregados por Setores)", "natureza": "Dados estatísticos oficiais agregados por setor censitário"}}, {"type": "Feature", "geometry": {"type": "Polygon", "coordinates": [[[360371.92431133974, 6875129.78326891], [360373.6623672555, 6875120.506461341], [360397.01847267034, 6875041.139465405], [360412.67707232165, 6875013.021789663], [360451.4373886754, 6874962.203971753], [360463.6398554764, 6874920.869917568], [360476.5748220087, 6874901.540909041], [360486.9474972824, 6874891.490107277], [360520.5127426247, 6874845.132242763], [360583.9443587057, 6874792.420767633], [360641.1119559675, 6874768.380435573], [360676.4135481422, 6874737.8777673505], [360690.7181346577, 6874721.368194839], [360702.248807076, 6874681.167433936], [360690.4824238871, 6874648.616513692], [360711.73751948966, 6874604.230273032], [360728.9390003745, 6874572.462412458], [360697.2641759279, 6874548.986280713], [360662.0000951892, 6874523.661680918], [360645.8925988959, 6874515.715716191], [360608.60123895993, 6874500.9387456905], [360607.80578352546, 6874526.904054875], [360608.16565179516, 6874584.852573017], [360605.976367395, 6874701.967636961], [360429.03836781776, 6874696.34323043], [360439.7329916697, 6874765.760542367], [360318.23045218893, 6874849.9464109], [360208.488313135, 6874920.273817735], [360203.46804184944, 6874865.749894096], [360167.48390608106, 6874811.570598664], [360111.999165308, 6874726.798554059], [360068.1106843669, 6874807.18643627], [359993.23755706166, 6874907.919979682], [359947.62331133627, 6874972.263483128], [359956.6181119119, 6875087.427300295], [360069.4728090071, 6875013.880832089], [360080.9256624193, 6875151.236146842], [360155.7984697808, 6875146.422183568], [360224.3042042039, 6875141.455249534], [360336.84775573405, 6875132.639826808], [360371.92431133974, 6875129.78326891]]]}, "properties": {"id": "431410005030024", "CD_SETOR": "431410005030024", "bairro_seplan": "Vera Cruz", "populacao_universo_15m": 644, "alfabetizados": 625, "nao_alfabetizados": 19, "taxa_alfabetizacao": 97.05, "taxa_analfabetismo": 2.95, "homens_universo_15m": 314, "homens_alfabetizados": 302, "homens_nao_alfabetizados": 12, "taxa_alfabetizacao_homens": 96.18, "mulheres_universo_15m": 330, "mulheres_alfabetizadas": 323, "mulheres_nao_alfabetizadas": 7, "taxa_alfabetizacao_mulheres": 97.88, "classificacao_seplan": "95,0% a 97,5%", "fonte": "IBGE — Censo Demográfico 2022 (Agregados por Setores)", "natureza": "Dados estatísticos oficiais agregados por setor censitário"}}, {"type": "Feature", "geometry": {"type": "Polygon", "coordinates": [[[360533.6732077217, 6873900.225807095], [360556.96552723437, 6873897.873156184], [360566.78002657753, 6873896.004878238], [360582.7576466526, 6873891.53837223], [360615.8257318037, 6873879.748296358], [360641.734283451, 6873860.981488824], [360659.5065196749, 6873846.562743735], [360677.1936813018, 6873830.192659466], [360696.8390091099, 6873810.000305492], [360726.14554564713, 6873754.992896306], [360696.9934988981, 6873767.571664024], [360671.6864715243, 6873794.468263354], [360543.2624198431, 6873805.615104306], [360402.2369488241, 6873675.956731979], [360374.05307821254, 6873676.279039048], [360331.49340543314, 6873675.035882752], [360273.356943936, 6873670.894287878], [360203.0592686626, 6873667.938948808], [360215.00560966856, 6873794.152334272], [360231.09182361554, 6873972.97331272], [360196.7776130177, 6874016.362801462], [360127.3901920732, 6874095.04317526], [360139.55173554295, 6874224.638932954], [360150.4944699219, 6874241.977190114], [360229.3573292465, 6874285.325310394], [360288.66114302934, 6874321.439318863], [360297.01734349853, 6874326.790206963], [360341.76235211425, 6874251.730725388], [360345.2890264767, 6874240.546800908], [360350.78971154406, 6874215.035745081], [360351.82675587264, 6874201.949785918], [360351.1779938801, 6874182.860067152], [360349.2143667123, 6874165.439246711], [360339.5810731748, 6874094.327697039], [360335.81634707307, 6874043.176201781], [360353.7997894634, 6873985.000099918], [360389.0077426087, 6873937.310055105], [360407.38920770487, 6873922.854506021], [360419.9455243086, 6873914.790867945], [360424.56136054546, 6873912.772927445], [360434.5017943003, 6873909.377011186], [360447.99218172894, 6873906.155795976], [360463.4939551883, 6873903.778228661], [360478.08926227153, 6873902.553529317], [360533.6732077217, 6873900.225807095]]]}, "properties": {"id": "431410005030025", "CD_SETOR": "431410005030025", "bairro_seplan": "Vera Cruz", "populacao_universo_15m": 680, "alfabetizados": 674, "nao_alfabetizados": 6, "taxa_alfabetizacao": 99.12, "taxa_analfabetismo": 0.88, "homens_universo_15m": 326, "homens_alfabetizados": 323, "homens_nao_alfabetizados": 3, "taxa_alfabetizacao_homens": 99.08, "mulheres_universo_15m": 354, "mulheres_alfabetizadas": 351, "mulheres_nao_alfabetizadas": 3, "taxa_alfabetizacao_mulheres": 99.15, "classificacao_seplan": "Maior que 99,0%", "fonte": "IBGE — Censo Demográfico 2022 (Agregados por Setores)", "natureza": "Dados estatísticos oficiais agregados por setor censitário"}}, {"type": "Feature", "geometry": {"type": "Polygon", "coordinates": [[[358572.53996019176, 6873941.495131945], [358572.00713610696, 6873974.688787475], [358590.6677887995, 6874039.970227063], [358559.3634202863, 6874139.862186519], [358531.8254561584, 6874159.148227178], [358517.217685606, 6874224.764674852], [358461.2705376727, 6874273.809184693], [358454.7848172057, 6874286.120918466], [358458.8366401335, 6874334.750270527], [358446.64823006396, 6874390.810041746], [358430.14823289786, 6874454.586486249], [358332.2174074367, 6874553.2401051335], [358271.48399737524, 6874607.645545846], [358249.56683526817, 6874634.367253537], [358239.0144863457, 6874660.138625756], [358224.2769467892, 6874681.383116327], [358243.4662551869, 6874696.583248293], [358353.2079535029, 6874805.7152471], [358377.45579177834, 6874830.416864292], [358501.9934777471, 6874955.592387289], [358537.57123344246, 6874893.383996667], [358599.6969925903, 6874757.489874487], [358627.7481313867, 6874686.958125854], [358660.97709397296, 6874571.342213323], [358661.469672699, 6874569.530722195], [358611.4945153197, 6874559.505453937], [358603.04424094956, 6874553.033006023], [358599.4765310558, 6874542.795602409], [358603.5568723896, 6874508.336610783], [358542.58964893036, 6874495.188144816], [358563.35051788145, 6874387.524437426], [358565.3508970855, 6874300.32627181], [358660.49924948765, 6873985.860053629], [358600.8679647666, 6873963.751675906], [358572.53996019176, 6873941.495131945]]]}, "properties": {"id": "431410005030026", "CD_SETOR": "431410005030026", "bairro_seplan": "Vera Cruz", "populacao_universo_15m": 371, "alfabetizados": 356, "nao_alfabetizados": 15, "taxa_alfabetizacao": 95.96, "taxa_analfabetismo": 4.04, "homens_universo_15m": 182, "homens_alfabetizados": 172, "homens_nao_alfabetizados": 10, "taxa_alfabetizacao_homens": 94.51, "mulheres_universo_15m": 189, "mulheres_alfabetizadas": 184, "mulheres_nao_alfabetizadas": 5, "taxa_alfabetizacao_mulheres": 97.35, "classificacao_seplan": "95,0% a 97,5%", "fonte": "IBGE — Censo Demográfico 2022 (Agregados por Setores)", "natureza": "Dados estatísticos oficiais agregados por setor censitário"}}, {"type": "Feature", "geometry": {"type": "Polygon", "coordinates": [[[358661.469672699, 6874569.530722195], [358687.1750499853, 6874475.068292199], [358713.355153396, 6874347.278524201], [358833.85282692086, 6874382.077982198], [358853.4747722834, 6874303.123411361], [358878.3523034486, 6874225.3061831705], [358903.2560755192, 6874147.733015081], [358927.4318209729, 6874068.644079011], [358949.24385985837, 6873998.525134042], [358966.42723525304, 6873930.633939784], [358969.2128831574, 6873919.984541459], [358959.43047401356, 6873914.992493615], [358922.0391834023, 6873918.016673207], [358882.6442951124, 6873908.816266002], [358871.2356333152, 6873901.134186345], [358832.5378237386, 6873877.879558764], [358794.2751921122, 6873855.172963157], [358778.1624204948, 6873842.891442079], [358745.96646668157, 6873847.1847407045], [358736.9153701801, 6873858.258204624], [358725.3511210346, 6873871.905891323], [358700.78449782776, 6873872.455688794], [358659.96352966886, 6873877.565852718], [358635.89182943886, 6873878.575748648], [358589.38603312743, 6873883.15255324], [358572.7384392987, 6873928.953302655], [358572.53996019176, 6873941.495131945], [358600.8679647666, 6873963.751675906], [358660.49924948765, 6873985.860053629], [358565.3508970855, 6874300.32627181], [358563.35051788145, 6874387.524437426], [358542.58964893036, 6874495.188144816], [358603.5568723896, 6874508.336610783], [358599.4765310558, 6874542.795602409], [358603.04424094956, 6874553.033006023], [358611.4945153197, 6874559.505453937], [358661.469672699, 6874569.530722195]]]}, "properties": {"id": "431410005030027", "CD_SETOR": "431410005030027", "bairro_seplan": "Vera Cruz", "populacao_universo_15m": 787, "alfabetizados": 774, "nao_alfabetizados": 13, "taxa_alfabetizacao": 98.35, "taxa_analfabetismo": 1.65, "homens_universo_15m": 389, "homens_alfabetizados": 384, "homens_nao_alfabetizados": 5, "taxa_alfabetizacao_homens": 98.71, "mulheres_universo_15m": 398, "mulheres_alfabetizadas": 390, "mulheres_nao_alfabetizadas": 8, "taxa_alfabetizacao_mulheres": 97.99, "classificacao_seplan": "97,5% a 99,0%", "fonte": "IBGE — Censo Demográfico 2022 (Agregados por Setores)", "natureza": "Dados estatísticos oficiais agregados por setor censitário"}}, {"type": "Feature", "geometry": {"type": "Polygon", "coordinates": [[[363482.48857766215, 6876257.785262696], [363465.9880616041, 6876228.175155049], [363418.10582692054, 6876157.314778648], [363290.8697094311, 6875980.680106211], [363278.77935539914, 6875962.7556742225], [363266.060567645, 6875940.602063626], [363281.1596210409, 6875863.373769794], [363321.493589167, 6875667.213364961], [363341.9531094362, 6875569.258375765], [363349.42449779843, 6875557.022051956], [363126.65937423403, 6875387.618709644], [363114.9118378039, 6875379.194591321], [362988.0350043499, 6875288.262030468], [363175.21647777094, 6874964.189302504], [363322.87877839885, 6874877.439559931], [363330.13479336235, 6874870.242723819], [363334.48714775656, 6874840.794667117], [363386.80059854675, 6874775.8513366375], [363474.3945368079, 6874672.11930627], [363567.0525854822, 6874562.206172742], [363653.83188204054, 6874465.056897061], [363660.270322719, 6874458.094276141], [363562.69413807656, 6874371.92526979], [363336.52358619974, 6874174.516496776], [363063.9328890791, 6873940.243356114], [363051.5494006452, 6873957.309643916], [363040.9957685747, 6873971.405100958], [363036.88465513237, 6873981.596721539], [363032.4894332577, 6873997.702436881], [363030.40048468893, 6874011.219591437], [363028.3297532485, 6874018.054977505], [363025.0584216659, 6874024.344611794], [363021.91523843945, 6874028.031636165], [363017.7930134282, 6874031.530063288], [363013.72086307395, 6874034.9404171], [363009.1756834495, 6874036.827183291], [363005.23225488677, 6874039.286034409], [362996.43729492056, 6874044.669745689], [362985.93838240625, 6874054.0119451], [362974.5924840956, 6874064.474644933], [362960.73580523435, 6874090.987212069], [362957.9330884661, 6874105.127747877], [362957.3990673218, 6874117.388501041], [362952.6388798257, 6874137.04705267], [362936.5101623215, 6874182.71497092], [362928.9646093837, 6874199.704025513], [362903.02882012853, 6874257.647485217], [362882.08747624326, 6874298.583488829], [362850.66632452083, 6874364.153870808], [362839.2306961239, 6874394.240276584], [362791.2679065758, 6874523.258914513], [362765.1525096436, 6874553.330752963], [362738.72691711225, 6874590.701484178], [362704.30151661247, 6874598.570080579], [362592.07256166806, 6874601.261124767], [362527.6978194183, 6874620.229521598], [362514.1182578161, 6874641.315033583], [362509.2370215345, 6874654.400865505], [362506.0471660377, 6874672.260132346], [362501.07673708664, 6874694.741819903], [362491.0979816313, 6874728.568105156], [362476.2343552967, 6874771.546321913], [362447.1907090236, 6874843.35988396], [362405.55292771047, 6874879.933180716], [362380.7294742805, 6874897.442009943], [362223.00054874027, 6874935.173159355], [362219.66382165696, 6874937.738540622], [362199.3491332853, 6874948.894357095], [362160.94238429423, 6874971.619532967], [362141.9392014849, 6875002.504026899], [362130.2445677329, 6875029.340035297], [362116.2868830878, 6875056.69274105], [362118.96180782735, 6875070.564281419], [362121.90187951055, 6875098.789119968], [362128.6946606555, 6875121.429406628], [362129.893311474, 6875134.82947263], [362129.7237517494, 6875148.59041762], [362126.11143616145, 6875168.971227756], [362122.5091666549, 6875180.03282192], [362109.6586429125, 6875201.602883222], [362097.18696248694, 6875241.250851413], [362102.57418070023, 6875271.698189413], [362108.21596996335, 6875288.673678534], [362115.180462277, 6875299.913351141], [362151.55053655966, 6875349.613828819], [362179.0831176756, 6875427.723675482], [362205.58037775557, 6875505.444658616], [362214.8533968265, 6875546.109569825], [362226.2964588888, 6875595.132729834], [362230.4021232461, 6875659.972350197], [362232.9864226543, 6875740.917516619], [362298.131591047, 6875821.136372223], [362348.19804962084, 6875891.683496285], [362399.44606042025, 6875965.3357190285], [362442.77674258815, 6876022.728510009], [362504.599442009, 6876073.143429542], [362579.61349807517, 6876137.052364368], [362637.20258240076, 6876190.4427283835], [362631.6652586878, 6876246.660173939], [362620.1894960569, 6876309.745791513], [362609.2183730008, 6876363.130094992], [362606.11828875134, 6876394.431907052], [362604.74969488225, 6876417.730944531], [362707.1601573798, 6876448.3242034], [362746.4483886274, 6876460.0365903955], [362768.6175947011, 6876465.223780982], [362782.7170403159, 6876468.079340615], [362801.48038507975, 6876471.598201046], [362871.1557326707, 6876479.716081733], [362902.7837995677, 6876479.981311375], [362963.9669557313, 6876477.296228598], [363026.87881729926, 6876468.525025889], [363079.19674780004, 6876454.168401262], [363138.17843536485, 6876434.691234312], [363268.18673650373, 6876369.833897382], [363411.525048114, 6876296.0862166425], [363482.48857766215, 6876257.785262696]]]}, "properties": {"id": "431410005040001", "CD_SETOR": "431410005040001", "bairro_seplan": "Petrópolis", "populacao_universo_15m": 1166, "alfabetizados": 1110, "nao_alfabetizados": 56, "taxa_alfabetizacao": 95.2, "taxa_analfabetismo": 4.8, "homens_universo_15m": 593, "homens_alfabetizados": 564, "homens_nao_alfabetizados": 29, "taxa_alfabetizacao_homens": 95.11, "mulheres_universo_15m": 573, "mulheres_alfabetizadas": 546, "mulheres_nao_alfabetizadas": 27, "taxa_alfabetizacao_mulheres": 95.29, "classificacao_seplan": "95,0% a 97,5%", "fonte": "IBGE — Censo Demográfico 2022 (Agregados por Setores)", "natureza": "Dados estatísticos oficiais agregados por setor censitário"}}, {"type": "Feature", "geometry": {"type": "Polygon", "coordinates": [[[364874.01372089685, 6875842.149797997], [364910.4070479537, 6875783.058158699], [364933.00039702863, 6875703.420282299], [364963.0968728376, 6875604.26518877], [364968.1772153963, 6875572.58664877], [365017.1980997348, 6875422.041837342], [365038.8770065951, 6875374.406720592], [365013.19264005776, 6875360.019674887], [364898.81058638415, 6875292.720043685], [364776.6247614106, 6875225.740393782], [364679.6760659155, 6875343.35937232], [364366.59284173476, 6875353.163163681], [364345.5493158759, 6875466.936690888], [364332.8354813464, 6875524.136379555], [364314.93836320424, 6875628.737366993], [364243.60164934146, 6875617.838458464], [364171.2086438002, 6875604.921349202], [364191.45425532875, 6875498.441406759], [364046.0630943743, 6875469.89529172], [364012.288664132, 6875639.360590542], [363999.76079012704, 6875701.592972945], [363985.33295057045, 6875764.33548476], [363978.5318008361, 6875799.506755857], [363928.48486903263, 6876077.768632842], [364117.9226357769, 6876035.545746941], [364271.95002297184, 6875994.2673074175], [364535.2124896695, 6875928.003985947], [364628.06023656536, 6875905.537134559], [364721.80813649745, 6875877.24007797], [364753.04251845495, 6875865.373245107], [364866.1335890087, 6875841.2734025605], [364874.01372089685, 6875842.149797997]]]}, "properties": {"id": "431410005040002", "CD_SETOR": "431410005040002", "bairro_seplan": "Petrópolis", "populacao_universo_15m": 812, "alfabetizados": 798, "nao_alfabetizados": 14, "taxa_alfabetizacao": 98.28, "taxa_analfabetismo": 1.72, "homens_universo_15m": 410, "homens_alfabetizados": 404, "homens_nao_alfabetizados": 6, "taxa_alfabetizacao_homens": 98.54, "mulheres_universo_15m": 402, "mulheres_alfabetizadas": 394, "mulheres_nao_alfabetizadas": 8, "taxa_alfabetizacao_mulheres": 98.01, "classificacao_seplan": "97,5% a 99,0%", "fonte": "IBGE — Censo Demográfico 2022 (Agregados por Setores)", "natureza": "Dados estatísticos oficiais agregados por setor censitário"}}, {"type": "Feature", "geometry": {"type": "Polygon", "coordinates": [[[364894.72455290955, 6875836.601021089], [364922.7946158623, 6875828.54291153], [364936.4051030816, 6875838.116603699], [364986.32911848126, 6875827.536517798], [365113.6197099469, 6875805.1360097565], [365181.94985924696, 6875787.095981847], [365250.72967988695, 6875761.403637545], [365266.7117304759, 6875748.786256059], [365345.90018159826, 6875728.552516543], [365400.28914932895, 6875715.306478398], [365455.3278688891, 6875702.732421687], [365521.5346393617, 6875684.910228988], [365501.4180782337, 6875663.163014621], [365465.6765575063, 6875640.740158778], [365376.03678491537, 6875582.258057252], [365379.63339013956, 6875469.260625038], [365365.93576746515, 6875449.2037321385], [365354.5472453897, 6875406.379189895], [365352.23974502634, 6875395.2497767005], [365354.74629259016, 6875387.089264043], [365356.33120823954, 6875360.678824258], [365351.18435319717, 6875336.862613019], [365350.7235599493, 6875313.454118796], [365351.8027855586, 6875301.354717868], [365358.24150753545, 6875273.536596711], [365346.7080211044, 6875252.174465058], [365320.0302756545, 6875224.135992789], [365308.87432273803, 6875205.83648123], [365304.65084063704, 6875193.200455399], [365292.95588589227, 6875193.876734654], [365281.5174257533, 6875195.298345581], [365202.70343874407, 6875219.148185914], [365240.4109635113, 6875380.362849012], [365253.47626902146, 6875451.806857556], [365245.57174901926, 6875497.2161653405], [365121.0141737073, 6875420.982812785], [365038.8770065951, 6875374.406720592], [365017.1980997348, 6875422.041837342], [364968.1772153963, 6875572.58664877], [364963.0968728376, 6875604.26518877], [364933.00039702863, 6875703.420282299], [364910.4070479537, 6875783.058158699], [364874.01372089685, 6875842.149797997], [364894.72455290955, 6875836.601021089]]]}, "properties": {"id": "431410005040003", "CD_SETOR": "431410005040003", "bairro_seplan": "Petrópolis", "populacao_universo_15m": 421, "alfabetizados": 415, "nao_alfabetizados": 6, "taxa_alfabetizacao": 98.57, "taxa_analfabetismo": 1.43, "homens_universo_15m": 217, "homens_alfabetizados": 212, "homens_nao_alfabetizados": 5, "taxa_alfabetizacao_homens": 97.7, "mulheres_universo_15m": 203, "mulheres_alfabetizadas": 203, "mulheres_nao_alfabetizadas": 0, "taxa_alfabetizacao_mulheres": 100.0, "classificacao_seplan": "97,5% a 99,0%", "fonte": "IBGE — Censo Demográfico 2022 (Agregados por Setores)", "natureza": "Dados estatísticos oficiais agregados por setor censitário"}}, {"type": "Feature", "geometry": {"type": "Polygon", "coordinates": [[[364366.59284173476, 6875353.163163681], [364292.853547218, 6875353.428983068], [364266.8396558795, 6875353.353350364], [364250.3859815392, 6875351.370162463], [364218.43351709744, 6875344.566778898], [364147.1642304723, 6875327.927930435], [364074.51144311513, 6875312.148222268], [364002.8901312946, 6875297.144470599], [363930.9068670802, 6875282.911812507], [363856.04246715887, 6875267.493242532], [363788.63955518196, 6875251.783006109], [363752.2607490674, 6875244.218381578], [363701.28075617255, 6875233.172818011], [363613.07030340604, 6875204.14696705], [363580.8638576553, 6875166.544312904], [363507.35923259245, 6875080.718173424], [363453.04930880584, 6875128.928658554], [363395.9792817064, 6875178.182044074], [363352.48891563236, 6875216.4548272975], [363356.7087065153, 6875230.088916525], [363370.85065295757, 6875261.5448904075], [363470.130498777, 6875376.778426768], [363478.0270065319, 6875384.736832669], [363532.3699704039, 6875420.001100959], [363602.30985913426, 6875460.962643499], [363622.4291094913, 6875469.338325975], [363741.21439280093, 6875490.293086031], [363754.0579929739, 6875416.0414541075], [363826.25860756787, 6875428.493574318], [363900.62460994616, 6875443.817918398], [363973.49301441794, 6875457.107865935], [364046.0630943743, 6875469.89529172], [364191.45425532875, 6875498.441406759], [364171.2086438002, 6875604.921349202], [364243.60164934146, 6875617.838458464], [364314.93836320424, 6875628.737366993], [364332.8354813464, 6875524.136379555], [364345.5493158759, 6875466.936690888], [364366.59284173476, 6875353.163163681]]]}, "properties": {"id": "431410005040004", "CD_SETOR": "431410005040004", "bairro_seplan": "Petrópolis", "populacao_universo_15m": 821, "alfabetizados": 799, "nao_alfabetizados": 22, "taxa_alfabetizacao": 97.32, "taxa_analfabetismo": 2.68, "homens_universo_15m": 397, "homens_alfabetizados": 388, "homens_nao_alfabetizados": 9, "taxa_alfabetizacao_homens": 97.73, "mulheres_universo_15m": 424, "mulheres_alfabetizadas": 411, "mulheres_nao_alfabetizadas": 13, "taxa_alfabetizacao_mulheres": 96.93, "classificacao_seplan": "95,0% a 97,5%", "fonte": "IBGE — Censo Demográfico 2022 (Agregados por Setores)", "natureza": "Dados estatísticos oficiais agregados por setor censitário"}}, {"type": "Feature", "geometry": {"type": "Polygon", "coordinates": [[[364366.59284173476, 6875353.163163681], [364679.6760659155, 6875343.35937232], [364573.3128521291, 6875249.409092475], [364472.9345577577, 6875162.573664766], [364371.3540438416, 6875073.728968693], [364271.3456574179, 6874986.552375708], [364167.60296969826, 6874897.404021552], [364067.4729692696, 6874810.822531632], [363967.40905558143, 6874722.024636592], [363873.4804796114, 6874824.025301628], [363776.7090690016, 6874935.8992530685], [363689.13259862864, 6875037.33983505], [363648.0266513257, 6875086.866233323], [363597.64306769014, 6875146.137121205], [363580.8638576553, 6875166.544312904], [363613.07030340604, 6875204.14696705], [363701.28075617255, 6875233.172818011], [363752.2607490674, 6875244.218381578], [363788.63955518196, 6875251.783006109], [363856.04246715887, 6875267.493242532], [363930.9068670802, 6875282.911812507], [364002.8901312946, 6875297.144470599], [364074.51144311513, 6875312.148222268], [364147.1642304723, 6875327.927930435], [364218.43351709744, 6875344.566778898], [364250.3859815392, 6875351.370162463], [364266.8396558795, 6875353.353350364], [364292.853547218, 6875353.428983068], [364366.59284173476, 6875353.163163681]]]}, "properties": {"id": "431410005040005", "CD_SETOR": "431410005040005", "bairro_seplan": "Petrópolis", "populacao_universo_15m": 807, "alfabetizados": 807, "nao_alfabetizados": 0, "taxa_alfabetizacao": 100.0, "taxa_analfabetismo": 0.0, "homens_universo_15m": 375, "homens_alfabetizados": 375, "homens_nao_alfabetizados": 0, "taxa_alfabetizacao_homens": 100.0, "mulheres_universo_15m": 432, "mulheres_alfabetizadas": 432, "mulheres_nao_alfabetizadas": 0, "taxa_alfabetizacao_mulheres": 100.0, "classificacao_seplan": "Maior que 99,0%", "fonte": "IBGE — Censo Demográfico 2022 (Agregados por Setores)", "natureza": "Dados estatísticos oficiais agregados por setor censitário"}}, {"type": "Feature", "geometry": {"type": "Polygon", "coordinates": [[[363831.07482217345, 6874054.394443892], [363887.52304325, 6873989.441177329], [363919.1022260778, 6873952.293410875], [363940.3861843928, 6873928.180936762], [364011.20997515286, 6873849.329876898], [363998.10935769975, 6873835.771561551], [363975.282782327, 6873817.281469452], [363963.6419800138, 6873797.068967602], [363950.08603517304, 6873791.572476232], [363939.0703862877, 6873785.307241249], [363915.38441646204, 6873764.768234238], [363904.0098355452, 6873753.0136620775], [363894.01981228497, 6873717.206614569], [363882.9902843456, 6873700.181329004], [363868.0324031193, 6873680.052570517], [363853.08351749554, 6873665.132052673], [363841.9861996769, 6873657.447388785], [363830.14511066873, 6873646.174956277], [363805.96800347255, 6873618.028370437], [363773.61714331934, 6873579.681870609], [363736.7593596395, 6873537.371866921], [363704.5926381289, 6873512.934171908], [363596.4404531844, 6873635.690418484], [363416.748988701, 6873831.64530971], [363386.54719753104, 6873867.500080241], [363384.3713768551, 6873882.634134343], [363346.3727424041, 6874118.459230158], [363336.52358619974, 6874174.516496776], [363562.69413807656, 6874371.92526979], [363660.270322719, 6874458.094276141], [363863.85535956174, 6874633.9060785035], [363961.30358083255, 6874520.066844975], [364049.5584169282, 6874417.989559534], [363948.35381759814, 6874329.721196126], [363745.1393237784, 6874155.344291036], [363831.07482217345, 6874054.394443892]]]}, "properties": {"id": "431410005040010", "CD_SETOR": "431410005040010", "bairro_seplan": "Petrópolis", "populacao_universo_15m": 552, "alfabetizados": 549, "nao_alfabetizados": 3, "taxa_alfabetizacao": 99.46, "taxa_analfabetismo": 0.54, "homens_universo_15m": 268, "homens_alfabetizados": 268, "homens_nao_alfabetizados": 0, "taxa_alfabetizacao_homens": 100.0, "mulheres_universo_15m": 281, "mulheres_alfabetizadas": 281, "mulheres_nao_alfabetizadas": 0, "taxa_alfabetizacao_mulheres": 100.0, "classificacao_seplan": "Maior que 99,0%", "fonte": "IBGE — Censo Demográfico 2022 (Agregados por Setores)", "natureza": "Dados estatísticos oficiais agregados por setor censitário"}}, {"type": "Feature", "geometry": {"type": "Polygon", "coordinates": [[[363704.5926381289, 6873512.934171908], [363688.13763178943, 6873501.896709149], [363643.9958822151, 6873471.060422972], [363628.5678698155, 6873471.415066342], [363582.15625725, 6873490.406801524], [363557.1216463597, 6873518.1544905845], [363539.03127721115, 6873532.451817796], [363480.7861971385, 6873560.836960357], [363443.43952785106, 6873595.224511882], [363425.58146290516, 6873603.806445301], [363368.7843258636, 6873626.534146508], [363301.40939280123, 6873680.820970012], [363293.0399145433, 6873691.041193418], [363286.8260215842, 6873704.078705441], [363283.128682992, 6873719.2617125325], [363279.3955414776, 6873754.5899578985], [363275.59586391965, 6873770.137464299], [363269.4470492831, 6873781.779485239], [363254.89198231045, 6873801.713148832], [363245.7737636564, 6873809.630906396], [363225.6870681618, 6873823.395058002], [363185.27595190215, 6873849.402398783], [363175.2917989703, 6873855.825242257], [363120.98938986403, 6873880.741430374], [363087.94213298964, 6873907.143641856], [363063.9328890791, 6873940.243356114], [363336.52358619974, 6874174.516496776], [363346.3727424041, 6874118.459230158], [363384.3713768551, 6873882.634134343], [363386.54719753104, 6873867.500080241], [363416.748988701, 6873831.64530971], [363596.4404531844, 6873635.690418484], [363704.5926381289, 6873512.934171908]]]}, "properties": {"id": "431410005040011", "CD_SETOR": "431410005040011", "bairro_seplan": "Petrópolis", "populacao_universo_15m": 83, "alfabetizados": 71, "nao_alfabetizados": 12, "taxa_alfabetizacao": 85.54, "taxa_analfabetismo": 14.46, "homens_universo_15m": 41, "homens_alfabetizados": 35, "homens_nao_alfabetizados": 6, "taxa_alfabetizacao_homens": 85.37, "mulheres_universo_15m": 42, "mulheres_alfabetizadas": 36, "mulheres_nao_alfabetizadas": 6, "taxa_alfabetizacao_mulheres": 85.71, "classificacao_seplan": "Menor que 92,0%", "fonte": "IBGE — Censo Demográfico 2022 (Agregados por Setores)", "natureza": "Dados estatísticos oficiais agregados por setor censitário"}}, {"type": "Feature", "geometry": {"type": "Polygon", "coordinates": [[[363928.48486903263, 6876077.768632842], [363978.5318008361, 6875799.506755857], [363985.33295057045, 6875764.33548476], [363999.76079012704, 6875701.592972945], [364012.288664132, 6875639.360590542], [364046.0630943743, 6875469.89529172], [363973.49301441794, 6875457.107865935], [363900.62460994616, 6875443.817918398], [363826.25860756787, 6875428.493574318], [363754.0579929739, 6875416.0414541075], [363741.21439280093, 6875490.293086031], [363622.4291094913, 6875469.338325975], [363602.30985913426, 6875460.962643499], [363532.3699704039, 6875420.001100959], [363478.0270065319, 6875384.736832669], [363432.24562652595, 6875445.55595987], [363349.42449779843, 6875557.022051956], [363341.9531094362, 6875569.258375765], [363321.493589167, 6875667.213364961], [363281.1596210409, 6875863.373769794], [363266.060567645, 6875940.602063626], [363278.77935539914, 6875962.7556742225], [363290.8697094311, 6875980.680106211], [363418.10582692054, 6876157.314778648], [363465.9880616041, 6876228.175155049], [363482.48857766215, 6876257.785262696], [363607.29901830107, 6876188.000042122], [363637.14529291354, 6876172.419003279], [363661.2758187243, 6876160.606386074], [363680.84430276125, 6876152.087889759], [363715.36602362746, 6876136.992472951], [363743.30575676006, 6876126.752590906], [363770.44852282514, 6876118.398385085], [363798.20715196466, 6876110.250640286], [363928.48486903263, 6876077.768632842]]]}, "properties": {"id": "431410005040012", "CD_SETOR": "431410005040012", "bairro_seplan": "Petrópolis", "populacao_universo_15m": 743, "alfabetizados": 733, "nao_alfabetizados": 10, "taxa_alfabetizacao": 98.65, "taxa_analfabetismo": 1.35, "homens_universo_15m": 346, "homens_alfabetizados": 342, "homens_nao_alfabetizados": 4, "taxa_alfabetizacao_homens": 98.84, "mulheres_universo_15m": 397, "mulheres_alfabetizadas": 391, "mulheres_nao_alfabetizadas": 6, "taxa_alfabetizacao_mulheres": 98.49, "classificacao_seplan": "97,5% a 99,0%", "fonte": "IBGE — Censo Demográfico 2022 (Agregados por Setores)", "natureza": "Dados estatísticos oficiais agregados por setor censitário"}}, {"type": "Feature", "geometry": {"type": "Polygon", "coordinates": [[[362121.90187951055, 6875098.789119968], [362099.57007688726, 6875099.394174565], [362075.96473359485, 6875098.122746572], [362020.4298725241, 6875089.8980875835], [361959.1832006442, 6875090.172590051], [361927.177658377, 6875096.515781764], [361905.0468415958, 6875107.683250699], [361866.66345739795, 6875121.553868668], [361793.522703237, 6875144.627403906], [361770.7840458931, 6875151.510190504], [361711.316094192, 6875175.972386066], [361689.0747754107, 6875185.642211659], [361669.0394181146, 6875197.166100886], [361626.754852133, 6875226.604048397], [361607.1344314885, 6875238.719981195], [361560.08036077174, 6875257.209234914], [361541.19819394464, 6875264.070062947], [361529.3598165456, 6875269.428362617], [361514.0849265776, 6875274.946045009], [361510.73103452654, 6875277.2783320015], [361508.35006626335, 6875280.331164667], [361507.0356266524, 6875283.651302614], [361507.0601253831, 6875287.441385597], [361511.1814222581, 6875317.763493285], [361511.39220331446, 6875340.925821636], [361508.0774425893, 6875355.891221479], [361505.0604542165, 6875362.992385572], [361486.4987524396, 6875386.955285244], [361466.53160263563, 6875404.363812416], [361456.3112540494, 6875410.649583772], [361435.00432554865, 6875425.12805773], [361417.5896178246, 6875432.349344376], [361401.199051508, 6875441.787732011], [361374.66757623747, 6875463.308241203], [361369.1069673415, 6875469.725893276], [361361.5125136698, 6875483.921027465], [361349.8792802844, 6875512.873608475], [361319.0580162783, 6875566.424247407], [361315.7149952208, 6875573.69886417], [361312.1387156655, 6875579.098019764], [361296.09786056663, 6875599.743536991], [361285.8461606775, 6875615.414655481], [361283.35937967297, 6875621.635459941], [361277.15494585707, 6875641.996892845], [361272.1220154674, 6875652.797774838], [361267.43751154654, 6875659.812924949], [361255.12058207544, 6875672.49011609], [361245.9188378259, 6875678.078417076], [361221.80105343706, 6875690.329614323], [361197.74079154606, 6875706.892057952], [361189.3011623692, 6875715.281707151], [361167.45306247275, 6875744.081523164], [361156.5971125235, 6875759.368716794], [361153.1971810113, 6875768.980780691], [361151.2239217456, 6875778.277080523], [361151.55060908094, 6875788.11000176], [361155.8995709636, 6875809.813669142], [361160.9178664844, 6875831.347855522], [361162.21071457095, 6875840.804221848], [361164.8915625154, 6875852.41549749], [361168.83223542315, 6875865.393411879], [361173.15853517235, 6875875.605509231], [361176.52477665583, 6875885.673410175], [361180.057699587, 6875899.954145865], [361181.22128062916, 6875907.037602525], [361182.0170386817, 6875913.684590783], [361181.94210983475, 6875915.057794569], [361703.3366209224, 6875996.225490443], [361835.98678743956, 6876020.164118327], [361889.1276080484, 6876034.622484151], [361918.61850694707, 6876045.581115123], [361945.0904340171, 6876057.069732738], [361990.0653010572, 6876079.222852802], [362036.5975561248, 6876107.566129398], [362146.64016952727, 6876182.921521498], [362257.20754575846, 6876255.456185756], [362325.72601243947, 6876301.461722941], [362368.91283804143, 6876331.537835356], [362388.6937476155, 6876341.230310262], [362415.9144440081, 6876354.255697519], [362445.1864583579, 6876367.271523347], [362482.8880636558, 6876381.20484685], [362604.74969488225, 6876417.730944531], [362606.11828875134, 6876394.431907052], [362609.2183730008, 6876363.130094992], [362620.1894960569, 6876309.745791513], [362631.6652586878, 6876246.660173939], [362637.20258240076, 6876190.4427283835], [362579.61349807517, 6876137.052364368], [362504.599442009, 6876073.143429542], [362442.77674258815, 6876022.728510009], [362399.44606042025, 6875965.3357190285], [362348.19804962084, 6875891.683496285], [362298.131591047, 6875821.136372223], [362232.9864226543, 6875740.917516619], [362230.4021232461, 6875659.972350197], [362226.2964588888, 6875595.132729834], [362214.8533968265, 6875546.109569825], [362205.58037775557, 6875505.444658616], [362179.0831176756, 6875427.723675482], [362151.55053655966, 6875349.613828819], [362115.180462277, 6875299.913351141], [362108.21596996335, 6875288.673678534], [362102.57418070023, 6875271.698189413], [362097.18696248694, 6875241.250851413], [362109.6586429125, 6875201.602883222], [362122.5091666549, 6875180.03282192], [362126.11143616145, 6875168.971227756], [362129.7237517494, 6875148.59041762], [362129.893311474, 6875134.82947263], [362128.6946606555, 6875121.429406628], [362121.90187951055, 6875098.789119968]]]}, "properties": {"id": "431410005040014", "CD_SETOR": "431410005040014", "bairro_seplan": "Área Rural", "populacao_universo_15m": 0, "alfabetizados": 0, "nao_alfabetizados": 0, "taxa_alfabetizacao": null, "taxa_analfabetismo": null, "homens_universo_15m": 0, "homens_alfabetizados": 0, "homens_nao_alfabetizados": 0, "taxa_alfabetizacao_homens": null, "mulheres_universo_15m": 0, "mulheres_alfabetizadas": 0, "mulheres_nao_alfabetizadas": 0, "taxa_alfabetizacao_mulheres": null, "classificacao_seplan": "Setor não residencial ou sem população", "fonte": "IBGE — Censo Demográfico 2022 (Agregados por Setores)", "natureza": "Dados estatísticos oficiais agregados por setor censitário"}}, {"type": "Feature", "geometry": {"type": "Polygon", "coordinates": [[[363967.40905558143, 6874722.024636592], [363863.85535956174, 6874633.9060785035], [363660.270322719, 6874458.094276141], [363653.83188204054, 6874465.056897061], [363567.0525854822, 6874562.206172742], [363474.3945368079, 6874672.11930627], [363386.80059854675, 6874775.8513366375], [363334.48714775656, 6874840.794667117], [363330.13479336235, 6874870.242723819], [363336.70563848084, 6874880.801156765], [363405.3176307415, 6874961.796233689], [363456.754856267, 6875023.422948231], [363507.35923259245, 6875080.718173424], [363580.8638576553, 6875166.544312904], [363597.64306769014, 6875146.137121205], [363648.0266513257, 6875086.866233323], [363689.13259862864, 6875037.33983505], [363776.7090690016, 6874935.8992530685], [363873.4804796114, 6874824.025301628], [363967.40905558143, 6874722.024636592]]]}, "properties": {"id": "431410005040015", "CD_SETOR": "431410005040015", "bairro_seplan": "Petrópolis", "populacao_universo_15m": 718, "alfabetizados": 715, "nao_alfabetizados": 3, "taxa_alfabetizacao": 99.58, "taxa_analfabetismo": 0.42, "homens_universo_15m": 321, "homens_alfabetizados": 321, "homens_nao_alfabetizados": 0, "taxa_alfabetizacao_homens": 100.0, "mulheres_universo_15m": 397, "mulheres_alfabetizadas": 394, "mulheres_nao_alfabetizadas": 3, "taxa_alfabetizacao_mulheres": 99.24, "classificacao_seplan": "Maior que 99,0%", "fonte": "IBGE — Censo Demográfico 2022 (Agregados por Setores)", "natureza": "Dados estatísticos oficiais agregados por setor censitário"}}, {"type": "Feature", "geometry": {"type": "Polygon", "coordinates": [[[363478.0270065319, 6875384.736832669], [363470.130498777, 6875376.778426768], [363370.85065295757, 6875261.5448904075], [363356.7087065153, 6875230.088916525], [363352.48891563236, 6875216.4548272975], [363395.9792817064, 6875178.182044074], [363453.04930880584, 6875128.928658554], [363507.35923259245, 6875080.718173424], [363456.754856267, 6875023.422948231], [363405.3176307415, 6874961.796233689], [363336.70563848084, 6874880.801156765], [363330.13479336235, 6874870.242723819], [363322.87877839885, 6874877.439559931], [363175.21647777094, 6874964.189302504], [362988.0350043499, 6875288.262030468], [363114.9118378039, 6875379.194591321], [363126.65937423403, 6875387.618709644], [363349.42449779843, 6875557.022051956], [363432.24562652595, 6875445.55595987], [363478.0270065319, 6875384.736832669]]]}, "properties": {"id": "431410005040016", "CD_SETOR": "431410005040016", "bairro_seplan": "Petrópolis", "populacao_universo_15m": 372, "alfabetizados": 363, "nao_alfabetizados": 9, "taxa_alfabetizacao": 97.58, "taxa_analfabetismo": 2.42, "homens_universo_15m": 172, "homens_alfabetizados": 169, "homens_nao_alfabetizados": 3, "taxa_alfabetizacao_homens": 98.26, "mulheres_universo_15m": 200, "mulheres_alfabetizadas": 194, "mulheres_nao_alfabetizadas": 6, "taxa_alfabetizacao_mulheres": 97.0, "classificacao_seplan": "97,5% a 99,0%", "fonte": "IBGE — Censo Demográfico 2022 (Agregados por Setores)", "natureza": "Dados estatísticos oficiais agregados por setor censitário"}}, {"type": "Feature", "geometry": {"type": "Polygon", "coordinates": [[[365186.022431742, 6875158.533590919], [365143.1434292655, 6874999.199102786], [365132.07676648727, 6874949.751409704], [365093.5024738981, 6874855.611379297], [365035.0249410599, 6874921.533326935], [364935.9478584721, 6874831.569551513], [364835.2640416547, 6874743.237661959], [364632.0347372504, 6874569.309043294], [364528.3102839149, 6874478.679073317], [364428.8414624914, 6874391.02212354], [364328.57048832666, 6874303.277521329], [364284.8699340073, 6874350.183265489], [364240.77780283184, 6874403.843894152], [364343.0177560892, 6874491.046572101], [364444.2217584563, 6874579.732411763], [364548.30848156544, 6874667.020718457], [364648.71303351194, 6874754.653894889], [364749.4892179505, 6874843.387401719], [364850.9468803942, 6874933.590430604], [364953.36343106785, 6875018.994203124], [365053.158818479, 6875106.350743899], [365153.295053544, 6875198.386458259], [365186.022431742, 6875158.533590919]]]}, "properties": {"id": "431410005040017", "CD_SETOR": "431410005040017", "bairro_seplan": "Petrópolis", "populacao_universo_15m": 790, "alfabetizados": 772, "nao_alfabetizados": 18, "taxa_alfabetizacao": 97.72, "taxa_analfabetismo": 2.28, "homens_universo_15m": 384, "homens_alfabetizados": 376, "homens_nao_alfabetizados": 8, "taxa_alfabetizacao_homens": 97.92, "mulheres_universo_15m": 406, "mulheres_alfabetizadas": 396, "mulheres_nao_alfabetizadas": 10, "taxa_alfabetizacao_mulheres": 97.54, "classificacao_seplan": "97,5% a 99,0%", "fonte": "IBGE — Censo Demográfico 2022 (Agregados por Setores)", "natureza": "Dados estatísticos oficiais agregados por setor censitário"}}, {"type": "Feature", "geometry": {"type": "Polygon", "coordinates": [[[365304.65084063704, 6875193.200455399], [365300.5072992835, 6875174.382081081], [365298.0792940738, 6875153.987483555], [365293.5862773245, 6875118.399437107], [365289.9003352469, 6875092.1175837135], [365291.0247630639, 6875054.410271667], [365295.23342675075, 6875040.66203925], [365302.502276796, 6875025.30851208], [365308.95463102026, 6875011.862751125], [365314.7682567293, 6874991.572704141], [365314.0845197252, 6874974.854649643], [365312.6471064924, 6874962.294540856], [365306.69501710846, 6874950.669444511], [365296.0528599706, 6874934.680596875], [365288.6558696873, 6874923.271802937], [365279.55869385257, 6874906.901543589], [365275.8741912087, 6874902.992438689], [365260.9551629621, 6874882.555833969], [365253.6789534421, 6874863.96782819], [365250.0560135648, 6874843.393429304], [365250.4447030162, 6874822.111035031], [365249.1886192693, 6874804.821336711], [365244.3160713665, 6874769.849475708], [365242.6262627808, 6874745.8175392095], [365248.451473181, 6874725.372514086], [365233.1897971225, 6874728.235539049], [365215.6682225743, 6874727.903696289], [365200.11495570734, 6874726.197952211], [365186.83968866034, 6874720.905608144], [365179.91514269833, 6874715.441570524], [365175.4673411187, 6874707.900238963], [365173.0737628812, 6874700.060877822], [365169.0979594352, 6874673.421064988], [365168.2242917585, 6874653.575953065], [365168.2624691115, 6874625.153331878], [365165.1118354746, 6874608.80615659], [365158.6417620544, 6874585.794777984], [365139.6920594647, 6874544.47971059], [365124.0055839496, 6874504.420595572], [365109.06170717056, 6874481.922380161], [365099.82669990597, 6874475.146626605], [365073.0125876834, 6874461.910279337], [365070.0187081706, 6874459.416248212], [365068.1121034562, 6874457.089708108], [365065.96728257916, 6874453.275590291], [365064.8399351215, 6874448.863573588], [365065.7171859795, 6874445.9259650605], [365066.95101626986, 6874444.421873393], [365078.0931236866, 6874438.797390703], [365084.04646974825, 6874438.178010833], [365094.7266600408, 6874435.207733101], [365098.81339661486, 6874432.195777576], [365101.2861042209, 6874426.151418405], [365102.8885548832, 6874415.520669067], [365100.3443638381, 6874412.311481524], [365096.4837000299, 6874411.835453229], [365091.58272264834, 6874420.013038931], [365083.6851047862, 6874425.076020677], [365076.75884753355, 6874424.09974397], [365072.8336873385, 6874420.664315982], [365067.41452282073, 6874413.134055439], [365063.7587288986, 6874404.99220871], [365063.7639554038, 6874399.351977272], [365065.28523084696, 6874395.003304471], [365072.86753845075, 6874386.601334622], [365078.17293056974, 6874376.511318034], [365078.0724859356, 6874371.53475317], [365070.0381756072, 6874365.315589642], [365062.9276738588, 6874365.013157561], [365057.24365746917, 6874366.11207446], [365051.2995032164, 6874368.515604412], [365045.7338100368, 6874372.153437939], [365027.64337666135, 6874393.423015712], [365018.7492698925, 6874399.8265239755], [364955.2233315752, 6874416.279892765], [364942.9773333081, 6874420.606294887], [364929.82222551596, 6874416.866363034], [364903.3285591453, 6874397.915398352], [364885.3726481435, 6874387.50535395], [364874.5413552461, 6874382.196119899], [364871.3507086131, 6874378.890873354], [364869.35149160284, 6874375.222427575], [364868.56236663554, 6874369.550988177], [364869.09814000013, 6874362.997056354], [364870.7085154539, 6874359.447260401], [364878.3528385066, 6874350.780167097], [364886.8808539425, 6874343.7852954455], [364894.92224879574, 6874339.887597205], [364911.8503883523, 6874332.822076993], [364923.1018456777, 6874329.658995241], [364942.54075341683, 6874320.106581599], [364944.0051371753, 6874319.037288958], [364945.31735316373, 6874316.680854319], [364945.0219470714, 6874314.184240106], [364943.8359202926, 6874309.760459511], [364940.26161231415, 6874302.228956742], [364919.8811711351, 6874274.659949115], [364901.08340593416, 6874252.017851731], [364892.1547511487, 6874244.214860338], [364872.0529363155, 6874231.841162274], [364862.3695245003, 6874227.420382936], [364840.41721511283, 6874220.732348802], [364831.3436281313, 6874219.63174504], [364781.7719841184, 6874227.411352352], [364769.1217039233, 6874235.367578487], [364754.27075345727, 6874242.700341402], [364749.7694687522, 6874244.200422943], [364742.23009752645, 6874244.513452912], [364737.22783374635, 6874242.616993673], [364727.3161899721, 6874237.561876994], [364709.20582729945, 6874224.379498867], [364705.96752867196, 6874222.680425159], [364684.336393006, 6874211.064649405], [364664.13825006154, 6874203.720326404], [364641.0234603628, 6874200.032735445], [364613.9871893028, 6874189.164122172], [364604.849988912, 6874183.319886976], [364596.65841242217, 6874172.85450983], [364594.161337483, 6874164.670305477], [364588.3172330759, 6874130.772904787], [364582.9722538756, 6874120.218090596], [364575.43952410226, 6874113.0734735], [364573.78649684915, 6874106.594306905], [364574.3589247601, 6874102.002159901], [364577.5850864687, 6874097.019201016], [364584.43189433194, 6874095.479453869], [364621.73249881255, 6874101.09084438], [364640.4266889661, 6874101.7694153935], [364646.24688660435, 6874099.907655534], [364647.9844615804, 6874096.3925806], [364646.60164200066, 6874080.841047952], [364647.48436677805, 6874075.709460417], [364685.16965915245, 6874002.804046769], [364690.942824705, 6873991.290053913], [364733.7116992859, 6873938.920403245], [364746.1765978953, 6873936.015115768], [364756.93235648447, 6873937.578206783], [364768.3599977211, 6873943.03842288], [364776.5925826266, 6873943.010310978], [364780.4846035059, 6873941.580852688], [364787.25751252205, 6873935.319586134], [364790.64580291236, 6873913.506167522], [364787.77105046995, 6873892.818174813], [364787.6722770051, 6873877.369937219], [364792.5886371882, 6873773.085892171], [364816.71440452745, 6873727.562306302], [364825.08710740245, 6873702.292919878], [364820.33569167403, 6873694.759037791], [364701.4739529883, 6873857.605246784], [364680.6032190581, 6873904.15195412], [364641.14929897845, 6873970.410655793], [364599.64211816253, 6874041.155852111], [364528.64903616224, 6873992.375615716], [364507.60296089214, 6874038.731676609], [364498.5700234469, 6874058.153570375], [364465.44492707413, 6874127.719682945], [364453.0389764123, 6874152.07847691], [364447.7911073078, 6874162.246464274], [364435.6464051093, 6874181.765760897], [364393.85282327025, 6874228.449858526], [364385.55669523356, 6874238.317056263], [364354.8956278373, 6874274.19108755], [364328.57048832666, 6874303.277521329], [364428.8414624914, 6874391.02212354], [364528.3102839149, 6874478.679073317], [364632.0347372504, 6874569.309043294], [364835.2640416547, 6874743.237661959], [364935.9478584721, 6874831.569551513], [365035.0249410599, 6874921.533326935], [365093.5024738981, 6874855.611379297], [365132.07676648727, 6874949.751409704], [365143.1434292655, 6874999.199102786], [365186.022431742, 6875158.533590919], [365202.70343874407, 6875219.148185914], [365281.5174257533, 6875195.298345581], [365292.95588589227, 6875193.876734654], [365304.65084063704, 6875193.200455399]]]}, "properties": {"id": "431410005040018", "CD_SETOR": "431410005040018", "bairro_seplan": "São Luiz Gonzaga", "populacao_universo_15m": 1043, "alfabetizados": 997, "nao_alfabetizados": 46, "taxa_alfabetizacao": 95.59, "taxa_analfabetismo": 4.41, "homens_universo_15m": 512, "homens_alfabetizados": 487, "homens_nao_alfabetizados": 25, "taxa_alfabetizacao_homens": 95.12, "mulheres_universo_15m": 531, "mulheres_alfabetizadas": 510, "mulheres_nao_alfabetizadas": 21, "taxa_alfabetizacao_mulheres": 96.05, "classificacao_seplan": "95,0% a 97,5%", "fonte": "IBGE — Censo Demográfico 2022 (Agregados por Setores)", "natureza": "Dados estatísticos oficiais agregados por setor censitário"}}, {"type": "Feature", "geometry": {"type": "Polygon", "coordinates": [[[365202.70343874407, 6875219.148185914], [365186.022431742, 6875158.533590919], [365153.295053544, 6875198.386458259], [365053.158818479, 6875106.350743899], [364953.36343106785, 6875018.994203124], [364850.9468803942, 6874933.590430604], [364749.4892179505, 6874843.387401719], [364648.71303351194, 6874754.653894889], [364558.509941811, 6874858.33107301], [364470.70959137136, 6874958.555575067], [364403.2579892203, 6875038.31226817], [364371.3540438416, 6875073.728968693], [364472.9345577577, 6875162.573664766], [364573.3128521291, 6875249.409092475], [364679.6760659155, 6875343.35937232], [364776.6247614106, 6875225.740393782], [364898.81058638415, 6875292.720043685], [365013.19264005776, 6875360.019674887], [365038.8770065951, 6875374.406720592], [365121.0141737073, 6875420.982812785], [365245.57174901926, 6875497.2161653405], [365253.47626902146, 6875451.806857556], [365240.4109635113, 6875380.362849012], [365202.70343874407, 6875219.148185914]]]}, "properties": {"id": "431410005040019", "CD_SETOR": "431410005040019", "bairro_seplan": "Petrópolis", "populacao_universo_15m": 722, "alfabetizados": 718, "nao_alfabetizados": 4, "taxa_alfabetizacao": 99.45, "taxa_analfabetismo": 0.55, "homens_universo_15m": 333, "homens_alfabetizados": 333, "homens_nao_alfabetizados": 0, "taxa_alfabetizacao_homens": 100.0, "mulheres_universo_15m": 389, "mulheres_alfabetizadas": 385, "mulheres_nao_alfabetizadas": 4, "taxa_alfabetizacao_mulheres": 98.97, "classificacao_seplan": "Maior que 99,0%", "fonte": "IBGE — Censo Demográfico 2022 (Agregados por Setores)", "natureza": "Dados estatísticos oficiais agregados por setor censitário"}}, {"type": "Feature", "geometry": {"type": "Polygon", "coordinates": [[[364648.71303351194, 6874754.653894889], [364548.30848156544, 6874667.020718457], [364444.2217584563, 6874579.732411763], [364343.0177560892, 6874491.046572101], [364240.77780283184, 6874403.843894152], [364153.39635574387, 6874504.358979666], [364066.59760648804, 6874606.132326879], [363967.40905558143, 6874722.024636592], [364067.4729692696, 6874810.822531632], [364167.60296969826, 6874897.404021552], [364271.3456574179, 6874986.552375708], [364371.3540438416, 6875073.728968693], [364403.2579892203, 6875038.31226817], [364470.70959137136, 6874958.555575067], [364558.509941811, 6874858.33107301], [364648.71303351194, 6874754.653894889]]]}, "properties": {"id": "431410005040020", "CD_SETOR": "431410005040020", "bairro_seplan": "Petrópolis", "populacao_universo_15m": 538, "alfabetizados": 530, "nao_alfabetizados": 8, "taxa_alfabetizacao": 98.51, "taxa_analfabetismo": 1.49, "homens_universo_15m": 235, "homens_alfabetizados": 235, "homens_nao_alfabetizados": 0, "taxa_alfabetizacao_homens": 100.0, "mulheres_universo_15m": 301, "mulheres_alfabetizadas": 295, "mulheres_nao_alfabetizadas": 6, "taxa_alfabetizacao_mulheres": 98.01, "classificacao_seplan": "97,5% a 99,0%", "fonte": "IBGE — Censo Demográfico 2022 (Agregados por Setores)", "natureza": "Dados estatísticos oficiais agregados por setor censitário"}}, {"type": "Feature", "geometry": {"type": "Polygon", "coordinates": [[[364138.688510202, 6874318.182255717], [364098.78391040803, 6874360.853461197], [364008.2040463253, 6874264.207947746], [363967.76341259247, 6874220.893749066], [363959.8728834711, 6874206.46429421], [363949.76522303896, 6874169.736258203], [363942.17455616023, 6874116.304474492], [363934.5533081378, 6874143.454666926], [363871.1999341287, 6874086.624371306], [363831.07482217345, 6874054.394443892], [363745.1393237784, 6874155.344291036], [363948.35381759814, 6874329.721196126], [364049.5584169282, 6874417.989559534], [363961.30358083255, 6874520.066844975], [363863.85535956174, 6874633.9060785035], [363967.40905558143, 6874722.024636592], [364066.59760648804, 6874606.132326879], [364153.39635574387, 6874504.358979666], [364240.77780283184, 6874403.843894152], [364156.2022135558, 6874332.876819608], [364138.688510202, 6874318.182255717]]]}, "properties": {"id": "431410005040021", "CD_SETOR": "431410005040021", "bairro_seplan": "Petrópolis", "populacao_universo_15m": 346, "alfabetizados": 343, "nao_alfabetizados": 3, "taxa_alfabetizacao": 99.13, "taxa_analfabetismo": 0.87, "homens_universo_15m": 158, "homens_alfabetizados": 158, "homens_nao_alfabetizados": 0, "taxa_alfabetizacao_homens": 100.0, "mulheres_universo_15m": 188, "mulheres_alfabetizadas": 185, "mulheres_nao_alfabetizadas": 3, "taxa_alfabetizacao_mulheres": 98.4, "classificacao_seplan": "Maior que 99,0%", "fonte": "IBGE — Censo Demográfico 2022 (Agregados por Setores)", "natureza": "Dados estatísticos oficiais agregados por setor censitário"}}, {"type": "Feature", "geometry": {"type": "Polygon", "coordinates": [[[363942.17455616023, 6874116.304474492], [363949.76522303896, 6874169.736258203], [363959.8728834711, 6874206.46429421], [363967.76341259247, 6874220.893749066], [364008.2040463253, 6874264.207947746], [364098.78391040803, 6874360.853461197], [364138.688510202, 6874318.182255717], [364143.53399049165, 6874313.195771534], [364145.9067029847, 6874308.214234443], [364148.8801565538, 6874296.180867793], [364148.7749139464, 6874287.37013609], [364147.89485482953, 6874278.528376088], [364145.96636482707, 6874268.699476255], [364117.63790456776, 6874182.141628703], [364110.37966118625, 6874159.608101133], [364108.0330098138, 6874153.741463686], [364105.7881571856, 6874150.125468556], [364103.46638576215, 6874147.228868542], [364099.8121071841, 6874144.161878241], [364096.2461732802, 6874141.949148234], [364088.8767794514, 6874139.415845931], [364042.2753600606, 6874131.136515122], [364031.13326740015, 6874129.02537949], [364026.1998279072, 6874127.129400607], [364019.56835288997, 6874122.709624754], [364002.3431010245, 6874111.143026879], [363996.30136434466, 6874104.923760984], [363983.0440148026, 6874088.748493867], [363977.76858230523, 6874079.878514282], [363974.49118025997, 6874072.1838680785], [363942.17455616023, 6874116.304474492]]]}, "properties": {"id": "431410005040022", "CD_SETOR": "431410005040022", "bairro_seplan": "Petrópolis", "populacao_universo_15m": 220, "alfabetizados": 202, "nao_alfabetizados": 18, "taxa_alfabetizacao": 91.82, "taxa_analfabetismo": 8.18, "homens_universo_15m": 118, "homens_alfabetizados": 110, "homens_nao_alfabetizados": 8, "taxa_alfabetizacao_homens": 93.22, "mulheres_universo_15m": 102, "mulheres_alfabetizadas": 92, "mulheres_nao_alfabetizadas": 10, "taxa_alfabetizacao_mulheres": 90.2, "classificacao_seplan": "Menor que 92,0%", "fonte": "IBGE — Censo Demográfico 2022 (Agregados por Setores)", "natureza": "Dados estatísticos oficiais agregados por setor censitário"}}, {"type": "Feature", "geometry": {"type": "Polygon", "coordinates": [[[364350.80124042917, 6874033.971265591], [364353.459523937, 6874038.334374074], [364370.56258257874, 6874069.202436006], [364378.7879277613, 6874108.468301481], [364373.0385462882, 6874141.058794126], [364349.0440393289, 6874180.887366919], [364320.223130691, 6874200.847627234], [364286.4404219653, 6874211.077250335], [364265.1416857109, 6874240.797223945], [364232.29880731506, 6874259.780483406], [364202.62681821676, 6874272.616636142], [364156.2022135558, 6874332.876819608], [364240.77780283184, 6874403.843894152], [364284.8699340073, 6874350.183265489], [364328.57048832666, 6874303.277521329], [364354.8956278373, 6874274.19108755], [364385.55669523356, 6874238.317056263], [364393.85282327025, 6874228.449858526], [364435.6464051093, 6874181.765760897], [364447.7911073078, 6874162.246464274], [364453.0389764123, 6874152.07847691], [364465.44492707413, 6874127.719682945], [364498.5700234469, 6874058.153570375], [364507.60296089214, 6874038.731676609], [364528.64903616224, 6873992.375615716], [364599.64211816253, 6874041.155852111], [364641.14929897845, 6873970.410655793], [364680.6032190581, 6873904.15195412], [364701.4739529883, 6873857.605246784], [364820.33569167403, 6873694.759037791], [364806.33569960383, 6873674.819748455], [364798.37577108934, 6873667.293636177], [364783.6713656171, 6873654.072547946], [364751.8785430511, 6873613.84036084], [364748.2275625491, 6873610.485495623], [364741.31324075384, 6873606.783170136], [364735.2076842076, 6873605.295205792], [364730.69787142565, 6873605.842193214], [364728.17996779655, 6873608.960544437], [364727.9075196914, 6873612.204216241], [364728.24886820896, 6873623.577365614], [364727.0648922069, 6873627.597410695], [364726.1952190992, 6873629.005886469], [364717.63679472764, 6873643.867897883], [364712.2160278903, 6873646.000182141], [364676.9528686537, 6873645.974968154], [364670.67786709464, 6873644.717743723], [364657.34454994753, 6873639.479470771], [364645.7561553946, 6873636.100551786], [364638.30011427234, 6873635.162276477], [364584.74150203343, 6873660.636412336], [364562.4688959435, 6873669.225058924], [364543.20034106285, 6873681.105807662], [364528.6619786868, 6873696.342698563], [364505.3691219868, 6873738.429021765], [364496.5996672121, 6873743.381925412], [364483.85199030594, 6873748.72157125], [364475.3237638899, 6873749.732321252], [364463.0500925561, 6873747.930009259], [364455.8161153926, 6873741.287360445], [364451.6030299865, 6873733.028110715], [364451.3082353544, 6873727.051998708], [364453.58042690274, 6873717.104900815], [364451.055446767, 6873706.227610558], [364433.25670839456, 6873686.477174746], [364424.9564546265, 6873672.686056858], [364423.7985836841, 6873659.807601518], [364425.24269689043, 6873642.47099451], [364424.5541646391, 6873634.0303647565], [364427.6087499559, 6873628.602240386], [364427.9054516216, 6873623.242346145], [364406.73335730453, 6873606.777678922], [364394.8666904353, 6873603.7166846935], [364390.3504636345, 6873610.834601563], [364390.0406431273, 6873614.764875587], [364389.49359912553, 6873620.565156256], [364387.3222571271, 6873623.399289066], [364365.1739769198, 6873639.989592429], [364332.50201143004, 6873669.069948042], [364295.89928697597, 6873705.529665656], [364265.2148515914, 6873721.224358348], [364243.52406421804, 6873728.666635222], [364231.4215785456, 6873727.342529179], [364219.7680571767, 6873733.946584137], [364217.12529510166, 6873741.9612844065], [364219.35289239185, 6873753.9433498345], [364230.9214362407, 6873771.927440484], [364253.3123541085, 6873781.3476481065], [364304.4361636499, 6873794.742009457], [364321.13476058905, 6873799.143730012], [364336.1902374701, 6873806.518562336], [364351.18458955165, 6873814.092137011], [364366.61714030383, 6873830.54671044], [364378.14395520044, 6873852.209109779], [364374.638955322, 6873870.430820287], [364364.64970925124, 6873893.675777489], [364358.66997920955, 6873908.644589442], [364356.0939926064, 6873917.690627009], [364354.8863795182, 6873924.624716917], [364355.53324591793, 6873931.557834854], [364360.9494493386, 6873953.02852685], [364365.32668279647, 6873978.698185213], [364365.1008439632, 6874005.334715631], [364362.0775994733, 6874019.173786571], [364358.7765475953, 6874025.5520615615], [364355.8850154687, 6874030.4390582815], [364350.80124042917, 6874033.971265591]]]}, "properties": {"id": "431410005040023", "CD_SETOR": "431410005040023", "bairro_seplan": "Petrópolis", "populacao_universo_15m": 502, "alfabetizados": 472, "nao_alfabetizados": 30, "taxa_alfabetizacao": 94.02, "taxa_analfabetismo": 5.98, "homens_universo_15m": 234, "homens_alfabetizados": 223, "homens_nao_alfabetizados": 11, "taxa_alfabetizacao_homens": 95.3, "mulheres_universo_15m": 268, "mulheres_alfabetizadas": 249, "mulheres_nao_alfabetizadas": 19, "taxa_alfabetizacao_mulheres": 92.91, "classificacao_seplan": "92,0% a 95,0%", "fonte": "IBGE — Censo Demográfico 2022 (Agregados por Setores)", "natureza": "Dados estatísticos oficiais agregados por setor censitário"}}, {"type": "Feature", "geometry": {"type": "Polygon", "coordinates": [[[364156.2022135558, 6874332.876819608], [364202.62681821676, 6874272.616636142], [364232.29880731506, 6874259.780483406], [364265.1416857109, 6874240.797223945], [364286.4404219653, 6874211.077250335], [364320.223130691, 6874200.847627234], [364349.0440393289, 6874180.887366919], [364373.0385462882, 6874141.058794126], [364378.7879277613, 6874108.468301481], [364370.56258257874, 6874069.202436006], [364353.459523937, 6874038.334374074], [364350.80124042917, 6874033.971265591], [364328.6219473663, 6874041.186515901], [364306.81259943295, 6874046.078910468], [364286.74127902207, 6874049.140580516], [364281.5220458999, 6874049.069832731], [364274.2429318235, 6874047.224708445], [364184.4846786837, 6874013.519804046], [364180.3097675949, 6874009.649036339], [364173.6739322284, 6873997.893561025], [364166.60509729094, 6873971.6721991375], [364162.5000154065, 6873960.843247542], [364158.30035371974, 6873951.420520472], [364154.0782740191, 6873946.529734122], [364142.2117931235, 6873938.2825164795], [364125.4132073031, 6873922.8868835475], [364105.6090081609, 6873914.6263371855], [364078.5623710305, 6873896.187881384], [364063.8107124695, 6873889.7026944095], [364049.25056163105, 6873877.6347679645], [364038.97519179794, 6873871.832439524], [364031.0093926457, 6873868.272791827], [364026.4407594908, 6873864.51934731], [364011.20997515286, 6873849.329876898], [363940.3861843928, 6873928.180936762], [363919.1022260778, 6873952.293410875], [363887.52304325, 6873989.441177329], [363831.07482217345, 6874054.394443892], [363871.1999341287, 6874086.624371306], [363934.5533081378, 6874143.454666926], [363942.17455616023, 6874116.304474492], [363974.49118025997, 6874072.1838680785], [363977.76858230523, 6874079.878514282], [363983.0440148026, 6874088.748493867], [363996.30136434466, 6874104.923760984], [364002.3431010245, 6874111.143026879], [364019.56835288997, 6874122.709624754], [364026.1998279072, 6874127.129400607], [364031.13326740015, 6874129.02537949], [364042.2753600606, 6874131.136515122], [364088.8767794514, 6874139.415845931], [364096.2461732802, 6874141.949148234], [364099.8121071841, 6874144.161878241], [364103.46638576215, 6874147.228868542], [364105.7881571856, 6874150.125468556], [364108.0330098138, 6874153.741463686], [364110.37966118625, 6874159.608101133], [364117.63790456776, 6874182.141628703], [364145.96636482707, 6874268.699476255], [364147.89485482953, 6874278.528376088], [364148.7749139464, 6874287.37013609], [364148.8801565538, 6874296.180867793], [364145.9067029847, 6874308.214234443], [364143.53399049165, 6874313.195771534], [364138.688510202, 6874318.182255717], [364156.2022135558, 6874332.876819608]]]}, "properties": {"id": "431410005040024", "CD_SETOR": "431410005040024", "bairro_seplan": "Petrópolis", "populacao_universo_15m": 456, "alfabetizados": 428, "nao_alfabetizados": 28, "taxa_alfabetizacao": 93.86, "taxa_analfabetismo": 6.14, "homens_universo_15m": 227, "homens_alfabetizados": 213, "homens_nao_alfabetizados": 14, "taxa_alfabetizacao_homens": 93.83, "mulheres_universo_15m": 229, "mulheres_alfabetizadas": 215, "mulheres_nao_alfabetizadas": 14, "taxa_alfabetizacao_mulheres": 93.89, "classificacao_seplan": "92,0% a 95,0%", "fonte": "IBGE — Censo Demográfico 2022 (Agregados por Setores)", "natureza": "Dados estatísticos oficiais agregados por setor censitário"}}, {"type": "Feature", "geometry": {"type": "Polygon", "coordinates": [[[365700.8825415844, 6875648.598739894], [365699.9343302591, 6875625.705604313], [365696.80466550816, 6875572.6916075125], [365689.47222611704, 6875440.079041144], [365679.81857372425, 6875305.356944371], [365603.8695159711, 6875310.193456708], [365578.7220790634, 6874905.005974295], [365502.637609526, 6874909.020181463], [365426.84629711875, 6874914.001281671], [365354.0407237285, 6874917.87440189], [365288.6558696873, 6874923.271802937], [365296.0528599706, 6874934.680596875], [365306.69501710846, 6874950.669444511], [365312.6471064924, 6874962.294540856], [365314.0845197252, 6874974.854649643], [365314.7682567293, 6874991.572704141], [365308.95463102026, 6875011.862751125], [365302.502276796, 6875025.30851208], [365295.23342675075, 6875040.66203925], [365291.0247630639, 6875054.410271667], [365289.9003352469, 6875092.1175837135], [365293.5862773245, 6875118.399437107], [365298.0792940738, 6875153.987483555], [365300.5072992835, 6875174.382081081], [365304.65084063704, 6875193.200455399], [365308.87432273803, 6875205.83648123], [365320.0302756545, 6875224.135992789], [365346.7080211044, 6875252.174465058], [365358.24150753545, 6875273.536596711], [365351.8027855586, 6875301.354717868], [365350.7235599493, 6875313.454118796], [365351.18435319717, 6875336.862613019], [365356.33120823954, 6875360.678824258], [365354.74629259016, 6875387.089264043], [365352.23974502634, 6875395.2497767005], [365354.5472453897, 6875406.379189895], [365365.93576746515, 6875449.2037321385], [365379.63339013956, 6875469.260625038], [365376.03678491537, 6875582.258057252], [365465.6765575063, 6875640.740158778], [365501.4180782337, 6875663.163014621], [365521.5346393617, 6875684.910228988], [365627.3720263124, 6875665.829560846], [365667.2212799414, 6875657.404330496], [365700.8825415844, 6875648.598739894]]]}, "properties": {"id": "431410005050001", "CD_SETOR": "431410005050001", "bairro_seplan": "São Luiz Gonzaga", "populacao_universo_15m": 817, "alfabetizados": 792, "nao_alfabetizados": 25, "taxa_alfabetizacao": 96.94, "taxa_analfabetismo": 3.06, "homens_universo_15m": 399, "homens_alfabetizados": 386, "homens_nao_alfabetizados": 13, "taxa_alfabetizacao_homens": 96.74, "mulheres_universo_15m": 418, "mulheres_alfabetizadas": 406, "mulheres_nao_alfabetizadas": 12, "taxa_alfabetizacao_mulheres": 97.13, "classificacao_seplan": "95,0% a 97,5%", "fonte": "IBGE — Censo Demográfico 2022 (Agregados por Setores)", "natureza": "Dados estatísticos oficiais agregados por setor censitário"}}, {"type": "Feature", "geometry": {"type": "Polygon", "coordinates": [[[365987.518986171, 6875573.071802447], [366002.32665076846, 6875570.512914633], [366019.61606140435, 6875567.173084402], [366046.3102502034, 6875563.50713178], [366073.4810859414, 6875560.212169064], [366104.86726788315, 6875558.172497485], [366120.1436281841, 6875557.557932843], [366140.8469756063, 6875557.791262999], [366167.7052749436, 6875558.714445602], [366255.43316329713, 6875568.534149263], [366398.158783497, 6875585.84216036], [366530.96184574463, 6875600.676688012], [366686.87446343305, 6875600.732145006], [366909.8477206603, 6875627.333725864], [367044.21885565063, 6874028.062987932], [366432.9000644502, 6873665.653573799], [366420.76608746435, 6873686.305111651], [366412.91700275324, 6873707.204321919], [366383.3797127998, 6873736.325348083], [366342.0748195123, 6873751.783822181], [366278.6629484942, 6873758.615844607], [366213.33224488405, 6873765.060229985], [366087.0331874651, 6873786.097419102], [366005.75411365426, 6873825.914274404], [365946.8050027044, 6873885.82901673], [365899.85197306983, 6873956.461450666], [365851.76953305455, 6874036.68826288], [365809.27445588843, 6874098.251018321], [365792.2864428322, 6874196.625287386], [365757.06849700294, 6874205.490908867], [365714.97118437494, 6874242.202974143], [365663.3026619981, 6874289.677161865], [365652.67347129015, 6874327.188287775], [365654.54429576866, 6874356.0978705175], [365664.70745261817, 6874400.537239686], [365651.6430685306, 6874415.648083942], [365632.90592033626, 6874440.401757117], [365589.6141201749, 6874469.8417927055], [365584.0110779341, 6874493.259204842], [365606.23523336055, 6874512.415124085], [365602.34892494127, 6874532.405753609], [365586.4229679266, 6874554.974964384], [365548.6474822451, 6874564.287560264], [365507.8474447304, 6874564.268739722], [365480.7466800617, 6874561.557144867], [365424.97237138904, 6874556.381888786], [365403.8535302582, 6874558.325490008], [365388.16425723437, 6874565.173052127], [365375.99056229234, 6874574.376404885], [365364.95880502905, 6874589.310544115], [365353.64072377176, 6874613.050905591], [365336.9513402528, 6874629.339246581], [365323.27026210533, 6874651.1800772175], [365316.23923675925, 6874677.595252757], [365310.1198454791, 6874687.65397271], [365304.0439299691, 6874693.879120499], [365299.7393029422, 6874697.065973436], [365272.23697849887, 6874709.8296679], [365268.9057855444, 6874711.110523365], [365248.451473181, 6874725.372514086], [365242.6262627808, 6874745.8175392095], [365244.3160713665, 6874769.849475708], [365249.1886192693, 6874804.821336711], [365250.4447030162, 6874822.111035031], [365250.0560135648, 6874843.393429304], [365253.6789534421, 6874863.96782819], [365260.9551629621, 6874882.555833969], [365275.8741912087, 6874902.992438689], [365279.55869385257, 6874906.901543589], [365288.6558696873, 6874923.271802937], [365354.0407237285, 6874917.87440189], [365426.84629711875, 6874914.001281671], [365502.637609526, 6874909.020181463], [365578.7220790634, 6874905.005974295], [365603.8695159711, 6875310.193456708], [365679.81857372425, 6875305.356944371], [365689.47222611704, 6875440.079041144], [365696.80466550816, 6875572.6916075125], [365699.9343302591, 6875625.705604313], [365700.8825415844, 6875648.598739894], [365821.6429926235, 6875615.822668184], [365953.16447512474, 6875580.740092426], [365987.518986171, 6875573.071802447]]]}, "properties": {"id": "431410005050002", "CD_SETOR": "431410005050002", "bairro_seplan": "São Luiz Gonzaga", "populacao_universo_15m": 1027, "alfabetizados": 993, "nao_alfabetizados": 34, "taxa_alfabetizacao": 96.69, "taxa_analfabetismo": 3.31, "homens_universo_15m": 489, "homens_alfabetizados": 478, "homens_nao_alfabetizados": 11, "taxa_alfabetizacao_homens": 97.75, "mulheres_universo_15m": 538, "mulheres_alfabetizadas": 515, "mulheres_nao_alfabetizadas": 23, "taxa_alfabetizacao_mulheres": 95.72, "classificacao_seplan": "95,0% a 97,5%", "fonte": "IBGE — Censo Demográfico 2022 (Agregados por Setores)", "natureza": "Dados estatísticos oficiais agregados por setor censitário"}}, {"type": "Feature", "geometry": {"type": "Polygon", "coordinates": [[[366420.76608746435, 6873686.305111651], [366405.7479730431, 6873673.780700924], [366353.20977318013, 6873632.521732727], [366278.38881021773, 6873567.8298806315], [366164.54163265694, 6873471.515344702], [366068.9592308183, 6873397.468186509], [365958.8830132163, 6873310.701624075], [365883.97914527263, 6873252.843151445], [365838.6102462814, 6873217.358402841], [365690.335922917, 6873101.656648344], [365628.27743300196, 6873054.202903176], [365594.9390996696, 6873026.466084208], [365561.42446840333, 6872998.716084337], [365540.8027287731, 6873081.72381324], [365499.4867739134, 6873260.127047975], [365497.1435805536, 6873269.497280387], [365451.8560000565, 6873442.425613084], [365521.52982794994, 6873463.0282861255], [365474.2826556341, 6873639.15908034], [365402.5242829303, 6873620.593633134], [365359.5310198222, 6873785.669009224], [365355.67785978643, 6873800.119404541], [365499.7019007025, 6873837.710381543], [365576.2053032568, 6873856.749978289], [365527.07702066103, 6874049.924526929], [365510.77890656784, 6874107.982189784], [365492.6346022432, 6874173.088661734], [365472.2618598186, 6874253.860703577], [365467.9239690724, 6874274.721593672], [365463.9472080574, 6874308.739845101], [365470.0828247925, 6874382.95303091], [365476.02972010506, 6874478.162750324], [365480.7466800617, 6874561.557144867], [365507.8474447304, 6874564.268739722], [365548.6474822451, 6874564.287560264], [365586.4229679266, 6874554.974964384], [365602.34892494127, 6874532.405753609], [365606.23523336055, 6874512.415124085], [365584.0110779341, 6874493.259204842], [365589.6141201749, 6874469.8417927055], [365632.90592033626, 6874440.401757117], [365651.6430685306, 6874415.648083942], [365664.70745261817, 6874400.537239686], [365654.54429576866, 6874356.0978705175], [365652.67347129015, 6874327.188287775], [365663.3026619981, 6874289.677161865], [365714.97118437494, 6874242.202974143], [365757.06849700294, 6874205.490908867], [365792.2864428322, 6874196.625287386], [365809.27445588843, 6874098.251018321], [365851.76953305455, 6874036.68826288], [365899.85197306983, 6873956.461450666], [365946.8050027044, 6873885.82901673], [366005.75411365426, 6873825.914274404], [366087.0331874651, 6873786.097419102], [366213.33224488405, 6873765.060229985], [366278.6629484942, 6873758.615844607], [366342.0748195123, 6873751.783822181], [366383.3797127998, 6873736.325348083], [366412.91700275324, 6873707.204321919], [366420.76608746435, 6873686.305111651]]]}, "properties": {"id": "431410005050004", "CD_SETOR": "431410005050004", "bairro_seplan": "São Luiz Gonzaga", "populacao_universo_15m": 1202, "alfabetizados": 1136, "nao_alfabetizados": 66, "taxa_alfabetizacao": 94.51, "taxa_analfabetismo": 5.49, "homens_universo_15m": 578, "homens_alfabetizados": 554, "homens_nao_alfabetizados": 24, "taxa_alfabetizacao_homens": 95.85, "mulheres_universo_15m": 624, "mulheres_alfabetizadas": 582, "mulheres_nao_alfabetizadas": 42, "taxa_alfabetizacao_mulheres": 93.27, "classificacao_seplan": "92,0% a 95,0%", "fonte": "IBGE — Censo Demográfico 2022 (Agregados por Setores)", "natureza": "Dados estatísticos oficiais agregados por setor censitário"}}, {"type": "Feature", "geometry": {"type": "Polygon", "coordinates": [[[365047.3430204304, 6873536.665679397], [365057.2217834568, 6873531.625269018], [365078.3296759691, 6873500.283997202], [365089.92148468504, 6873474.873747753], [365126.26022929663, 6873358.613488438], [365229.1462667299, 6873386.886692987], [365275.2442968772, 6873209.39173661], [365208.26529058884, 6873195.289504407], [365202.48405536485, 6873187.721913042], [365160.56002214854, 6873129.014279529], [365118.263395313, 6873069.460070821], [365111.6849419088, 6873059.534165098], [365044.2142023487, 6873092.209947034], [364989.8653813844, 6873125.3449252425], [364930.32647537836, 6873154.132195199], [364854.42365677084, 6873165.534898274], [364756.12101284985, 6873212.263461441], [364779.7207382233, 6873230.916011123], [364673.9651603715, 6873341.774316382], [364622.85389313137, 6873397.9601939805], [364723.3581116526, 6873493.118648861], [364842.69002280023, 6873606.59715472], [364910.11697157286, 6873529.796759359], [364998.2356718191, 6873452.134360919], [365047.3430204304, 6873536.665679397]]]}, "properties": {"id": "431410005050005", "CD_SETOR": "431410005050005", "bairro_seplan": "São Luiz Gonzaga", "populacao_universo_15m": 776, "alfabetizados": 746, "nao_alfabetizados": 30, "taxa_alfabetizacao": 96.13, "taxa_analfabetismo": 3.87, "homens_universo_15m": 361, "homens_alfabetizados": 345, "homens_nao_alfabetizados": 16, "taxa_alfabetizacao_homens": 95.57, "mulheres_universo_15m": 415, "mulheres_alfabetizadas": 401, "mulheres_nao_alfabetizadas": 14, "taxa_alfabetizacao_mulheres": 96.63, "classificacao_seplan": "95,0% a 97,5%", "fonte": "IBGE — Censo Demográfico 2022 (Agregados por Setores)", "natureza": "Dados estatísticos oficiais agregados por setor censitário"}}, {"type": "Feature", "geometry": {"type": "Polygon", "coordinates": [[[365402.5242829303, 6873620.593633134], [365451.8560000565, 6873442.425613084], [365377.5535883981, 6873422.490291856], [365300.5674217379, 6873403.898093963], [365229.1462667299, 6873386.886692987], [365126.26022929663, 6873358.613488438], [365089.92148468504, 6873474.873747753], [365078.3296759691, 6873500.283997202], [365057.2217834568, 6873531.625269018], [365047.3430204304, 6873536.665679397], [365089.045680122, 6873614.940398704], [365095.80578974204, 6873627.040261203], [365142.78901147295, 6873710.394514371], [365150.3315298825, 6873726.1821621545], [365163.2182350153, 6873750.895412894], [365207.4415218447, 6873761.137985263], [365285.56770159246, 6873780.630095173], [365355.67785978643, 6873800.119404541], [365359.5310198222, 6873785.669009224], [365402.5242829303, 6873620.593633134]]]}, "properties": {"id": "431410005050009", "CD_SETOR": "431410005050009", "bairro_seplan": "São Luiz Gonzaga", "populacao_universo_15m": 474, "alfabetizados": 460, "nao_alfabetizados": 14, "taxa_alfabetizacao": 97.05, "taxa_analfabetismo": 2.95, "homens_universo_15m": 214, "homens_alfabetizados": 211, "homens_nao_alfabetizados": 3, "taxa_alfabetizacao_homens": 98.6, "mulheres_universo_15m": 260, "mulheres_alfabetizadas": 249, "mulheres_nao_alfabetizadas": 11, "taxa_alfabetizacao_mulheres": 95.77, "classificacao_seplan": "95,0% a 97,5%", "fonte": "IBGE — Censo Demográfico 2022 (Agregados por Setores)", "natureza": "Dados estatísticos oficiais agregados por setor censitário"}}, {"type": "Feature", "geometry": {"type": "Polygon", "coordinates": [[[365451.8560000565, 6873442.425613084], [365402.5242829303, 6873620.593633134], [365474.2826556341, 6873639.15908034], [365521.52982794994, 6873463.0282861255], [365451.8560000565, 6873442.425613084]]]}, "properties": {"id": "431410005050010", "CD_SETOR": "431410005050010", "bairro_seplan": "São Luiz Gonzaga", "populacao_universo_15m": 0, "alfabetizados": 0, "nao_alfabetizados": 0, "taxa_alfabetizacao": null, "taxa_analfabetismo": null, "homens_universo_15m": 0, "homens_alfabetizados": 0, "homens_nao_alfabetizados": 0, "taxa_alfabetizacao_homens": null, "mulheres_universo_15m": 0, "mulheres_alfabetizadas": 0, "mulheres_nao_alfabetizadas": 0, "taxa_alfabetizacao_mulheres": null, "classificacao_seplan": "Sem moradores de 15 anos ou mais", "fonte": "IBGE — Censo Demográfico 2022 (Agregados por Setores)", "natureza": "Dados estatísticos oficiais agregados por setor censitário"}}, {"type": "Feature", "geometry": {"type": "Polygon", "coordinates": [[[364798.37577108934, 6873667.293636177], [364842.69002280023, 6873606.59715472], [364723.3581116526, 6873493.118648861], [364622.85389313137, 6873397.9601939805], [364673.9651603715, 6873341.774316382], [364779.7207382233, 6873230.916011123], [364756.12101284985, 6873212.263461441], [364724.8376580654, 6873225.581063531], [364707.83413326344, 6873231.637008807], [364675.6011995429, 6873240.455792347], [364617.30556046724, 6873246.14043325], [364582.26890238957, 6873251.303445263], [364497.1127835053, 6873273.87895173], [364411.7421345356, 6873301.460101087], [364407.35013731173, 6873303.725888098], [364325.24979094113, 6873346.447436732], [364234.95247880404, 6873381.772187673], [364167.04780836706, 6873407.390595114], [364149.5836964682, 6873419.346765162], [364244.4876367684, 6873541.472334992], [364251.4144870925, 6873556.932227632], [364255.2975961887, 6873582.873338074], [364253.1180453026, 6873603.581284726], [364249.39330956264, 6873618.697729352], [364175.1974390577, 6873700.957742654], [364163.732686124, 6873722.789437188], [364161.70915758656, 6873734.135565639], [364163.3950610913, 6873775.443313204], [364121.8301632493, 6873793.595052204], [364021.5414765796, 6873837.380824706], [364011.20997515286, 6873849.329876898], [364026.4407594908, 6873864.51934731], [364031.0093926457, 6873868.272791827], [364038.97519179794, 6873871.832439524], [364049.25056163105, 6873877.6347679645], [364063.8107124695, 6873889.7026944095], [364078.5623710305, 6873896.187881384], [364105.6090081609, 6873914.6263371855], [364125.4132073031, 6873922.8868835475], [364142.2117931235, 6873938.2825164795], [364154.0782740191, 6873946.529734122], [364158.30035371974, 6873951.420520472], [364162.5000154065, 6873960.843247542], [364166.60509729094, 6873971.6721991375], [364173.6739322284, 6873997.893561025], [364180.3097675949, 6874009.649036339], [364184.4846786837, 6874013.519804046], [364274.2429318235, 6874047.224708445], [364281.5220458999, 6874049.069832731], [364286.74127902207, 6874049.140580516], [364306.81259943295, 6874046.078910468], [364328.6219473663, 6874041.186515901], [364350.80124042917, 6874033.971265591], [364355.8850154687, 6874030.4390582815], [364358.7765475953, 6874025.5520615615], [364362.0775994733, 6874019.173786571], [364365.1008439632, 6874005.334715631], [364365.32668279647, 6873978.698185213], [364360.9494493386, 6873953.02852685], [364355.53324591793, 6873931.557834854], [364354.8863795182, 6873924.624716917], [364356.0939926064, 6873917.690627009], [364358.66997920955, 6873908.644589442], [364364.64970925124, 6873893.675777489], [364374.638955322, 6873870.430820287], [364378.14395520044, 6873852.209109779], [364366.61714030383, 6873830.54671044], [364351.18458955165, 6873814.092137011], [364336.1902374701, 6873806.518562336], [364321.13476058905, 6873799.143730012], [364304.4361636499, 6873794.742009457], [364253.3123541085, 6873781.3476481065], [364230.9214362407, 6873771.927440484], [364219.35289239185, 6873753.9433498345], [364217.12529510166, 6873741.9612844065], [364219.7680571767, 6873733.946584137], [364231.4215785456, 6873727.342529179], [364243.52406421804, 6873728.666635222], [364265.2148515914, 6873721.224358348], [364295.89928697597, 6873705.529665656], [364332.50201143004, 6873669.069948042], [364365.1739769198, 6873639.989592429], [364387.3222571271, 6873623.399289066], [364389.49359912553, 6873620.565156256], [364390.0406431273, 6873614.764875587], [364390.3504636345, 6873610.834601563], [364394.8666904353, 6873603.7166846935], [364406.73335730453, 6873606.777678922], [364427.9054516216, 6873623.242346145], [364427.6087499559, 6873628.602240386], [364424.5541646391, 6873634.0303647565], [364425.24269689043, 6873642.47099451], [364423.7985836841, 6873659.807601518], [364424.9564546265, 6873672.686056858], [364433.25670839456, 6873686.477174746], [364451.055446767, 6873706.227610558], [364453.58042690274, 6873717.104900815], [364451.3082353544, 6873727.051998708], [364451.6030299865, 6873733.028110715], [364455.8161153926, 6873741.287360445], [364463.0500925561, 6873747.930009259], [364475.3237638899, 6873749.732321252], [364483.85199030594, 6873748.72157125], [364496.5996672121, 6873743.381925412], [364505.3691219868, 6873738.429021765], [364528.6619786868, 6873696.342698563], [364543.20034106285, 6873681.105807662], [364562.4688959435, 6873669.225058924], [364584.74150203343, 6873660.636412336], [364638.30011427234, 6873635.162276477], [364645.7561553946, 6873636.100551786], [364657.34454994753, 6873639.479470771], [364670.67786709464, 6873644.717743723], [364676.9528686537, 6873645.974968154], [364712.2160278903, 6873646.000182141], [364717.63679472764, 6873643.867897883], [364726.1952190992, 6873629.005886469], [364727.0648922069, 6873627.597410695], [364728.24886820896, 6873623.577365614], [364727.9075196914, 6873612.204216241], [364728.17996779655, 6873608.960544437], [364730.69787142565, 6873605.842193214], [364735.2076842076, 6873605.295205792], [364741.31324075384, 6873606.783170136], [364748.2275625491, 6873610.485495623], [364751.8785430511, 6873613.84036084], [364783.6713656171, 6873654.072547946], [364798.37577108934, 6873667.293636177]]]}, "properties": {"id": "431410005050011", "CD_SETOR": "431410005050011", "bairro_seplan": "Petrópolis", "populacao_universo_15m": 707, "alfabetizados": 668, "nao_alfabetizados": 39, "taxa_alfabetizacao": 94.48, "taxa_analfabetismo": 5.52, "homens_universo_15m": 334, "homens_alfabetizados": 313, "homens_nao_alfabetizados": 21, "taxa_alfabetizacao_homens": 93.71, "mulheres_universo_15m": 373, "mulheres_alfabetizadas": 355, "mulheres_nao_alfabetizadas": 18, "taxa_alfabetizacao_mulheres": 95.17, "classificacao_seplan": "92,0% a 95,0%", "fonte": "IBGE — Censo Demográfico 2022 (Agregados por Setores)", "natureza": "Dados estatísticos oficiais agregados por setor censitário"}}, {"type": "Feature", "geometry": {"type": "Polygon", "coordinates": [[[364411.7421345356, 6873301.460101087], [364405.82576614013, 6873278.277188018], [364376.1073917352, 6873288.531213738], [364273.7149578055, 6873326.266679665], [364123.26212441106, 6873378.809686489], [364106.64236838697, 6873386.43163704], [364077.5033818285, 6873396.591844438], [364002.40959990246, 6873422.780788773], [363977.97658746166, 6873433.238469047], [363973.27433105925, 6873435.168110507], [363919.78473134455, 6873461.404675288], [363908.4682549833, 6873467.713094973], [363859.01913408405, 6873500.079302378], [363804.6468979677, 6873545.896802239], [363784.3460341266, 6873566.452162306], [363773.61714331934, 6873579.681870609], [363805.96800347255, 6873618.028370437], [363830.14511066873, 6873646.174956277], [363841.9861996769, 6873657.447388785], [363853.08351749554, 6873665.132052673], [363868.0324031193, 6873680.052570517], [363882.9902843456, 6873700.181329004], [363894.01981228497, 6873717.206614569], [363904.0098355452, 6873753.0136620775], [363915.38441646204, 6873764.768234238], [363939.0703862877, 6873785.307241249], [363950.08603517304, 6873791.572476232], [363963.6419800138, 6873797.068967602], [363975.282782327, 6873817.281469452], [363998.10935769975, 6873835.771561551], [364011.20997515286, 6873849.329876898], [364021.5414765796, 6873837.380824706], [364121.8301632493, 6873793.595052204], [364163.3950610913, 6873775.443313204], [364161.70915758656, 6873734.135565639], [364163.732686124, 6873722.789437188], [364175.1974390577, 6873700.957742654], [364249.39330956264, 6873618.697729352], [364253.1180453026, 6873603.581284726], [364255.2975961887, 6873582.873338074], [364251.4144870925, 6873556.932227632], [364244.4876367684, 6873541.472334992], [364149.5836964682, 6873419.346765162], [364167.04780836706, 6873407.390595114], [364234.95247880404, 6873381.772187673], [364325.24979094113, 6873346.447436732], [364407.35013731173, 6873303.725888098], [364411.7421345356, 6873301.460101087]]]}, "properties": {"id": "431410005050012", "CD_SETOR": "431410005050012", "bairro_seplan": "São Luiz Gonzaga", "populacao_universo_15m": 513, "alfabetizados": 504, "nao_alfabetizados": 9, "taxa_alfabetizacao": 98.25, "taxa_analfabetismo": 1.75, "homens_universo_15m": 244, "homens_alfabetizados": 240, "homens_nao_alfabetizados": 4, "taxa_alfabetizacao_homens": 98.36, "mulheres_universo_15m": 269, "mulheres_alfabetizadas": 264, "mulheres_nao_alfabetizadas": 5, "taxa_alfabetizacao_mulheres": 98.14, "classificacao_seplan": "97,5% a 99,0%", "fonte": "IBGE — Censo Demográfico 2022 (Agregados por Setores)", "natureza": "Dados estatísticos oficiais agregados por setor censitário"}}, {"type": "Feature", "geometry": {"type": "Polygon", "coordinates": [[[365561.42446840333, 6872998.716084337], [365556.15319811716, 6872989.425792364], [365551.9387363291, 6872984.712892494], [365442.53653882386, 6872900.597137824], [365477.1638751542, 6872882.938589174], [365501.8200192655, 6872877.666437066], [365473.18965281086, 6872812.0408165855], [365633.17983383994, 6872739.100352258], [365574.60922386113, 6872603.069944637], [365556.958801888, 6872579.754731625], [365516.0842472965, 6872542.768107003], [365654.43404417933, 6872427.717727772], [365679.05865046196, 6872415.607846454], [365700.3763892037, 6872410.485914836], [365720.8609928796, 6872414.828874528], [365795.8142405992, 6872429.605926761], [365843.62418372015, 6872438.933964856], [365863.4793264641, 6872429.54005584], [365920.84566288936, 6872399.737606037], [365959.9169534977, 6872360.19845249], [366011.43813417945, 6872326.694946205], [366098.99670038215, 6872285.929903299], [366100.0154856739, 6872272.156507643], [366114.5371558963, 6872258.93442668], [366136.62882325106, 6872242.562067397], [366162.8286161103, 6872213.359775327], [366155.05083199556, 6872181.01493419], [366131.5260133675, 6872057.505434766], [366056.1173385815, 6872091.9364642985], [365958.30916995066, 6872140.419676096], [365908.768528993, 6872168.005836023], [365850.91158601816, 6872202.246162407], [365792.2359670345, 6872239.4467007425], [365744.08569265634, 6872271.535793098], [365662.2429775292, 6872335.910390286], [365549.229499047, 6872431.567880631], [365353.59144748806, 6872597.782483097], [365131.79166335356, 6872794.214239103], [365026.4385261381, 6872885.843088701], [364899.2629757088, 6872992.182203088], [364842.4132632248, 6873034.707016215], [364784.7816886549, 6873081.234044915], [364677.837463918, 6873148.452273186], [364591.87242459436, 6873192.993136473], [364586.4248802313, 6873195.767757217], [364536.2527621292, 6873222.122403037], [364483.70343567687, 6873246.986988931], [364405.82576614013, 6873278.277188018], [364411.7421345356, 6873301.460101087], [364497.1127835053, 6873273.87895173], [364582.26890238957, 6873251.303445263], [364617.30556046724, 6873246.14043325], [364675.6011995429, 6873240.455792347], [364707.83413326344, 6873231.637008807], [364724.8376580654, 6873225.581063531], [364756.12101284985, 6873212.263461441], [364854.42365677084, 6873165.534898274], [364930.32647537836, 6873154.132195199], [364989.8653813844, 6873125.3449252425], [365044.2142023487, 6873092.209947034], [365111.6849419088, 6873059.534165098], [365118.263395313, 6873069.460070821], [365160.56002214854, 6873129.014279529], [365202.48405536485, 6873187.721913042], [365208.26529058884, 6873195.289504407], [365275.2442968772, 6873209.39173661], [365229.1462667299, 6873386.886692987], [365300.5674217379, 6873403.898093963], [365377.5535883981, 6873422.490291856], [365451.8560000565, 6873442.425613084], [365497.1435805536, 6873269.497280387], [365499.4867739134, 6873260.127047975], [365540.8027287731, 6873081.72381324], [365561.42446840333, 6872998.716084337]]]}, "properties": {"id": "431410005050013", "CD_SETOR": "431410005050013", "bairro_seplan": "São Luiz Gonzaga", "populacao_universo_15m": 1324, "alfabetizados": 1292, "nao_alfabetizados": 32, "taxa_alfabetizacao": 97.58, "taxa_analfabetismo": 2.42, "homens_universo_15m": 653, "homens_alfabetizados": 634, "homens_nao_alfabetizados": 19, "taxa_alfabetizacao_homens": 97.09, "mulheres_universo_15m": 671, "mulheres_alfabetizadas": 658, "mulheres_nao_alfabetizadas": 13, "taxa_alfabetizacao_mulheres": 98.06, "classificacao_seplan": "97,5% a 99,0%", "fonte": "IBGE — Censo Demográfico 2022 (Agregados por Setores)", "natureza": "Dados estatísticos oficiais agregados por setor censitário"}}, {"type": "Feature", "geometry": {"type": "Polygon", "coordinates": [[[366432.9000644502, 6873665.653573799], [366421.763716346, 6873619.453169086], [366400.50674309686, 6873578.923153633], [366346.1783183251, 6873546.819105379], [366300.2518378231, 6873524.904300415], [366262.4205534513, 6873483.788368385], [366267.67257312057, 6873437.384582058], [366285.3970770864, 6873423.012663619], [366299.1477943061, 6873414.745954586], [366305.0680284791, 6873396.107785195], [366452.6824734274, 6873295.746262826], [366462.7581086048, 6873208.607267214], [366586.0861242127, 6872867.389797203], [366406.6952232564, 6872650.963630015], [366388.81586330786, 6872628.666623097], [366317.75410971453, 6872540.890718514], [366269.69076457707, 6872481.741178099], [366261.7712705395, 6872470.626221926], [366252.6015438469, 6872457.280946696], [366244.5319355858, 6872444.690499075], [366237.7941853075, 6872434.054252699], [366233.13092867075, 6872425.635448609], [366226.0656717462, 6872412.723876784], [366221.0797820481, 6872403.337373551], [366216.14338318387, 6872393.042775781], [366210.9523853527, 6872381.8366542645], [366199.7809217678, 6872356.357115581], [366186.66252122633, 6872319.0985562885], [366169.408581802, 6872249.27029125], [366162.8286161103, 6872213.359775327], [366136.62882325106, 6872242.562067397], [366114.5371558963, 6872258.93442668], [366100.0154856739, 6872272.156507643], [366098.99670038215, 6872285.929903299], [366011.43813417945, 6872326.694946205], [365959.9169534977, 6872360.19845249], [365920.84566288936, 6872399.737606037], [365863.4793264641, 6872429.54005584], [365843.62418372015, 6872438.933964856], [365795.8142405992, 6872429.605926761], [365720.8609928796, 6872414.828874528], [365700.3763892037, 6872410.485914836], [365679.05865046196, 6872415.607846454], [365654.43404417933, 6872427.717727772], [365516.0842472965, 6872542.768107003], [365556.958801888, 6872579.754731625], [365574.60922386113, 6872603.069944637], [365633.17983383994, 6872739.100352258], [365473.18965281086, 6872812.0408165855], [365501.8200192655, 6872877.666437066], [365477.1638751542, 6872882.938589174], [365442.53653882386, 6872900.597137824], [365551.9387363291, 6872984.712892494], [365556.15319811716, 6872989.425792364], [365561.42446840333, 6872998.716084337], [365594.9390996696, 6873026.466084208], [365628.27743300196, 6873054.202903176], [365690.335922917, 6873101.656648344], [365838.6102462814, 6873217.358402841], [365883.97914527263, 6873252.843151445], [365958.8830132163, 6873310.701624075], [366068.9592308183, 6873397.468186509], [366164.54163265694, 6873471.515344702], [366278.38881021773, 6873567.8298806315], [366353.20977318013, 6873632.521732727], [366405.7479730431, 6873673.780700924], [366420.76608746435, 6873686.305111651], [366432.9000644502, 6873665.653573799]]]}, "properties": {"id": "431410005050014", "CD_SETOR": "431410005050014", "bairro_seplan": "São Luiz Gonzaga", "populacao_universo_15m": 818, "alfabetizados": 808, "nao_alfabetizados": 10, "taxa_alfabetizacao": 98.78, "taxa_analfabetismo": 1.22, "homens_universo_15m": 405, "homens_alfabetizados": 400, "homens_nao_alfabetizados": 5, "taxa_alfabetizacao_homens": 98.77, "mulheres_universo_15m": 413, "mulheres_alfabetizadas": 408, "mulheres_nao_alfabetizadas": 5, "taxa_alfabetizacao_mulheres": 98.79, "classificacao_seplan": "97,5% a 99,0%", "fonte": "IBGE — Censo Demográfico 2022 (Agregados por Setores)", "natureza": "Dados estatísticos oficiais agregados por setor censitário"}}, {"type": "Feature", "geometry": {"type": "Polygon", "coordinates": [[[365137.41709080606, 6873861.956547061], [365083.60518527986, 6873890.743301215], [365003.6878102146, 6873935.533324737], [365081.9134359848, 6874037.870362632], [365152.60864155844, 6874130.358802662], [365173.7224327985, 6874118.431536367], [365254.93042260915, 6874075.815817193], [365186.2430109673, 6873948.190403363], [365137.41709080606, 6873861.956547061]]]}, "properties": {"id": "431410005050016", "CD_SETOR": "431410005050016", "bairro_seplan": "São Luiz Gonzaga", "populacao_universo_15m": 224, "alfabetizados": 199, "nao_alfabetizados": 25, "taxa_alfabetizacao": 88.84, "taxa_analfabetismo": 11.16, "homens_universo_15m": 116, "homens_alfabetizados": 105, "homens_nao_alfabetizados": 11, "taxa_alfabetizacao_homens": 90.52, "mulheres_universo_15m": 108, "mulheres_alfabetizadas": 94, "mulheres_nao_alfabetizadas": 14, "taxa_alfabetizacao_mulheres": 87.04, "classificacao_seplan": "Menor que 92,0%", "fonte": "IBGE — Censo Demográfico 2022 (Agregados por Setores)", "natureza": "Dados estatísticos oficiais agregados por setor censitário"}}, {"type": "Feature", "geometry": {"type": "Polygon", "coordinates": [[[364830.19189771527, 6874134.637400506], [364846.4359736467, 6874149.71538624], [364974.88989476266, 6874226.2406143425], [365002.4415464485, 6874227.196636476], [365024.05304796115, 6874182.74109345], [365023.76146779023, 6874176.454779552], [364890.31937536865, 6874073.544519313], [364885.8062430677, 6874070.058003053], [364830.19189771527, 6874134.637400506]]]}, "properties": {"id": "431410005050018", "CD_SETOR": "431410005050018", "bairro_seplan": "São Luiz Gonzaga", "populacao_universo_15m": 425, "alfabetizados": 425, "nao_alfabetizados": 0, "taxa_alfabetizacao": 100.0, "taxa_analfabetismo": 0.0, "homens_universo_15m": 206, "homens_alfabetizados": 206, "homens_nao_alfabetizados": 0, "taxa_alfabetizacao_homens": 100.0, "mulheres_universo_15m": 219, "mulheres_alfabetizadas": 219, "mulheres_nao_alfabetizadas": 0, "taxa_alfabetizacao_mulheres": 100.0, "classificacao_seplan": "Maior que 99,0%", "fonte": "IBGE — Censo Demográfico 2022 (Agregados por Setores)", "natureza": "Dados estatísticos oficiais agregados por setor censitário"}}, {"type": "Feature", "geometry": {"type": "Polygon", "coordinates": [[[365023.76146779023, 6874176.454779552], [365023.0462911897, 6874160.822259508], [365081.9134359848, 6874037.870362632], [365003.6878102146, 6873935.533324737], [365003.34983616247, 6873935.917320911], [364949.3748639171, 6873996.22746757], [364885.8062430677, 6874070.058003053], [364890.31937536865, 6874073.544519313], [365023.76146779023, 6874176.454779552]]]}, "properties": {"id": "431410005050019", "CD_SETOR": "431410005050019", "bairro_seplan": "São Luiz Gonzaga", "populacao_universo_15m": 453, "alfabetizados": 449, "nao_alfabetizados": 4, "taxa_alfabetizacao": 99.12, "taxa_analfabetismo": 0.88, "homens_universo_15m": 209, "homens_alfabetizados": 209, "homens_nao_alfabetizados": 0, "taxa_alfabetizacao_homens": 100.0, "mulheres_universo_15m": 243, "mulheres_alfabetizadas": 240, "mulheres_nao_alfabetizadas": 3, "taxa_alfabetizacao_mulheres": 98.77, "classificacao_seplan": "Maior que 99,0%", "fonte": "IBGE — Censo Demográfico 2022 (Agregados por Setores)", "natureza": "Dados estatísticos oficiais agregados por setor censitário"}}, {"type": "Feature", "geometry": {"type": "Polygon", "coordinates": [[[365152.60864155844, 6874130.358802662], [365167.38261607394, 6874141.8625912955], [365240.1545330346, 6874239.958899219], [365222.10917310056, 6874249.527601912], [365281.0026202884, 6874344.607108252], [365196.8439650014, 6874393.73851675], [365166.17871529696, 6874349.819359712], [365096.4837000299, 6874411.835453229], [365100.3443638381, 6874412.311481524], [365102.8885548832, 6874415.520669067], [365101.2861042209, 6874426.151418405], [365098.81339661486, 6874432.195777576], [365094.7266600408, 6874435.207733101], [365084.04646974825, 6874438.178010833], [365078.0931236866, 6874438.797390703], [365066.95101626986, 6874444.421873393], [365065.7171859795, 6874445.9259650605], [365064.8399351215, 6874448.863573588], [365065.96728257916, 6874453.275590291], [365068.1121034562, 6874457.089708108], [365070.0187081706, 6874459.416248212], [365073.0125876834, 6874461.910279337], [365099.82669990597, 6874475.146626605], [365109.06170717056, 6874481.922380161], [365124.0055839496, 6874504.420595572], [365139.6920594647, 6874544.47971059], [365158.6417620544, 6874585.794777984], [365165.1118354746, 6874608.80615659], [365168.2624691115, 6874625.153331878], [365168.2242917585, 6874653.575953065], [365169.0979594352, 6874673.421064988], [365173.0737628812, 6874700.060877822], [365175.4673411187, 6874707.900238963], [365179.91514269833, 6874715.441570524], [365186.83968866034, 6874720.905608144], [365200.11495570734, 6874726.197952211], [365215.6682225743, 6874727.903696289], [365233.1897971225, 6874728.235539049], [365248.451473181, 6874725.372514086], [365268.9057855444, 6874711.110523365], [365272.23697849887, 6874709.8296679], [365299.7393029422, 6874697.065973436], [365304.0439299691, 6874693.879120499], [365310.1198454791, 6874687.65397271], [365316.23923675925, 6874677.595252757], [365323.27026210533, 6874651.1800772175], [365336.9513402528, 6874629.339246581], [365353.64072377176, 6874613.050905591], [365364.95880502905, 6874589.310544115], [365375.99056229234, 6874574.376404885], [365388.16425723437, 6874565.173052127], [365403.8535302582, 6874558.325490008], [365424.97237138904, 6874556.381888786], [365480.7466800617, 6874561.557144867], [365476.02972010506, 6874478.162750324], [365470.0828247925, 6874382.95303091], [365463.9472080574, 6874308.739845101], [365467.9239690724, 6874274.721593672], [365472.2618598186, 6874253.860703577], [365492.6346022432, 6874173.088661734], [365510.77890656784, 6874107.982189784], [365527.07702066103, 6874049.924526929], [365450.0756937629, 6874029.693355756], [365378.7481350163, 6874010.999801917], [365372.273053891, 6874012.655025989], [365319.7365203518, 6874042.3216396235], [365302.35853386205, 6874009.534913717], [365249.9463280674, 6873913.265718734], [365201.5832364761, 6873825.131438782], [365137.41709080606, 6873861.956547061], [365186.2430109673, 6873948.190403363], [365254.93042260915, 6874075.815817193], [365173.7224327985, 6874118.431536367], [365152.60864155844, 6874130.358802662]]]}, "properties": {"id": "431410005050020", "CD_SETOR": "431410005050020", "bairro_seplan": "São Luiz Gonzaga", "populacao_universo_15m": 909, "alfabetizados": 859, "nao_alfabetizados": 50, "taxa_alfabetizacao": 94.5, "taxa_analfabetismo": 5.5, "homens_universo_15m": 428, "homens_alfabetizados": 402, "homens_nao_alfabetizados": 26, "taxa_alfabetizacao_homens": 93.93, "mulheres_universo_15m": 481, "mulheres_alfabetizadas": 457, "mulheres_nao_alfabetizadas": 24, "taxa_alfabetizacao_mulheres": 95.01, "classificacao_seplan": "92,0% a 95,0%", "fonte": "IBGE — Censo Demográfico 2022 (Agregados por Setores)", "natureza": "Dados estatísticos oficiais agregados por setor censitário"}}, {"type": "Feature", "geometry": {"type": "Polygon", "coordinates": [[[365096.4837000299, 6874411.835453229], [365166.17871529696, 6874349.819359712], [365196.8439650014, 6874393.73851675], [365281.0026202884, 6874344.607108252], [365222.10917310056, 6874249.527601912], [365240.1545330346, 6874239.958899219], [365167.38261607394, 6874141.8625912955], [365152.60864155844, 6874130.358802662], [365081.9134359848, 6874037.870362632], [365023.0462911897, 6874160.822259508], [365023.76146779023, 6874176.454779552], [365024.05304796115, 6874182.74109345], [365002.4415464485, 6874227.196636476], [364974.88989476266, 6874226.2406143425], [364846.4359736467, 6874149.71538624], [364830.19189771527, 6874134.637400506], [364737.22783374635, 6874242.616993673], [364742.23009752645, 6874244.513452912], [364749.7694687522, 6874244.200422943], [364754.27075345727, 6874242.700341402], [364769.1217039233, 6874235.367578487], [364781.7719841184, 6874227.411352352], [364831.3436281313, 6874219.63174504], [364840.41721511283, 6874220.732348802], [364862.3695245003, 6874227.420382936], [364872.0529363155, 6874231.841162274], [364892.1547511487, 6874244.214860338], [364901.08340593416, 6874252.017851731], [364919.8811711351, 6874274.659949115], [364940.26161231415, 6874302.228956742], [364943.8359202926, 6874309.760459511], [364945.0219470714, 6874314.184240106], [364945.31735316373, 6874316.680854319], [364944.0051371753, 6874319.037288958], [364942.54075341683, 6874320.106581599], [364923.1018456777, 6874329.658995241], [364911.8503883523, 6874332.822076993], [364894.92224879574, 6874339.887597205], [364886.8808539425, 6874343.7852954455], [364878.3528385066, 6874350.780167097], [364870.7085154539, 6874359.447260401], [364869.09814000013, 6874362.997056354], [364868.56236663554, 6874369.550988177], [364869.35149160284, 6874375.222427575], [364871.3507086131, 6874378.890873354], [364874.5413552461, 6874382.196119899], [364885.3726481435, 6874387.50535395], [364903.3285591453, 6874397.915398352], [364929.82222551596, 6874416.866363034], [364942.9773333081, 6874420.606294887], [364955.2233315752, 6874416.279892765], [365018.7492698925, 6874399.8265239755], [365027.64337666135, 6874393.423015712], [365045.7338100368, 6874372.153437939], [365051.2995032164, 6874368.515604412], [365057.24365746917, 6874366.11207446], [365062.9276738588, 6874365.013157561], [365070.0381756072, 6874365.315589642], [365078.0724859356, 6874371.53475317], [365078.17293056974, 6874376.511318034], [365072.86753845075, 6874386.601334622], [365065.28523084696, 6874395.003304471], [365063.7639554038, 6874399.351977272], [365063.7587288986, 6874404.99220871], [365067.41452282073, 6874413.134055439], [365072.8336873385, 6874420.664315982], [365076.75884753355, 6874424.09974397], [365083.6851047862, 6874425.076020677], [365091.58272264834, 6874420.013038931], [365096.4837000299, 6874411.835453229]]]}, "properties": {"id": "431410005050021", "CD_SETOR": "431410005050021", "bairro_seplan": "São Luiz Gonzaga", "populacao_universo_15m": 307, "alfabetizados": 292, "nao_alfabetizados": 15, "taxa_alfabetizacao": 95.11, "taxa_analfabetismo": 4.89, "homens_universo_15m": 151, "homens_alfabetizados": 143, "homens_nao_alfabetizados": 8, "taxa_alfabetizacao_homens": 94.7, "mulheres_universo_15m": 156, "mulheres_alfabetizadas": 149, "mulheres_nao_alfabetizadas": 7, "taxa_alfabetizacao_mulheres": 95.51, "classificacao_seplan": "95,0% a 97,5%", "fonte": "IBGE — Censo Demográfico 2022 (Agregados por Setores)", "natureza": "Dados estatísticos oficiais agregados por setor censitário"}}, {"type": "Feature", "geometry": {"type": "Polygon", "coordinates": [[[364842.69002280023, 6873606.59715472], [364884.88407831755, 6873651.956164373], [364905.22426215344, 6873757.957160209], [364912.34484164737, 6873789.242682653], [364943.98177193326, 6873842.404290941], [365002.5604207413, 6873931.132375985], [365003.34983616247, 6873935.917320911], [365003.6878102146, 6873935.533324737], [365083.60518527986, 6873890.743301215], [365137.41709080606, 6873861.956547061], [365201.5832364761, 6873825.131438782], [365249.9463280674, 6873913.265718734], [365302.35853386205, 6874009.534913717], [365319.7365203518, 6874042.3216396235], [365372.273053891, 6874012.655025989], [365378.7481350163, 6874010.999801917], [365450.0756937629, 6874029.693355756], [365527.07702066103, 6874049.924526929], [365576.2053032568, 6873856.749978289], [365499.7019007025, 6873837.710381543], [365355.67785978643, 6873800.119404541], [365285.56770159246, 6873780.630095173], [365207.4415218447, 6873761.137985263], [365163.2182350153, 6873750.895412894], [365150.3315298825, 6873726.1821621545], [365142.78901147295, 6873710.394514371], [365095.80578974204, 6873627.040261203], [365089.045680122, 6873614.940398704], [365047.3430204304, 6873536.665679397], [364998.2356718191, 6873452.134360919], [364910.11697157286, 6873529.796759359], [364842.69002280023, 6873606.59715472]]]}, "properties": {"id": "431410005050022", "CD_SETOR": "431410005050022", "bairro_seplan": "São Luiz Gonzaga", "populacao_universo_15m": 815, "alfabetizados": 785, "nao_alfabetizados": 30, "taxa_alfabetizacao": 96.32, "taxa_analfabetismo": 3.68, "homens_universo_15m": 383, "homens_alfabetizados": 374, "homens_nao_alfabetizados": 9, "taxa_alfabetizacao_homens": 97.65, "mulheres_universo_15m": 432, "mulheres_alfabetizadas": 411, "mulheres_nao_alfabetizadas": 21, "taxa_alfabetizacao_mulheres": 95.14, "classificacao_seplan": "95,0% a 97,5%", "fonte": "IBGE — Censo Demográfico 2022 (Agregados por Setores)", "natureza": "Dados estatísticos oficiais agregados por setor censitário"}}, {"type": "Feature", "geometry": {"type": "Polygon", "coordinates": [[[365003.34983616247, 6873935.917320911], [365002.5604207413, 6873931.132375985], [364943.98177193326, 6873842.404290941], [364912.34484164737, 6873789.242682653], [364905.22426215344, 6873757.957160209], [364884.88407831755, 6873651.956164373], [364842.69002280023, 6873606.59715472], [364798.37577108934, 6873667.293636177], [364806.33569960383, 6873674.819748455], [364820.33569167403, 6873694.759037791], [364825.08710740245, 6873702.292919878], [364816.71440452745, 6873727.562306302], [364792.5886371882, 6873773.085892171], [364787.6722770051, 6873877.369937219], [364787.77105046995, 6873892.818174813], [364790.64580291236, 6873913.506167522], [364787.25751252205, 6873935.319586134], [364780.4846035059, 6873941.580852688], [364776.5925826266, 6873943.010310978], [364768.3599977211, 6873943.03842288], [364756.93235648447, 6873937.578206783], [364746.1765978953, 6873936.015115768], [364733.7116992859, 6873938.920403245], [364690.942824705, 6873991.290053913], [364685.16965915245, 6874002.804046769], [364647.48436677805, 6874075.709460417], [364646.60164200066, 6874080.841047952], [364647.9844615804, 6874096.3925806], [364646.24688660435, 6874099.907655534], [364640.4266889661, 6874101.7694153935], [364621.73249881255, 6874101.09084438], [364584.43189433194, 6874095.479453869], [364577.5850864687, 6874097.019201016], [364574.3589247601, 6874102.002159901], [364573.78649684915, 6874106.594306905], [364575.43952410226, 6874113.0734735], [364582.9722538756, 6874120.218090596], [364588.3172330759, 6874130.772904787], [364594.161337483, 6874164.670305477], [364596.65841242217, 6874172.85450983], [364604.849988912, 6874183.319886976], [364613.9871893028, 6874189.164122172], [364641.0234603628, 6874200.032735445], [364664.13825006154, 6874203.720326404], [364684.336393006, 6874211.064649405], [364705.96752867196, 6874222.680425159], [364709.20582729945, 6874224.379498867], [364727.3161899721, 6874237.561876994], [364737.22783374635, 6874242.616993673], [364830.19189771527, 6874134.637400506], [364885.8062430677, 6874070.058003053], [364949.3748639171, 6873996.22746757], [365003.34983616247, 6873935.917320911]]]}, "properties": {"id": "431410005050023", "CD_SETOR": "431410005050023", "bairro_seplan": "São Luiz Gonzaga", "populacao_universo_15m": 377, "alfabetizados": 342, "nao_alfabetizados": 35, "taxa_alfabetizacao": 90.72, "taxa_analfabetismo": 9.28, "homens_universo_15m": 183, "homens_alfabetizados": 161, "homens_nao_alfabetizados": 22, "taxa_alfabetizacao_homens": 87.98, "mulheres_universo_15m": 194, "mulheres_alfabetizadas": 181, "mulheres_nao_alfabetizadas": 13, "taxa_alfabetizacao_mulheres": 93.3, "classificacao_seplan": "Menor que 92,0%", "fonte": "IBGE — Censo Demográfico 2022 (Agregados por Setores)", "natureza": "Dados estatísticos oficiais agregados por setor censitário"}}, {"type": "Feature", "geometry": {"type": "Polygon", "coordinates": [[[363871.19897245296, 6872754.775760902], [363854.20426389575, 6872634.382947875], [363835.267211237, 6872521.702465402], [363723.3183311106, 6872537.67060802], [363608.94792024244, 6872558.574260157], [363647.42202149355, 6872790.314675994], [363760.6782164189, 6872773.497803025], [363871.19897245296, 6872754.775760902]]]}, "properties": {"id": "431410005060001", "CD_SETOR": "431410005060001", "bairro_seplan": "Vila Cruzeiro", "populacao_universo_15m": 227, "alfabetizados": 224, "nao_alfabetizados": 3, "taxa_alfabetizacao": 98.68, "taxa_analfabetismo": 1.32, "homens_universo_15m": 106, "homens_alfabetizados": 106, "homens_nao_alfabetizados": 0, "taxa_alfabetizacao_homens": 100.0, "mulheres_universo_15m": 118, "mulheres_alfabetizadas": 118, "mulheres_nao_alfabetizadas": 0, "taxa_alfabetizacao_mulheres": 100.0, "classificacao_seplan": "97,5% a 99,0%", "fonte": "IBGE — Censo Demográfico 2022 (Agregados por Setores)", "natureza": "Dados estatísticos oficiais agregados por setor censitário"}}, {"type": "Feature", "geometry": {"type": "Polygon", "coordinates": [[[363908.3694472203, 6872986.067852955], [363889.6309795, 6872867.937893355], [363871.19897245296, 6872754.775760902], [363760.6782164189, 6872773.497803025], [363647.42202149355, 6872790.314675994], [363652.15575422044, 6872813.805836486], [363656.9395420861, 6872848.312293364], [363683.49586442584, 6873022.758604551], [363794.9512947456, 6873004.878980194], [363908.3694472203, 6872986.067852955]]]}, "properties": {"id": "431410005060002", "CD_SETOR": "431410005060002", "bairro_seplan": "Vila Cruzeiro", "populacao_universo_15m": 145, "alfabetizados": 145, "nao_alfabetizados": 0, "taxa_alfabetizacao": 100.0, "taxa_analfabetismo": 0.0, "homens_universo_15m": 66, "homens_alfabetizados": 66, "homens_nao_alfabetizados": 0, "taxa_alfabetizacao_homens": 100.0, "mulheres_universo_15m": 79, "mulheres_alfabetizadas": 79, "mulheres_nao_alfabetizadas": 0, "taxa_alfabetizacao_mulheres": 100.0, "classificacao_seplan": "Maior que 99,0%", "fonte": "IBGE — Censo Demográfico 2022 (Agregados por Setores)", "natureza": "Dados estatísticos oficiais agregados por setor censitário"}}, {"type": "Feature", "geometry": {"type": "Polygon", "coordinates": [[[364128.07309435366, 6873308.244390966], [364121.6842197904, 6873277.5317755565], [364116.22929971025, 6873232.091872297], [364115.8070522654, 6873208.129516838], [364111.9467013455, 6873184.526716324], [364116.82895840565, 6873140.302202169], [364124.52239020815, 6873128.189905014], [364154.24506058067, 6873117.548723616], [364169.31963688997, 6873112.025544802], [364140.13459035446, 6872948.875594443], [364119.0051356575, 6872832.8684808], [364231.6851457956, 6872816.627835356], [364213.0800346552, 6872702.888185695], [364183.87153126195, 6872707.274478193], [364099.41910960525, 6872720.0592699535], [364088.5150784198, 6872645.889839242], [364085.8325946912, 6872625.691337658], [364073.56809731934, 6872610.34744212], [364064.75369066524, 6872607.287781483], [364051.6037847843, 6872606.716033243], [363854.20426389575, 6872634.382947875], [363871.19897245296, 6872754.775760902], [363889.6309795, 6872867.937893355], [363908.3694472203, 6872986.067852955], [363926.54674552893, 6873103.548600947], [363945.2847676502, 6873220.082729493], [363962.89686035947, 6873333.87791273], [364024.21017457393, 6873323.510434473], [364128.07309435366, 6873308.244390966]]]}, "properties": {"id": "431410005060003", "CD_SETOR": "431410005060003", "bairro_seplan": "Vila Cruzeiro", "populacao_universo_15m": 645, "alfabetizados": 630, "nao_alfabetizados": 15, "taxa_alfabetizacao": 97.67, "taxa_analfabetismo": 2.33, "homens_universo_15m": 301, "homens_alfabetizados": 294, "homens_nao_alfabetizados": 7, "taxa_alfabetizacao_homens": 97.67, "mulheres_universo_15m": 344, "mulheres_alfabetizadas": 336, "mulheres_nao_alfabetizadas": 8, "taxa_alfabetizacao_mulheres": 97.67, "classificacao_seplan": "97,5% a 99,0%", "fonte": "IBGE — Censo Demográfico 2022 (Agregados por Setores)", "natureza": "Dados estatísticos oficiais agregados por setor censitário"}}, {"type": "Feature", "geometry": {"type": "Polygon", "coordinates": [[[364270.0718438537, 6872719.209050534], [364238.5639497682, 6872704.188180688], [364226.9813213564, 6872701.2521096505], [364213.0800346552, 6872702.888185695], [364231.6851457956, 6872816.627835356], [364119.0051356575, 6872832.8684808], [364140.13459035446, 6872948.875594443], [364169.31963688997, 6873112.025544802], [364242.72417810134, 6873090.924753249], [364282.74753106816, 6873076.079432831], [364329.5252824649, 6873041.9745503785], [364341.57430606603, 6873031.607340467], [364334.8850900118, 6873024.560809718], [364322.1292047907, 6873024.669841963], [364307.96620687, 6872997.680370777], [364306.4589254861, 6872975.91078129], [364312.1952401806, 6872941.015253591], [364309.1978576717, 6872926.863556879], [364289.75463272166, 6872885.463543193], [364283.5218012987, 6872862.542862326], [364280.55216622114, 6872836.534606339], [364276.17380513623, 6872800.7366314735], [364291.8401272351, 6872779.462644916], [364288.12216913165, 6872763.98403442], [364269.07528143836, 6872724.8490550425], [364270.0718438537, 6872719.209050534]]]}, "properties": {"id": "431410005060004", "CD_SETOR": "431410005060004", "bairro_seplan": "Vila Cruzeiro", "populacao_universo_15m": 208, "alfabetizados": 202, "nao_alfabetizados": 6, "taxa_alfabetizacao": 97.12, "taxa_analfabetismo": 2.88, "homens_universo_15m": 91, "homens_alfabetizados": 91, "homens_nao_alfabetizados": 0, "taxa_alfabetizacao_homens": 100.0, "mulheres_universo_15m": 115, "mulheres_alfabetizadas": 111, "mulheres_nao_alfabetizadas": 4, "taxa_alfabetizacao_mulheres": 96.52, "classificacao_seplan": "95,0% a 97,5%", "fonte": "IBGE — Censo Demográfico 2022 (Agregados por Setores)", "natureza": "Dados estatísticos oficiais agregados por setor censitário"}}, {"type": "Feature", "geometry": {"type": "Polygon", "coordinates": [[[363977.97658746166, 6873433.238469047], [363962.89686035947, 6873333.87791273], [363945.2847676502, 6873220.082729493], [363926.54674552893, 6873103.548600947], [363908.3694472203, 6872986.067852955], [363794.9512947456, 6873004.878980194], [363683.49586442584, 6873022.758604551], [363702.41708718066, 6873138.497515401], [363706.811453248, 6873171.06023935], [363708.35125680163, 6873179.65477548], [363710.0716920049, 6873186.190281587], [363712.7938195802, 6873195.20839917], [363715.5743918193, 6873201.700672483], [363727.22554356005, 6873226.046892959], [363739.5858925058, 6873251.010707439], [363749.1663519024, 6873271.133350131], [363764.1284574346, 6873304.504388857], [363768.41183834337, 6873323.67970794], [363769.81405780977, 6873335.718904704], [363771.18123665545, 6873347.392019177], [363770.8553257897, 6873365.528200835], [363769.46992168855, 6873384.505473245], [363767.3101011922, 6873401.711945666], [363763.34343091724, 6873420.759318853], [363757.0569897202, 6873436.754895108], [363752.48555650155, 6873446.08819337], [363748.16459021694, 6873454.970036289], [363743.1543324363, 6873463.2123363875], [363704.5926381289, 6873512.934171908], [363736.7593596395, 6873537.371866921], [363773.61714331934, 6873579.681870609], [363784.3460341266, 6873566.452162306], [363804.6468979677, 6873545.896802239], [363859.01913408405, 6873500.079302378], [363908.4682549833, 6873467.713094973], [363919.78473134455, 6873461.404675288], [363973.27433105925, 6873435.168110507], [363977.97658746166, 6873433.238469047]]]}, "properties": {"id": "431410005060005", "CD_SETOR": "431410005060005", "bairro_seplan": "Vila Cruzeiro", "populacao_universo_15m": 480, "alfabetizados": 457, "nao_alfabetizados": 23, "taxa_alfabetizacao": 95.21, "taxa_analfabetismo": 4.79, "homens_universo_15m": 235, "homens_alfabetizados": 223, "homens_nao_alfabetizados": 12, "taxa_alfabetizacao_homens": 94.89, "mulheres_universo_15m": 245, "mulheres_alfabetizadas": 234, "mulheres_nao_alfabetizadas": 11, "taxa_alfabetizacao_mulheres": 95.51, "classificacao_seplan": "95,0% a 97,5%", "fonte": "IBGE — Censo Demográfico 2022 (Agregados por Setores)", "natureza": "Dados estatísticos oficiais agregados por setor censitário"}}, {"type": "Feature", "geometry": {"type": "Polygon", "coordinates": [[[364106.64236838697, 6873386.43163704], [364108.5308957745, 6873368.025253906], [364121.6683538008, 6873347.476019688], [364126.79542344296, 6873335.001900297], [364128.8237184449, 6873322.381491967], [364128.07309435366, 6873308.244390966], [364024.21017457393, 6873323.510434473], [363962.89686035947, 6873333.87791273], [363977.97658746166, 6873433.238469047], [364002.40959990246, 6873422.780788773], [364077.5033818285, 6873396.591844438], [364106.64236838697, 6873386.43163704]]]}, "properties": {"id": "431410005060006", "CD_SETOR": "431410005060006", "bairro_seplan": "Vila Cruzeiro", "populacao_universo_15m": 32, "alfabetizados": 32, "nao_alfabetizados": 0, "taxa_alfabetizacao": 100.0, "taxa_analfabetismo": 0.0, "homens_universo_15m": 14, "homens_alfabetizados": 14, "homens_nao_alfabetizados": 0, "taxa_alfabetizacao_homens": 100.0, "mulheres_universo_15m": 18, "mulheres_alfabetizadas": 18, "mulheres_nao_alfabetizadas": 0, "taxa_alfabetizacao_mulheres": 100.0, "classificacao_seplan": "Maior que 99,0%", "fonte": "IBGE — Censo Demográfico 2022 (Agregados por Setores)", "natureza": "Dados estatísticos oficiais agregados por setor censitário"}}, {"type": "Feature", "geometry": {"type": "Polygon", "coordinates": [[[362638.2151732959, 6872590.71441745], [362606.74441457493, 6872478.628700952], [362433.05301303155, 6872530.171859201], [362534.7753842436, 6872585.848539743], [362545.71693276265, 6872616.138515768], [362638.2151732959, 6872590.71441745]]]}, "properties": {"id": "431410005070001", "CD_SETOR": "431410005070001", "bairro_seplan": "Lucas Araujo", "populacao_universo_15m": 95, "alfabetizados": 95, "nao_alfabetizados": 0, "taxa_alfabetizacao": 100.0, "taxa_analfabetismo": 0.0, "homens_universo_15m": 44, "homens_alfabetizados": 44, "homens_nao_alfabetizados": 0, "taxa_alfabetizacao_homens": 100.0, "mulheres_universo_15m": 51, "mulheres_alfabetizadas": 51, "mulheres_nao_alfabetizadas": 0, "taxa_alfabetizacao_mulheres": 100.0, "classificacao_seplan": "Maior que 99,0%", "fonte": "IBGE — Censo Demográfico 2022 (Agregados por Setores)", "natureza": "Dados estatísticos oficiais agregados por setor censitário"}}, {"type": "Feature", "geometry": {"type": "Polygon", "coordinates": [[[362990.2712078339, 6872510.955313796], [362965.4767716739, 6872397.329931226], [362846.18272280646, 6872143.121425873], [362649.85122053034, 6872196.633037511], [362535.51081641985, 6872230.247940443], [362570.54490639735, 6872355.58410625], [362593.9243562927, 6872433.490282996], [362606.74441457493, 6872478.628700952], [362638.2151732959, 6872590.71441745], [362753.2671657922, 6872565.395391542], [362804.0694841079, 6872553.416790388], [362990.2712078339, 6872510.955313796]]]}, "properties": {"id": "431410005070002", "CD_SETOR": "431410005070002", "bairro_seplan": "Lucas Araujo", "populacao_universo_15m": 330, "alfabetizados": 330, "nao_alfabetizados": 0, "taxa_alfabetizacao": 100.0, "taxa_analfabetismo": 0.0, "homens_universo_15m": 131, "homens_alfabetizados": 131, "homens_nao_alfabetizados": 0, "taxa_alfabetizacao_homens": 100.0, "mulheres_universo_15m": 199, "mulheres_alfabetizadas": 199, "mulheres_nao_alfabetizadas": 0, "taxa_alfabetizacao_mulheres": 100.0, "classificacao_seplan": "Maior que 99,0%", "fonte": "IBGE — Censo Demográfico 2022 (Agregados por Setores)", "natureza": "Dados estatísticos oficiais agregados por setor censitário"}}, {"type": "Feature", "geometry": {"type": "Polygon", "coordinates": [[[363021.1109836708, 6872504.651572999], [363129.78138010297, 6872478.712321701], [363170.0389741909, 6872467.341903846], [363197.9448171645, 6872453.402146751], [363284.24612089654, 6872398.469928088], [363410.7553130216, 6872341.462499436], [363380.8409122317, 6872258.097454165], [363307.9525047828, 6872056.731747875], [363215.8240296822, 6872070.164068746], [363171.5531769879, 6872077.465794276], [363134.0621425867, 6872083.848268908], [363038.5374463129, 6872099.090619802], [362976.92602849496, 6872110.224990908], [362931.4365961186, 6872119.373412004], [362846.18272280646, 6872143.121425873], [362965.4767716739, 6872397.329931226], [362990.2712078339, 6872510.955313796], [363021.1109836708, 6872504.651572999]]]}, "properties": {"id": "431410005070003", "CD_SETOR": "431410005070003", "bairro_seplan": "Lucas Araujo", "populacao_universo_15m": 707, "alfabetizados": 696, "nao_alfabetizados": 11, "taxa_alfabetizacao": 98.44, "taxa_analfabetismo": 1.56, "homens_universo_15m": 297, "homens_alfabetizados": 293, "homens_nao_alfabetizados": 4, "taxa_alfabetizacao_homens": 98.65, "mulheres_universo_15m": 410, "mulheres_alfabetizadas": 403, "mulheres_nao_alfabetizadas": 7, "taxa_alfabetizacao_mulheres": 98.29, "classificacao_seplan": "97,5% a 99,0%", "fonte": "IBGE — Censo Demográfico 2022 (Agregados por Setores)", "natureza": "Dados estatísticos oficiais agregados por setor censitário"}}, {"type": "Feature", "geometry": {"type": "Polygon", "coordinates": [[[363543.6182942511, 6872291.474793118], [363547.2799081949, 6872282.751659], [363519.34591236163, 6872207.964484661], [363624.2946784876, 6872166.608419018], [363610.20953801495, 6872146.7329918835], [363701.51888224203, 6872073.948253748], [363795.74847084965, 6872003.058038996], [363709.5005595414, 6871893.283053973], [363650.1684704345, 6871939.286399203], [363590.4448287781, 6871983.467644529], [363523.5837997457, 6872035.733364024], [363452.644289827, 6872042.540892615], [363405.8907842166, 6872046.512693498], [363382.7334948427, 6872049.45958001], [363307.9525047828, 6872056.731747875], [363380.8409122317, 6872258.097454165], [363410.7553130216, 6872341.462499436], [363543.6182942511, 6872291.474793118]]]}, "properties": {"id": "431410005070004", "CD_SETOR": "431410005070004", "bairro_seplan": "Lucas Araujo", "populacao_universo_15m": 326, "alfabetizados": 326, "nao_alfabetizados": 0, "taxa_alfabetizacao": 100.0, "taxa_analfabetismo": 0.0, "homens_universo_15m": 132, "homens_alfabetizados": 132, "homens_nao_alfabetizados": 0, "taxa_alfabetizacao_homens": 100.0, "mulheres_universo_15m": 194, "mulheres_alfabetizadas": 194, "mulheres_nao_alfabetizadas": 0, "taxa_alfabetizacao_mulheres": 100.0, "classificacao_seplan": "Maior que 99,0%", "fonte": "IBGE — Censo Demográfico 2022 (Agregados por Setores)", "natureza": "Dados estatísticos oficiais agregados por setor censitário"}}, {"type": "Feature", "geometry": {"type": "Polygon", "coordinates": [[[363709.5005595414, 6871893.283053973], [363599.28313294565, 6871745.522299357], [363554.87380924646, 6871687.389103599], [363506.7926676308, 6871622.719854588], [363432.5502711443, 6871682.291243477], [363421.7289482231, 6871693.425182028], [363416.1832203505, 6871700.497641377], [363303.81886555837, 6871691.823083341], [363298.0265972314, 6871771.352918356], [363294.17370215565, 6871845.187175039], [363289.9668557878, 6871943.772844276], [363298.26955072745, 6871992.880865416], [363307.9525047828, 6872056.731747875], [363382.7334948427, 6872049.45958001], [363405.8907842166, 6872046.512693498], [363452.644289827, 6872042.540892615], [363523.5837997457, 6872035.733364024], [363590.4448287781, 6871983.467644529], [363650.1684704345, 6871939.286399203], [363709.5005595414, 6871893.283053973]]]}, "properties": {"id": "431410005070005", "CD_SETOR": "431410005070005", "bairro_seplan": "Lucas Araujo", "populacao_universo_15m": 581, "alfabetizados": 570, "nao_alfabetizados": 11, "taxa_alfabetizacao": 98.11, "taxa_analfabetismo": 1.89, "homens_universo_15m": 256, "homens_alfabetizados": 253, "homens_nao_alfabetizados": 3, "taxa_alfabetizacao_homens": 98.83, "mulheres_universo_15m": 325, "mulheres_alfabetizadas": 317, "mulheres_nao_alfabetizadas": 8, "taxa_alfabetizacao_mulheres": 97.54, "classificacao_seplan": "97,5% a 99,0%", "fonte": "IBGE — Censo Demográfico 2022 (Agregados por Setores)", "natureza": "Dados estatísticos oficiais agregados por setor censitário"}}, {"type": "Feature", "geometry": {"type": "Polygon", "coordinates": [[[362628.23007837444, 6869597.886412951], [362615.47004988545, 6869607.966555621], [362593.5970250953, 6869632.501879049], [362551.41617110674, 6869661.610960066], [362499.9617578612, 6869703.765839864], [362446.7669111419, 6869760.627384931], [362412.68108797574, 6869833.357370434], [362340.8534482989, 6869921.89421986], [362319.3658607589, 6869957.060549008], [362312.20621169574, 6869984.857986712], [362313.5134058725, 6870004.054935893], [362310.9857706568, 6870020.680799117], [362300.34610749234, 6870037.312161565], [362280.9010515463, 6870055.370437883], [362246.8572002498, 6870078.755376486], [362201.42826793453, 6870109.454529988], [362186.62262718385, 6870122.44702274], [362114.9318532287, 6870124.716107599], [362090.9727862718, 6870220.468182327], [362070.9000435943, 6870321.085810619], [362086.54911447084, 6870407.63572414], [362096.7212381859, 6870478.475060963], [362093.2868233898, 6870523.270144474], [362071.14814647846, 6870561.13235898], [362040.6822836298, 6870674.771466194], [362028.26597022975, 6870754.645218743], [362000.32492368354, 6870852.722197615], [361971.6360851221, 6870932.417584699], [361958.0690911141, 6871028.500934444], [361955.2327319832, 6871151.647876687], [361965.45116899465, 6871233.691013009], [361993.37150090095, 6871289.21200014], [362019.32263657975, 6871316.70751268], [362036.3482559648, 6871334.801910499], [362048.56274229207, 6871366.758445909], [362070.06231306435, 6871365.412802531], [362089.3022146738, 6871374.479437746], [362145.09117864375, 6871390.5643159], [362151.52921841806, 6871330.412244812], [362197.3948272443, 6871234.670890972], [362209.97785947885, 6871232.401375895], [362229.59591753973, 6871229.171935999], [362243.1101864403, 6871229.495148946], [362251.8363136995, 6871233.2755039595], [362257.17109280976, 6871243.565512544], [362266.9247833717, 6871288.103741645], [362865.8696182383, 6871328.798331775], [362853.4062708322, 6871494.62950577], [362914.1869311804, 6871499.942006048], [362927.3473204117, 6871507.14179975], [363008.4188241677, 6871512.998579316], [363161.46398515446, 6871522.511143811], [363316.80560024595, 6871535.361481309], [363429.3929534997, 6871542.43178151], [363447.673544275, 6871537.7886831425], [363618.99963600154, 6871404.447034792], [363605.6806941095, 6871383.716009187], [363431.6302445094, 6871144.552173026], [363473.02895093017, 6871049.840952003], [363564.64694116684, 6870937.678355167], [363647.8244592354, 6870838.538255258], [363658.91571398766, 6870793.609461407], [363710.6963935434, 6870790.492549847], [363523.02298053954, 6870451.242161088], [363490.126428445, 6870404.942689598], [363477.8235406217, 6870387.248306083], [363458.0318941843, 6870320.543896118], [363448.7304192111, 6870259.445499817], [363381.42422997183, 6870179.150858386], [363310.43373697635, 6870141.985923827], [363296.8215469818, 6870071.163688312], [363280.5231831714, 6870033.399120936], [363254.04004159506, 6869995.073781229], [363209.23882880516, 6869946.153831125], [363198.5928070431, 6869922.660550742], [363196.8561376203, 6869894.660278064], [363195.2448184351, 6869847.302454896], [363197.92006521963, 6869825.425642193], [363196.70911057724, 6869813.067119323], [363190.8427050966, 6869803.790863268], [363168.140166403, 6869791.505604381], [363127.2659964921, 6869783.143785028], [363094.2209963554, 6869780.568038983], [363070.836761032, 6869775.510792181], [363051.1476712879, 6869763.049568969], [363039.90620101796, 6869747.838039533], [363033.5606810476, 6869725.712946119], [363027.67485508654, 6869680.787864799], [363017.98368312756, 6869665.538817495], [363001.09580626694, 6869654.295570955], [362983.71574435936, 6869649.994579241], [362966.90785797965, 6869647.107501309], [362952.55801740015, 6869646.254537043], [362940.07944702444, 6869647.284853235], [362928.9237055254, 6869650.1256253775], [362912.43193757854, 6869656.373113812], [362903.1242936268, 6869657.16303622], [362895.59002225637, 6869655.579905979], [362882.676952366, 6869644.991936069], [362878.48964806716, 6869643.214808708], [362873.68064455147, 6869643.458364323], [362862.8171813616, 6869646.468676096], [362836.7230668622, 6869652.693599288], [362827.4300366629, 6869652.220363302], [362819.10307102883, 6869647.093074188], [362814.45326596894, 6869637.819610847], [362813.400718137, 6869631.302703574], [362813.83085681614, 6869624.647820314], [362818.8218078578, 6869615.463785103], [362825.6561749346, 6869608.871946277], [362829.61094339425, 6869600.229979071], [362830.8941759862, 6869591.900611328], [362830.01379374857, 6869567.965892086], [362831.1590520323, 6869550.370958954], [362811.6757954109, 6869543.906669397], [362795.8239788348, 6869544.022357874], [362779.70135509124, 6869550.584208795], [362755.34204572614, 6869569.639020124], [362721.69554911216, 6869585.173171677], [362688.7630401048, 6869591.562343791], [362643.2364911272, 6869595.40082764], [362628.23007837444, 6869597.886412951]]]}, "properties": {"id": "431410005070006", "CD_SETOR": "431410005070006", "bairro_seplan": "Lucas Araujo", "populacao_universo_15m": 1428, "alfabetizados": 1381, "nao_alfabetizados": 47, "taxa_alfabetizacao": 96.71, "taxa_analfabetismo": 3.29, "homens_universo_15m": 687, "homens_alfabetizados": 660, "homens_nao_alfabetizados": 27, "taxa_alfabetizacao_homens": 96.07, "mulheres_universo_15m": 741, "mulheres_alfabetizadas": 721, "mulheres_nao_alfabetizadas": 20, "taxa_alfabetizacao_mulheres": 97.3, "classificacao_seplan": "95,0% a 97,5%", "fonte": "IBGE — Censo Demográfico 2022 (Agregados por Setores)", "natureza": "Dados estatísticos oficiais agregados por setor censitário"}}, {"type": "Feature", "geometry": {"type": "Polygon", "coordinates": [[[362145.09117864375, 6871390.5643159], [362089.3022146738, 6871374.479437746], [362070.06231306435, 6871365.412802531], [362048.56274229207, 6871366.758445909], [362042.0462305954, 6871411.683851405], [361947.7543895545, 6871494.073263859], [361970.1019368218, 6871496.593956865], [362000.4673580851, 6871495.484581519], [362059.0217444603, 6871483.865497329], [362109.18197781045, 6871452.545705136], [362128.57043485634, 6871426.907340582], [362145.09117864375, 6871390.5643159]]]}, "properties": {"id": "431410005070007", "CD_SETOR": "431410005070007", "bairro_seplan": "Lucas Araujo", "populacao_universo_15m": 47, "alfabetizados": 47, "nao_alfabetizados": 0, "taxa_alfabetizacao": 100.0, "taxa_analfabetismo": 0.0, "homens_universo_15m": 20, "homens_alfabetizados": 20, "homens_nao_alfabetizados": 0, "taxa_alfabetizacao_homens": 100.0, "mulheres_universo_15m": 27, "mulheres_alfabetizadas": 27, "mulheres_nao_alfabetizadas": 0, "taxa_alfabetizacao_mulheres": 100.0, "classificacao_seplan": "Maior que 99,0%", "fonte": "IBGE — Censo Demográfico 2022 (Agregados por Setores)", "natureza": "Dados estatísticos oficiais agregados por setor censitário"}}, {"type": "Feature", "geometry": {"type": "Polygon", "coordinates": [[[362466.47875330254, 6871550.309204284], [362450.9127482369, 6871465.489793752], [362648.13223641575, 6871477.526981509], [362853.4062708322, 6871494.62950577], [362865.8696182383, 6871328.798331775], [362266.9247833717, 6871288.103741645], [362257.17109280976, 6871243.565512544], [362251.8363136995, 6871233.2755039595], [362243.1101864403, 6871229.495148946], [362229.59591753973, 6871229.171935999], [362209.97785947885, 6871232.401375895], [362197.3948272443, 6871234.670890972], [362151.52921841806, 6871330.412244812], [362145.09117864375, 6871390.5643159], [362128.57043485634, 6871426.907340582], [362109.18197781045, 6871452.545705136], [362059.0217444603, 6871483.865497329], [362000.4673580851, 6871495.484581519], [361970.1019368218, 6871496.593956865], [361947.7543895545, 6871494.073263859], [361888.5126117345, 6871521.740631776], [361879.15233709005, 6871537.865759111], [361871.6461999228, 6871567.46519338], [361863.2602115012, 6871603.536947014], [361831.25894347485, 6871666.726638343], [361868.5876875409, 6871731.532788063], [361929.15700431564, 6871835.161223501], [362138.9843941354, 6871718.455625834], [362155.4684696088, 6871708.0867271535], [362219.36941096245, 6871675.430150345], [362288.3035332025, 6871636.781298267], [362340.9314874448, 6871606.685963086], [362434.76439312246, 6871550.151944862], [362466.47875330254, 6871550.309204284]]]}, "properties": {"id": "431410005070008", "CD_SETOR": "431410005070008", "bairro_seplan": "Lucas Araujo", "populacao_universo_15m": 433, "alfabetizados": 430, "nao_alfabetizados": 3, "taxa_alfabetizacao": 99.31, "taxa_analfabetismo": 0.69, "homens_universo_15m": 195, "homens_alfabetizados": 195, "homens_nao_alfabetizados": 0, "taxa_alfabetizacao_homens": 100.0, "mulheres_universo_15m": 235, "mulheres_alfabetizadas": 235, "mulheres_nao_alfabetizadas": 0, "taxa_alfabetizacao_mulheres": 100.0, "classificacao_seplan": "Maior que 99,0%", "fonte": "IBGE — Censo Demográfico 2022 (Agregados por Setores)", "natureza": "Dados estatísticos oficiais agregados por setor censitário"}}, {"type": "Feature", "geometry": {"type": "Polygon", "coordinates": [[[362568.2852478515, 6871896.870701026], [362557.4913126546, 6871847.976926006], [362514.355917149, 6871708.251791621], [362498.00026403373, 6871633.95055819], [362466.47875330254, 6871550.309204284], [362434.76439312246, 6871550.151944862], [362340.9314874448, 6871606.685963086], [362288.3035332025, 6871636.781298267], [362219.36941096245, 6871675.430150345], [362155.4684696088, 6871708.0867271535], [362138.9843941354, 6871718.455625834], [361929.15700431564, 6871835.161223501], [361995.8228877266, 6871946.107383445], [362016.04131051793, 6871988.362893596], [362031.9747579489, 6872070.084447835], [362043.0148024735, 6872160.082193029], [362283.7384788906, 6872075.613991446], [362385.3889322012, 6872040.679723728], [362394.2093662735, 6872035.540596228], [362465.690872145, 6871977.838236086], [362568.2852478515, 6871896.870701026]]]}, "properties": {"id": "431410005070009", "CD_SETOR": "431410005070009", "bairro_seplan": "Lucas Araujo", "populacao_universo_15m": 599, "alfabetizados": 593, "nao_alfabetizados": 6, "taxa_alfabetizacao": 99.0, "taxa_analfabetismo": 1.0, "homens_universo_15m": 284, "homens_alfabetizados": 284, "homens_nao_alfabetizados": 0, "taxa_alfabetizacao_homens": 100.0, "mulheres_universo_15m": 313, "mulheres_alfabetizadas": 309, "mulheres_nao_alfabetizadas": 4, "taxa_alfabetizacao_mulheres": 98.72, "classificacao_seplan": "97,5% a 99,0%", "fonte": "IBGE — Censo Demográfico 2022 (Agregados por Setores)", "natureza": "Dados estatísticos oficiais agregados por setor censitário"}}, {"type": "Feature", "geometry": {"type": "Polygon", "coordinates": [[[362183.5324886296, 6872347.604124028], [362027.47250913753, 6872332.359706774], [362015.8642212484, 6872437.9846100565], [362009.4691257747, 6872490.989646044], [362172.76828525803, 6872511.592980045], [362183.5324886296, 6872347.604124028]]]}, "properties": {"id": "431410005070010", "CD_SETOR": "431410005070010", "bairro_seplan": "Lucas Araujo", "populacao_universo_15m": 79, "alfabetizados": 79, "nao_alfabetizados": 0, "taxa_alfabetizacao": 100.0, "taxa_analfabetismo": 0.0, "homens_universo_15m": 37, "homens_alfabetizados": 37, "homens_nao_alfabetizados": 0, "taxa_alfabetizacao_homens": 100.0, "mulheres_universo_15m": 42, "mulheres_alfabetizadas": 42, "mulheres_nao_alfabetizadas": 0, "taxa_alfabetizacao_mulheres": 100.0, "classificacao_seplan": "Maior que 99,0%", "fonte": "IBGE — Censo Demográfico 2022 (Agregados por Setores)", "natureza": "Dados estatísticos oficiais agregados por setor censitário"}}, {"type": "Feature", "geometry": {"type": "Polygon", "coordinates": [[[362535.51081641985, 6872230.247940443], [362649.85122053034, 6872196.633037511], [362629.5939054259, 6872126.165384603], [362614.5218054941, 6872074.751034608], [362607.86246750224, 6872047.4693803545], [362590.8312752234, 6871981.416090486], [362568.2852478515, 6871896.870701026], [362465.690872145, 6871977.838236086], [362394.2093662735, 6872035.540596228], [362385.3889322012, 6872040.679723728], [362283.7384788906, 6872075.613991446], [362043.0148024735, 6872160.082193029], [362038.29293988075, 6872214.325651296], [362027.47250913753, 6872332.359706774], [362183.5324886296, 6872347.604124028], [362212.5209936299, 6872341.901528416], [362359.25140312617, 6872290.314859329], [362372.4708951599, 6872284.861093759], [362467.35484275536, 6872252.340843187], [362535.51081641985, 6872230.247940443]]]}, "properties": {"id": "431410005070011", "CD_SETOR": "431410005070011", "bairro_seplan": "Lucas Araujo", "populacao_universo_15m": 533, "alfabetizados": 528, "nao_alfabetizados": 5, "taxa_alfabetizacao": 99.06, "taxa_analfabetismo": 0.94, "homens_universo_15m": 245, "homens_alfabetizados": 245, "homens_nao_alfabetizados": 0, "taxa_alfabetizacao_homens": 100.0, "mulheres_universo_15m": 286, "mulheres_alfabetizadas": 283, "mulheres_nao_alfabetizadas": 3, "taxa_alfabetizacao_mulheres": 98.95, "classificacao_seplan": "Maior que 99,0%", "fonte": "IBGE — Censo Demográfico 2022 (Agregados por Setores)", "natureza": "Dados estatísticos oficiais agregados por setor censitário"}}, {"type": "Feature", "geometry": {"type": "Polygon", "coordinates": [[[362859.73794579285, 6871902.382563241], [362838.9924548585, 6871832.508021814], [362860.0413408013, 6871835.410904172], [362995.2562876715, 6871839.75483598], [362912.98198628414, 6871740.845891508], [362706.8526829723, 6871728.610488487], [362522.55405239615, 6871713.610425913], [362514.355917149, 6871708.251791621], [362557.4913126546, 6871847.976926006], [362568.2852478515, 6871896.870701026], [362590.8312752234, 6871981.416090486], [362737.5113413843, 6871937.027279403], [362859.73794579285, 6871902.382563241]]]}, "properties": {"id": "431410005070012", "CD_SETOR": "431410005070012", "bairro_seplan": "Lucas Araujo", "populacao_universo_15m": 155, "alfabetizados": 133, "nao_alfabetizados": 22, "taxa_alfabetizacao": 85.81, "taxa_analfabetismo": 14.19, "homens_universo_15m": 66, "homens_alfabetizados": 58, "homens_nao_alfabetizados": 8, "taxa_alfabetizacao_homens": 87.88, "mulheres_universo_15m": 89, "mulheres_alfabetizadas": 75, "mulheres_nao_alfabetizadas": 14, "taxa_alfabetizacao_mulheres": 84.27, "classificacao_seplan": "Menor que 92,0%", "fonte": "IBGE — Censo Demográfico 2022 (Agregados por Setores)", "natureza": "Dados estatísticos oficiais agregados por setor censitário"}}, {"type": "Feature", "geometry": {"type": "Polygon", "coordinates": [[[363038.5374463129, 6872099.090619802], [363027.53866469127, 6872024.420031906], [363013.54374376836, 6871950.955920128], [362995.2562876715, 6871839.75483598], [362860.0413408013, 6871835.410904172], [362838.9924548585, 6871832.508021814], [362859.73794579285, 6871902.382563241], [362892.06196676765, 6871972.091689353], [362912.01636021235, 6872043.408598868], [362931.4365961186, 6872119.373412004], [362976.92602849496, 6872110.224990908], [363038.5374463129, 6872099.090619802]]]}, "properties": {"id": "431410005070013", "CD_SETOR": "431410005070013", "bairro_seplan": "Lucas Araujo", "populacao_universo_15m": 213, "alfabetizados": 199, "nao_alfabetizados": 14, "taxa_alfabetizacao": 93.43, "taxa_analfabetismo": 6.57, "homens_universo_15m": 103, "homens_alfabetizados": 97, "homens_nao_alfabetizados": 6, "taxa_alfabetizacao_homens": 94.17, "mulheres_universo_15m": 110, "mulheres_alfabetizadas": 102, "mulheres_nao_alfabetizadas": 8, "taxa_alfabetizacao_mulheres": 92.73, "classificacao_seplan": "92,0% a 95,0%", "fonte": "IBGE — Censo Demográfico 2022 (Agregados por Setores)", "natureza": "Dados estatísticos oficiais agregados por setor censitário"}}, {"type": "Feature", "geometry": {"type": "Polygon", "coordinates": [[[363307.9525047828, 6872056.731747875], [363298.26955072745, 6871992.880865416], [363289.9668557878, 6871943.772844276], [363294.17370215565, 6871845.187175039], [363298.0265972314, 6871771.352918356], [363303.81886555837, 6871691.823083341], [363416.1832203505, 6871700.497641377], [363421.7289482231, 6871693.425182028], [363432.5502711443, 6871682.291243477], [363506.7926676308, 6871622.719854588], [363447.673544275, 6871537.7886831425], [363429.3929534997, 6871542.43178151], [363316.80560024595, 6871535.361481309], [363161.46398515446, 6871522.511143811], [363008.4188241677, 6871512.998579316], [362927.3473204117, 6871507.14179975], [362914.1869311804, 6871499.942006048], [362853.4062708322, 6871494.62950577], [362845.31074165937, 6871658.549770996], [362912.98198628414, 6871740.845891508], [362995.2562876715, 6871839.75483598], [363013.54374376836, 6871950.955920128], [363027.53866469127, 6872024.420031906], [363038.5374463129, 6872099.090619802], [363134.0621425867, 6872083.848268908], [363171.5531769879, 6872077.465794276], [363215.8240296822, 6872070.164068746], [363307.9525047828, 6872056.731747875]]]}, "properties": {"id": "431410005070014", "CD_SETOR": "431410005070014", "bairro_seplan": "Lucas Araujo", "populacao_universo_15m": 994, "alfabetizados": 977, "nao_alfabetizados": 17, "taxa_alfabetizacao": 98.29, "taxa_analfabetismo": 1.71, "homens_universo_15m": 461, "homens_alfabetizados": 454, "homens_nao_alfabetizados": 7, "taxa_alfabetizacao_homens": 98.48, "mulheres_universo_15m": 533, "mulheres_alfabetizadas": 523, "mulheres_nao_alfabetizadas": 10, "taxa_alfabetizacao_mulheres": 98.12, "classificacao_seplan": "97,5% a 99,0%", "fonte": "IBGE — Censo Demográfico 2022 (Agregados por Setores)", "natureza": "Dados estatísticos oficiais agregados por setor censitário"}}, {"type": "Feature", "geometry": {"type": "Polygon", "coordinates": [[[362846.18272280646, 6872143.121425873], [362931.4365961186, 6872119.373412004], [362912.01636021235, 6872043.408598868], [362892.06196676765, 6871972.091689353], [362859.73794579285, 6871902.382563241], [362737.5113413843, 6871937.027279403], [362590.8312752234, 6871981.416090486], [362607.86246750224, 6872047.4693803545], [362614.5218054941, 6872074.751034608], [362629.5939054259, 6872126.165384603], [362649.85122053034, 6872196.633037511], [362846.18272280646, 6872143.121425873]]]}, "properties": {"id": "431410005070015", "CD_SETOR": "431410005070015", "bairro_seplan": "Lucas Araujo", "populacao_universo_15m": 265, "alfabetizados": 262, "nao_alfabetizados": 3, "taxa_alfabetizacao": 98.87, "taxa_analfabetismo": 1.13, "homens_universo_15m": 115, "homens_alfabetizados": 115, "homens_nao_alfabetizados": 0, "taxa_alfabetizacao_homens": 100.0, "mulheres_universo_15m": 147, "mulheres_alfabetizadas": 147, "mulheres_nao_alfabetizadas": 0, "taxa_alfabetizacao_mulheres": 100.0, "classificacao_seplan": "97,5% a 99,0%", "fonte": "IBGE — Censo Demográfico 2022 (Agregados por Setores)", "natureza": "Dados estatísticos oficiais agregados por setor censitário"}}, {"type": "Feature", "geometry": {"type": "Polygon", "coordinates": [[[362853.4062708322, 6871494.62950577], [362648.13223641575, 6871477.526981509], [362450.9127482369, 6871465.489793752], [362466.47875330254, 6871550.309204284], [362498.00026403373, 6871633.95055819], [362514.355917149, 6871708.251791621], [362522.55405239615, 6871713.610425913], [362706.8526829723, 6871728.610488487], [362912.98198628414, 6871740.845891508], [362845.31074165937, 6871658.549770996], [362853.4062708322, 6871494.62950577]]]}, "properties": {"id": "431410005070016", "CD_SETOR": "431410005070016", "bairro_seplan": "Lucas Araujo", "populacao_universo_15m": 306, "alfabetizados": 306, "nao_alfabetizados": 0, "taxa_alfabetizacao": 100.0, "taxa_analfabetismo": 0.0, "homens_universo_15m": 145, "homens_alfabetizados": 145, "homens_nao_alfabetizados": 0, "taxa_alfabetizacao_homens": 100.0, "mulheres_universo_15m": 161, "mulheres_alfabetizadas": 161, "mulheres_nao_alfabetizadas": 0, "taxa_alfabetizacao_mulheres": 100.0, "classificacao_seplan": "Maior que 99,0%", "fonte": "IBGE — Censo Demográfico 2022 (Agregados por Setores)", "natureza": "Dados estatísticos oficiais agregados por setor censitário"}}, {"type": "Feature", "geometry": {"type": "Polygon", "coordinates": [[[358257.3427271497, 6870586.6838424085], [358257.9331586992, 6870561.912644312], [358274.0947322047, 6870531.1108658165], [358302.70921082975, 6870502.375009984], [358369.93375331094, 6870403.832563592], [358398.63347248745, 6870368.736733876], [358417.2390529957, 6870271.2311462], [358366.9379956356, 6870184.936970852], [358335.2309531636, 6870122.036205716], [358316.2976379961, 6870087.70102269], [358304.1895376026, 6870035.484252659], [358292.32200757123, 6869968.077576215], [358287.15612282365, 6869875.075119601], [358304.2814240948, 6869811.993299959], [358287.34499171504, 6869703.402459044], [358285.5407384164, 6869656.594698325], [358267.43263868813, 6869582.863334049], [358272.86010449775, 6869548.963365489], [358291.67359801615, 6869525.961457619], [358285.53476404643, 6869488.931167446], [358268.0908851521, 6869446.623845704], [358275.70650523715, 6869411.010242324], [358294.468360332, 6869348.834522974], [358281.09760618175, 6869330.1130737765], [358260.9337370257, 6869283.163273864], [358245.97742514324, 6869256.787637187], [358241.2022173286, 6869232.06302589], [358240.84256825235, 6869213.752033249], [358245.25287920795, 6869171.406850915], [358244.8384751816, 6869166.692242352], [358244.0316610156, 6869161.163987574], [358236.22362932086, 6869139.893770127], [358222.2149828569, 6869118.770988862], [358144.3382437789, 6869005.571885783], [358086.4649769519, 6868918.320960074], [358046.80705666525, 6868860.4767404515], [357232.13672954787, 6869253.138294607], [356990.16251714656, 6869474.855549481], [357044.7374762043, 6869519.640864565], [357091.4387918637, 6869565.040186249], [357160.01290010224, 6869639.027453357], [357203.07154811255, 6869687.241424659], [357269.56315309333, 6869772.184718724], [357298.0888506002, 6869815.258729467], [357315.4589952043, 6869846.352177299], [357338.4784871086, 6869905.217505954], [357353.0428042625, 6869956.744762482], [357368.57908751746, 6870020.44016091], [357386.6614698267, 6870086.138674412], [357394.31044642406, 6870119.752416218], [357402.02299361053, 6870148.901045494], [357413.18850882695, 6870201.694919094], [357438.2499176917, 6870297.242308061], [357454.9925801012, 6870349.615592692], [357481.55808285903, 6870412.313039536], [357501.4775080321, 6870457.499248845], [357534.935543634, 6870526.252335438], [357560.75647443056, 6870581.593534869], [357587.28856354055, 6870638.184335847], [357607.4228910669, 6870680.247898083], [357627.6142013685, 6870720.029303201], [357646.4690872051, 6870762.465270257], [357664.42457698483, 6870800.5686020255], [357693.90132954356, 6870876.720104819], [357709.56175423693, 6870924.625120288], [357791.8872709273, 6870902.452332972], [357864.9044259414, 6870884.2454165295], [357912.5684248387, 6870873.768387103], [357961.7541058646, 6870862.367469467], [357991.1564946318, 6870797.460571097], [358019.1905549044, 6870735.385176706], [358026.1648683572, 6870716.574698547], [358033.4732092651, 6870694.443760622], [358059.0917944866, 6870614.498119076], [358062.107745248, 6870607.575030774], [358063.331270896, 6870605.340129763], [358064.7408790607, 6870603.9496517815], [358067.69329717255, 6870601.51381702], [358070.67048944463, 6870600.286163734], [358072.9835032377, 6870599.637879601], [358078.06494409905, 6870598.81218523], [358135.70500327635, 6870589.883254465], [358183.0163071529, 6870585.8061053585], [358257.3427271497, 6870586.6838424085]]]}, "properties": {"id": "431410005080002", "CD_SETOR": "431410005080002", "bairro_seplan": "Santa Marta", "populacao_universo_15m": 1125, "alfabetizados": 1074, "nao_alfabetizados": 51, "taxa_alfabetizacao": 95.47, "taxa_analfabetismo": 4.53, "homens_universo_15m": 533, "homens_alfabetizados": 514, "homens_nao_alfabetizados": 19, "taxa_alfabetizacao_homens": 96.44, "mulheres_universo_15m": 592, "mulheres_alfabetizadas": 560, "mulheres_nao_alfabetizadas": 32, "taxa_alfabetizacao_mulheres": 94.59, "classificacao_seplan": "95,0% a 97,5%", "fonte": "IBGE — Censo Demográfico 2022 (Agregados por Setores)", "natureza": "Dados estatísticos oficiais agregados por setor censitário"}}, {"type": "Feature", "geometry": {"type": "Polygon", "coordinates": [[[359521.3198747734, 6869926.191101579], [359578.1079372581, 6870051.707649678], [359549.2915500571, 6870053.970391583], [359425.089685579, 6870031.598485155], [359339.4724618917, 6869926.117847584], [359280.5013960083, 6869961.609975725], [359285.8361971832, 6869927.841583431], [359266.1298626886, 6869879.935139447], [359249.42963533045, 6869837.43886283], [359243.32962861017, 6869792.74133309], [359234.3357655493, 6869762.936172141], [359208.32948105724, 6869729.338527359], [359181.53671496926, 6869706.635645902], [359152.3300573885, 6869681.543656825], [359133.53497398377, 6869677.54150067], [359121.82930399186, 6869677.036679763], [359111.73035191896, 6869651.93897593], [359088.4366729304, 6869644.337193136], [359056.0285145821, 6869647.641972095], [359047.83580774907, 6869670.93755592], [359026.2299940634, 6869682.23857588], [358953.93280151347, 6869681.134630648], [358914.12969179964, 6869690.944510458], [358887.5338182177, 6869713.544414066], [358851.0325207325, 6869719.537041249], [358819.33022425976, 6869726.140797837], [358787.5315832122, 6869744.944051415], [358764.4337280429, 6869753.833233708], [358619.1693219939, 6869807.70833783], [358646.8999377745, 6869845.472395549], [358668.54578160215, 6869868.713549309], [358687.22609403863, 6869888.118349216], [358720.6118217794, 6869927.955378266], [358752.79967905034, 6869971.2022072], [358772.25206313835, 6869990.870929002], [358787.4142683123, 6870006.73188057], [358821.88159770635, 6870043.112961097], [358861.3229766047, 6870079.442338282], [358872.91991665144, 6870090.761632387], [358885.09197449964, 6870102.386960407], [358973.84769082535, 6870187.086233452], [359067.054391252, 6870257.243378831], [359086.19029908034, 6870276.386934087], [359139.608741673, 6870332.761578616], [359155.96502359514, 6870347.273169657], [359218.2767048979, 6870418.070323286], [359246.5266442194, 6870455.340272108], [359257.8031174209, 6870468.927040344], [359267.8111090224, 6870478.642390253], [359282.41262714856, 6870487.3041069675], [359301.61201612663, 6870494.546536633], [359323.4500040106, 6870498.4958053995], [359367.3670118607, 6870500.136056319], [359386.161660461, 6870499.328407631], [359523.12825810874, 6870497.882532103], [359588.52455238416, 6870498.147475855], [359670.9627897544, 6870494.0149880145], [359689.533249303, 6870546.129164935], [359779.5989139134, 6870552.336499795], [359850.0691102322, 6870559.053979988], [359925.1579382002, 6870565.0831501745], [359955.5092749264, 6870565.009526042], [359963.14702866884, 6870565.332451357], [359990.8279025546, 6870530.56449755], [360027.5420721144, 6870496.712083439], [360067.69982731144, 6870437.867277021], [360091.01528948115, 6870388.109830698], [360119.2382693474, 6870285.718089355], [360138.7591868531, 6870233.289493536], [360169.12827047467, 6870184.235695053], [360186.56853054045, 6870146.842141809], [360207.38445436256, 6870091.026728585], [360213.6140748489, 6870055.185306632], [360216.3561662551, 6870028.943592315], [360233.8216635459, 6869951.945277882], [360253.40514049074, 6869908.27158577], [360259.72902941634, 6869856.097238243], [360273.3879241404, 6869803.255822029], [360301.6427269833, 6869757.855849267], [360324.18998171214, 6869714.00644435], [360275.75936488877, 6869675.315502916], [360264.3589377956, 6869643.931478943], [360267.4699115849, 6869608.020013606], [360320.6729299921, 6869514.732093993], [360325.6676096011, 6869494.5784421135], [360325.133900609, 6869474.1158420965], [360318.996700744, 6869405.626787046], [360282.5891193847, 6869403.00348708], [360270.1336518887, 6869399.565450333], [360260.2800387547, 6869391.747671559], [360241.7420122396, 6869363.470882248], [360229.8424153035, 6869353.656451335], [360213.23755962774, 6869347.764740193], [360175.7953196196, 6869344.729965396], [360139.48077238793, 6869349.199431147], [360113.43196119834, 6869363.12053992], [360094.43646653846, 6869381.934209508], [360070.2405831433, 6869412.532506006], [360041.36681101366, 6869444.7155672135], [360033.75110490154, 6869458.366609445], [360023.0997252767, 6869486.542804312], [360017.6348272754, 6869493.315504369], [360009.3304313713, 6869498.004595144], [359973.1227256091, 6869509.156949988], [359957.28133053915, 6869517.502479009], [359943.6758686813, 6869531.692169218], [359521.3198747734, 6869926.191101579]]]}, "properties": {"id": "431410005080004", "CD_SETOR": "431410005080004", "bairro_seplan": "Área Rural", "populacao_universo_15m": 1420, "alfabetizados": 1377, "nao_alfabetizados": 43, "taxa_alfabetizacao": 96.97, "taxa_analfabetismo": 3.03, "homens_universo_15m": 686, "homens_alfabetizados": 666, "homens_nao_alfabetizados": 20, "taxa_alfabetizacao_homens": 97.08, "mulheres_universo_15m": 734, "mulheres_alfabetizadas": 711, "mulheres_nao_alfabetizadas": 23, "taxa_alfabetizacao_mulheres": 96.87, "classificacao_seplan": "95,0% a 97,5%", "fonte": "IBGE — Censo Demográfico 2022 (Agregados por Setores)", "natureza": "Dados estatísticos oficiais agregados por setor censitário"}}, {"type": "Feature", "geometry": {"type": "Polygon", "coordinates": [[[361058.6534402241, 6870701.845112371], [360986.15900522535, 6870697.006072324], [360912.29466300766, 6870689.3690904565], [360801.17224611173, 6870656.804425422], [360684.6313162986, 6870611.243036438], [360541.53492896946, 6870572.537783993], [360410.9332767349, 6870547.441778773], [360284.1285442444, 6870540.640135489], [360156.8540583498, 6870539.57176264], [360078.71701067453, 6870536.666286699], [359990.8279025546, 6870530.56449755], [359963.14702866884, 6870565.332451357], [359955.5092749264, 6870565.009526042], [359925.1579382002, 6870565.0831501745], [359850.0691102322, 6870559.053979988], [359779.5989139134, 6870552.336499795], [359689.533249303, 6870546.129164935], [359700.6765540056, 6870588.425911107], [359762.50703846896, 6870683.693139063], [359796.79882105766, 6870751.097023837], [359815.1751318856, 6870798.975533546], [359852.72811854316, 6870891.794235064], [359855.69912254147, 6870901.038015058], [359855.1476402017, 6870916.988750586], [359856.1380521108, 6870923.660393128], [359905.50327055366, 6870902.690362693], [359990.5777667393, 6870882.37454428], [360037.51766258164, 6870872.368113512], [360088.246885146, 6870862.118097378], [360187.4898033982, 6870842.3005145565], [360270.0384931462, 6870835.616331106], [360339.0056545161, 6870831.841163728], [360393.40208468644, 6870841.679313565], [360449.7940675114, 6870853.668323678], [360512.40247755684, 6870877.587282063], [360565.43866315956, 6870900.5179087], [360658.3814528643, 6870945.9471017085], [360708.0736045504, 6870974.677650668], [360750.2929118321, 6870990.709614243], [360784.320884372, 6871005.093862762], [360867.8421661736, 6871029.267447146], [360903.71510966076, 6871037.755533356], [360999.38974632305, 6871053.682122702], [361000.88973684487, 6871017.773910401], [361061.23160626844, 6871021.794408965], [361062.85458063486, 6870906.722357345], [361062.21837061405, 6870770.9792264], [361058.6534402241, 6870701.845112371]]]}, "properties": {"id": "431410005080005", "CD_SETOR": "431410005080005", "bairro_seplan": "Santa Marta", "populacao_universo_15m": 369, "alfabetizados": 353, "nao_alfabetizados": 16, "taxa_alfabetizacao": 95.66, "taxa_analfabetismo": 4.34, "homens_universo_15m": 182, "homens_alfabetizados": 172, "homens_nao_alfabetizados": 10, "taxa_alfabetizacao_homens": 94.51, "mulheres_universo_15m": 187, "mulheres_alfabetizadas": 181, "mulheres_nao_alfabetizadas": 6, "taxa_alfabetizacao_mulheres": 96.79, "classificacao_seplan": "95,0% a 97,5%", "fonte": "IBGE — Censo Demográfico 2022 (Agregados por Setores)", "natureza": "Dados estatísticos oficiais agregados por setor censitário"}}, {"type": "Feature", "geometry": {"type": "Polygon", "coordinates": [[[359856.1380521108, 6870923.660393128], [359855.1476402017, 6870916.988750586], [359855.69912254147, 6870901.038015058], [359852.72811854316, 6870891.794235064], [359815.1751318856, 6870798.975533546], [359796.79882105766, 6870751.097023837], [359762.50703846896, 6870683.693139063], [359700.6765540056, 6870588.425911107], [359689.533249303, 6870546.129164935], [359670.9627897544, 6870494.0149880145], [359588.52455238416, 6870498.147475855], [359523.12825810874, 6870497.882532103], [359386.161660461, 6870499.328407631], [359367.3670118607, 6870500.136056319], [359323.4500040106, 6870498.4958053995], [359301.61201612663, 6870494.546536633], [359282.41262714856, 6870487.3041069675], [359267.8111090224, 6870478.642390253], [359257.8031174209, 6870468.927040344], [359246.5266442194, 6870455.340272108], [359218.2767048979, 6870418.070323286], [359155.96502359514, 6870347.273169657], [359139.608741673, 6870332.761578616], [359098.84799360123, 6870389.967334118], [359058.0547542163, 6870444.923040762], [358991.4280449337, 6870536.572440203], [358958.9628269145, 6870584.047163617], [358926.4629224714, 6870631.942492264], [358858.58556698065, 6870724.651254861], [358793.11017612176, 6870814.097079342], [358790.2482085291, 6870818.00800278], [358728.9663827204, 6870907.791574753], [358613.10422886163, 6870828.685073112], [358538.7896333174, 6870778.186863037], [358496.61998585844, 6870750.046429846], [358448.3158028992, 6870713.997980262], [358362.02180664265, 6870652.2740511745], [358339.3630849605, 6870632.444490652], [358320.9435713701, 6870613.319349188], [358291.27053708443, 6870591.0787498215], [358283.973361062, 6870587.700321484], [358257.3427271497, 6870586.6838424085], [358278.5986632032, 6870592.54518535], [358280.4189044017, 6870610.14221595], [358278.680725114, 6870623.430330876], [358280.87630368205, 6870637.530090297], [358304.82857856737, 6870646.792387299], [358320.1642879484, 6870670.324385691], [358361.7023864887, 6870692.972597843], [358359.56517283653, 6870736.38655847], [358363.63752208045, 6870755.162944511], [358383.7377419404, 6870781.433479551], [358390.1245809201, 6870810.122193586], [358403.14305085584, 6870855.224225786], [358430.21637102356, 6870886.586769031], [358436.4935704415, 6870912.149154054], [358519.0988609446, 6870994.639427723], [358640.760728432, 6871052.273509601], [358712.7921582615, 6871103.56377491], [358723.61977082805, 6871135.895552272], [358756.283928735, 6871162.514503564], [358792.1346880876, 6871214.824913241], [358805.2980782618, 6871236.391051896], [358897.5270785015, 6871289.604920663], [359012.67448018317, 6871310.544251696], [359124.4551763417, 6871326.710670356], [359209.1564334448, 6871341.535082741], [359250.20605351473, 6871344.504578661], [359333.4403418335, 6871287.835355576], [359387.2379310482, 6871252.336755641], [359444.36630424845, 6871212.234280956], [359535.75687161216, 6871151.737567781], [359610.6388358382, 6871102.635945524], [359773.8015008853, 6870978.6814450845], [359856.1380521108, 6870923.660393128]]]}, "properties": {"id": "431410005080007", "CD_SETOR": "431410005080007", "bairro_seplan": "Santa Marta", "populacao_universo_15m": 1491, "alfabetizados": 1429, "nao_alfabetizados": 62, "taxa_alfabetizacao": 95.84, "taxa_analfabetismo": 4.16, "homens_universo_15m": 713, "homens_alfabetizados": 682, "homens_nao_alfabetizados": 31, "taxa_alfabetizacao_homens": 95.65, "mulheres_universo_15m": 778, "mulheres_alfabetizadas": 747, "mulheres_nao_alfabetizadas": 31, "taxa_alfabetizacao_mulheres": 96.02, "classificacao_seplan": "95,0% a 97,5%", "fonte": "IBGE — Censo Demográfico 2022 (Agregados por Setores)", "natureza": "Dados estatísticos oficiais agregados por setor censitário"}}, {"type": "Feature", "geometry": {"type": "Polygon", "coordinates": [[[358105.72578935756, 6870746.538507825], [358247.5221097375, 6870796.018031435], [358279.65953121695, 6870704.037836591], [358197.68992557196, 6870668.77159304], [358164.640941045, 6870669.617416004], [358130.42633298424, 6870678.516542914], [358105.72578935756, 6870746.538507825]]]}, "properties": {"id": "431410005080008", "CD_SETOR": "431410005080008", "bairro_seplan": "Santa Marta", "populacao_universo_15m": 409, "alfabetizados": 409, "nao_alfabetizados": 0, "taxa_alfabetizacao": 100.0, "taxa_analfabetismo": 0.0, "homens_universo_15m": 202, "homens_alfabetizados": 202, "homens_nao_alfabetizados": 0, "taxa_alfabetizacao_homens": 100.0, "mulheres_universo_15m": 207, "mulheres_alfabetizadas": 207, "mulheres_nao_alfabetizadas": 0, "taxa_alfabetizacao_mulheres": 100.0, "classificacao_seplan": "Maior que 99,0%", "fonte": "IBGE — Censo Demográfico 2022 (Agregados por Setores)", "natureza": "Dados estatísticos oficiais agregados por setor censitário"}}, {"type": "Feature", "geometry": {"type": "Polygon", "coordinates": [[[359250.20605351473, 6871344.504578661], [359209.1564334448, 6871341.535082741], [359124.4551763417, 6871326.710670356], [359012.67448018317, 6871310.544251696], [358897.5270785015, 6871289.604920663], [358805.2980782618, 6871236.391051896], [358792.1346880876, 6871214.824913241], [358756.283928735, 6871162.514503564], [358723.61977082805, 6871135.895552272], [358712.7921582615, 6871103.56377491], [358640.760728432, 6871052.273509601], [358519.0988609446, 6870994.639427723], [358436.4935704415, 6870912.149154054], [358430.21637102356, 6870886.586769031], [358403.14305085584, 6870855.224225786], [358390.1245809201, 6870810.122193586], [358383.7377419404, 6870781.433479551], [358363.63752208045, 6870755.162944511], [358359.56517283653, 6870736.38655847], [358361.7023864887, 6870692.972597843], [358320.1642879484, 6870670.324385691], [358304.82857856737, 6870646.792387299], [358280.87630368205, 6870637.530090297], [358278.680725114, 6870623.430330876], [358280.4189044017, 6870610.14221595], [358278.5986632032, 6870592.54518535], [358257.3427271497, 6870586.6838424085], [358183.0163071529, 6870585.8061053585], [358135.70500327635, 6870589.883254465], [358078.06494409905, 6870598.81218523], [358072.9835032377, 6870599.637879601], [358070.67048944463, 6870600.286163734], [358067.69329717255, 6870601.51381702], [358064.7408790607, 6870603.9496517815], [358063.331270896, 6870605.340129763], [358062.107745248, 6870607.575030774], [358059.0917944866, 6870614.498119076], [358033.4732092651, 6870694.443760622], [358026.1648683572, 6870716.574698547], [358019.1905549044, 6870735.385176706], [357991.1564946318, 6870797.460571097], [357961.7541058646, 6870862.367469467], [357912.5684248387, 6870873.768387103], [357864.9044259414, 6870884.2454165295], [357791.8872709273, 6870902.452332972], [357709.56175423693, 6870924.625120288], [357739.389077184, 6871028.030152453], [357771.7010486956, 6871141.072550369], [357795.11315224436, 6871213.438637177], [357827.2500596945, 6871291.261628474], [357862.9890201733, 6871355.065226486], [357891.3692014172, 6871398.523507353], [357919.3337776386, 6871434.108852932], [357944.2684861084, 6871461.391023686], [357964.11108185805, 6871483.813859525], [357985.948832307, 6871504.29912027], [358082.4464611621, 6871566.347048108], [358116.62587511283, 6871586.026704615], [358136.001720072, 6871596.664002188], [358160.22405415005, 6871608.932798026], [358200.1549830035, 6871628.415022599], [358256.48563219607, 6871653.113017699], [358338.3603055932, 6871687.889716521], [358409.11502829776, 6871714.875780607], [358463.94508210925, 6871737.139067324], [358494.1983001335, 6871751.318633975], [358518.4298670361, 6871766.157673156], [358532.91818772815, 6871776.181913109], [358544.0890969534, 6871783.861624951], [358573.33046517865, 6871808.046564834], [358583.60400990676, 6871818.5856388975], [358590.6305953553, 6871825.805878336], [358598.492229218, 6871834.576392464], [358658.0857123977, 6871907.5156698115], [358702.2753976398, 6871963.305405311], [358751.8474571653, 6871900.797916585], [358828.3311982268, 6871794.4509310145], [358930.80564125907, 6871654.758263324], [358992.79366527405, 6871572.57281284], [359030.5219158561, 6871529.847938048], [359060.3741512259, 6871498.520834031], [359087.29918064445, 6871471.624709969], [359143.151840155, 6871426.776649591], [359190.8918590463, 6871386.818681424], [359250.20605351473, 6871344.504578661]], [[358105.72578935756, 6870746.538507825], [358130.42633298424, 6870678.516542914], [358164.640941045, 6870669.617416004], [358197.68992557196, 6870668.77159304], [358279.65953121695, 6870704.037836591], [358247.5221097375, 6870796.018031435], [358105.72578935756, 6870746.538507825]]]}, "properties": {"id": "431410005080009", "CD_SETOR": "431410005080009", "bairro_seplan": "Santa Marta", "populacao_universo_15m": 622, "alfabetizados": 592, "nao_alfabetizados": 30, "taxa_alfabetizacao": 95.18, "taxa_analfabetismo": 4.82, "homens_universo_15m": 307, "homens_alfabetizados": 293, "homens_nao_alfabetizados": 14, "taxa_alfabetizacao_homens": 95.44, "mulheres_universo_15m": 315, "mulheres_alfabetizadas": 299, "mulheres_nao_alfabetizadas": 16, "taxa_alfabetizacao_mulheres": 94.92, "classificacao_seplan": "95,0% a 97,5%", "fonte": "IBGE — Censo Demográfico 2022 (Agregados por Setores)", "natureza": "Dados estatísticos oficiais agregados por setor censitário"}}, {"type": "Feature", "geometry": {"type": "Polygon", "coordinates": [[[358793.11017612176, 6870814.097079342], [358712.7820083647, 6870756.1591877565], [358685.4614829604, 6870736.452084905], [358643.19282776525, 6870705.906318353], [358599.03573005716, 6870674.152147446], [358525.558540836, 6870623.442146263], [358885.09197449964, 6870102.386960407], [358872.91991665144, 6870090.761632387], [358861.3229766047, 6870079.442338282], [358821.88159770635, 6870043.112961097], [358787.4142683123, 6870006.73188057], [358772.25206313835, 6869990.870929002], [358752.79967905034, 6869971.2022072], [358720.6118217794, 6869927.955378266], [358687.22609403863, 6869888.118349216], [358668.54578160215, 6869868.713549309], [358646.8999377745, 6869845.472395549], [358619.1693219939, 6869807.70833783], [358612.3801931628, 6869797.133169381], [358582.8628991508, 6869743.068965916], [358550.10915306624, 6869678.305633701], [358540.6108583512, 6869664.617422117], [358475.5355468446, 6869614.827006081], [358453.5855023901, 6869593.310530622], [358446.0038169741, 6869580.952741262], [358392.0400675518, 6869487.866051588], [358355.9404858965, 6869429.090435963], [358319.46403353347, 6869382.178494731], [358294.468360332, 6869348.834522974], [358275.70650523715, 6869411.010242324], [358268.0908851521, 6869446.623845704], [358285.53476404643, 6869488.931167446], [358291.67359801615, 6869525.961457619], [358272.86010449775, 6869548.963365489], [358267.43263868813, 6869582.863334049], [358285.5407384164, 6869656.594698325], [358287.34499171504, 6869703.402459044], [358304.2814240948, 6869811.993299959], [358287.15612282365, 6869875.075119601], [358292.32200757123, 6869968.077576215], [358304.1895376026, 6870035.484252659], [358316.2976379961, 6870087.70102269], [358335.2309531636, 6870122.036205716], [358366.9379956356, 6870184.936970852], [358417.2390529957, 6870271.2311462], [358398.63347248745, 6870368.736733876], [358369.93375331094, 6870403.832563592], [358302.70921082975, 6870502.375009984], [358274.0947322047, 6870531.1108658165], [358257.9331586992, 6870561.912644312], [358257.3427271497, 6870586.6838424085], [358283.973361062, 6870587.700321484], [358291.27053708443, 6870591.0787498215], [358320.9435713701, 6870613.319349188], [358339.3630849605, 6870632.444490652], [358362.02180664265, 6870652.2740511745], [358448.3158028992, 6870713.997980262], [358496.61998585844, 6870750.046429846], [358538.7896333174, 6870778.186863037], [358613.10422886163, 6870828.685073112], [358728.9663827204, 6870907.791574753], [358790.2482085291, 6870818.00800278], [358793.11017612176, 6870814.097079342]]]}, "properties": {"id": "431410005080010", "CD_SETOR": "431410005080010", "bairro_seplan": "Santa Marta", "populacao_universo_15m": 619, "alfabetizados": 574, "nao_alfabetizados": 45, "taxa_alfabetizacao": 92.73, "taxa_analfabetismo": 7.27, "homens_universo_15m": 281, "homens_alfabetizados": 260, "homens_nao_alfabetizados": 21, "taxa_alfabetizacao_homens": 92.53, "mulheres_universo_15m": 338, "mulheres_alfabetizadas": 314, "mulheres_nao_alfabetizadas": 24, "taxa_alfabetizacao_mulheres": 92.9, "classificacao_seplan": "92,0% a 95,0%", "fonte": "IBGE — Censo Demográfico 2022 (Agregados por Setores)", "natureza": "Dados estatísticos oficiais agregados por setor censitário"}}, {"type": "Feature", "geometry": {"type": "Polygon", "coordinates": [[[359067.054391252, 6870257.243378831], [358985.9280370475, 6870373.842040262], [358911.87706224294, 6870473.591914905], [358878.56012942846, 6870521.73226482], [358845.114365419, 6870567.488480099], [358712.7820083647, 6870756.1591877565], [358793.11017612176, 6870814.097079342], [358858.58556698065, 6870724.651254861], [358926.4629224714, 6870631.942492264], [358958.9628269145, 6870584.047163617], [358991.4280449337, 6870536.572440203], [359058.0547542163, 6870444.923040762], [359098.84799360123, 6870389.967334118], [359139.608741673, 6870332.761578616], [359086.19029908034, 6870276.386934087], [359067.054391252, 6870257.243378831]]]}, "properties": {"id": "431410005080011", "CD_SETOR": "431410005080011", "bairro_seplan": "Santa Marta", "populacao_universo_15m": 538, "alfabetizados": 521, "nao_alfabetizados": 17, "taxa_alfabetizacao": 96.84, "taxa_analfabetismo": 3.16, "homens_universo_15m": 252, "homens_alfabetizados": 246, "homens_nao_alfabetizados": 6, "taxa_alfabetizacao_homens": 97.62, "mulheres_universo_15m": 286, "mulheres_alfabetizadas": 275, "mulheres_nao_alfabetizadas": 11, "taxa_alfabetizacao_mulheres": 96.15, "classificacao_seplan": "95,0% a 97,5%", "fonte": "IBGE — Censo Demográfico 2022 (Agregados por Setores)", "natureza": "Dados estatísticos oficiais agregados por setor censitário"}}, {"type": "Feature", "geometry": {"type": "Polygon", "coordinates": [[[358712.7820083647, 6870756.1591877565], [358845.114365419, 6870567.488480099], [358878.56012942846, 6870521.73226482], [358911.87706224294, 6870473.591914905], [358985.9280370475, 6870373.842040262], [359067.054391252, 6870257.243378831], [358973.84769082535, 6870187.086233452], [358885.09197449964, 6870102.386960407], [358525.558540836, 6870623.442146263], [358599.03573005716, 6870674.152147446], [358643.19282776525, 6870705.906318353], [358685.4614829604, 6870736.452084905], [358712.7820083647, 6870756.1591877565]]]}, "properties": {"id": "431410005080012", "CD_SETOR": "431410005080012", "bairro_seplan": "Santa Marta", "populacao_universo_15m": 644, "alfabetizados": 639, "nao_alfabetizados": 5, "taxa_alfabetizacao": 99.22, "taxa_analfabetismo": 0.78, "homens_universo_15m": 299, "homens_alfabetizados": 296, "homens_nao_alfabetizados": 3, "taxa_alfabetizacao_homens": 99.0, "mulheres_universo_15m": 343, "mulheres_alfabetizadas": 343, "mulheres_nao_alfabetizadas": 0, "taxa_alfabetizacao_mulheres": 100.0, "classificacao_seplan": "Maior que 99,0%", "fonte": "IBGE — Censo Demográfico 2022 (Agregados por Setores)", "natureza": "Dados estatísticos oficiais agregados por setor censitário"}}, {"type": "Feature", "geometry": {"type": "Polygon", "coordinates": [[[357378.88096557715, 6873537.721655702], [357324.9510559103, 6873528.163983306], [357280.6434191875, 6873514.809991097], [357233.83133924915, 6873500.029433151], [357176.05779455986, 6873470.6997304335], [357127.50058839784, 6873441.968262278], [357075.9136205625, 6873413.078201273], [357027.39104960626, 6873384.767811172], [356977.02399897075, 6873355.648193767], [356947.9636641082, 6873339.152171351], [356876.38787991204, 6873300.733917896], [356828.9278527746, 6873282.021008633], [356800.19594148593, 6873274.116759293], [356772.26203190826, 6873270.011956639], [356746.3836572227, 6873268.757692408], [356711.6850807589, 6873270.699186806], [356660.636962509, 6873278.571225656], [356608.74506587355, 6873286.432854325], [356560.1984568047, 6873294.334691314], [356536.32564553246, 6873299.243391542], [356521.6625048858, 6873302.833864608], [356451.425350525, 6873342.875502377], [356370.9294682006, 6873429.523552161], [356339.86049741326, 6873458.236639813], [356357.8604936518, 6873476.495275104], [356350.4331566376, 6873560.780390626], [356379.1241163643, 6873599.680326695], [356396.00239404454, 6873670.939480348], [356392.1336001357, 6873727.131571709], [356407.18224612833, 6873761.478055006], [356482.77073185594, 6873776.532242324], [356545.4239500386, 6873797.502311414], [356566.1637875835, 6873861.937241762], [356535.5462067843, 6873905.217464751], [356515.5768514421, 6873939.4064786555], [356518.46611548914, 6873960.961762086], [356533.38526890776, 6873975.226714993], [356567.1879090667, 6873970.460093799], [356587.4236281932, 6873979.193030781], [356578.8975596613, 6874096.886814039], [356635.64135204715, 6874162.0778105855], [356630.1925880611, 6874195.622313021], [356619.1407989862, 6874219.413885371], [356582.8493912595, 6874283.935523573], [356595.0671682919, 6874334.227054646], [356637.5938918624, 6874402.637182212], [356643.81407370314, 6874396.229588652], [356677.0208446331, 6874364.505116921], [356743.5123985641, 6874301.865812561], [356805.7201001261, 6874247.762685408], [356879.8844102754, 6874176.117288519], [356921.48953624646, 6874132.990810946], [356964.43755828403, 6874080.184049873], [357004.4088386459, 6874021.124562411], [357040.6215405284, 6873966.142020486], [357116.8290450544, 6873850.027602863], [357175.5078565774, 6873759.410980872], [357209.56502923206, 6873710.56337597], [357240.03817158734, 6873673.3303332515], [357274.130313122, 6873634.589325218], [357296.9702682828, 6873610.329469532], [357320.2190259468, 6873587.969426589], [357356.11086571304, 6873555.377914496], [357378.88096557715, 6873537.721655702]]]}, "properties": {"id": "431410005090001", "CD_SETOR": "431410005090001", "bairro_seplan": "Integração", "populacao_universo_15m": 1064, "alfabetizados": 1040, "nao_alfabetizados": 24, "taxa_alfabetizacao": 97.74, "taxa_analfabetismo": 2.26, "homens_universo_15m": 506, "homens_alfabetizados": 494, "homens_nao_alfabetizados": 12, "taxa_alfabetizacao_homens": 97.63, "mulheres_universo_15m": 558, "mulheres_alfabetizadas": 546, "mulheres_nao_alfabetizadas": 12, "taxa_alfabetizacao_mulheres": 97.85, "classificacao_seplan": "97,5% a 99,0%", "fonte": "IBGE — Censo Demográfico 2022 (Agregados por Setores)", "natureza": "Dados estatísticos oficiais agregados por setor censitário"}}, {"type": "Feature", "geometry": {"type": "Polygon", "coordinates": [[[357513.5749139445, 6873444.215734629], [357491.1553385671, 6873407.377601214], [357456.28480885166, 6873343.561555088], [357420.2486949961, 6873279.609481549], [357385.14110404754, 6873213.54077957], [357319.6232796492, 6873096.397347616], [357282.47585059906, 6873027.07901825], [357247.44371295936, 6872960.578533183], [357222.9322493976, 6872914.273150479], [357174.9529950989, 6872828.744771816], [357144.0246788672, 6872771.092031766], [357107.59038676147, 6872704.651718122], [357071.8209253046, 6872640.069890018], [357035.8142337889, 6872574.853421299], [356999.4620140842, 6872509.034248465], [356920.0061387457, 6872379.242256736], [356876.3580719253, 6872311.605909631], [356858.5240802883, 6872331.725401879], [356798.8746725069, 6872377.891634828], [356761.97874765866, 6872401.149695094], [356714.8191549143, 6872422.056305885], [356666.00159659644, 6872429.944036562], [356633.8429118199, 6872431.372861812], [356610.5018712363, 6872430.581041808], [356584.9535469889, 6872457.366674339], [356558.89603392594, 6872462.1491920715], [356531.14447433455, 6872462.60043931], [356486.81768456753, 6872456.90033792], [356464.9380115501, 6872452.901173297], [356437.4575070217, 6872443.925061354], [356389.0905328762, 6872438.064885499], [356358.5005875248, 6872430.657776428], [356356.2714298779, 6872440.548799623], [356355.10963914567, 6872449.798932139], [356349.8427749537, 6872509.620005473], [356322.6226994061, 6872574.738209366], [356321.7475142709, 6872625.9466572795], [356297.9263122978, 6872677.730510039], [356268.9631945882, 6872707.687821887], [356175.239655944, 6872746.124494262], [356173.4032836511, 6872761.638612928], [356198.51027182187, 6872777.0692632925], [356289.43841665745, 6872771.787863252], [356335.0874475208, 6872789.118137574], [356373.2826684843, 6872815.9435695335], [356372.0125051154, 6872844.684870472], [356350.9354042051, 6872900.76844356], [356369.09197024023, 6873013.022878695], [356393.5718248791, 6873060.072267751], [356391.3058111302, 6873090.03156288], [356375.65672486974, 6873113.490243422], [356320.14839516097, 6873146.982810589], [356262.1083927604, 6873156.973704875], [356240.8448951071, 6873173.283099394], [356243.48254034674, 6873198.536706256], [356209.6509825848, 6873233.388419027], [356178.4341150102, 6873286.456591809], [356197.13131960225, 6873312.724846043], [356232.2193743843, 6873336.166356279], [356295.8696597973, 6873398.550710831], [356339.86049741326, 6873458.236639813], [356370.9294682006, 6873429.523552161], [356451.425350525, 6873342.875502377], [356521.6625048858, 6873302.833864608], [356536.32564553246, 6873299.243391542], [356560.1984568047, 6873294.334691314], [356608.74506587355, 6873286.432854325], [356660.636962509, 6873278.571225656], [356711.6850807589, 6873270.699186806], [356746.3836572227, 6873268.757692408], [356772.26203190826, 6873270.011956639], [356800.19594148593, 6873274.116759293], [356828.9278527746, 6873282.021008633], [356876.38787991204, 6873300.733917896], [356947.9636641082, 6873339.152171351], [356977.02399897075, 6873355.648193767], [357027.39104960626, 6873384.767811172], [357075.9136205625, 6873413.078201273], [357127.50058839784, 6873441.968262278], [357176.05779455986, 6873470.6997304335], [357233.83133924915, 6873500.029433151], [357280.6434191875, 6873514.809991097], [357324.9510559103, 6873528.163983306], [357378.88096557715, 6873537.721655702], [357413.8974223224, 6873509.363682346], [357453.77520138, 6873482.26080087], [357513.5749139445, 6873444.215734629]]]}, "properties": {"id": "431410005090002", "CD_SETOR": "431410005090002", "bairro_seplan": "Integração", "populacao_universo_15m": 1217, "alfabetizados": 1170, "nao_alfabetizados": 47, "taxa_alfabetizacao": 96.14, "taxa_analfabetismo": 3.86, "homens_universo_15m": 589, "homens_alfabetizados": 576, "homens_nao_alfabetizados": 13, "taxa_alfabetizacao_homens": 97.79, "mulheres_universo_15m": 628, "mulheres_alfabetizadas": 594, "mulheres_nao_alfabetizadas": 34, "taxa_alfabetizacao_mulheres": 94.59, "classificacao_seplan": "95,0% a 97,5%", "fonte": "IBGE — Censo Demográfico 2022 (Agregados por Setores)", "natureza": "Dados estatísticos oficiais agregados por setor censitário"}}, {"type": "Feature", "geometry": {"type": "Polygon", "coordinates": [[[358141.012965275, 6873085.244962905], [358167.7878710922, 6873045.10652076], [358218.6003087253, 6872944.251716357], [358249.0994101784, 6872868.275792794], [358272.2736208961, 6872903.636547245], [358300.52660312556, 6872828.387224024], [358344.27216683375, 6872680.750238484], [358409.7796355598, 6872500.084091729], [358379.4720032549, 6872517.430567066], [358365.03294325364, 6872526.223124424], [358322.2813099155, 6872581.640919259], [358284.42139286315, 6872632.440619724], [358275.2689950238, 6872629.029022476], [358194.68247762485, 6872627.124260195], [358094.655610599, 6872626.393813826], [358000.29192309594, 6872623.846447036], [357895.03474894154, 6872624.004730385], [357825.4911458271, 6872624.113563741], [357793.56708583876, 6872622.323643845], [357773.0312765617, 6872618.298710245], [357769.3975285008, 6872617.778647942], [357724.4837233811, 6872617.594783334], [357688.6357120238, 6872616.577558711], [357589.931503708, 6872615.171665169], [357461.4138976323, 6872615.955585521], [357467.6375849486, 6872646.715073732], [357476.38356280455, 6872676.596168128], [357436.98222677456, 6872724.693128191], [357387.60112720216, 6872847.182170502], [357406.4849553494, 6872860.518541963], [357427.17117767734, 6872874.918198995], [357449.5315795182, 6872885.536969066], [357469.71410086856, 6872897.7696002545], [357478.6088568928, 6872914.465458622], [357496.3281866733, 6872935.733133154], [357514.9307900725, 6872959.438233646], [357535.1832724294, 6872974.031943594], [357546.00149407645, 6872977.630326494], [357575.9156268862, 6873006.358046616], [357590.6361520488, 6873023.267782928], [357612.27383658825, 6873056.539226033], [357623.7451865233, 6873064.589051971], [357652.5406606478, 6873090.0894974135], [357689.05911423895, 6873108.956008878], [357728.421790846, 6873119.744842707], [357749.4147264402, 6873132.363444325], [357789.7483472926, 6873150.566143848], [357823.51235066284, 6873160.234817918], [357862.15960135055, 6873166.061195122], [357888.8091084467, 6873174.181710356], [357917.76701088506, 6873179.625917355], [357966.1714992892, 6873192.472525546], [358048.39049538196, 6873145.994250767], [358090.411886638, 6873120.732364506], [358119.1137815374, 6873104.087635376], [358141.012965275, 6873085.244962905]]]}, "properties": {"id": "431410005090003", "CD_SETOR": "431410005090003", "bairro_seplan": "Integração", "populacao_universo_15m": 1284, "alfabetizados": 1250, "nao_alfabetizados": 34, "taxa_alfabetizacao": 97.35, "taxa_analfabetismo": 2.65, "homens_universo_15m": 621, "homens_alfabetizados": 606, "homens_nao_alfabetizados": 15, "taxa_alfabetizacao_homens": 97.58, "mulheres_universo_15m": 663, "mulheres_alfabetizadas": 644, "mulheres_nao_alfabetizadas": 19, "taxa_alfabetizacao_mulheres": 97.13, "classificacao_seplan": "95,0% a 97,5%", "fonte": "IBGE — Censo Demográfico 2022 (Agregados por Setores)", "natureza": "Dados estatísticos oficiais agregados por setor censitário"}}, {"type": "Feature", "geometry": {"type": "Polygon", "coordinates": [[[358379.4720032549, 6872517.430567066], [358448.00282085955, 6872363.661826962], [358366.5376814223, 6872327.029382626], [358308.4986271664, 6872338.293280616], [358242.62455523596, 6872337.716913698], [358155.82092961995, 6872361.158428286], [358035.9651355421, 6872385.278783591], [357832.78555714764, 6872438.6744667515], [357751.8411450367, 6872451.988328299], [357709.97249848314, 6872467.909072068], [357625.7590143663, 6872471.541970034], [357499.86241836497, 6872580.169766037], [357461.4138976323, 6872615.955585521], [357589.931503708, 6872615.171665169], [357688.6357120238, 6872616.577558711], [357724.4837233811, 6872617.594783334], [357769.3975285008, 6872617.778647942], [357773.0312765617, 6872618.298710245], [357793.56708583876, 6872622.323643845], [357825.4911458271, 6872624.113563741], [357895.03474894154, 6872624.004730385], [358000.29192309594, 6872623.846447036], [358094.655610599, 6872626.393813826], [358194.68247762485, 6872627.124260195], [358275.2689950238, 6872629.029022476], [358284.42139286315, 6872632.440619724], [358322.2813099155, 6872581.640919259], [358365.03294325364, 6872526.223124424], [358379.4720032549, 6872517.430567066]]]}, "properties": {"id": "431410005090004", "CD_SETOR": "431410005090004", "bairro_seplan": "Integração", "populacao_universo_15m": 240, "alfabetizados": 232, "nao_alfabetizados": 8, "taxa_alfabetizacao": 96.67, "taxa_analfabetismo": 3.33, "homens_universo_15m": 122, "homens_alfabetizados": 122, "homens_nao_alfabetizados": 0, "taxa_alfabetizacao_homens": 100.0, "mulheres_universo_15m": 116, "mulheres_alfabetizadas": 110, "mulheres_nao_alfabetizadas": 6, "taxa_alfabetizacao_mulheres": 94.83, "classificacao_seplan": "95,0% a 97,5%", "fonte": "IBGE — Censo Demográfico 2022 (Agregados por Setores)", "natureza": "Dados estatísticos oficiais agregados por setor censitário"}}, {"type": "Feature", "geometry": {"type": "Polygon", "coordinates": [[[358242.62455523596, 6872337.716913698], [357870.5241484684, 6871919.891613049], [357837.61538006103, 6871872.722204264], [357791.074465374, 6871794.095063427], [357753.119627225, 6871726.818411692], [357696.1514795673, 6871630.191270229], [357654.3611445011, 6871698.672290612], [357629.6427814618, 6871717.125559192], [357581.4318957086, 6871743.43056955], [357530.68452226225, 6871743.20899437], [357493.2213642044, 6871748.643250154], [357451.73916270887, 6871747.269355277], [357401.8498476518, 6871757.274717411], [357317.78170764586, 6871756.562953703], [357271.5937519837, 6871756.539178692], [357227.89233872795, 6871775.705142608], [357186.81575454527, 6871804.188890582], [357144.8031223538, 6871850.91253991], [357116.83820062375, 6871900.15456168], [357096.8536266447, 6871923.783477232], [357095.4477697259, 6871954.9721785635], [357077.7735852415, 6871984.701588238], [357076.819511662, 6872016.660357732], [357087.0363578879, 6872050.548920173], [357138.3527527412, 6872126.654499274], [357187.0277373325, 6872204.63404076], [357266.012793801, 6872328.833426101], [357309.34564690595, 6872397.5725787], [357349.6211609165, 6872459.515049867], [357389.4868742799, 6872520.488338428], [357429.633635161, 6872581.786207247], [357449.5741993466, 6872610.028795099], [357453.9764053823, 6872613.550198415], [357461.4138976323, 6872615.955585521], [357499.86241836497, 6872580.169766037], [357625.7590143663, 6872471.541970034], [357709.97249848314, 6872467.909072068], [357751.8411450367, 6872451.988328299], [357832.78555714764, 6872438.6744667515], [358035.9651355421, 6872385.278783591], [358155.82092961995, 6872361.158428286], [358242.62455523596, 6872337.716913698]]]}, "properties": {"id": "431410005090005", "CD_SETOR": "431410005090005", "bairro_seplan": "Integração", "populacao_universo_15m": 615, "alfabetizados": 593, "nao_alfabetizados": 22, "taxa_alfabetizacao": 96.42, "taxa_analfabetismo": 3.58, "homens_universo_15m": 289, "homens_alfabetizados": 280, "homens_nao_alfabetizados": 9, "taxa_alfabetizacao_homens": 96.89, "mulheres_universo_15m": 326, "mulheres_alfabetizadas": 313, "mulheres_nao_alfabetizadas": 13, "taxa_alfabetizacao_mulheres": 96.01, "classificacao_seplan": "95,0% a 97,5%", "fonte": "IBGE — Censo Demográfico 2022 (Agregados por Setores)", "natureza": "Dados estatísticos oficiais agregados por setor censitário"}}, {"type": "Feature", "geometry": {"type": "Polygon", "coordinates": [[[356876.3580719253, 6872311.605909631], [356924.4244097908, 6872281.345717918], [356942.3551867301, 6872275.965764165], [357009.9849305666, 6872225.307289738], [357039.61585091037, 6872192.59705744], [357073.3928887412, 6872135.767860519], [356965.23749898147, 6871966.512308248], [356883.7087586196, 6872021.091895201], [356748.20761598955, 6872109.959496884], [356668.49615452904, 6872160.935974231], [356696.68410853494, 6872204.705155201], [356722.8122628841, 6872248.449379418], [356752.02070698654, 6872292.241807534], [356798.8746725069, 6872377.891634828], [356858.5240802883, 6872331.725401879], [356876.3580719253, 6872311.605909631]]]}, "properties": {"id": "431410005090006", "CD_SETOR": "431410005090006", "bairro_seplan": "Integração", "populacao_universo_15m": 453, "alfabetizados": 428, "nao_alfabetizados": 25, "taxa_alfabetizacao": 94.48, "taxa_analfabetismo": 5.52, "homens_universo_15m": 221, "homens_alfabetizados": 209, "homens_nao_alfabetizados": 12, "taxa_alfabetizacao_homens": 94.57, "mulheres_universo_15m": 232, "mulheres_alfabetizadas": 219, "mulheres_nao_alfabetizadas": 13, "taxa_alfabetizacao_mulheres": 94.4, "classificacao_seplan": "92,0% a 95,0%", "fonte": "IBGE — Censo Demográfico 2022 (Agregados por Setores)", "natureza": "Dados estatísticos oficiais agregados por setor censitário"}}, {"type": "Feature", "geometry": {"type": "Polygon", "coordinates": [[[356798.8746725069, 6872377.891634828], [356752.02070698654, 6872292.241807534], [356722.8122628841, 6872248.449379418], [356696.68410853494, 6872204.705155201], [356668.49615452904, 6872160.935974231], [356619.41045273223, 6872084.755441321], [356522.3077961466, 6871915.573653056], [356480.44980735204, 6871943.580191461], [356241.8301448397, 6872124.246218307], [356277.3047849436, 6872153.543580547], [356301.1921689991, 6872222.583096233], [356274.8890535452, 6872293.82933584], [356296.44689664524, 6872346.2404036075], [356339.78724190104, 6872384.752935895], [356358.5005875248, 6872430.657776428], [356389.0905328762, 6872438.064885499], [356437.4575070217, 6872443.925061354], [356464.9380115501, 6872452.901173297], [356486.81768456753, 6872456.90033792], [356531.14447433455, 6872462.60043931], [356558.89603392594, 6872462.1491920715], [356584.9535469889, 6872457.366674339], [356610.5018712363, 6872430.581041808], [356633.8429118199, 6872431.372861812], [356666.00159659644, 6872429.944036562], [356714.8191549143, 6872422.056305885], [356761.97874765866, 6872401.149695094], [356798.8746725069, 6872377.891634828]]]}, "properties": {"id": "431410005090007", "CD_SETOR": "431410005090007", "bairro_seplan": "Integração", "populacao_universo_15m": 545, "alfabetizados": 532, "nao_alfabetizados": 13, "taxa_alfabetizacao": 97.61, "taxa_analfabetismo": 2.39, "homens_universo_15m": 274, "homens_alfabetizados": 269, "homens_nao_alfabetizados": 5, "taxa_alfabetizacao_homens": 98.18, "mulheres_universo_15m": 271, "mulheres_alfabetizadas": 263, "mulheres_nao_alfabetizadas": 8, "taxa_alfabetizacao_mulheres": 97.05, "classificacao_seplan": "97,5% a 99,0%", "fonte": "IBGE — Censo Demográfico 2022 (Agregados por Setores)", "natureza": "Dados estatísticos oficiais agregados por setor censitário"}}, {"type": "Feature", "geometry": {"type": "Polygon", "coordinates": [[[356965.23749898147, 6871966.512308248], [356860.8219444654, 6871815.241743987], [356793.784748878, 6871723.497269985], [356522.3077961466, 6871915.573653056], [356619.41045273223, 6872084.755441321], [356668.49615452904, 6872160.935974231], [356748.20761598955, 6872109.959496884], [356883.7087586196, 6872021.091895201], [356965.23749898147, 6871966.512308248]]]}, "properties": {"id": "431410005090008", "CD_SETOR": "431410005090008", "bairro_seplan": "Integração", "populacao_universo_15m": 396, "alfabetizados": 391, "nao_alfabetizados": 5, "taxa_alfabetizacao": 98.74, "taxa_analfabetismo": 1.26, "homens_universo_15m": 182, "homens_alfabetizados": 179, "homens_nao_alfabetizados": 3, "taxa_alfabetizacao_homens": 98.35, "mulheres_universo_15m": 212, "mulheres_alfabetizadas": 212, "mulheres_nao_alfabetizadas": 0, "taxa_alfabetizacao_mulheres": 100.0, "classificacao_seplan": "97,5% a 99,0%", "fonte": "IBGE — Censo Demográfico 2022 (Agregados por Setores)", "natureza": "Dados estatísticos oficiais agregados por setor censitário"}}, {"type": "Feature", "geometry": {"type": "Polygon", "coordinates": [[[357919.3337776386, 6871434.108852932], [357891.3692014172, 6871398.523507353], [357862.9890201733, 6871355.065226486], [357827.2500596945, 6871291.261628474], [357795.11315224436, 6871213.438637177], [357771.7010486956, 6871141.072550369], [357739.389077184, 6871028.030152453], [357709.56175423693, 6870924.625120288], [357693.90132954356, 6870876.720104819], [357664.42457698483, 6870800.5686020255], [357646.4690872051, 6870762.465270257], [357627.6142013685, 6870720.029303201], [357607.4228910669, 6870680.247898083], [357587.28856354055, 6870638.184335847], [357560.75647443056, 6870581.593534869], [357534.935543634, 6870526.252335438], [357501.4775080321, 6870457.499248845], [357481.55808285903, 6870412.313039536], [357454.9925801012, 6870349.615592692], [357438.2499176917, 6870297.242308061], [357413.18850882695, 6870201.694919094], [357402.02299361053, 6870148.901045494], [357394.31044642406, 6870119.752416218], [357386.6614698267, 6870086.138674412], [357368.57908751746, 6870020.44016091], [357353.0428042625, 6869956.744762482], [357338.4784871086, 6869905.217505954], [357315.4589952043, 6869846.352177299], [357298.0888506002, 6869815.258729467], [357269.56315309333, 6869772.184718724], [357203.07154811255, 6869687.241424659], [357160.01290010224, 6869639.027453357], [357091.4387918637, 6869565.040186249], [357044.7374762043, 6869519.640864565], [356990.16251714656, 6869474.855549481], [356793.5772374221, 6869654.973478766], [356755.300981224, 6869690.038537907], [356752.1369091375, 6869692.936920535], [356942.03464027855, 6869883.329407789], [356976.9825686278, 6869926.559313277], [356999.8399080998, 6869954.838250597], [357011.6938047822, 6869974.795119258], [357047.0341740509, 6870034.330521591], [357054.72926238715, 6870055.090463575], [357085.1394231292, 6870137.128356361], [357101.4379647055, 6870228.6370107215], [357112.611847401, 6870269.241600792], [357124.8389066961, 6870313.626600889], [357155.3814502943, 6870392.108634895], [357163.6785565099, 6870413.418723781], [357174.7348759002, 6870441.832084971], [357236.2430482262, 6870603.732077822], [357283.0414046993, 6870751.525063949], [357336.24224224384, 6870874.428070189], [357407.3388175445, 6871028.23076832], [357469.83829245006, 6871229.824000321], [357496.8420213703, 6871344.421330983], [357543.6413095646, 6871474.726162126], [357581.17613605503, 6871524.5229983535], [357732.92516877176, 6871576.687572862], [357786.1633462609, 6871525.386962036], [357822.63412088424, 6871503.639016445], [357919.3337776386, 6871434.108852932]]]}, "properties": {"id": "431410005090009", "CD_SETOR": "431410005090009", "bairro_seplan": "Integração", "populacao_universo_15m": 89, "alfabetizados": 89, "nao_alfabetizados": 0, "taxa_alfabetizacao": 100.0, "taxa_analfabetismo": 0.0, "homens_universo_15m": 58, "homens_alfabetizados": 58, "homens_nao_alfabetizados": 0, "taxa_alfabetizacao_homens": 100.0, "mulheres_universo_15m": 31, "mulheres_alfabetizadas": 31, "mulheres_nao_alfabetizadas": 0, "taxa_alfabetizacao_mulheres": 100.0, "classificacao_seplan": "Maior que 99,0%", "fonte": "IBGE — Censo Demográfico 2022 (Agregados por Setores)", "natureza": "Dados estatísticos oficiais agregados por setor censitário"}}, {"type": "Feature", "geometry": {"type": "Polygon", "coordinates": [[[358459.0514465285, 6872330.6489578225], [358475.3576837242, 6872278.804887952], [358562.8238928466, 6872146.183273539], [358625.0290563018, 6872059.37006175], [358702.2753976398, 6871963.305405311], [358658.0857123977, 6871907.5156698115], [358598.492229218, 6871834.576392464], [358590.6305953553, 6871825.805878336], [358583.60400990676, 6871818.5856388975], [358573.33046517865, 6871808.046564834], [358544.0890969534, 6871783.861624951], [358532.91818772815, 6871776.181913109], [358518.4298670361, 6871766.157673156], [358494.1983001335, 6871751.318633975], [358463.94508210925, 6871737.139067324], [358409.11502829776, 6871714.875780607], [358338.3603055932, 6871687.889716521], [358256.48563219607, 6871653.113017699], [358200.1549830035, 6871628.415022599], [358160.22405415005, 6871608.932798026], [358136.001720072, 6871596.664002188], [358116.62587511283, 6871586.026704615], [358082.4464611621, 6871566.347048108], [357985.948832307, 6871504.29912027], [357964.11108185805, 6871483.813859525], [357944.2684861084, 6871461.391023686], [357919.3337776386, 6871434.108852932], [357822.63412088424, 6871503.639016445], [357786.1633462609, 6871525.386962036], [357732.92516877176, 6871576.687572862], [357696.1514795673, 6871630.191270229], [357753.119627225, 6871726.818411692], [357791.074465374, 6871794.095063427], [357837.61538006103, 6871872.722204264], [357870.5241484684, 6871919.891613049], [358242.62455523596, 6872337.716913698], [358308.4986271664, 6872338.293280616], [358366.5376814223, 6872327.029382626], [358448.00282085955, 6872363.661826962], [358459.0514465285, 6872330.6489578225]]]}, "properties": {"id": "431410005090011", "CD_SETOR": "431410005090011", "bairro_seplan": "Integração", "populacao_universo_15m": 646, "alfabetizados": 634, "nao_alfabetizados": 12, "taxa_alfabetizacao": 98.14, "taxa_analfabetismo": 1.86, "homens_universo_15m": 299, "homens_alfabetizados": 293, "homens_nao_alfabetizados": 6, "taxa_alfabetizacao_homens": 97.99, "mulheres_universo_15m": 347, "mulheres_alfabetizadas": 341, "mulheres_nao_alfabetizadas": 6, "taxa_alfabetizacao_mulheres": 98.27, "classificacao_seplan": "97,5% a 99,0%", "fonte": "IBGE — Censo Demográfico 2022 (Agregados por Setores)", "natureza": "Dados estatísticos oficiais agregados por setor censitário"}}, {"type": "Feature", "geometry": {"type": "Polygon", "coordinates": [[[357087.0363578879, 6872050.548920173], [357076.819511662, 6872016.660357732], [357077.7735852415, 6871984.701588238], [357095.4477697259, 6871954.9721785635], [357096.8536266447, 6871923.783477232], [357116.83820062375, 6871900.15456168], [357144.8031223538, 6871850.91253991], [357186.81575454527, 6871804.188890582], [357227.89233872795, 6871775.705142608], [357271.5937519837, 6871756.539178692], [357317.78170764586, 6871756.562953703], [357401.8498476518, 6871757.274717411], [357451.73916270887, 6871747.269355277], [357493.2213642044, 6871748.643250154], [357530.68452226225, 6871743.20899437], [357581.4318957086, 6871743.43056955], [357629.6427814618, 6871717.125559192], [357654.3611445011, 6871698.672290612], [357696.1514795673, 6871630.191270229], [357732.92516877176, 6871576.687572862], [357581.17613605503, 6871524.5229983535], [357543.6413095646, 6871474.726162126], [357496.8420213703, 6871344.421330983], [357469.83829245006, 6871229.824000321], [357407.3388175445, 6871028.23076832], [357336.24224224384, 6870874.428070189], [357283.0414046993, 6870751.525063949], [356760.104413997, 6870844.720679138], [356858.24122776126, 6871493.368745725], [356937.7917406842, 6871617.156600148], [356793.784748878, 6871723.497269985], [356860.8219444654, 6871815.241743987], [356965.23749898147, 6871966.512308248], [357073.3928887412, 6872135.767860519], [357081.4062466313, 6872098.486349566], [357088.2936569466, 6872074.854815781], [357087.0363578879, 6872050.548920173]]]}, "properties": {"id": "431410005090012", "CD_SETOR": "431410005090012", "bairro_seplan": "Área Rural", "populacao_universo_15m": 96, "alfabetizados": 96, "nao_alfabetizados": 0, "taxa_alfabetizacao": 100.0, "taxa_analfabetismo": 0.0, "homens_universo_15m": 55, "homens_alfabetizados": 55, "homens_nao_alfabetizados": 0, "taxa_alfabetizacao_homens": 100.0, "mulheres_universo_15m": 41, "mulheres_alfabetizadas": 41, "mulheres_nao_alfabetizadas": 0, "taxa_alfabetizacao_mulheres": 100.0, "classificacao_seplan": "Maior que 99,0%", "fonte": "IBGE — Censo Demográfico 2022 (Agregados por Setores)", "natureza": "Dados estatísticos oficiais agregados por setor censitário"}}, {"type": "Feature", "geometry": {"type": "Polygon", "coordinates": [[[357966.1714992892, 6873192.472525546], [357917.76701088506, 6873179.625917355], [357888.8091084467, 6873174.181710356], [357862.15960135055, 6873166.061195122], [357823.51235066284, 6873160.234817918], [357789.7483472926, 6873150.566143848], [357749.4147264402, 6873132.363444325], [357728.421790846, 6873119.744842707], [357689.05911423895, 6873108.956008878], [357652.5406606478, 6873090.0894974135], [357623.7451865233, 6873064.589051971], [357612.27383658825, 6873056.539226033], [357590.6361520488, 6873023.267782928], [357575.9156268862, 6873006.358046616], [357546.00149407645, 6872977.630326494], [357535.1832724294, 6872974.031943594], [357514.9307900725, 6872959.438233646], [357496.3281866733, 6872935.733133154], [357478.6088568928, 6872914.465458622], [357469.71410086856, 6872897.7696002545], [357449.5315795182, 6872885.536969066], [357427.17117767734, 6872874.918198995], [357406.4849553494, 6872860.518541963], [357387.60112720216, 6872847.182170502], [357436.98222677456, 6872724.693128191], [357476.38356280455, 6872676.596168128], [357467.6375849486, 6872646.715073732], [357366.6695804468, 6872711.990909057], [357246.6308089468, 6872791.63089619], [357292.1736288961, 6872877.451033488], [357222.9322493976, 6872914.273150479], [357247.44371295936, 6872960.578533183], [357282.47585059906, 6873027.07901825], [357319.6232796492, 6873096.397347616], [357385.14110404754, 6873213.54077957], [357420.2486949961, 6873279.609481549], [357456.28480885166, 6873343.561555088], [357491.1553385671, 6873407.377601214], [357513.5749139445, 6873444.215734629], [357609.6440661773, 6873391.856090818], [357732.11411446414, 6873323.289700743], [357966.1714992892, 6873192.472525546]]]}, "properties": {"id": "431410005090013", "CD_SETOR": "431410005090013", "bairro_seplan": "Integração", "populacao_universo_15m": 474, "alfabetizados": 461, "nao_alfabetizados": 13, "taxa_alfabetizacao": 97.26, "taxa_analfabetismo": 2.74, "homens_universo_15m": 226, "homens_alfabetizados": 222, "homens_nao_alfabetizados": 4, "taxa_alfabetizacao_homens": 98.23, "mulheres_universo_15m": 248, "mulheres_alfabetizadas": 239, "mulheres_nao_alfabetizadas": 9, "taxa_alfabetizacao_mulheres": 96.37, "classificacao_seplan": "95,0% a 97,5%", "fonte": "IBGE — Censo Demográfico 2022 (Agregados por Setores)", "natureza": "Dados estatísticos oficiais agregados por setor censitário"}}, {"type": "Feature", "geometry": {"type": "Polygon", "coordinates": [[[357467.6375849486, 6872646.715073732], [357461.4138976323, 6872615.955585521], [357453.9764053823, 6872613.550198415], [357449.5741993466, 6872610.028795099], [357429.633635161, 6872581.786207247], [357389.4868742799, 6872520.488338428], [357349.6211609165, 6872459.515049867], [357309.34564690595, 6872397.5725787], [357266.012793801, 6872328.833426101], [357187.0277373325, 6872204.63404076], [357138.3527527412, 6872126.654499274], [357087.0363578879, 6872050.548920173], [357088.2936569466, 6872074.854815781], [357081.4062466313, 6872098.486349566], [357073.3928887412, 6872135.767860519], [357039.61585091037, 6872192.59705744], [357009.9849305666, 6872225.307289738], [356942.3551867301, 6872275.965764165], [356924.4244097908, 6872281.345717918], [356876.3580719253, 6872311.605909631], [356920.0061387457, 6872379.242256736], [356999.4620140842, 6872509.034248465], [357035.8142337889, 6872574.853421299], [357071.8209253046, 6872640.069890018], [357107.59038676147, 6872704.651718122], [357144.0246788672, 6872771.092031766], [357174.9529950989, 6872828.744771816], [357222.9322493976, 6872914.273150479], [357292.1736288961, 6872877.451033488], [357246.6308089468, 6872791.63089619], [357366.6695804468, 6872711.990909057], [357467.6375849486, 6872646.715073732]]]}, "properties": {"id": "431410005090014", "CD_SETOR": "431410005090014", "bairro_seplan": "Integração", "populacao_universo_15m": 1010, "alfabetizados": 965, "nao_alfabetizados": 45, "taxa_alfabetizacao": 95.54, "taxa_analfabetismo": 4.46, "homens_universo_15m": 474, "homens_alfabetizados": 457, "homens_nao_alfabetizados": 17, "taxa_alfabetizacao_homens": 96.41, "mulheres_universo_15m": 536, "mulheres_alfabetizadas": 508, "mulheres_nao_alfabetizadas": 28, "taxa_alfabetizacao_mulheres": 94.78, "classificacao_seplan": "95,0% a 97,5%", "fonte": "IBGE — Censo Demográfico 2022 (Agregados por Setores)", "natureza": "Dados estatísticos oficiais agregados por setor censitário"}}, {"type": "Feature", "geometry": {"type": "Polygon", "coordinates": [[[361793.522703237, 6875144.627403906], [361783.4313190647, 6875112.884028395], [361764.9388892632, 6875056.785958815], [361800.001391213, 6875047.475754786], [361781.80355339916, 6874977.030888814], [361763.77841947717, 6874905.258234678], [361745.1013387132, 6874835.561224103], [361645.5288597556, 6874861.761218661], [361629.12946988863, 6874788.666403582], [361576.45790843887, 6874725.199497893], [361565.05643588, 6874708.2784382105], [361563.15516292, 6874695.4463074785], [361499.05632675544, 6874714.1021825895], [361337.9924397828, 6874755.816309764], [361352.4839857986, 6874790.448343687], [361384.1950299033, 6874863.101814451], [361424.76040684036, 6874954.873987168], [361447.7506338995, 6875002.957984839], [361525.5415945462, 6875171.8685933], [361545.7182030523, 6875225.681803587], [361560.08036077174, 6875257.209234914], [361607.1344314885, 6875238.719981195], [361626.754852133, 6875226.604048397], [361669.0394181146, 6875197.166100886], [361689.0747754107, 6875185.642211659], [361711.316094192, 6875175.972386066], [361770.7840458931, 6875151.510190504], [361793.522703237, 6875144.627403906]]]}, "properties": {"id": "431410005100002", "CD_SETOR": "431410005100002", "bairro_seplan": "Victor Issler", "populacao_universo_15m": 1037, "alfabetizados": 977, "nao_alfabetizados": 60, "taxa_alfabetizacao": 94.21, "taxa_analfabetismo": 5.79, "homens_universo_15m": 484, "homens_alfabetizados": 457, "homens_nao_alfabetizados": 27, "taxa_alfabetizacao_homens": 94.42, "mulheres_universo_15m": 553, "mulheres_alfabetizadas": 520, "mulheres_nao_alfabetizadas": 33, "taxa_alfabetizacao_mulheres": 94.03, "classificacao_seplan": "92,0% a 95,0%", "fonte": "IBGE — Censo Demográfico 2022 (Agregados por Setores)", "natureza": "Dados estatísticos oficiais agregados por setor censitário"}}, {"type": "Feature", "geometry": {"type": "Polygon", "coordinates": [[[362121.90187951055, 6875098.789119968], [362118.96180782735, 6875070.564281419], [362116.2868830878, 6875056.69274105], [362130.2445677329, 6875029.340035297], [362141.9392014849, 6875002.504026899], [362160.94238429423, 6874971.619532967], [362199.3491332853, 6874948.894357095], [362219.66382165696, 6874937.738540622], [362142.2027410095, 6874899.495758386], [362114.1629867375, 6874886.338126291], [361922.2187536348, 6874939.813400431], [361781.80355339916, 6874977.030888814], [361800.001391213, 6875047.475754786], [361764.9388892632, 6875056.785958815], [361783.4313190647, 6875112.884028395], [361793.522703237, 6875144.627403906], [361866.66345739795, 6875121.553868668], [361905.0468415958, 6875107.683250699], [361927.177658377, 6875096.515781764], [361959.1832006442, 6875090.172590051], [362020.4298725241, 6875089.8980875835], [362075.96473359485, 6875098.122746572], [362099.57007688726, 6875099.394174565], [362121.90187951055, 6875098.789119968]]]}, "properties": {"id": "431410005100003", "CD_SETOR": "431410005100003", "bairro_seplan": "Victor Issler", "populacao_universo_15m": 228, "alfabetizados": 222, "nao_alfabetizados": 6, "taxa_alfabetizacao": 97.37, "taxa_analfabetismo": 2.63, "homens_universo_15m": 113, "homens_alfabetizados": 108, "homens_nao_alfabetizados": 5, "taxa_alfabetizacao_homens": 95.58, "mulheres_universo_15m": 114, "mulheres_alfabetizadas": 114, "mulheres_nao_alfabetizadas": 0, "taxa_alfabetizacao_mulheres": 100.0, "classificacao_seplan": "95,0% a 97,5%", "fonte": "IBGE — Censo Demográfico 2022 (Agregados por Setores)", "natureza": "Dados estatísticos oficiais agregados por setor censitário"}}, {"type": "Feature", "geometry": {"type": "Polygon", "coordinates": [[[362219.66382165696, 6874937.738540622], [362223.00054874027, 6874935.173159355], [362380.7294742805, 6874897.442009943], [362405.55292771047, 6874879.933180716], [362447.1907090236, 6874843.35988396], [362476.2343552967, 6874771.546321913], [362491.0979816313, 6874728.568105156], [362501.07673708664, 6874694.741819903], [362506.0471660377, 6874672.260132346], [362509.2370215345, 6874654.400865505], [362514.1182578161, 6874641.315033583], [362477.2429916039, 6874622.603966159], [362435.44965737563, 6874604.068507589], [362357.73314392427, 6874571.918763088], [362314.19687819504, 6874563.247129192], [362229.48350461904, 6874548.94484742], [362196.3835325682, 6874549.114808453], [362126.56838304026, 6874553.191186057], [362058.0904534371, 6874568.0093535], [362022.5537211273, 6874576.893642288], [361844.4714310365, 6874620.921049565], [361563.15516292, 6874695.4463074785], [361565.05643588, 6874708.2784382105], [361576.45790843887, 6874725.199497893], [361629.12946988863, 6874788.666403582], [361645.5288597556, 6874861.761218661], [361745.1013387132, 6874835.561224103], [361763.77841947717, 6874905.258234678], [361781.80355339916, 6874977.030888814], [361922.2187536348, 6874939.813400431], [362114.1629867375, 6874886.338126291], [362142.2027410095, 6874899.495758386], [362219.66382165696, 6874937.738540622]]]}, "properties": {"id": "431410005100004", "CD_SETOR": "431410005100004", "bairro_seplan": "Victor Issler", "populacao_universo_15m": 752, "alfabetizados": 729, "nao_alfabetizados": 23, "taxa_alfabetizacao": 96.94, "taxa_analfabetismo": 3.06, "homens_universo_15m": 365, "homens_alfabetizados": 356, "homens_nao_alfabetizados": 9, "taxa_alfabetizacao_homens": 97.53, "mulheres_universo_15m": 387, "mulheres_alfabetizadas": 373, "mulheres_nao_alfabetizadas": 14, "taxa_alfabetizacao_mulheres": 96.38, "classificacao_seplan": "95,0% a 97,5%", "fonte": "IBGE — Censo Demográfico 2022 (Agregados por Setores)", "natureza": "Dados estatísticos oficiais agregados por setor censitário"}}, {"type": "Feature", "geometry": {"type": "Polygon", "coordinates": [[[361560.08036077174, 6875257.209234914], [361545.7182030523, 6875225.681803587], [361525.5415945462, 6875171.8685933], [361447.7506338995, 6875002.957984839], [361424.76040684036, 6874954.873987168], [361384.1950299033, 6874863.101814451], [361352.4839857986, 6874790.448343687], [361337.9924397828, 6874755.816309764], [361324.19801626256, 6874758.968531039], [361284.0647975907, 6874767.254004774], [361205.0432178002, 6874776.370307358], [361151.63600749895, 6874777.685184072], [361106.9899597748, 6874773.273531716], [361090.8533145579, 6874796.2890358], [360986.1157333518, 6874957.626209704], [360958.0144802062, 6875006.797441425], [361045.7074375925, 6875042.574792903], [360959.40647890227, 6875247.488662181], [361026.4868449808, 6875275.434037648], [360997.6972293935, 6875342.29415844], [360984.45009802084, 6875379.94852433], [360981.2954043659, 6875409.687061388], [360966.4888280952, 6875500.912335738], [360944.9904820583, 6875648.197128003], [360913.3339354332, 6875844.985008694], [360992.6362802428, 6875858.634541063], [361021.3550197648, 6875891.039814447], [361076.5951158199, 6875898.744704565], [361181.94210983475, 6875915.057794569], [361182.0170386817, 6875913.684590783], [361181.22128062916, 6875907.037602525], [361180.057699587, 6875899.954145865], [361176.52477665583, 6875885.673410175], [361173.15853517235, 6875875.605509231], [361168.83223542315, 6875865.393411879], [361164.8915625154, 6875852.41549749], [361162.21071457095, 6875840.804221848], [361160.9178664844, 6875831.347855522], [361155.8995709636, 6875809.813669142], [361151.55060908094, 6875788.11000176], [361151.2239217456, 6875778.277080523], [361153.1971810113, 6875768.980780691], [361156.5971125235, 6875759.368716794], [361167.45306247275, 6875744.081523164], [361189.3011623692, 6875715.281707151], [361197.74079154606, 6875706.892057952], [361221.80105343706, 6875690.329614323], [361245.9188378259, 6875678.078417076], [361255.12058207544, 6875672.49011609], [361267.43751154654, 6875659.812924949], [361272.1220154674, 6875652.797774838], [361277.15494585707, 6875641.996892845], [361283.35937967297, 6875621.635459941], [361285.8461606775, 6875615.414655481], [361296.09786056663, 6875599.743536991], [361312.1387156655, 6875579.098019764], [361315.7149952208, 6875573.69886417], [361319.0580162783, 6875566.424247407], [361349.8792802844, 6875512.873608475], [361361.5125136698, 6875483.921027465], [361369.1069673415, 6875469.725893276], [361374.66757623747, 6875463.308241203], [361401.199051508, 6875441.787732011], [361417.5896178246, 6875432.349344376], [361435.00432554865, 6875425.12805773], [361456.3112540494, 6875410.649583772], [361466.53160263563, 6875404.363812416], [361486.4987524396, 6875386.955285244], [361505.0604542165, 6875362.992385572], [361508.0774425893, 6875355.891221479], [361511.39220331446, 6875340.925821636], [361511.1814222581, 6875317.763493285], [361507.0601253831, 6875287.441385597], [361507.0356266524, 6875283.651302614], [361508.35006626335, 6875280.331164667], [361510.73103452654, 6875277.2783320015], [361514.0849265776, 6875274.946045009], [361529.3598165456, 6875269.428362617], [361541.19819394464, 6875264.070062947], [361560.08036077174, 6875257.209234914]]]}, "properties": {"id": "431410005100005", "CD_SETOR": "431410005100005", "bairro_seplan": "Victor Issler", "populacao_universo_15m": 940, "alfabetizados": 902, "nao_alfabetizados": 38, "taxa_alfabetizacao": 95.96, "taxa_analfabetismo": 4.04, "homens_universo_15m": 471, "homens_alfabetizados": 450, "homens_nao_alfabetizados": 21, "taxa_alfabetizacao_homens": 95.54, "mulheres_universo_15m": 469, "mulheres_alfabetizadas": 452, "mulheres_nao_alfabetizadas": 17, "taxa_alfabetizacao_mulheres": 96.38, "classificacao_seplan": "95,0% a 97,5%", "fonte": "IBGE — Censo Demográfico 2022 (Agregados por Setores)", "natureza": "Dados estatísticos oficiais agregados por setor censitário"}}, {"type": "Feature", "geometry": {"type": "Polygon", "coordinates": [[[361106.9899597748, 6874773.273531716], [361054.5024809095, 6874763.07416842], [361029.7219840806, 6874756.622980652], [361005.6721478184, 6874748.950266648], [360964.15530190914, 6874733.748253014], [360942.19554572797, 6874723.573337762], [360903.7314813073, 6874700.760744423], [360865.7049578258, 6874675.7922876645], [360816.12276671495, 6874637.955817437], [360728.9390003745, 6874572.462412458], [360711.73751948966, 6874604.230273032], [360690.4824238871, 6874648.616513692], [360702.248807076, 6874681.167433936], [360690.7181346577, 6874721.368194839], [360676.4135481422, 6874737.8777673505], [360641.1119559675, 6874768.380435573], [360583.9443587057, 6874792.420767633], [360520.5127426247, 6874845.132242763], [360486.9474972824, 6874891.490107277], [360476.5748220087, 6874901.540909041], [360463.6398554764, 6874920.869917568], [360451.4373886754, 6874962.203971753], [360412.67707232165, 6875013.021789663], [360397.01847267034, 6875041.139465405], [360373.6623672555, 6875120.506461341], [360371.92431133974, 6875129.78326891], [360358.60216677445, 6875200.369889436], [360355.436051563, 6875215.924103186], [360346.6032164305, 6875236.863703386], [360347.3416398645, 6875248.34156872], [360347.087603281, 6875267.442804469], [360350.7315117357, 6875293.8813901255], [360350.1921567109, 6875331.407529244], [360345.2650024106, 6875366.532833267], [360342.4766619897, 6875410.880790386], [360342.16858447477, 6875427.066996282], [360342.65906641475, 6875442.94123251], [360344.3378501424, 6875463.74955166], [360348.14406143234, 6875479.729258804], [360350.1645213303, 6875491.510306871], [360349.8996974689, 6875511.531160049], [360348.9404368863, 6875521.337941989], [360347.4653014327, 6875528.27967513], [360340.4149535326, 6875547.001802117], [360336.5802811525, 6875553.472538369], [360333.19010303763, 6875561.366910422], [360331.55409863323, 6875566.96590931], [360330.4525536552, 6875573.014445588], [360329.21292442654, 6875585.798807788], [360329.10578087013, 6875599.084064448], [360331.2399501747, 6875634.580498973], [360333.7609768809, 6875651.365112423], [360337.6724079306, 6875666.747661693], [360342.7862073005, 6875680.02781086], [360357.2475606319, 6875712.089883793], [360358.6113035503, 6875716.29465708], [360357.31764078035, 6875721.155234117], [360334.36259118025, 6875747.934892308], [360333.606817761, 6875751.283649212], [360334.2869911182, 6875756.034454845], [360334.1265577265, 6875760.498344094], [360332.521360187, 6875765.144710932], [360328.951987904, 6875772.416421566], [360325.4358375628, 6875781.838534847], [360337.06087009446, 6875783.870120314], [360411.7809456395, 6875796.549960742], [360798.6981457881, 6875856.806891682], [360958.18863821216, 6875882.222417725], [361021.3550197648, 6875891.039814447], [360992.6362802428, 6875858.634541063], [360913.3339354332, 6875844.985008694], [360944.9904820583, 6875648.197128003], [360966.4888280952, 6875500.912335738], [360981.2954043659, 6875409.687061388], [360984.45009802084, 6875379.94852433], [360997.6972293935, 6875342.29415844], [361026.4868449808, 6875275.434037648], [360959.40647890227, 6875247.488662181], [361045.7074375925, 6875042.574792903], [360958.0144802062, 6875006.797441425], [360986.1157333518, 6874957.626209704], [361090.8533145579, 6874796.2890358], [361106.9899597748, 6874773.273531716]]]}, "properties": {"id": "431410005100006", "CD_SETOR": "431410005100006", "bairro_seplan": "Victor Issler", "populacao_universo_15m": 808, "alfabetizados": 782, "nao_alfabetizados": 26, "taxa_alfabetizacao": 96.78, "taxa_analfabetismo": 3.22, "homens_universo_15m": 392, "homens_alfabetizados": 384, "homens_nao_alfabetizados": 8, "taxa_alfabetizacao_homens": 97.96, "mulheres_universo_15m": 416, "mulheres_alfabetizadas": 398, "mulheres_nao_alfabetizadas": 18, "taxa_alfabetizacao_mulheres": 95.67, "classificacao_seplan": "95,0% a 97,5%", "fonte": "IBGE — Censo Demográfico 2022 (Agregados por Setores)", "natureza": "Dados estatísticos oficiais agregados por setor censitário"}}, {"type": "Feature", "geometry": {"type": "Polygon", "coordinates": [[[364426.98414313374, 6876932.092999637], [364520.9312088513, 6876788.068286803], [364590.9154453239, 6876694.355150657], [364697.53113283485, 6876557.022484895], [364715.63020348584, 6876496.526258331], [364735.34720922913, 6876423.205424769], [364752.96451368683, 6876356.719868462], [364771.3628962955, 6876289.711286701], [364789.5539164768, 6876221.9357247], [364809.3008705961, 6876156.261092002], [364832.8930882487, 6876070.01932127], [364891.8316965678, 6875849.355718721], [364894.72455290955, 6875836.601021089], [364874.01372089685, 6875842.149797997], [364866.1335890087, 6875841.2734025605], [364753.04251845495, 6875865.373245107], [364721.80813649745, 6875877.24007797], [364628.06023656536, 6875905.537134559], [364535.2124896695, 6875928.003985947], [364271.95002297184, 6875994.2673074175], [364117.9226357769, 6876035.545746941], [363928.48486903263, 6876077.768632842], [363798.20715196466, 6876110.250640286], [363770.44852282514, 6876118.398385085], [363743.30575676006, 6876126.752590906], [363715.36602362746, 6876136.992472951], [363680.84430276125, 6876152.087889759], [363661.2758187243, 6876160.606386074], [363637.14529291354, 6876172.419003279], [363607.29901830107, 6876188.000042122], [363482.48857766215, 6876257.785262696], [363411.525048114, 6876296.0862166425], [363268.18673650373, 6876369.833897382], [363138.17843536485, 6876434.691234312], [363079.19674780004, 6876454.168401262], [363026.87881729926, 6876468.525025889], [362963.9669557313, 6876477.296228598], [362902.7837995677, 6876479.981311375], [362871.1557326707, 6876479.716081733], [362801.48038507975, 6876471.598201046], [362791.5745465345, 6876498.233833378], [362777.7714208913, 6876560.649966666], [362776.52458673355, 6876592.981584236], [362781.66746259684, 6876632.911119085], [362752.92602241476, 6876716.630079417], [362700.86295565753, 6876854.898244762], [362662.9307611636, 6876925.313130376], [363442.15147306025, 6876622.568092948], [363554.73016636516, 6876810.689618796], [363559.4532088428, 6876816.472803462], [363563.50625408516, 6876820.774500157], [363772.8418685868, 6876909.4981058575], [364043.72280671954, 6877025.228671327], [364119.1099886793, 6876946.129406785], [364208.129749728, 6876896.118301127], [364216.58960650733, 6876921.047760174], [364218.53258131904, 6876928.8045833], [364219.46187521075, 6876933.369542245], [364221.9969507116, 6876944.280168142], [364224.0185661523, 6876952.02680709], [364227.1119120288, 6876958.744063792], [364229.1956227452, 6876961.914907315], [364237.8896263402, 6876971.510746906], [364248.4253814715, 6876983.122218503], [364334.46137359145, 6877031.110742504], [364354.2647717048, 6877043.359791235], [364426.98414313374, 6876932.092999637]]]}, "properties": {"id": "431410005110001", "CD_SETOR": "431410005110001", "bairro_seplan": "São José", "populacao_universo_15m": 0, "alfabetizados": 0, "nao_alfabetizados": 0, "taxa_alfabetizacao": null, "taxa_analfabetismo": null, "homens_universo_15m": 0, "homens_alfabetizados": 0, "homens_nao_alfabetizados": 0, "taxa_alfabetizacao_homens": null, "mulheres_universo_15m": 0, "mulheres_alfabetizadas": 0, "mulheres_nao_alfabetizadas": 0, "taxa_alfabetizacao_mulheres": null, "classificacao_seplan": "Setor não residencial ou sem população", "fonte": "IBGE — Censo Demográfico 2022 (Agregados por Setores)", "natureza": "Dados estatísticos oficiais agregados por setor censitário"}}, {"type": "Feature", "geometry": {"type": "Polygon", "coordinates": [[[365980.37379893835, 6877407.403041825], [365961.4951475072, 6877376.4957078695], [365905.4491028214, 6877278.516650829], [365868.2514072781, 6877215.899056988], [365829.0192070566, 6877150.964578841], [365660.7039887052, 6876864.856451454], [365524.238258271, 6876643.431487877], [365489.07283019205, 6876584.580851648], [365479.9640629747, 6876569.086134488], [365453.14321805845, 6876516.978471253], [365428.08611038385, 6876467.738542819], [365420.2421640768, 6876449.764851946], [365385.8802159529, 6876463.891822796], [365348.8642150138, 6876473.190516622], [365271.5327431388, 6876520.505558569], [365148.2030757051, 6876595.377671769], [365056.3328408109, 6876653.26396383], [365251.6466674958, 6877003.7142045675], [365679.6928815646, 6877721.370196795], [365714.69064601266, 6877781.56995317], [365906.9236495822, 6877619.363775918], [365968.5895555725, 6877524.618301965], [365936.0910325309, 6877437.720031509], [365980.37379893835, 6877407.403041825]]]}, "properties": {"id": "431410005110002", "CD_SETOR": "431410005110002", "bairro_seplan": "São José", "populacao_universo_15m": 1328, "alfabetizados": 1281, "nao_alfabetizados": 47, "taxa_alfabetizacao": 96.46, "taxa_analfabetismo": 3.54, "homens_universo_15m": 644, "homens_alfabetizados": 618, "homens_nao_alfabetizados": 26, "taxa_alfabetizacao_homens": 95.96, "mulheres_universo_15m": 684, "mulheres_alfabetizadas": 663, "mulheres_nao_alfabetizadas": 21, "taxa_alfabetizacao_mulheres": 96.93, "classificacao_seplan": "95,0% a 97,5%", "fonte": "IBGE — Censo Demográfico 2022 (Agregados por Setores)", "natureza": "Dados estatísticos oficiais agregados por setor censitário"}}, {"type": "Feature", "geometry": {"type": "Polygon", "coordinates": [[[365674.45738451084, 6876072.804679742], [365690.6710828267, 6876044.8974822], [365720.7948181075, 6875990.575097628], [365760.78685627127, 6875913.1493270695], [365701.0040696061, 6875861.799917251], [365644.9298819109, 6875806.23698988], [365634.5937688004, 6875796.047388619], [365626.2925468425, 6875788.152415581], [365534.19070244743, 6875697.331336243], [365521.5346393617, 6875684.910228988], [365455.3278688891, 6875702.732421687], [365400.28914932895, 6875715.306478398], [365345.90018159826, 6875728.552516543], [365266.7117304759, 6875748.786256059], [365250.72967988695, 6875761.403637545], [365181.94985924696, 6875787.095981847], [365185.76406377496, 6875813.323895012], [365193.9132637946, 6875853.618581697], [365214.53674839, 6875908.5156198], [365354.3324232062, 6876270.380107697], [365358.9930834938, 6876283.453191368], [365386.0638845484, 6876364.518816469], [365447.372327504, 6876325.4654321745], [365504.1405201352, 6876290.39386664], [365515.93259005283, 6876281.230325042], [365553.5800516104, 6876230.805358149], [365567.3502791172, 6876212.466865946], [365620.13425839454, 6876141.724069422], [365674.45738451084, 6876072.804679742]]]}, "properties": {"id": "431410005110003", "CD_SETOR": "431410005110003", "bairro_seplan": "São José", "populacao_universo_15m": 960, "alfabetizados": 931, "nao_alfabetizados": 29, "taxa_alfabetizacao": 96.98, "taxa_analfabetismo": 3.02, "homens_universo_15m": 466, "homens_alfabetizados": 451, "homens_nao_alfabetizados": 15, "taxa_alfabetizacao_homens": 96.78, "mulheres_universo_15m": 494, "mulheres_alfabetizadas": 480, "mulheres_nao_alfabetizadas": 14, "taxa_alfabetizacao_mulheres": 97.17, "classificacao_seplan": "95,0% a 97,5%", "fonte": "IBGE — Censo Demográfico 2022 (Agregados por Setores)", "natureza": "Dados estatísticos oficiais agregados por setor censitário"}}, {"type": "Feature", "geometry": {"type": "Polygon", "coordinates": [[[365914.6932033326, 6876580.991713238], [365903.59970229055, 6876520.430486655], [365892.1796873, 6876462.724465046], [365882.2449860991, 6876436.028890937], [365878.5661097236, 6876430.690622766], [365842.8901018703, 6876364.821001328], [365837.2057903029, 6876352.833603304], [365818.6849961041, 6876319.979669582], [365805.15489692555, 6876295.359889189], [365714.39156623115, 6876142.0695353225], [365674.45738451084, 6876072.804679742], [365620.13425839454, 6876141.724069422], [365567.3502791172, 6876212.466865946], [365553.5800516104, 6876230.805358149], [365515.93259005283, 6876281.230325042], [365504.1405201352, 6876290.39386664], [365447.372327504, 6876325.4654321745], [365386.0638845484, 6876364.518816469], [365420.2421640768, 6876449.764851946], [365428.08611038385, 6876467.738542819], [365453.14321805845, 6876516.978471253], [365479.9640629747, 6876569.086134488], [365489.07283019205, 6876584.580851648], [365524.238258271, 6876643.431487877], [365536.6837328478, 6876638.131518202], [365548.38192955183, 6876645.965223597], [365601.00309574895, 6876701.722014552], [365776.9741402451, 6876630.298937108], [365840.1536485937, 6876607.188143309], [365914.6932033326, 6876580.991713238]]]}, "properties": {"id": "431410005110004", "CD_SETOR": "431410005110004", "bairro_seplan": "São José", "populacao_universo_15m": 788, "alfabetizados": 761, "nao_alfabetizados": 27, "taxa_alfabetizacao": 96.57, "taxa_analfabetismo": 3.43, "homens_universo_15m": 374, "homens_alfabetizados": 362, "homens_nao_alfabetizados": 12, "taxa_alfabetizacao_homens": 96.79, "mulheres_universo_15m": 414, "mulheres_alfabetizadas": 399, "mulheres_nao_alfabetizadas": 15, "taxa_alfabetizacao_mulheres": 96.38, "classificacao_seplan": "95,0% a 97,5%", "fonte": "IBGE — Censo Demográfico 2022 (Agregados por Setores)", "natureza": "Dados estatísticos oficiais agregados por setor censitário"}}, {"type": "Feature", "geometry": {"type": "Polygon", "coordinates": [[[366237.8064532252, 6877233.793189536], [366236.10050656006, 6877164.7392123155], [366232.2911333254, 6877034.926449696], [366200.59289328346, 6876965.834013842], [366240.14236483065, 6876866.660766119], [366189.9080514492, 6876667.467745752], [366196.3873348547, 6876560.963313382], [366179.51873807126, 6876498.930089692], [366107.2917144685, 6876483.744337032], [366034.86984817823, 6876468.44512894], [365882.2449860991, 6876436.028890937], [365892.1796873, 6876462.724465046], [365903.59970229055, 6876520.430486655], [365914.6932033326, 6876580.991713238], [365929.9249487292, 6876649.688772924], [365945.3132366804, 6876731.496439528], [365953.5870823987, 6876778.4404250905], [365955.4592762504, 6876789.088263536], [365968.25257569173, 6876858.234209679], [365976.3592707197, 6876898.261707818], [366006.11066224845, 6877044.14662479], [366033.35807017295, 6877186.7342734225], [365946.9741557291, 6877154.157171272], [365930.9467258953, 6877197.68000595], [365905.4491028214, 6877278.516650829], [365961.4951475072, 6877376.4957078695], [365980.37379893835, 6877407.403041825], [366037.88042982214, 6877350.640467102], [366076.2834359616, 6877334.274379376], [366109.3549238172, 6877270.1664522905], [366128.42564665584, 6877231.752798297], [366182.8100205694, 6877215.93205549], [366237.8064532252, 6877233.793189536]]]}, "properties": {"id": "431410005110005", "CD_SETOR": "431410005110005", "bairro_seplan": "São José", "populacao_universo_15m": 638, "alfabetizados": 613, "nao_alfabetizados": 25, "taxa_alfabetizacao": 96.08, "taxa_analfabetismo": 3.92, "homens_universo_15m": 306, "homens_alfabetizados": 296, "homens_nao_alfabetizados": 10, "taxa_alfabetizacao_homens": 96.73, "mulheres_universo_15m": 332, "mulheres_alfabetizadas": 317, "mulheres_nao_alfabetizadas": 15, "taxa_alfabetizacao_mulheres": 95.48, "classificacao_seplan": "95,0% a 97,5%", "fonte": "IBGE — Censo Demográfico 2022 (Agregados por Setores)", "natureza": "Dados estatísticos oficiais agregados por setor censitário"}}, {"type": "Feature", "geometry": {"type": "Polygon", "coordinates": [[[366213.53078845155, 6875863.8929923475], [366243.81127537263, 6875659.434090756], [366255.43316329713, 6875568.534149263], [366167.7052749436, 6875558.714445602], [366140.8469756063, 6875557.791262999], [366120.1436281841, 6875557.557932843], [366104.86726788315, 6875558.172497485], [366073.4810859414, 6875560.212169064], [366046.3102502034, 6875563.50713178], [366019.61606140435, 6875567.173084402], [366002.32665076846, 6875570.512914633], [365987.518986171, 6875573.071802447], [365944.8750737056, 6875636.140500229], [365912.361116605, 6875725.895798513], [365877.3809923631, 6875826.3053213], [365921.81980462756, 6875793.840814326], [365925.62447749823, 6875813.231285987], [365884.9698983026, 6876011.189833012], [365882.83165251417, 6876022.390806474], [365862.12611714995, 6876121.365759559], [365851.0520688803, 6876168.667652272], [365829.4116008638, 6876271.31090969], [365818.6849961041, 6876319.979669582], [365837.2057903029, 6876352.833603304], [365842.8901018703, 6876364.821001328], [365878.5661097236, 6876430.690622766], [365882.2449860991, 6876436.028890937], [366034.86984817823, 6876468.44512894], [366107.2917144685, 6876483.744337032], [366179.51873807126, 6876498.930089692], [366131.75566120405, 6876337.617266763], [366174.8764237884, 6876272.403531441], [366161.2955308141, 6876196.478391934], [366191.29947079066, 6876116.899871286], [366180.58301944425, 6876069.839871679], [366175.57330285024, 6876012.760388847], [366202.8196114199, 6875926.1697247755], [366213.53078845155, 6875863.8929923475]]]}, "properties": {"id": "431410005110006", "CD_SETOR": "431410005110006", "bairro_seplan": "São José", "populacao_universo_15m": 956, "alfabetizados": 917, "nao_alfabetizados": 39, "taxa_alfabetizacao": 95.92, "taxa_analfabetismo": 4.08, "homens_universo_15m": 455, "homens_alfabetizados": 439, "homens_nao_alfabetizados": 16, "taxa_alfabetizacao_homens": 96.48, "mulheres_universo_15m": 501, "mulheres_alfabetizadas": 478, "mulheres_nao_alfabetizadas": 23, "taxa_alfabetizacao_mulheres": 95.41, "classificacao_seplan": "95,0% a 97,5%", "fonte": "IBGE — Censo Demográfico 2022 (Agregados por Setores)", "natureza": "Dados estatísticos oficiais agregados por setor censitário"}}, {"type": "Feature", "geometry": {"type": "Polygon", "coordinates": [[[366909.8477206603, 6875627.333725864], [366686.87446343305, 6875600.732145006], [366530.96184574463, 6875600.676688012], [366398.158783497, 6875585.84216036], [366255.43316329713, 6875568.534149263], [366243.81127537263, 6875659.434090756], [366213.53078845155, 6875863.8929923475], [366934.86659101944, 6875944.043411608], [366974.5728452353, 6875631.128188384], [366909.8477206603, 6875627.333725864]]]}, "properties": {"id": "431410005110007", "CD_SETOR": "431410005110007", "bairro_seplan": "São José", "populacao_universo_15m": 592, "alfabetizados": 581, "nao_alfabetizados": 11, "taxa_alfabetizacao": 98.14, "taxa_analfabetismo": 1.86, "homens_universo_15m": 278, "homens_alfabetizados": 271, "homens_nao_alfabetizados": 7, "taxa_alfabetizacao_homens": 97.48, "mulheres_universo_15m": 314, "mulheres_alfabetizadas": 310, "mulheres_nao_alfabetizadas": 4, "taxa_alfabetizacao_mulheres": 98.73, "classificacao_seplan": "97,5% a 99,0%", "fonte": "IBGE — Censo Demográfico 2022 (Agregados por Setores)", "natureza": "Dados estatísticos oficiais agregados por setor censitário"}}, {"type": "Feature", "geometry": {"type": "Polygon", "coordinates": [[[365987.518986171, 6875573.071802447], [365953.16447512474, 6875580.740092426], [365821.6429926235, 6875615.822668184], [365700.8825415844, 6875648.598739894], [365667.2212799414, 6875657.404330496], [365627.3720263124, 6875665.829560846], [365521.5346393617, 6875684.910228988], [365534.19070244743, 6875697.331336243], [365626.2925468425, 6875788.152415581], [365634.5937688004, 6875796.047388619], [365644.9298819109, 6875806.23698988], [365701.0040696061, 6875861.799917251], [365760.78685627127, 6875913.1493270695], [365720.7948181075, 6875990.575097628], [365690.6710828267, 6876044.8974822], [365674.45738451084, 6876072.804679742], [365714.39156623115, 6876142.0695353225], [365805.15489692555, 6876295.359889189], [365818.6849961041, 6876319.979669582], [365829.4116008638, 6876271.31090969], [365851.0520688803, 6876168.667652272], [365862.12611714995, 6876121.365759559], [365882.83165251417, 6876022.390806474], [365884.9698983026, 6876011.189833012], [365925.62447749823, 6875813.231285987], [365921.81980462756, 6875793.840814326], [365877.3809923631, 6875826.3053213], [365912.361116605, 6875725.895798513], [365944.8750737056, 6875636.140500229], [365987.518986171, 6875573.071802447]]]}, "properties": {"id": "431410005110008", "CD_SETOR": "431410005110008", "bairro_seplan": "São José", "populacao_universo_15m": 402, "alfabetizados": 380, "nao_alfabetizados": 22, "taxa_alfabetizacao": 94.53, "taxa_analfabetismo": 5.47, "homens_universo_15m": 194, "homens_alfabetizados": 182, "homens_nao_alfabetizados": 12, "taxa_alfabetizacao_homens": 93.81, "mulheres_universo_15m": 208, "mulheres_alfabetizadas": 198, "mulheres_nao_alfabetizadas": 10, "taxa_alfabetizacao_mulheres": 95.19, "classificacao_seplan": "92,0% a 95,0%", "fonte": "IBGE — Censo Demográfico 2022 (Agregados por Setores)", "natureza": "Dados estatísticos oficiais agregados por setor censitário"}}, {"type": "Feature", "geometry": {"type": "Polygon", "coordinates": [[[365914.6932033326, 6876580.991713238], [365840.1536485937, 6876607.188143309], [365776.9741402451, 6876630.298937108], [365601.00309574895, 6876701.722014552], [365548.38192955183, 6876645.965223597], [365536.6837328478, 6876638.131518202], [365524.238258271, 6876643.431487877], [365660.7039887052, 6876864.856451454], [365829.0192070566, 6877150.964578841], [365868.2514072781, 6877215.899056988], [365905.4491028214, 6877278.516650829], [365930.9467258953, 6877197.68000595], [365946.9741557291, 6877154.157171272], [366033.35807017295, 6877186.7342734225], [366006.11066224845, 6877044.14662479], [365976.3592707197, 6876898.261707818], [365968.25257569173, 6876858.234209679], [365955.4592762504, 6876789.088263536], [365953.5870823987, 6876778.4404250905], [365945.3132366804, 6876731.496439528], [365929.9249487292, 6876649.688772924], [365914.6932033326, 6876580.991713238]]]}, "properties": {"id": "431410005110010", "CD_SETOR": "431410005110010", "bairro_seplan": "São José", "populacao_universo_15m": 552, "alfabetizados": 540, "nao_alfabetizados": 12, "taxa_alfabetizacao": 97.83, "taxa_analfabetismo": 2.17, "homens_universo_15m": 271, "homens_alfabetizados": 265, "homens_nao_alfabetizados": 6, "taxa_alfabetizacao_homens": 97.79, "mulheres_universo_15m": 281, "mulheres_alfabetizadas": 275, "mulheres_nao_alfabetizadas": 6, "taxa_alfabetizacao_mulheres": 97.86, "classificacao_seplan": "97,5% a 99,0%", "fonte": "IBGE — Censo Demográfico 2022 (Agregados por Setores)", "natureza": "Dados estatísticos oficiais agregados por setor censitário"}}, {"type": "Feature", "geometry": {"type": "Polygon", "coordinates": [[[364354.2647717048, 6877043.359791235], [364334.46137359145, 6877031.110742504], [364248.4253814715, 6876983.122218503], [364237.8896263402, 6876971.510746906], [364229.1956227452, 6876961.914907315], [364227.1119120288, 6876958.744063792], [364224.0185661523, 6876952.02680709], [364221.9969507116, 6876944.280168142], [364219.46187521075, 6876933.369542245], [364218.53258131904, 6876928.8045833], [364216.58960650733, 6876921.047760174], [364208.129749728, 6876896.118301127], [364119.1099886793, 6876946.129406785], [364043.72280671954, 6877025.228671327], [363772.8418685868, 6876909.4981058575], [363563.50625408516, 6876820.774500157], [363559.4532088428, 6876816.472803462], [363554.73016636516, 6876810.689618796], [363442.15147306025, 6876622.568092948], [362662.9307611636, 6876925.313130376], [362730.5993981294, 6877414.199214953], [362735.0239541839, 6877431.3707435], [362746.02063482115, 6877457.383375935], [362760.3422051846, 6877482.758430199], [362784.51579591737, 6877511.737764457], [362813.8915985315, 6877536.455419731], [362832.99369451636, 6877549.04245264], [362860.85677685123, 6877560.267812337], [362891.0893005428, 6877569.448253222], [362912.18236289953, 6877571.963163767], [362968.4476036775, 6877571.514859379], [363039.59993092204, 6877578.9392336905], [363089.1041854606, 6877591.133638732], [363220.46167644346, 6877723.170778075], [363267.61831079295, 6877779.107953327], [363298.43075530144, 6877803.652461091], [363313.86613301164, 6877813.392974025], [363331.6247537109, 6877820.83313152], [363353.21188230766, 6877829.935115019], [363376.08527266013, 6877835.583439564], [363509.7136531001, 6877855.823328193], [363536.68060852285, 6877861.42968479], [363557.93766173505, 6877868.52180933], [363577.6809895921, 6877876.660314054], [363594.7698043734, 6877887.749154572], [363615.5760967181, 6877905.906056102], [363632.8022593062, 6877924.708883978], [363650.6683791415, 6877949.33661888], [363662.0992966652, 6877972.793496471], [363671.5158918725, 6877998.155380022], [363676.6820599446, 6878025.263661986], [363687.4309948776, 6878118.490569513], [363690.64204772527, 6878132.068524063], [363696.02500905015, 6878146.269756764], [363703.87549247686, 6878161.851169617], [363719.27509773907, 6878184.20102475], [363740.5919733596, 6878205.831908748], [363769.9063557901, 6878225.947619205], [363789.1809828039, 6878233.936306513], [363820.5236772922, 6878242.3734538965], [363850.09676227043, 6878243.343740454], [363868.59544568125, 6878241.095536077], [363833.7130455533, 6878185.190777921], [363825.0752092139, 6878169.777741252], [363816.56976083, 6878153.091883927], [363812.93862046045, 6878142.755929119], [363810.64361619647, 6878132.313384901], [363809.8977389253, 6878119.450736836], [363812.37460133596, 6878098.591187345], [363820.05423467245, 6878072.538776176], [363835.10999492614, 6878034.071330173], [363877.45991768094, 6877943.513762601], [363951.21408606763, 6877780.401700539], [364111.7241338166, 6877461.6718303375], [364240.60016946617, 6877218.816896582], [364354.2647717048, 6877043.359791235]]]}, "properties": {"id": "431410005110011", "CD_SETOR": "431410005110011", "bairro_seplan": "São José", "populacao_universo_15m": 0, "alfabetizados": 0, "nao_alfabetizados": 0, "taxa_alfabetizacao": null, "taxa_analfabetismo": null, "homens_universo_15m": 0, "homens_alfabetizados": 0, "homens_nao_alfabetizados": 0, "taxa_alfabetizacao_homens": null, "mulheres_universo_15m": 0, "mulheres_alfabetizadas": 0, "mulheres_nao_alfabetizadas": 0, "taxa_alfabetizacao_mulheres": null, "classificacao_seplan": "Setor não residencial ou sem população", "fonte": "IBGE — Censo Demográfico 2022 (Agregados por Setores)", "natureza": "Dados estatísticos oficiais agregados por setor censitário"}}, {"type": "Feature", "geometry": {"type": "Polygon", "coordinates": [[[365714.69064601266, 6877781.56995317], [365679.6928815646, 6877721.370196795], [365251.6466674958, 6877003.7142045675], [365056.3328408109, 6876653.26396383], [364993.60383239895, 6876665.050925763], [364971.04672032536, 6876680.086536943], [364849.4351506779, 6876758.8979458], [364835.08852948574, 6876769.084519657], [364648.5248038138, 6877093.377127121], [365295.4147113289, 6877903.992779817], [365561.5427183346, 6877850.369916686], [365714.69064601266, 6877781.56995317]]]}, "properties": {"id": "431410005110012", "CD_SETOR": "431410005110012", "bairro_seplan": "São José", "populacao_universo_15m": 485, "alfabetizados": 476, "nao_alfabetizados": 9, "taxa_alfabetizacao": 98.14, "taxa_analfabetismo": 1.86, "homens_universo_15m": 213, "homens_alfabetizados": 210, "homens_nao_alfabetizados": 3, "taxa_alfabetizacao_homens": 98.59, "mulheres_universo_15m": 272, "mulheres_alfabetizadas": 266, "mulheres_nao_alfabetizadas": 6, "taxa_alfabetizacao_mulheres": 97.79, "classificacao_seplan": "97,5% a 99,0%", "fonte": "IBGE — Censo Demográfico 2022 (Agregados por Setores)", "natureza": "Dados estatísticos oficiais agregados por setor censitário"}}, {"type": "Feature", "geometry": {"type": "Polygon", "coordinates": [[[366934.86659101944, 6875944.043411608], [366213.53078845155, 6875863.8929923475], [366202.8196114199, 6875926.1697247755], [366175.57330285024, 6876012.760388847], [366180.58301944425, 6876069.839871679], [366191.29947079066, 6876116.899871286], [366161.2955308141, 6876196.478391934], [366174.8764237884, 6876272.403531441], [366131.75566120405, 6876337.617266763], [366179.51873807126, 6876498.930089692], [366196.3873348547, 6876560.963313382], [366189.9080514492, 6876667.467745752], [366240.14236483065, 6876866.660766119], [366200.59289328346, 6876965.834013842], [366232.2911333254, 6877034.926449696], [366236.10050656006, 6877164.7392123155], [366237.8064532252, 6877233.793189536], [366327.3868629979, 6877294.682814909], [366385.9845070819, 6877321.3931388315], [366402.23383396096, 6877331.338162675], [366460.9514150531, 6877348.275994858], [366519.7423100072, 6877358.698718981], [366539.3327109659, 6877362.176514579], [366542.4276735665, 6877378.489263823], [366545.33009559836, 6877411.077847892], [366558.0559096616, 6877443.776712263], [366557.7636137279, 6877469.813792262], [366570.63566607947, 6877489.494098071], [366596.80852130917, 6877489.787857775], [366646.5534058892, 6877431.749695781], [366666.4726807162, 6877405.9217175245], [366695.77706052363, 6877419.270569125], [366934.86659101944, 6875944.043411608]]]}, "properties": {"id": "431410005110013", "CD_SETOR": "431410005110013", "bairro_seplan": "Área Rural", "populacao_universo_15m": 0, "alfabetizados": 0, "nao_alfabetizados": 0, "taxa_alfabetizacao": null, "taxa_analfabetismo": null, "homens_universo_15m": 0, "homens_alfabetizados": 0, "homens_nao_alfabetizados": 0, "taxa_alfabetizacao_homens": null, "mulheres_universo_15m": 0, "mulheres_alfabetizadas": 0, "mulheres_nao_alfabetizadas": 0, "taxa_alfabetizacao_mulheres": null, "classificacao_seplan": "Setor não residencial ou sem população", "fonte": "IBGE — Censo Demográfico 2022 (Agregados por Setores)", "natureza": "Dados estatísticos oficiais agregados por setor censitário"}}, {"type": "Feature", "geometry": {"type": "Polygon", "coordinates": [[[365271.5327431388, 6876520.505558569], [365236.58467385103, 6876460.803305298], [365185.85503855196, 6876383.025925462], [365126.52113104926, 6876343.989837522], [365020.8424848722, 6876288.004846958], [364950.71923538216, 6876267.527979331], [364789.5539164768, 6876221.9357247], [364771.3628962955, 6876289.711286701], [364752.96451368683, 6876356.719868462], [364735.34720922913, 6876423.205424769], [364715.63020348584, 6876496.526258331], [364697.53113283485, 6876557.022484895], [364590.9154453239, 6876694.355150657], [364520.9312088513, 6876788.068286803], [364426.98414313374, 6876932.092999637], [364648.5248038138, 6877093.377127121], [364835.08852948574, 6876769.084519657], [364849.4351506779, 6876758.8979458], [364971.04672032536, 6876680.086536943], [364993.60383239895, 6876665.050925763], [365056.3328408109, 6876653.26396383], [365148.2030757051, 6876595.377671769], [365271.5327431388, 6876520.505558569]]]}, "properties": {"id": "431410005110014", "CD_SETOR": "431410005110014", "bairro_seplan": "São José", "populacao_universo_15m": 495, "alfabetizados": 485, "nao_alfabetizados": 10, "taxa_alfabetizacao": 97.98, "taxa_analfabetismo": 2.02, "homens_universo_15m": 245, "homens_alfabetizados": 240, "homens_nao_alfabetizados": 5, "taxa_alfabetizacao_homens": 97.96, "mulheres_universo_15m": 250, "mulheres_alfabetizadas": 245, "mulheres_nao_alfabetizadas": 5, "taxa_alfabetizacao_mulheres": 98.0, "classificacao_seplan": "97,5% a 99,0%", "fonte": "IBGE — Censo Demográfico 2022 (Agregados por Setores)", "natureza": "Dados estatísticos oficiais agregados por setor censitário"}}, {"type": "Feature", "geometry": {"type": "Polygon", "coordinates": [[[364789.5539164768, 6876221.9357247], [364950.71923538216, 6876267.527979331], [365020.8424848722, 6876288.004846958], [365126.52113104926, 6876343.989837522], [365185.85503855196, 6876383.025925462], [365236.58467385103, 6876460.803305298], [365271.5327431388, 6876520.505558569], [365348.8642150138, 6876473.190516622], [365385.8802159529, 6876463.891822796], [365420.2421640768, 6876449.764851946], [365386.0638845484, 6876364.518816469], [365358.9930834938, 6876283.453191368], [365354.3324232062, 6876270.380107697], [365214.53674839, 6875908.5156198], [365193.9132637946, 6875853.618581697], [365185.76406377496, 6875813.323895012], [365181.94985924696, 6875787.095981847], [365113.6197099469, 6875805.1360097565], [364986.32911848126, 6875827.536517798], [364936.4051030816, 6875838.116603699], [364922.7946158623, 6875828.54291153], [364894.72455290955, 6875836.601021089], [364891.8316965678, 6875849.355718721], [364832.8930882487, 6876070.01932127], [364809.3008705961, 6876156.261092002], [364789.5539164768, 6876221.9357247]]]}, "properties": {"id": "431410005110015", "CD_SETOR": "431410005110015", "bairro_seplan": "São José", "populacao_universo_15m": 787, "alfabetizados": 771, "nao_alfabetizados": 16, "taxa_alfabetizacao": 97.97, "taxa_analfabetismo": 2.03, "homens_universo_15m": 372, "homens_alfabetizados": 362, "homens_nao_alfabetizados": 10, "taxa_alfabetizacao_homens": 97.31, "mulheres_universo_15m": 415, "mulheres_alfabetizadas": 409, "mulheres_nao_alfabetizadas": 6, "taxa_alfabetizacao_mulheres": 98.55, "classificacao_seplan": "97,5% a 99,0%", "fonte": "IBGE — Censo Demográfico 2022 (Agregados por Setores)", "natureza": "Dados estatísticos oficiais agregados por setor censitário"}}, {"type": "Feature", "geometry": {"type": "Polygon", "coordinates": [[[363723.3183311106, 6872537.67060802], [363702.25680138764, 6872431.558747991], [363729.73660225957, 6872394.852066319], [363770.53223520255, 6872357.8993125865], [363791.6394227924, 6872339.580627996], [363820.9423600347, 6872314.08671169], [363916.42757344164, 6872363.895349912], [364042.1766638409, 6872105.79313066], [363915.3416866178, 6872046.328674976], [363870.1499029355, 6872098.035918197], [363830.01303373405, 6872147.784248957], [363796.9232725558, 6872191.252751037], [363753.01420173113, 6872243.938385325], [363718.70843005273, 6872263.401890123], [363566.2751849873, 6872298.805193596], [363578.5029846523, 6872373.56676789], [363608.94792024244, 6872558.574260157], [363723.3183311106, 6872537.67060802]]]}, "properties": {"id": "431410005120001", "CD_SETOR": "431410005120001", "bairro_seplan": "São Cristóvão", "populacao_universo_15m": 501, "alfabetizados": 497, "nao_alfabetizados": 4, "taxa_alfabetizacao": 99.2, "taxa_analfabetismo": 0.8, "homens_universo_15m": 209, "homens_alfabetizados": 209, "homens_nao_alfabetizados": 0, "taxa_alfabetizacao_homens": 100.0, "mulheres_universo_15m": 288, "mulheres_alfabetizadas": 288, "mulheres_nao_alfabetizadas": 0, "taxa_alfabetizacao_mulheres": 100.0, "classificacao_seplan": "Maior que 99,0%", "fonte": "IBGE — Censo Demográfico 2022 (Agregados por Setores)", "natureza": "Dados estatísticos oficiais agregados por setor censitário"}}, {"type": "Feature", "geometry": {"type": "Polygon", "coordinates": [[[363870.1499029355, 6872098.035918197], [363795.74847084965, 6872003.058038996], [363701.51888224203, 6872073.948253748], [363610.20953801495, 6872146.7329918835], [363624.2946784876, 6872166.608419018], [363519.34591236163, 6872207.964484661], [363547.2799081949, 6872282.751659], [363543.6182942511, 6872291.474793118], [363551.33534774336, 6872295.231438197], [363557.9243269311, 6872298.121849941], [363566.2751849873, 6872298.805193596], [363718.70843005273, 6872263.401890123], [363753.01420173113, 6872243.938385325], [363796.9232725558, 6872191.252751037], [363830.01303373405, 6872147.784248957], [363870.1499029355, 6872098.035918197]]]}, "properties": {"id": "431410005120002", "CD_SETOR": "431410005120002", "bairro_seplan": "São Cristóvão", "populacao_universo_15m": 76, "alfabetizados": 76, "nao_alfabetizados": 0, "taxa_alfabetizacao": 100.0, "taxa_analfabetismo": 0.0, "homens_universo_15m": 30, "homens_alfabetizados": 30, "homens_nao_alfabetizados": 0, "taxa_alfabetizacao_homens": 100.0, "mulheres_universo_15m": 46, "mulheres_alfabetizadas": 46, "mulheres_nao_alfabetizadas": 0, "taxa_alfabetizacao_mulheres": 100.0, "classificacao_seplan": "Maior que 99,0%", "fonte": "IBGE — Censo Demográfico 2022 (Agregados por Setores)", "natureza": "Dados estatísticos oficiais agregados por setor censitário"}}, {"type": "Feature", "geometry": {"type": "Polygon", "coordinates": [[[363915.3416866178, 6872046.328674976], [364020.2260754299, 6871926.458146617], [364107.4708925183, 6871827.017909248], [364132.69096508867, 6871800.656519219], [364135.774544401, 6871785.820862413], [364185.9738373071, 6871750.669956724], [364234.22396468034, 6871728.93803912], [364261.2005859842, 6871730.775996139], [364294.08281450346, 6871700.900582099], [364211.5110732698, 6871584.323199129], [364174.81968293665, 6871614.453954812], [364116.31872181885, 6871660.125483933], [364020.3350543517, 6871731.252797748], [363928.06134477776, 6871802.987089741], [363847.27027645695, 6871694.74946701], [363762.93745449523, 6871587.523237173], [363674.06639944564, 6871478.393584466], [363618.99963600154, 6871404.447034792], [363447.673544275, 6871537.7886831425], [363506.7926676308, 6871622.719854588], [363554.87380924646, 6871687.389103599], [363599.28313294565, 6871745.522299357], [363709.5005595414, 6871893.283053973], [363795.74847084965, 6872003.058038996], [363870.1499029355, 6872098.035918197], [363915.3416866178, 6872046.328674976]]]}, "properties": {"id": "431410005120003", "CD_SETOR": "431410005120003", "bairro_seplan": "Planaltina", "populacao_universo_15m": 300, "alfabetizados": 297, "nao_alfabetizados": 3, "taxa_alfabetizacao": 99.0, "taxa_analfabetismo": 1.0, "homens_universo_15m": 129, "homens_alfabetizados": 129, "homens_nao_alfabetizados": 0, "taxa_alfabetizacao_homens": 100.0, "mulheres_universo_15m": 168, "mulheres_alfabetizadas": 168, "mulheres_nao_alfabetizadas": 0, "taxa_alfabetizacao_mulheres": 100.0, "classificacao_seplan": "97,5% a 99,0%", "fonte": "IBGE — Censo Demográfico 2022 (Agregados por Setores)", "natureza": "Dados estatísticos oficiais agregados por setor censitário"}}, {"type": "Feature", "geometry": {"type": "Polygon", "coordinates": [[[365068.6696809501, 6872368.711861167], [365143.6509578024, 6872276.515991639], [365019.5967887691, 6872166.930932116], [364988.68019918434, 6872137.081070589], [364808.3076351037, 6871972.377486868], [364784.3342972788, 6871978.121318212], [364771.5986776013, 6871978.275331628], [364715.7079931928, 6871919.007552413], [364679.96330257, 6871881.66626929], [364640.00322276156, 6871852.676296353], [364611.1361981266, 6871842.817027394], [364539.5565570348, 6871820.823654164], [364403.42132819945, 6871778.622373884], [364353.10000787163, 6871761.015206338], [364261.2005859842, 6871730.775996139], [364234.22396468034, 6871728.93803912], [364185.9738373071, 6871750.669956724], [364135.774544401, 6871785.820862413], [364132.69096508867, 6871800.656519219], [364107.4708925183, 6871827.017909248], [364020.2260754299, 6871926.458146617], [363915.3416866178, 6872046.328674976], [364042.1766638409, 6872105.79313066], [364295.1881661598, 6872217.418812234], [364410.63058152585, 6872266.243841875], [364495.94576184504, 6872296.993743036], [364632.08155411476, 6872347.438012108], [364845.14487651014, 6872428.831533136], [364853.8768348838, 6872440.854332065], [364860.2592828574, 6872437.791064264], [364880.616835725, 6872424.847429651], [364902.6875288851, 6872417.397362512], [364951.04138048313, 6872405.614540826], [364966.97023220884, 6872391.29061383], [364988.74503213324, 6872374.484529095], [365018.3980485426, 6872364.549710762], [365041.61135700817, 6872360.990798663], [365057.91196768126, 6872365.719488027], [365068.6696809501, 6872368.711861167]]]}, "properties": {"id": "431410005120004", "CD_SETOR": "431410005120004", "bairro_seplan": "São Cristóvão", "populacao_universo_15m": 1056, "alfabetizados": 1043, "nao_alfabetizados": 13, "taxa_alfabetizacao": 98.77, "taxa_analfabetismo": 1.23, "homens_universo_15m": 481, "homens_alfabetizados": 476, "homens_nao_alfabetizados": 5, "taxa_alfabetizacao_homens": 98.96, "mulheres_universo_15m": 575, "mulheres_alfabetizadas": 567, "mulheres_nao_alfabetizadas": 8, "taxa_alfabetizacao_mulheres": 98.61, "classificacao_seplan": "97,5% a 99,0%", "fonte": "IBGE — Censo Demográfico 2022 (Agregados por Setores)", "natureza": "Dados estatísticos oficiais agregados por setor censitário"}}, {"type": "Feature", "geometry": {"type": "Polygon", "coordinates": [[[366131.5260133675, 6872057.505434766], [366118.41763871006, 6871968.996744884], [366118.2087622874, 6871941.435669668], [366137.261609059, 6871884.815689996], [366166.50565978105, 6871824.84228927], [366187.13650713547, 6871759.61894398], [366204.0271553845, 6871702.431506297], [366220.6356053604, 6871627.632983302], [366231.4101086473, 6871576.03897192], [366244.77246786177, 6871495.907036437], [366246.11881530914, 6871493.085456101], [366133.92282579717, 6871520.043210449], [366084.7274273166, 6871502.544808861], [366005.8296461479, 6871444.940509768], [365916.41966248304, 6871474.691208337], [365861.1036055323, 6871573.396925823], [365812.710478728, 6871555.230513751], [365751.84895797935, 6871556.137454292], [365639.69783589855, 6871572.896483388], [365505.9576206752, 6871560.831405447], [365440.2048328846, 6871595.10202165], [365413.90736548894, 6871669.169219378], [365426.8491555316, 6871772.72530936], [365419.37041656184, 6871817.120169317], [365443.6633853955, 6871875.671500241], [365414.4756344149, 6871973.5746948365], [365434.2757789737, 6872018.290105012], [365456.46424689505, 6872034.952954837], [365477.86223825597, 6872168.911708503], [365461.0969623065, 6872204.303114107], [365451.1814243435, 6872231.727283097], [365399.1318114961, 6872304.771006938], [365380.91117899027, 6872369.821088857], [365371.4728012773, 6872420.011271428], [365371.2186344721, 6872457.9723617], [365370.6337790036, 6872477.52393074], [365361.4879492605, 6872482.0409807], [365347.2333721971, 6872484.59408909], [365309.1891334003, 6872474.920584905], [365270.23062933586, 6872470.599845655], [365254.0132948088, 6872468.022147312], [365231.3162935367, 6872465.847314262], [365216.75727697875, 6872450.290219516], [365215.85578971705, 6872426.87660194], [365211.1496776192, 6872411.065749329], [365195.5369741701, 6872397.590988113], [365178.461019766, 6872387.700948847], [365166.41790372995, 6872381.269994612], [365139.5756661191, 6872382.150587284], [365122.3752808589, 6872385.800213812], [365108.71718793263, 6872391.119020461], [365092.4232201914, 6872384.93884859], [365088.9781862539, 6872380.755323685], [365068.6696809501, 6872368.711861167], [365057.91196768126, 6872365.719488027], [365041.61135700817, 6872360.990798663], [365018.3980485426, 6872364.549710762], [364988.74503213324, 6872374.484529095], [364966.97023220884, 6872391.29061383], [364951.04138048313, 6872405.614540826], [364902.6875288851, 6872417.397362512], [364880.616835725, 6872424.847429651], [364860.2592828574, 6872437.791064264], [364853.8768348838, 6872440.854332065], [364893.21291814634, 6872490.402959423], [365109.46007691405, 6872737.402236046], [365114.30165906186, 6872753.380879344], [365131.79166335356, 6872794.214239103], [365353.59144748806, 6872597.782483097], [365549.229499047, 6872431.567880631], [365662.2429775292, 6872335.910390286], [365744.08569265634, 6872271.535793098], [365792.2359670345, 6872239.4467007425], [365850.91158601816, 6872202.246162407], [365908.768528993, 6872168.005836023], [365958.30916995066, 6872140.419676096], [366056.1173385815, 6872091.9364642985], [366131.5260133675, 6872057.505434766]]]}, "properties": {"id": "431410005120005", "CD_SETOR": "431410005120005", "bairro_seplan": "São Cristóvão", "populacao_universo_15m": 652, "alfabetizados": 640, "nao_alfabetizados": 12, "taxa_alfabetizacao": 98.16, "taxa_analfabetismo": 1.84, "homens_universo_15m": 297, "homens_alfabetizados": 291, "homens_nao_alfabetizados": 6, "taxa_alfabetizacao_homens": 97.98, "mulheres_universo_15m": 355, "mulheres_alfabetizadas": 349, "mulheres_nao_alfabetizadas": 6, "taxa_alfabetizacao_mulheres": 98.31, "classificacao_seplan": "97,5% a 99,0%", "fonte": "IBGE — Censo Demográfico 2022 (Agregados por Setores)", "natureza": "Dados estatísticos oficiais agregados por setor censitário"}}, {"type": "Feature", "geometry": {"type": "Polygon", "coordinates": [[[365461.0969623065, 6872204.303114107], [365412.2118227638, 6872148.032648755], [365346.2643492442, 6872089.38530677], [365296.0492745625, 6872045.787118825], [365276.22436515626, 6872029.206208393], [365212.98392768577, 6871957.778982714], [365167.81326233293, 6871898.568757704], [365109.91871762584, 6871820.41999945], [365086.0117854954, 6871803.980691626], [365051.4330339198, 6871802.058136305], [365003.67943209433, 6871818.21405662], [364964.3592511511, 6871842.410998013], [364948.2869496745, 6871853.885402219], [364905.36546634167, 6871901.400256023], [364885.24558288115, 6871921.117196009], [364870.7967137273, 6871936.466241522], [364849.7419482387, 6871956.427343321], [364826.0304126461, 6871966.750762251], [364808.3076351037, 6871972.377486868], [364988.68019918434, 6872137.081070589], [365019.5967887691, 6872166.930932116], [365143.6509578024, 6872276.515991639], [365068.6696809501, 6872368.711861167], [365088.9781862539, 6872380.755323685], [365092.4232201914, 6872384.93884859], [365108.71718793263, 6872391.119020461], [365122.3752808589, 6872385.800213812], [365139.5756661191, 6872382.150587284], [365166.41790372995, 6872381.269994612], [365178.461019766, 6872387.700948847], [365195.5369741701, 6872397.590988113], [365211.1496776192, 6872411.065749329], [365215.85578971705, 6872426.87660194], [365216.75727697875, 6872450.290219516], [365231.3162935367, 6872465.847314262], [365254.0132948088, 6872468.022147312], [365270.23062933586, 6872470.599845655], [365309.1891334003, 6872474.920584905], [365347.2333721971, 6872484.59408909], [365361.4879492605, 6872482.0409807], [365370.6337790036, 6872477.52393074], [365371.2186344721, 6872457.9723617], [365371.4728012773, 6872420.011271428], [365380.91117899027, 6872369.821088857], [365399.1318114961, 6872304.771006938], [365451.1814243435, 6872231.727283097], [365461.0969623065, 6872204.303114107]]]}, "properties": {"id": "431410005120006", "CD_SETOR": "431410005120006", "bairro_seplan": "São Cristóvão", "populacao_universo_15m": 727, "alfabetizados": 711, "nao_alfabetizados": 16, "taxa_alfabetizacao": 97.8, "taxa_analfabetismo": 2.2, "homens_universo_15m": 350, "homens_alfabetizados": 344, "homens_nao_alfabetizados": 6, "taxa_alfabetizacao_homens": 98.29, "mulheres_universo_15m": 377, "mulheres_alfabetizadas": 367, "mulheres_nao_alfabetizadas": 10, "taxa_alfabetizacao_mulheres": 97.35, "classificacao_seplan": "97,5% a 99,0%", "fonte": "IBGE — Censo Demográfico 2022 (Agregados por Setores)", "natureza": "Dados estatísticos oficiais agregados por setor censitário"}}, {"type": "Feature", "geometry": {"type": "Polygon", "coordinates": [[[365440.2048328846, 6871595.10202165], [365368.9388507057, 6871476.367675618], [365357.78354495217, 6871463.530956955], [365348.7235494184, 6871448.457460559], [365277.9831206727, 6871359.6143032815], [365160.5489924579, 6871223.344346877], [365118.0657277869, 6871261.058002191], [365067.9889900677, 6871308.292495101], [365033.89978161565, 6871341.059444802], [365011.55156635295, 6871361.006062169], [364880.88435074734, 6871473.798205007], [364862.8152761828, 6871490.081121372], [364780.18963386514, 6871567.195191277], [364741.71355700283, 6871600.842172725], [364677.4951635648, 6871659.460458435], [364611.9913025694, 6871725.787336393], [364530.6739521761, 6871636.53071378], [364471.10454069654, 6871703.711394632], [364403.42132819945, 6871778.622373884], [364539.5565570348, 6871820.823654164], [364611.1361981266, 6871842.817027394], [364640.00322276156, 6871852.676296353], [364679.96330257, 6871881.66626929], [364715.7079931928, 6871919.007552413], [364771.5986776013, 6871978.275331628], [364784.3342972788, 6871978.121318212], [364808.3076351037, 6871972.377486868], [364826.0304126461, 6871966.750762251], [364849.7419482387, 6871956.427343321], [364870.7967137273, 6871936.466241522], [364885.24558288115, 6871921.117196009], [364905.36546634167, 6871901.400256023], [364948.2869496745, 6871853.885402219], [364964.3592511511, 6871842.410998013], [365003.67943209433, 6871818.21405662], [365051.4330339198, 6871802.058136305], [365086.0117854954, 6871803.980691626], [365109.91871762584, 6871820.41999945], [365167.81326233293, 6871898.568757704], [365212.98392768577, 6871957.778982714], [365276.22436515626, 6872029.206208393], [365296.0492745625, 6872045.787118825], [365346.2643492442, 6872089.38530677], [365412.2118227638, 6872148.032648755], [365461.0969623065, 6872204.303114107], [365477.86223825597, 6872168.911708503], [365456.46424689505, 6872034.952954837], [365434.2757789737, 6872018.290105012], [365414.4756344149, 6871973.5746948365], [365443.6633853955, 6871875.671500241], [365419.37041656184, 6871817.120169317], [365426.8491555316, 6871772.72530936], [365413.90736548894, 6871669.169219378], [365440.2048328846, 6871595.10202165]]]}, "properties": {"id": "431410005120007", "CD_SETOR": "431410005120007", "bairro_seplan": "São Cristóvão", "populacao_universo_15m": 875, "alfabetizados": 855, "nao_alfabetizados": 20, "taxa_alfabetizacao": 97.71, "taxa_analfabetismo": 2.29, "homens_universo_15m": 424, "homens_alfabetizados": 416, "homens_nao_alfabetizados": 8, "taxa_alfabetizacao_homens": 98.11, "mulheres_universo_15m": 451, "mulheres_alfabetizadas": 439, "mulheres_nao_alfabetizadas": 12, "taxa_alfabetizacao_mulheres": 97.34, "classificacao_seplan": "97,5% a 99,0%", "fonte": "IBGE — Censo Demográfico 2022 (Agregados por Setores)", "natureza": "Dados estatísticos oficiais agregados por setor censitário"}}, {"type": "Feature", "geometry": {"type": "Polygon", "coordinates": [[[365160.5489924579, 6871223.344346877], [365343.7456327793, 6871198.288193884], [365326.9501702945, 6871016.144837426], [365377.9230114283, 6870997.785939251], [365421.55584393925, 6870982.224627793], [365400.52478294726, 6870933.782882532], [365376.6501129883, 6870896.489693621], [365313.6408301118, 6870819.048170708], [365247.30545059685, 6870733.113530831], [365187.6422582234, 6870776.505115615], [365001.0528053439, 6870910.5365631515], [364952.455192717, 6870943.392927842], [364871.80192639225, 6870999.298388214], [364734.7553389644, 6871098.807372354], [364680.0392077806, 6871157.079631267], [364647.5467736403, 6871202.008715361], [364629.4676677374, 6871232.065082875], [364582.7317161864, 6871349.956188636], [364566.9412208127, 6871390.0338408835], [364547.63147122116, 6871429.882901678], [364521.53867215064, 6871464.091695121], [364505.5254368929, 6871479.843516518], [364455.20009351, 6871540.802340057], [364402.14107288327, 6871594.56018509], [364363.8377064067, 6871631.011516919], [364294.08281450346, 6871700.900582099], [364261.2005859842, 6871730.775996139], [364353.10000787163, 6871761.015206338], [364403.42132819945, 6871778.622373884], [364471.10454069654, 6871703.711394632], [364530.6739521761, 6871636.53071378], [364611.9913025694, 6871725.787336393], [364677.4951635648, 6871659.460458435], [364741.71355700283, 6871600.842172725], [364780.18963386514, 6871567.195191277], [364862.8152761828, 6871490.081121372], [364880.88435074734, 6871473.798205007], [365011.55156635295, 6871361.006062169], [365033.89978161565, 6871341.059444802], [365067.9889900677, 6871308.292495101], [365118.0657277869, 6871261.058002191], [365160.5489924579, 6871223.344346877]]]}, "properties": {"id": "431410005120008", "CD_SETOR": "431410005120008", "bairro_seplan": "São Cristóvão", "populacao_universo_15m": 927, "alfabetizados": 922, "nao_alfabetizados": 5, "taxa_alfabetizacao": 99.46, "taxa_analfabetismo": 0.54, "homens_universo_15m": 423, "homens_alfabetizados": 423, "homens_nao_alfabetizados": 0, "taxa_alfabetizacao_homens": 100.0, "mulheres_universo_15m": 502, "mulheres_alfabetizadas": 499, "mulheres_nao_alfabetizadas": 3, "taxa_alfabetizacao_mulheres": 99.4, "classificacao_seplan": "Maior que 99,0%", "fonte": "IBGE — Censo Demográfico 2022 (Agregados por Setores)", "natureza": "Dados estatísticos oficiais agregados por setor censitário"}}, {"type": "Feature", "geometry": {"type": "Polygon", "coordinates": [[[364505.5254368929, 6871479.843516518], [364394.2766258398, 6871396.083593538], [364298.6703330467, 6871493.723539981], [364211.5110732698, 6871584.323199129], [364294.08281450346, 6871700.900582099], [364363.8377064067, 6871631.011516919], [364402.14107288327, 6871594.56018509], [364455.20009351, 6871540.802340057], [364505.5254368929, 6871479.843516518]]]}, "properties": {"id": "431410005120009", "CD_SETOR": "431410005120009", "bairro_seplan": "São Cristóvão", "populacao_universo_15m": 58, "alfabetizados": 58, "nao_alfabetizados": 0, "taxa_alfabetizacao": 100.0, "taxa_analfabetismo": 0.0, "homens_universo_15m": 27, "homens_alfabetizados": 27, "homens_nao_alfabetizados": 0, "taxa_alfabetizacao_homens": 100.0, "mulheres_universo_15m": 31, "mulheres_alfabetizadas": 31, "mulheres_nao_alfabetizadas": 0, "taxa_alfabetizacao_mulheres": 100.0, "classificacao_seplan": "Maior que 99,0%", "fonte": "IBGE — Censo Demográfico 2022 (Agregados por Setores)", "natureza": "Dados estatísticos oficiais agregados por setor censitário"}}, {"type": "Feature", "geometry": {"type": "Polygon", "coordinates": [[[364871.80192639225, 6870999.298388214], [364845.13635619706, 6870957.40680299], [364742.3232738464, 6871027.874365838], [364639.6909299906, 6871088.414408572], [364613.3929839914, 6871098.574838098], [364593.950214525, 6871120.91415375], [364573.6072407942, 6871154.2135422975], [364465.27906868735, 6871264.042774119], [364448.1453408303, 6871292.015349207], [364443.3513648483, 6871308.914785397], [364429.7165487377, 6871356.895650094], [364424.9891799191, 6871364.531960053], [364394.2766258398, 6871396.083593538], [364505.5254368929, 6871479.843516518], [364521.53867215064, 6871464.091695121], [364547.63147122116, 6871429.882901678], [364566.9412208127, 6871390.0338408835], [364582.7317161864, 6871349.956188636], [364629.4676677374, 6871232.065082875], [364647.5467736403, 6871202.008715361], [364680.0392077806, 6871157.079631267], [364734.7553389644, 6871098.807372354], [364871.80192639225, 6870999.298388214]]]}, "properties": {"id": "431410005120010", "CD_SETOR": "431410005120010", "bairro_seplan": "São Cristóvão", "populacao_universo_15m": 183, "alfabetizados": 179, "nao_alfabetizados": 4, "taxa_alfabetizacao": 97.81, "taxa_analfabetismo": 2.19, "homens_universo_15m": 83, "homens_alfabetizados": 83, "homens_nao_alfabetizados": 0, "taxa_alfabetizacao_homens": 100.0, "mulheres_universo_15m": 96, "mulheres_alfabetizadas": 96, "mulheres_nao_alfabetizadas": 0, "taxa_alfabetizacao_mulheres": 100.0, "classificacao_seplan": "97,5% a 99,0%", "fonte": "IBGE — Censo Demográfico 2022 (Agregados por Setores)", "natureza": "Dados estatísticos oficiais agregados por setor censitário"}}, {"type": "Feature", "geometry": {"type": "Polygon", "coordinates": [[[365583.1848489763, 6870641.506286081], [365547.29513409745, 6870539.241351241], [365542.085131167, 6870522.061876485], [365491.5017937467, 6870556.438070407], [365470.1666249224, 6870572.884224366], [365348.1437381912, 6870660.6912962375], [365324.5372528123, 6870676.712488243], [365247.30545059685, 6870733.113530831], [365313.6408301118, 6870819.048170708], [365376.6501129883, 6870896.489693621], [365400.52478294726, 6870933.782882532], [365421.55584393925, 6870982.224627793], [365377.9230114283, 6870997.785939251], [365326.9501702945, 6871016.144837426], [365343.7456327793, 6871198.288193884], [365160.5489924579, 6871223.344346877], [365277.9831206727, 6871359.6143032815], [365348.7235494184, 6871448.457460559], [365357.78354495217, 6871463.530956955], [365375.84266057546, 6871462.749740866], [365397.0390304784, 6871457.815429018], [365493.0023576417, 6871404.806014482], [365569.70323688514, 6871363.478681329], [365558.4415683262, 6871283.001640647], [365675.68897784787, 6871247.385724296], [365674.5841312803, 6871224.546060046], [365651.0622139401, 6871162.047907179], [365732.7481778083, 6871135.968333378], [365710.5235330714, 6871059.389773989], [365685.4431629942, 6870973.415236831], [365650.5345659987, 6870862.296951762], [365633.7319239587, 6870808.551364053], [365608.8685345127, 6870723.44336942], [365583.1848489763, 6870641.506286081]]]}, "properties": {"id": "431410005120011", "CD_SETOR": "431410005120011", "bairro_seplan": "São Cristóvão", "populacao_universo_15m": 962, "alfabetizados": 929, "nao_alfabetizados": 33, "taxa_alfabetizacao": 96.57, "taxa_analfabetismo": 3.43, "homens_universo_15m": 455, "homens_alfabetizados": 439, "homens_nao_alfabetizados": 16, "taxa_alfabetizacao_homens": 96.48, "mulheres_universo_15m": 507, "mulheres_alfabetizadas": 490, "mulheres_nao_alfabetizadas": 17, "taxa_alfabetizacao_mulheres": 96.65, "classificacao_seplan": "95,0% a 97,5%", "fonte": "IBGE — Censo Demográfico 2022 (Agregados por Setores)", "natureza": "Dados estatísticos oficiais agregados por setor censitário"}}, {"type": "Feature", "geometry": {"type": "Polygon", "coordinates": [[[366246.11881530914, 6871493.085456101], [366283.92601325107, 6871306.905890726], [366397.20533881546, 6870732.596516456], [366390.2613750724, 6870730.767452246], [366372.9044376875, 6870720.709654739], [366133.4943592424, 6870701.198941013], [365983.1279520838, 6870702.968658155], [365982.3335834453, 6870630.056893278], [365796.88424335874, 6870634.08706449], [365654.50187042553, 6870622.978001406], [365634.15057094686, 6870627.057945267], [365583.1848489763, 6870641.506286081], [365608.8685345127, 6870723.44336942], [365633.7319239587, 6870808.551364053], [365650.5345659987, 6870862.296951762], [365685.4431629942, 6870973.415236831], [365710.5235330714, 6871059.389773989], [365732.7481778083, 6871135.968333378], [365651.0622139401, 6871162.047907179], [365674.5841312803, 6871224.546060046], [365675.68897784787, 6871247.385724296], [365558.4415683262, 6871283.001640647], [365569.70323688514, 6871363.478681329], [365493.0023576417, 6871404.806014482], [365397.0390304784, 6871457.815429018], [365375.84266057546, 6871462.749740866], [365357.78354495217, 6871463.530956955], [365368.9388507057, 6871476.367675618], [365440.2048328846, 6871595.10202165], [365505.9576206752, 6871560.831405447], [365639.69783589855, 6871572.896483388], [365751.84895797935, 6871556.137454292], [365812.710478728, 6871555.230513751], [365861.1036055323, 6871573.396925823], [365916.41966248304, 6871474.691208337], [366005.8296461479, 6871444.940509768], [366084.7274273166, 6871502.544808861], [366133.92282579717, 6871520.043210449], [366246.11881530914, 6871493.085456101]]]}, "properties": {"id": "431410005120012", "CD_SETOR": "431410005120012", "bairro_seplan": "São Cristóvão", "populacao_universo_15m": 1065, "alfabetizados": 1035, "nao_alfabetizados": 30, "taxa_alfabetizacao": 97.18, "taxa_analfabetismo": 2.82, "homens_universo_15m": 508, "homens_alfabetizados": 491, "homens_nao_alfabetizados": 17, "taxa_alfabetizacao_homens": 96.65, "mulheres_universo_15m": 557, "mulheres_alfabetizadas": 544, "mulheres_nao_alfabetizadas": 13, "taxa_alfabetizacao_mulheres": 97.67, "classificacao_seplan": "95,0% a 97,5%", "fonte": "IBGE — Censo Demográfico 2022 (Agregados por Setores)", "natureza": "Dados estatísticos oficiais agregados por setor censitário"}}, {"type": "Feature", "geometry": {"type": "Polygon", "coordinates": [[[365247.30545059685, 6870733.113530831], [365324.5372528123, 6870676.712488243], [365348.1437381912, 6870660.6912962375], [365470.1666249224, 6870572.884224366], [365491.5017937467, 6870556.438070407], [365542.085131167, 6870522.061876485], [365642.2186794644, 6870451.779054778], [365671.4256711898, 6870429.659607938], [365782.774665663, 6870354.571634892], [365862.2264327494, 6870293.1062045265], [366032.8136567478, 6870177.641618318], [366062.15808546916, 6870161.462315705], [366095.3333796756, 6870144.794324309], [366122.2184830947, 6870133.573610786], [366165.82097244245, 6870118.585630128], [366321.5497714045, 6870077.270494768], [366364.3601773612, 6870062.893416712], [366449.7232711053, 6870058.724918608], [366422.3407014018, 6870027.9654496005], [366395.7872396485, 6870015.033703896], [366371.42146407487, 6870008.165772658], [366360.9080182187, 6869995.858005213], [366293.3407644221, 6869971.105384386], [366255.307063977, 6869956.824879495], [366088.9928028054, 6869898.577344928], [366027.7750066177, 6869880.565734517], [365944.4079065683, 6869864.4419699395], [365885.6994089943, 6869858.74698317], [365792.99950064404, 6869854.340124509], [365726.43809320626, 6869862.174167354], [365671.1337692274, 6869871.1438099835], [365599.56384821597, 6869889.879658557], [365493.6615025257, 6869911.383667594], [365428.13218424347, 6869914.651250066], [365360.57864723075, 6869913.053005536], [365309.3296976652, 6869906.043668142], [365280.9964321306, 6869900.524596628], [365280.0066934431, 6869933.236069881], [365275.3235607288, 6869974.183203504], [365268.9465805155, 6870023.488452556], [365262.41196163755, 6870089.247454539], [365274.26539375447, 6870131.147137285], [365284.6002082353, 6870159.953756541], [365174.8598864891, 6870215.918240481], [365106.96896037925, 6870252.434068961], [365009.9137771339, 6870070.318062011], [365007.90982987, 6869981.003007276], [364986.7022843572, 6869950.099804885], [364979.0962599085, 6869947.03232507], [364970.0176262299, 6869946.662956816], [364939.9869394649, 6869957.546061943], [364938.11469020334, 6869974.656255744], [364941.87772303354, 6870060.190543311], [364936.84137171693, 6870086.406668125], [364933.2842970134, 6870096.427861185], [364928.7494460775, 6870104.454378346], [364875.049378782, 6870133.429151015], [365073.5602509022, 6870519.564676391], [365095.87562267506, 6870560.12086714], [364966.98802677565, 6870574.311309628], [364940.0813855296, 6870596.6990938205], [364913.6230310069, 6870608.143717293], [364885.05884347635, 6870610.699335934], [364830.4506255789, 6870636.527682384], [364823.45481278456, 6870654.754048668], [364850.5655130596, 6870695.387556974], [364948.64172989747, 6870836.382862283], [364827.2579394538, 6870929.48896516], [364845.13635619706, 6870957.40680299], [364871.80192639225, 6870999.298388214], [364952.455192717, 6870943.392927842], [365001.0528053439, 6870910.5365631515], [365187.6422582234, 6870776.505115615], [365247.30545059685, 6870733.113530831]]]}, "properties": {"id": "431410005120013", "CD_SETOR": "431410005120013", "bairro_seplan": "São Cristóvão", "populacao_universo_15m": 900, "alfabetizados": 872, "nao_alfabetizados": 28, "taxa_alfabetizacao": 96.89, "taxa_analfabetismo": 3.11, "homens_universo_15m": 425, "homens_alfabetizados": 413, "homens_nao_alfabetizados": 12, "taxa_alfabetizacao_homens": 97.18, "mulheres_universo_15m": 475, "mulheres_alfabetizadas": 459, "mulheres_nao_alfabetizadas": 16, "taxa_alfabetizacao_mulheres": 96.63, "classificacao_seplan": "95,0% a 97,5%", "fonte": "IBGE — Censo Demográfico 2022 (Agregados por Setores)", "natureza": "Dados estatísticos oficiais agregados por setor censitário"}}, {"type": "Feature", "geometry": {"type": "Polygon", "coordinates": [[[365280.9964321306, 6869900.524596628], [365241.10943731, 6869891.483262555], [365167.9143460222, 6869872.787989409], [365129.72902583476, 6869861.615878511], [365085.13245786866, 6869849.273628013], [364994.6485795879, 6869829.427470405], [364980.9971263928, 6869827.521138947], [364988.2971313627, 6869834.197605461], [364995.7140217121, 6869839.224300461], [365031.12368992483, 6869850.3652466005], [365034.4811026734, 6869852.697284328], [365036.2686459711, 6869856.795517337], [365036.5677793696, 6869859.81300764], [365036.1836461077, 6869863.3989397455], [365034.15256917523, 6869868.628297193], [365019.2035596874, 6869896.249695704], [365012.9489395916, 6869915.770014206], [365007.90982987, 6869981.003007276], [365009.9137771339, 6870070.318062011], [365106.96896037925, 6870252.434068961], [365174.8598864891, 6870215.918240481], [365284.6002082353, 6870159.953756541], [365274.26539375447, 6870131.147137285], [365262.41196163755, 6870089.247454539], [365268.9465805155, 6870023.488452556], [365275.3235607288, 6869974.183203504], [365280.0066934431, 6869933.236069881], [365280.9964321306, 6869900.524596628]]]}, "properties": {"id": "431410005120014", "CD_SETOR": "431410005120014", "bairro_seplan": "São Cristóvão", "populacao_universo_15m": 389, "alfabetizados": 367, "nao_alfabetizados": 22, "taxa_alfabetizacao": 94.34, "taxa_analfabetismo": 5.66, "homens_universo_15m": 185, "homens_alfabetizados": 174, "homens_nao_alfabetizados": 11, "taxa_alfabetizacao_homens": 94.05, "mulheres_universo_15m": 204, "mulheres_alfabetizadas": 193, "mulheres_nao_alfabetizadas": 11, "taxa_alfabetizacao_mulheres": 94.61, "classificacao_seplan": "92,0% a 95,0%", "fonte": "IBGE — Censo Demográfico 2022 (Agregados por Setores)", "natureza": "Dados estatísticos oficiais agregados por setor censitário"}}, {"type": "Feature", "geometry": {"type": "Polygon", "coordinates": [[[365007.90982987, 6869981.003007276], [365012.9489395916, 6869915.770014206], [365019.2035596874, 6869896.249695704], [365034.15256917523, 6869868.628297193], [365036.1836461077, 6869863.3989397455], [365036.5677793696, 6869859.81300764], [365036.2686459711, 6869856.795517337], [365034.4811026734, 6869852.697284328], [365031.12368992483, 6869850.3652466005], [364995.7140217121, 6869839.224300461], [364988.2971313627, 6869834.197605461], [364980.9971263928, 6869827.521138947], [364923.3545375752, 6869823.861358154], [364863.4078141286, 6869826.147792246], [364820.36290929816, 6869831.7294394355], [364748.3278376342, 6869845.545930451], [364644.3741130743, 6869875.785565279], [364489.59885867976, 6869922.51955591], [364496.4237672999, 6869950.1454835255], [364523.7209617614, 6869987.945257911], [364568.02562186413, 6870036.1450851], [364571.42335002404, 6870045.248335802], [364604.0253601672, 6870103.852525951], [364618.42415034724, 6870146.845848959], [364621.0272371655, 6870212.653620098], [364661.4282495413, 6870271.246934057], [364705.7249315648, 6870316.853054006], [364742.2236168772, 6870365.051670855], [364763.0244073506, 6870407.552660014], [364841.22413680446, 6870432.346589651], [364899.92467787495, 6870457.050771011], [364954.62186190323, 6870487.050179178], [365017.1285329928, 6870516.949857321], [365073.5602509022, 6870519.564676391], [364875.049378782, 6870133.429151015], [364928.7494460775, 6870104.454378346], [364933.2842970134, 6870096.427861185], [364936.84137171693, 6870086.406668125], [364941.87772303354, 6870060.190543311], [364938.11469020334, 6869974.656255744], [364939.9869394649, 6869957.546061943], [364970.0176262299, 6869946.662956816], [364979.0962599085, 6869947.03232507], [364986.7022843572, 6869950.099804885], [365007.90982987, 6869981.003007276]]]}, "properties": {"id": "431410005120015", "CD_SETOR": "431410005120015", "bairro_seplan": "São Cristóvão", "populacao_universo_15m": 62, "alfabetizados": 57, "nao_alfabetizados": 5, "taxa_alfabetizacao": 91.94, "taxa_analfabetismo": 8.06, "homens_universo_15m": 29, "homens_alfabetizados": 29, "homens_nao_alfabetizados": 0, "taxa_alfabetizacao_homens": 100.0, "mulheres_universo_15m": 33, "mulheres_alfabetizadas": 28, "mulheres_nao_alfabetizadas": 5, "taxa_alfabetizacao_mulheres": 84.85, "classificacao_seplan": "Menor que 92,0%", "fonte": "IBGE — Censo Demográfico 2022 (Agregados por Setores)", "natureza": "Dados estatísticos oficiais agregados por setor censitário"}}, {"type": "Feature", "geometry": {"type": "Polygon", "coordinates": [[[366449.7232711053, 6870058.724918608], [366364.3601773612, 6870062.893416712], [366321.5497714045, 6870077.270494768], [366165.82097244245, 6870118.585630128], [366122.2184830947, 6870133.573610786], [366095.3333796756, 6870144.794324309], [366062.15808546916, 6870161.462315705], [366032.8136567478, 6870177.641618318], [365862.2264327494, 6870293.1062045265], [365782.774665663, 6870354.571634892], [365671.4256711898, 6870429.659607938], [365642.2186794644, 6870451.779054778], [365542.085131167, 6870522.061876485], [365547.29513409745, 6870539.241351241], [365583.1848489763, 6870641.506286081], [365634.15057094686, 6870627.057945267], [365654.50187042553, 6870622.978001406], [365796.88424335874, 6870634.08706449], [365982.3335834453, 6870630.056893278], [365983.1279520838, 6870702.968658155], [366133.4943592424, 6870701.198941013], [366372.9044376875, 6870720.709654739], [366390.2613750724, 6870730.767452246], [366397.20533881546, 6870732.596516456], [366449.6166088588, 6870466.963221297], [366490.8202653057, 6870264.388026578], [366496.94416534447, 6870217.074137526], [366498.5818582837, 6870191.849795267], [366496.978893484, 6870159.120282042], [366467.4793157993, 6870086.383974292], [366449.7232711053, 6870058.724918608]]]}, "properties": {"id": "431410005120016", "CD_SETOR": "431410005120016", "bairro_seplan": "São Cristóvão", "populacao_universo_15m": 1084, "alfabetizados": 1071, "nao_alfabetizados": 13, "taxa_alfabetizacao": 98.8, "taxa_analfabetismo": 1.2, "homens_universo_15m": 517, "homens_alfabetizados": 510, "homens_nao_alfabetizados": 7, "taxa_alfabetizacao_homens": 98.65, "mulheres_universo_15m": 567, "mulheres_alfabetizadas": 561, "mulheres_nao_alfabetizadas": 6, "taxa_alfabetizacao_mulheres": 98.94, "classificacao_seplan": "97,5% a 99,0%", "fonte": "IBGE — Censo Demográfico 2022 (Agregados por Setores)", "natureza": "Dados estatísticos oficiais agregados por setor censitário"}}, {"type": "Feature", "geometry": {"type": "Polygon", "coordinates": [[[363017.98368312756, 6869665.538817495], [363027.67485508654, 6869680.787864799], [363033.5606810476, 6869725.712946119], [363039.90620101796, 6869747.838039533], [363051.1476712879, 6869763.049568969], [363070.836761032, 6869775.510792181], [363094.2209963554, 6869780.568038983], [363127.2659964921, 6869783.143785028], [363168.140166403, 6869791.505604381], [363190.8427050966, 6869803.790863268], [363196.70911057724, 6869813.067119323], [363197.92006521963, 6869825.425642193], [363195.2448184351, 6869847.302454896], [363196.8561376203, 6869894.660278064], [363198.5928070431, 6869922.660550742], [363209.23882880516, 6869946.153831125], [363254.04004159506, 6869995.073781229], [363280.5231831714, 6870033.399120936], [363296.8215469818, 6870071.163688312], [363310.43373697635, 6870141.985923827], [363672.5597460354, 6870140.260855444], [363679.8392891379, 6870140.1451091375], [363772.46440783516, 6870137.619602328], [363791.720680648, 6870135.790850991], [363826.12037474726, 6870131.531947132], [363856.4813450982, 6870127.049260593], [363898.78507625253, 6870118.681133621], [363982.4292157013, 6870098.686579587], [364050.1379942314, 6870075.749471208], [363823.81364401174, 6869787.598918043], [363800.80237911956, 6869760.3073394485], [363789.4577066321, 6869743.754551933], [363769.6645309615, 6869712.133872138], [363744.62435367925, 6869668.529400399], [363738.2325212688, 6869635.82161409], [363727.70919974276, 6869572.592857106], [363721.2010742709, 6869505.653704504], [363713.1606602281, 6869506.29260693], [363376.05538043065, 6869571.857511319], [362983.71574435936, 6869649.994579241], [363001.09580626694, 6869654.295570955], [363017.98368312756, 6869665.538817495]]]}, "properties": {"id": "431410005130001", "CD_SETOR": "431410005130001", "bairro_seplan": "Roselândia", "populacao_universo_15m": 18, "alfabetizados": 18, "nao_alfabetizados": 0, "taxa_alfabetizacao": 100.0, "taxa_analfabetismo": 0.0, "homens_universo_15m": 10, "homens_alfabetizados": 10, "homens_nao_alfabetizados": 0, "taxa_alfabetizacao_homens": 100.0, "mulheres_universo_15m": 8, "mulheres_alfabetizadas": 8, "mulheres_nao_alfabetizadas": 0, "taxa_alfabetizacao_mulheres": 100.0, "classificacao_seplan": "Maior que 99,0%", "fonte": "IBGE — Censo Demográfico 2022 (Agregados por Setores)", "natureza": "Dados estatísticos oficiais agregados por setor censitário"}}, {"type": "Feature", "geometry": {"type": "Polygon", "coordinates": [[[362814.45326596894, 6869637.819610847], [362819.10307102883, 6869647.093074188], [362827.4300366629, 6869652.220363302], [362836.7230668622, 6869652.693599288], [362862.8171813616, 6869646.468676096], [362873.68064455147, 6869643.458364323], [362878.48964806716, 6869643.214808708], [362882.676952366, 6869644.991936069], [362895.59002225637, 6869655.579905979], [362903.1242936268, 6869657.16303622], [362912.43193757854, 6869656.373113812], [362928.9237055254, 6869650.1256253775], [362940.07944702444, 6869647.284853235], [362952.55801740015, 6869646.254537043], [362966.90785797965, 6869647.107501309], [362983.71574435936, 6869649.994579241], [363376.05538043065, 6869571.857511319], [363713.1606602281, 6869506.29260693], [363721.2010742709, 6869505.653704504], [363718.3374228687, 6869471.501574557], [363760.94383006875, 6869384.571399966], [363786.5355672779, 6869339.177553363], [363802.72708229074, 6869265.950313093], [363815.733285193, 6869209.574286718], [363843.9071342295, 6869115.253006328], [363841.8986156795, 6869104.824624138], [363754.42647387384, 6868739.2565792585], [363760.8207937373, 6868685.552707251], [363929.52149942884, 6868656.652304638], [363904.7218884863, 6868555.561184095], [363989.1206244742, 6868521.857170922], [363835.49627843476, 6868122.440985456], [363575.4657660868, 6868102.971071706], [363611.91847163154, 6867732.566601865], [363726.01656847005, 6867684.457474744], [363825.31751879596, 6867612.2637487], [363433.2180958855, 6867592.966211511], [363368.72407548135, 6867785.45808998], [363249.62413769437, 6867838.459488947], [363125.5249773583, 6867953.955978558], [362951.8262805686, 6868290.858435372], [363120.5172231517, 6868295.656775434], [363163.73876591714, 6868304.123583942], [363130.41810167464, 6868521.851956874], [363130.4209758381, 6868642.150606088], [363243.7893111749, 6868623.358309306], [363241.8254258472, 6868936.249213139], [362880.5202249438, 6869180.350173481], [362842.3273378997, 6869243.049447199], [362852.0292503416, 6869298.845295364], [362843.32256245264, 6869326.547520202], [362830.52768510394, 6869364.253163213], [362813.12365625077, 6869395.954778263], [362803.9293582689, 6869422.554285017], [362790.62277473573, 6869441.748188097], [362782.8265297659, 6869450.944055298], [362794.127945406, 6869466.854682272], [362795.429462802, 6869485.752293704], [362795.4232230893, 6869498.152201114], [362797.82663119154, 6869504.053117021], [362805.6257238218, 6869514.947676076], [362816.4391355723, 6869528.115544584], [362825.6278732808, 6869536.743425684], [362831.1590520323, 6869550.370958954], [362830.01379374857, 6869567.965892086], [362830.8941759862, 6869591.900611328], [362829.61094339425, 6869600.229979071], [362825.6561749346, 6869608.871946277], [362818.8218078578, 6869615.463785103], [362813.83085681614, 6869624.647820314], [362813.400718137, 6869631.302703574], [362814.45326596894, 6869637.819610847]]]}, "properties": {"id": "431410005130002", "CD_SETOR": "431410005130002", "bairro_seplan": "Roselândia", "populacao_universo_15m": 1425, "alfabetizados": 1377, "nao_alfabetizados": 48, "taxa_alfabetizacao": 96.63, "taxa_analfabetismo": 3.37, "homens_universo_15m": 698, "homens_alfabetizados": 676, "homens_nao_alfabetizados": 22, "taxa_alfabetizacao_homens": 96.85, "mulheres_universo_15m": 727, "mulheres_alfabetizadas": 701, "mulheres_nao_alfabetizadas": 26, "taxa_alfabetizacao_mulheres": 96.42, "classificacao_seplan": "95,0% a 97,5%", "fonte": "IBGE — Censo Demográfico 2022 (Agregados por Setores)", "natureza": "Dados estatísticos oficiais agregados por setor censitário"}}, {"type": "Feature", "geometry": {"type": "Polygon", "coordinates": [[[364489.59885867976, 6869922.51955591], [364644.3741130743, 6869875.785565279], [364748.3278376342, 6869845.545930451], [364820.36290929816, 6869831.7294394355], [364863.4078141286, 6869826.147792246], [364923.3545375752, 6869823.861358154], [364980.9971263928, 6869827.521138947], [364994.6485795879, 6869829.427470405], [365085.13245786866, 6869849.273628013], [365129.72902583476, 6869861.615878511], [365167.9143460222, 6869872.787989409], [365241.10943731, 6869891.483262555], [365280.9964321306, 6869900.524596628], [365309.3296976652, 6869906.043668142], [365360.57864723075, 6869913.053005536], [365428.13218424347, 6869914.651250066], [365493.6615025257, 6869911.383667594], [365599.56384821597, 6869889.879658557], [365671.1337692274, 6869871.1438099835], [365726.43809320626, 6869862.174167354], [365792.99950064404, 6869854.340124509], [365885.6994089943, 6869858.74698317], [365944.4079065683, 6869864.4419699395], [366027.7750066177, 6869880.565734517], [366088.9928028054, 6869898.577344928], [366255.307063977, 6869956.824879495], [366293.3407644221, 6869971.105384386], [366360.9080182187, 6869995.858005213], [366371.42146407487, 6870008.165772658], [366395.7872396485, 6870015.033703896], [366422.3407014018, 6870027.9654496005], [366449.7232711053, 6870058.724918608], [366500.82284609275, 6870039.897488479], [366574.29366662627, 6870005.575417316], [366624.6686249112, 6869992.70095699], [366728.1410318967, 6869963.812823584], [366990.220574701, 6869890.950837953], [367123.27879376424, 6869851.964005685], [367130.3519516949, 6869850.104107387], [367226.14225401747, 6869824.660495222], [367322.0275594508, 6869797.699083981], [367383.4589025817, 6869780.069568803], [367544.86321257486, 6869734.702295668], [367543.68296667654, 6869507.693230668], [367543.4532037305, 6869499.29120448], [367542.3355625501, 6869493.981956787], [367538.58156341885, 6869487.612701626], [367532.5501284434, 6869481.417448054], [367461.74744079204, 6869436.467702071], [367416.2813485305, 6869419.415063693], [366534.41676999145, 6869708.961355919], [366429.7170021921, 6869701.554276306], [366391.7182586093, 6869680.758857554], [366336.4233672605, 6869659.457986486], [366301.5172224455, 6869648.8585415855], [366271.52062391525, 6869638.657903621], [366233.821440328, 6869627.860520522], [366188.61899011064, 6869614.451800227], [366143.9179357247, 6869603.552903655], [366099.52514910355, 6869593.155968744], [366053.82537624426, 6869583.852206844], [366005.1235227351, 6869576.353794335], [365964.4170523612, 6869570.452643203], [365867.0161739183, 6869562.159001365], [365801.7229129258, 6869562.9601194905], [365743.82556973497, 6869565.451432691], [365680.2202686776, 6869571.357259965], [365618.7221073366, 6869586.05184613], [365598.9231224507, 6869589.151684588], [365553.5245885502, 6869593.955721939], [365487.7225632901, 6869605.852686631], [365428.9173680027, 6869621.751477823], [365395.02546352556, 6869632.458859481], [365364.5172201514, 6869631.957188677], [365321.0193282225, 6869629.158087069], [365283.3199349941, 6869608.949710386], [365119.5241767373, 6869574.951264272], [364817.42185619345, 6869525.455718412], [364628.21896509535, 6869541.757351235], [364428.9228709838, 6869589.754734805], [364344.3401262457, 6869621.87543083], [364226.3270610712, 6869665.347644102], [363995.2239304872, 6869774.352513637], [363843.9071342295, 6869115.253006328], [363815.733285193, 6869209.574286718], [363802.72708229074, 6869265.950313093], [363786.5355672779, 6869339.177553363], [363760.94383006875, 6869384.571399966], [363718.3374228687, 6869471.501574557], [363721.2010742709, 6869505.653704504], [363727.70919974276, 6869572.592857106], [363738.2325212688, 6869635.82161409], [363744.62435367925, 6869668.529400399], [363769.6645309615, 6869712.133872138], [363789.4577066321, 6869743.754551933], [363800.80237911956, 6869760.3073394485], [363823.81364401174, 6869787.598918043], [364050.1379942314, 6870075.749471208], [364489.59885867976, 6869922.51955591]]]}, "properties": {"id": "431410005130003", "CD_SETOR": "431410005130003", "bairro_seplan": "Roselândia", "populacao_universo_15m": 225, "alfabetizados": 216, "nao_alfabetizados": 9, "taxa_alfabetizacao": 96.0, "taxa_analfabetismo": 4.0, "homens_universo_15m": 113, "homens_alfabetizados": 107, "homens_nao_alfabetizados": 6, "taxa_alfabetizacao_homens": 94.69, "mulheres_universo_15m": 112, "mulheres_alfabetizadas": 109, "mulheres_nao_alfabetizadas": 3, "taxa_alfabetizacao_mulheres": 97.32, "classificacao_seplan": "95,0% a 97,5%", "fonte": "IBGE — Censo Demográfico 2022 (Agregados por Setores)", "natureza": "Dados estatísticos oficiais agregados por setor censitário"}}, {"type": "Feature", "geometry": {"type": "Polygon", "coordinates": [[[363841.8986156795, 6869104.824624138], [363892.4885356148, 6869004.920979209], [363946.3857409952, 6868869.750236426], [363974.3475878773, 6868837.315089654], [364062.1651808129, 6868755.390864753], [364092.5982643046, 6868598.962414021], [364085.953373789, 6868539.568217304], [364033.46784869244, 6868431.499894468], [364023.17355104303, 6868293.6305610165], [364011.09407646704, 6868235.259849086], [364024.4971230901, 6868094.604068812], [364072.0904651482, 6867766.546440317], [364058.5045461387, 6867706.174881782], [364000.28726268216, 6867575.8334149225], [363940.6763717625, 6867393.637329139], [363928.50804993266, 6867318.388578529], [363938.46646223776, 6867250.552579723], [363836.4206929873, 6867245.368146801], [363717.3334609404, 6866658.118788217], [363661.93329771917, 6866610.097235515], [363591.92041668645, 6866600.569718635], [363487.3195509687, 6866632.06493496], [363430.0200431206, 6866628.068577845], [363351.1181065623, 6866598.5682747895], [363346.01919136907, 6866567.969292898], [363350.0130028346, 6866503.1674946025], [363296.2540328387, 6866505.117672011], [363272.6200129988, 6866536.6813728735], [363298.13002276095, 6866594.864824298], [363256.9668345469, 6866632.010522215], [363233.39929125045, 6866657.790473189], [363233.13176763116, 6866680.947354519], [363215.14430414233, 6866727.048402458], [363156.69505851547, 6866749.521835113], [363051.8023340867, 6866762.78116033], [362987.62887987436, 6866776.510880474], [362955.6021719157, 6866779.03242328], [362955.9371787651, 6866750.09184587], [362971.21463856054, 6866686.5953147635], [362945.16992359445, 6866674.713825667], [362910.55665478716, 6866648.271904857], [362878.8319805436, 6866624.744481829], [362770.45765385276, 6866687.162139028], [362747.2146203096, 6866684.000458531], [362718.3586952584, 6866663.409168437], [362671.5805152465, 6866683.123342119], [362609.89223121153, 6866734.501048461], [362594.5021431985, 6866806.68368773], [362558.82395848486, 6866872.846340878], [362558.5552658057, 6866895.992173372], [362567.14728326234, 6866907.67192774], [362598.87217504496, 6866931.200171458], [362627.6614838395, 6866957.575414373], [362624.4569627977, 6866983.590489607], [362609.43611256935, 6867023.940699185], [362582.9879467831, 6867046.7827150915], [362527.58222266147, 6867057.71956625], [362503.8679700078, 6867095.076489284], [362500.41815253755, 6867141.345409721], [362464.873025034, 6867195.929357676], [362461.18779433076, 6867262.452251583], [362408.52496190707, 6867287.892711678], [362390.4325068779, 6867342.679246017], [362392.6286724572, 6867403.4860053975], [362421.45223102265, 6867426.980942551], [362446.9365649511, 6867488.05820624], [362422.6160462509, 6867577.512477074], [362387.22077420645, 6867619.066315891], [362342.80242928653, 6867685.126870215], [362291.4247165369, 6867849.519869277], [362295.9705618233, 6867959.577311158], [362309.46974388167, 6868049.459942155], [362401.1550176153, 6868172.109905362], [362409.18627889204, 6868232.984361155], [362390.7801286075, 6868313.830572287], [362394.99118283927, 6868452.828419626], [362497.81700108555, 6868619.023413957], [362652.5191071428, 6868829.246516613], [362721.4699153733, 6868905.3099201815], [362825.0751334198, 6869004.934054492], [362870.73298072687, 6869083.619007022], [362880.5202249438, 6869180.350173481], [363241.8254258472, 6868936.249213139], [363243.7893111749, 6868623.358309306], [363130.4209758381, 6868642.150606088], [363130.41810167464, 6868521.851956874], [363163.73876591714, 6868304.123583942], [363120.5172231517, 6868295.656775434], [362951.8262805686, 6868290.858435372], [363125.5249773583, 6867953.955978558], [363249.62413769437, 6867838.459488947], [363368.72407548135, 6867785.45808998], [363433.2180958855, 6867592.966211511], [363825.31751879596, 6867612.2637487], [363726.01656847005, 6867684.457474744], [363611.91847163154, 6867732.566601865], [363575.4657660868, 6868102.971071706], [363835.49627843476, 6868122.440985456], [363989.1206244742, 6868521.857170922], [363904.7218884863, 6868555.561184095], [363929.52149942884, 6868656.652304638], [363760.8207937373, 6868685.552707251], [363754.42647387384, 6868739.2565792585], [363841.8986156795, 6869104.824624138]]]}, "properties": {"id": "431410005130004", "CD_SETOR": "431410005130004", "bairro_seplan": "Roselândia", "populacao_universo_15m": 31, "alfabetizados": 31, "nao_alfabetizados": 0, "taxa_alfabetizacao": 100.0, "taxa_analfabetismo": 0.0, "homens_universo_15m": 17, "homens_alfabetizados": 17, "homens_nao_alfabetizados": 0, "taxa_alfabetizacao_homens": 100.0, "mulheres_universo_15m": 14, "mulheres_alfabetizadas": 14, "mulheres_nao_alfabetizadas": 0, "taxa_alfabetizacao_mulheres": 100.0, "classificacao_seplan": "Maior que 99,0%", "fonte": "IBGE — Censo Demográfico 2022 (Agregados por Setores)", "natureza": "Dados estatísticos oficiais agregados por setor censitário"}}, {"type": "Feature", "geometry": {"type": "Polygon", "coordinates": [[[368172.5588035523, 6869348.522774102], [368144.77707215806, 6869309.341350616], [368112.1304077952, 6869273.718130786], [368078.9419115328, 6869226.874746239], [368066.8590617614, 6869200.400546515], [368032.54966548947, 6869105.408393235], [368027.0718469238, 6869103.219820555], [367863.85146859835, 6869204.222055545], [367667.54641087796, 6869323.6130167805], [367416.2813485305, 6869419.415063693], [367461.74744079204, 6869436.467702071], [367532.5501284434, 6869481.417448054], [367538.58156341885, 6869487.612701626], [367542.3355625501, 6869493.981956787], [367543.4532037305, 6869499.29120448], [367543.68296667654, 6869507.693230668], [367544.86321257486, 6869734.702295668], [367697.24184950674, 6869693.786454501], [367747.48972825916, 6869679.742416948], [367776.51329661015, 6869670.00464138], [367814.6165343976, 6869652.600241747], [367840.10573819815, 6869638.756145643], [367866.9874118384, 6869621.414825276], [367909.39871508593, 6869588.82170544], [367979.532601575, 6869526.740332194], [368030.7925903375, 6869481.601891173], [368094.15909502597, 6869424.674788641], [368152.26687314897, 6869368.71940406], [368172.5588035523, 6869348.522774102]]]}, "properties": {"id": "431410005130005", "CD_SETOR": "431410005130005", "bairro_seplan": "Área Rural", "populacao_universo_15m": 227, "alfabetizados": 221, "nao_alfabetizados": 6, "taxa_alfabetizacao": 97.36, "taxa_analfabetismo": 2.64, "homens_universo_15m": 106, "homens_alfabetizados": 106, "homens_nao_alfabetizados": 0, "taxa_alfabetizacao_homens": 100.0, "mulheres_universo_15m": 119, "mulheres_alfabetizadas": 115, "mulheres_nao_alfabetizadas": 4, "taxa_alfabetizacao_mulheres": 96.64, "classificacao_seplan": "95,0% a 97,5%", "fonte": "IBGE — Censo Demográfico 2022 (Agregados por Setores)", "natureza": "Dados estatísticos oficiais agregados por setor censitário"}}, {"type": "Feature", "geometry": {"type": "Polygon", "coordinates": [[[364344.3401262457, 6869621.87543083], [364299.28155256563, 6869567.781849584], [364229.9148610617, 6869271.705672944], [364173.7958556105, 6869217.506927002], [364133.9875532825, 6869135.991260927], [364128.6035892406, 6869098.297615452], [364131.1004589887, 6869007.138663716], [364095.6738232132, 6868924.221394792], [364073.349105792, 6868841.465383296], [364062.1651808129, 6868755.390864753], [363974.3475878773, 6868837.315089654], [363946.3857409952, 6868869.750236426], [363892.4885356148, 6869004.920979209], [363841.8986156795, 6869104.824624138], [363843.9071342295, 6869115.253006328], [363995.2239304872, 6869774.352513637], [364226.3270610712, 6869665.347644102], [364344.3401262457, 6869621.87543083]]]}, "properties": {"id": "431410005130006", "CD_SETOR": "431410005130006", "bairro_seplan": "Roselândia", "populacao_universo_15m": 0, "alfabetizados": 0, "nao_alfabetizados": 0, "taxa_alfabetizacao": null, "taxa_analfabetismo": null, "homens_universo_15m": 0, "homens_alfabetizados": 0, "homens_nao_alfabetizados": 0, "taxa_alfabetizacao_homens": null, "mulheres_universo_15m": 0, "mulheres_alfabetizadas": 0, "mulheres_nao_alfabetizadas": 0, "taxa_alfabetizacao_mulheres": null, "classificacao_seplan": "Sem moradores de 15 anos ou mais", "fonte": "IBGE — Censo Demográfico 2022 (Agregados por Setores)", "natureza": "Dados estatísticos oficiais agregados por setor censitário"}}, {"type": "Feature", "geometry": {"type": "Polygon", "coordinates": [[[367491.5750855403, 6869996.960858105], [367401.6512669625, 6869903.893648748], [367336.1242142864, 6869827.321479429], [367322.0275594508, 6869797.699083981], [367226.14225401747, 6869824.660495222], [367130.3519516949, 6869850.104107387], [367123.27879376424, 6869851.964005685], [366990.220574701, 6869890.950837953], [366728.1410318967, 6869963.812823584], [366624.6686249112, 6869992.70095699], [366574.29366662627, 6870005.575417316], [366500.82284609275, 6870039.897488479], [366449.7232711053, 6870058.724918608], [366467.4793157993, 6870086.383974292], [366496.978893484, 6870159.120282042], [366498.5818582837, 6870191.849795267], [366496.94416534447, 6870217.074137526], [366490.8202653057, 6870264.388026578], [366449.6166088588, 6870466.963221297], [366397.20533881546, 6870732.596516456], [366283.92601325107, 6871306.905890726], [366246.11881530914, 6871493.085456101], [366244.77246786177, 6871495.907036437], [366339.32847248187, 6871487.3435641285], [366461.123602448, 6871502.544768047], [366618.1282839152, 6871535.050480334], [366670.22621612885, 6871536.145998762], [366776.2204087954, 6871515.3522172365], [366893.9240621709, 6871480.848661126], [367020.4257422579, 6871451.650727814], [367122.91995844047, 6871415.644687094], [367207.9280189662, 6871365.147432873], [367285.8194917615, 6871290.446487475], [367347.32111725264, 6871212.84688533], [367383.3253100895, 6871190.65529269], [367449.524308976, 6871129.751490863], [367510.6234870538, 6871066.053348682], [367575.2239246923, 6871019.048846561], [367645.9185089156, 6870984.954978762], [367671.8251621081, 6870963.857688269], [367703.2259089593, 6870922.454674742], [367783.22312861326, 6870866.855778858], [367844.82060950086, 6870842.654452078], [367913.0208722733, 6870803.356427295], [367956.21643010655, 6870748.255050316], [367990.02216969506, 6870651.051843422], [368023.71997812984, 6870565.260825643], [368025.4211314181, 6870486.460313992], [368023.02211387304, 6870459.650728408], [367523.1148002702, 6870035.122019464], [367491.5750855403, 6869996.960858105]]]}, "properties": {"id": "431410005140001", "CD_SETOR": "431410005140001", "bairro_seplan": "Vila Mattos", "populacao_universo_15m": 1702, "alfabetizados": 1628, "nao_alfabetizados": 74, "taxa_alfabetizacao": 95.65, "taxa_analfabetismo": 4.35, "homens_universo_15m": 808, "homens_alfabetizados": 773, "homens_nao_alfabetizados": 35, "taxa_alfabetizacao_homens": 95.67, "mulheres_universo_15m": 894, "mulheres_alfabetizadas": 855, "mulheres_nao_alfabetizadas": 39, "taxa_alfabetizacao_mulheres": 95.64, "classificacao_seplan": "95,0% a 97,5%", "fonte": "IBGE — Censo Demográfico 2022 (Agregados por Setores)", "natureza": "Dados estatísticos oficiais agregados por setor censitário"}}, {"type": "Feature", "geometry": {"type": "Polygon", "coordinates": [[[368172.5588035523, 6869348.522774102], [368152.26687314897, 6869368.71940406], [368094.15909502597, 6869424.674788641], [368030.7925903375, 6869481.601891173], [367979.532601575, 6869526.740332194], [367909.39871508593, 6869588.82170544], [367866.9874118384, 6869621.414825276], [367840.10573819815, 6869638.756145643], [367814.6165343976, 6869652.600241747], [367776.51329661015, 6869670.00464138], [367747.48972825916, 6869679.742416948], [367697.24184950674, 6869693.786454501], [367544.86321257486, 6869734.702295668], [367383.4589025817, 6869780.069568803], [367322.0275594508, 6869797.699083981], [367336.1242142864, 6869827.321479429], [367401.6512669625, 6869903.893648748], [367491.5750855403, 6869996.960858105], [367967.1565240094, 6869856.7403855175], [368325.0112456493, 6869603.06497553], [368172.5588035523, 6869348.522774102]]]}, "properties": {"id": "431410005140002", "CD_SETOR": "431410005140002", "bairro_seplan": "Área Rural", "populacao_universo_15m": 0, "alfabetizados": 0, "nao_alfabetizados": 0, "taxa_alfabetizacao": null, "taxa_analfabetismo": null, "homens_universo_15m": 0, "homens_alfabetizados": 0, "homens_nao_alfabetizados": 0, "taxa_alfabetizacao_homens": null, "mulheres_universo_15m": 0, "mulheres_alfabetizadas": 0, "mulheres_nao_alfabetizadas": 0, "taxa_alfabetizacao_mulheres": null, "classificacao_seplan": "Sem moradores de 15 anos ou mais", "fonte": "IBGE — Censo Demográfico 2022 (Agregados por Setores)", "natureza": "Dados estatísticos oficiais agregados por setor censitário"}}, {"type": "Feature", "geometry": {"type": "Polygon", "coordinates": [[[362229.48350461904, 6874548.94484742], [362290.30043299467, 6874477.178953152], [362345.37187943433, 6874413.41331927], [362239.7322788625, 6874321.066914076], [362127.04377751984, 6874221.567769789], [362013.0576308315, 6874123.2823841], [362002.5439204497, 6874143.106468627], [362002.9430154342, 6874225.267653605], [362000.54376597854, 6874269.598091889], [361933.877064025, 6874240.166837262], [361943.05453637615, 6874379.155146465], [361943.6284639584, 6874399.839471873], [361901.92286263255, 6874492.847156012], [361857.31509496376, 6874587.283680147], [361844.4714310365, 6874620.921049565], [362022.5537211273, 6874576.893642288], [362058.0904534371, 6874568.0093535], [362126.56838304026, 6874553.191186057], [362196.3835325682, 6874549.114808453], [362229.48350461904, 6874548.94484742]]]}, "properties": {"id": "431410005150001", "CD_SETOR": "431410005150001", "bairro_seplan": "Annes", "populacao_universo_15m": 578, "alfabetizados": 568, "nao_alfabetizados": 10, "taxa_alfabetizacao": 98.27, "taxa_analfabetismo": 1.73, "homens_universo_15m": 261, "homens_alfabetizados": 261, "homens_nao_alfabetizados": 0, "taxa_alfabetizacao_homens": 100.0, "mulheres_universo_15m": 315, "mulheres_alfabetizadas": 307, "mulheres_nao_alfabetizadas": 8, "taxa_alfabetizacao_mulheres": 97.46, "classificacao_seplan": "97,5% a 99,0%", "fonte": "IBGE — Censo Demográfico 2022 (Agregados por Setores)", "natureza": "Dados estatísticos oficiais agregados por setor censitário"}}, {"type": "Feature", "geometry": {"type": "Polygon", "coordinates": [[[362928.9646093837, 6874199.704025513], [362877.0574070548, 6874153.8377942], [362793.95313438645, 6874081.182055304], [362722.9383791874, 6874020.411594851], [362644.9397622743, 6874110.453143539], [362617.6168560153, 6874141.463663287], [362530.3243696258, 6874239.131687426], [362407.204545876, 6874132.810324064], [362351.21871042775, 6874196.022601453], [362296.4825284538, 6874256.345845558], [362239.7322788625, 6874321.066914076], [362345.37187943433, 6874413.41331927], [362290.30043299467, 6874477.178953152], [362229.48350461904, 6874548.94484742], [362314.19687819504, 6874563.247129192], [362357.73314392427, 6874571.918763088], [362435.44965737563, 6874604.068507589], [362477.2429916039, 6874622.603966159], [362514.1182578161, 6874641.315033583], [362527.6978194183, 6874620.229521598], [362592.07256166806, 6874601.261124767], [362704.30151661247, 6874598.570080579], [362738.72691711225, 6874590.701484178], [362765.1525096436, 6874553.330752963], [362791.2679065758, 6874523.258914513], [362839.2306961239, 6874394.240276584], [362850.66632452083, 6874364.153870808], [362882.08747624326, 6874298.583488829], [362903.02882012853, 6874257.647485217], [362928.9646093837, 6874199.704025513]]]}, "properties": {"id": "431410005150002", "CD_SETOR": "431410005150002", "bairro_seplan": "Annes", "populacao_universo_15m": 403, "alfabetizados": 397, "nao_alfabetizados": 6, "taxa_alfabetizacao": 98.51, "taxa_analfabetismo": 1.49, "homens_universo_15m": 189, "homens_alfabetizados": 185, "homens_nao_alfabetizados": 4, "taxa_alfabetizacao_homens": 97.88, "mulheres_universo_15m": 212, "mulheres_alfabetizadas": 212, "mulheres_nao_alfabetizadas": 0, "taxa_alfabetizacao_mulheres": 100.0, "classificacao_seplan": "97,5% a 99,0%", "fonte": "IBGE — Censo Demográfico 2022 (Agregados por Setores)", "natureza": "Dados estatísticos oficiais agregados por setor censitário"}}, {"type": "Feature", "geometry": {"type": "Polygon", "coordinates": [[[362407.204545876, 6874132.810324064], [362292.9059126674, 6874032.595925933], [362175.92612240853, 6873930.221583194], [362124.0158313243, 6873991.407940483], [362066.70506071555, 6874057.939007709], [362013.0576308315, 6874123.2823841], [362127.04377751984, 6874221.567769789], [362239.7322788625, 6874321.066914076], [362296.4825284538, 6874256.345845558], [362351.21871042775, 6874196.022601453], [362407.204545876, 6874132.810324064]]]}, "properties": {"id": "431410005150003", "CD_SETOR": "431410005150003", "bairro_seplan": "Annes", "populacao_universo_15m": 460, "alfabetizados": 457, "nao_alfabetizados": 3, "taxa_alfabetizacao": 99.35, "taxa_analfabetismo": 0.65, "homens_universo_15m": 196, "homens_alfabetizados": 196, "homens_nao_alfabetizados": 0, "taxa_alfabetizacao_homens": 100.0, "mulheres_universo_15m": 264, "mulheres_alfabetizadas": 261, "mulheres_nao_alfabetizadas": 3, "taxa_alfabetizacao_mulheres": 98.86, "classificacao_seplan": "Maior que 99,0%", "fonte": "IBGE — Censo Demográfico 2022 (Agregados por Setores)", "natureza": "Dados estatísticos oficiais agregados por setor censitário"}}, {"type": "Feature", "geometry": {"type": "Polygon", "coordinates": [[[361563.15516292, 6874695.4463074785], [361844.4714310365, 6874620.921049565], [361857.31509496376, 6874587.283680147], [361901.92286263255, 6874492.847156012], [361943.6284639584, 6874399.839471873], [361943.05453637615, 6874379.155146465], [361933.877064025, 6874240.166837262], [361874.28216006554, 6874213.543461921], [361751.8528909824, 6874157.953140484], [361603.1451381289, 6874483.04098015], [361569.87666094373, 6874554.9031519145], [361538.07450571086, 6874623.845801847], [361425.1510617283, 6874573.272141175], [361371.8925140238, 6874698.101809604], [361354.5961550083, 6874737.293874413], [361337.9924397828, 6874755.816309764], [361499.05632675544, 6874714.1021825895], [361563.15516292, 6874695.4463074785]]]}, "properties": {"id": "431410005150004", "CD_SETOR": "431410005150004", "bairro_seplan": "Annes", "populacao_universo_15m": 620, "alfabetizados": 610, "nao_alfabetizados": 10, "taxa_alfabetizacao": 98.39, "taxa_analfabetismo": 1.61, "homens_universo_15m": 289, "homens_alfabetizados": 285, "homens_nao_alfabetizados": 4, "taxa_alfabetizacao_homens": 98.62, "mulheres_universo_15m": 331, "mulheres_alfabetizadas": 325, "mulheres_nao_alfabetizadas": 6, "taxa_alfabetizacao_mulheres": 98.19, "classificacao_seplan": "97,5% a 99,0%", "fonte": "IBGE — Censo Demográfico 2022 (Agregados por Setores)", "natureza": "Dados estatísticos oficiais agregados por setor censitário"}}, {"type": "Feature", "geometry": {"type": "Polygon", "coordinates": [[[361337.9924397828, 6874755.816309764], [361354.5961550083, 6874737.293874413], [361371.8925140238, 6874698.101809604], [361425.1510617283, 6874573.272141175], [361393.18880388455, 6874559.180438841], [361356.84720395796, 6874542.821252778], [361247.0196175381, 6874493.633881357], [361172.64602067583, 6874460.373867817], [361119.55968430545, 6874586.224030681], [361044.6861186043, 6874552.059798123], [360966.3699686231, 6874517.788271824], [360856.1000159733, 6874469.644735316], [360823.3080207287, 6874468.65093176], [360798.38287913316, 6874523.14481388], [360728.9390003745, 6874572.462412458], [360816.12276671495, 6874637.955817437], [360865.7049578258, 6874675.7922876645], [360903.7314813073, 6874700.760744423], [360942.19554572797, 6874723.573337762], [360964.15530190914, 6874733.748253014], [361005.6721478184, 6874748.950266648], [361029.7219840806, 6874756.622980652], [361054.5024809095, 6874763.07416842], [361106.9899597748, 6874773.273531716], [361151.63600749895, 6874777.685184072], [361205.0432178002, 6874776.370307358], [361284.0647975907, 6874767.254004774], [361324.19801626256, 6874758.968531039], [361337.9924397828, 6874755.816309764]]]}, "properties": {"id": "431410005150005", "CD_SETOR": "431410005150005", "bairro_seplan": "Annes", "populacao_universo_15m": 527, "alfabetizados": 497, "nao_alfabetizados": 30, "taxa_alfabetizacao": 94.31, "taxa_analfabetismo": 5.69, "homens_universo_15m": 243, "homens_alfabetizados": 228, "homens_nao_alfabetizados": 15, "taxa_alfabetizacao_homens": 93.83, "mulheres_universo_15m": 284, "mulheres_alfabetizadas": 269, "mulheres_nao_alfabetizadas": 15, "taxa_alfabetizacao_mulheres": 94.72, "classificacao_seplan": "92,0% a 95,0%", "fonte": "IBGE — Censo Demográfico 2022 (Agregados por Setores)", "natureza": "Dados estatísticos oficiais agregados por setor censitário"}}, {"type": "Feature", "geometry": {"type": "Polygon", "coordinates": [[[361603.1451381289, 6874483.04098015], [361751.8528909824, 6874157.953140484], [361629.68794286146, 6874100.824275186], [361503.76455152273, 6874047.185175996], [361380.07800239616, 6873991.986172109], [361207.45149552525, 6874040.677266194], [361160.47244654654, 6874151.251345508], [361112.4742870267, 6874259.120587097], [361063.1351814668, 6874240.015344253], [361028.56912375835, 6874233.039564416], [361004.2891473333, 6874232.544787612], [360972.85479679727, 6874280.746157005], [361126.33112429455, 6874351.25757001], [361279.8467586882, 6874421.911415096], [361426.2731028402, 6874488.901181424], [361457.430713702, 6874416.360942734], [361481.1291785545, 6874427.197916554], [361603.1451381289, 6874483.04098015]]]}, "properties": {"id": "431410005150006", "CD_SETOR": "431410005150006", "bairro_seplan": "Annes", "populacao_universo_15m": 774, "alfabetizados": 769, "nao_alfabetizados": 5, "taxa_alfabetizacao": 99.35, "taxa_analfabetismo": 0.65, "homens_universo_15m": 345, "homens_alfabetizados": 345, "homens_nao_alfabetizados": 0, "taxa_alfabetizacao_homens": 100.0, "mulheres_universo_15m": 428, "mulheres_alfabetizadas": 424, "mulheres_nao_alfabetizadas": 4, "taxa_alfabetizacao_mulheres": 99.07, "classificacao_seplan": "Maior que 99,0%", "fonte": "IBGE — Censo Demográfico 2022 (Agregados por Setores)", "natureza": "Dados estatísticos oficiais agregados por setor censitário"}}, {"type": "Feature", "geometry": {"type": "Polygon", "coordinates": [[[360856.1000159733, 6874469.644735316], [360921.67898374336, 6874357.294946944], [360972.85479679727, 6874280.746157005], [361004.2891473333, 6874232.544787612], [360840.95547724824, 6874228.005168499], [360753.31599317363, 6874281.941005278], [360663.49145282205, 6874343.064539056], [360543.38670820836, 6874419.855435891], [360467.31304586196, 6874470.489915571], [360495.942260023, 6874472.510684112], [360517.58866426465, 6874475.87884842], [360548.7148295011, 6874482.5275761], [360582.4546938229, 6874492.221033625], [360608.60123895993, 6874500.9387456905], [360645.8925988959, 6874515.715716191], [360662.0000951892, 6874523.661680918], [360697.2641759279, 6874548.986280713], [360728.9390003745, 6874572.462412458], [360798.38287913316, 6874523.14481388], [360823.3080207287, 6874468.65093176], [360856.1000159733, 6874469.644735316]]]}, "properties": {"id": "431410005150007", "CD_SETOR": "431410005150007", "bairro_seplan": "Annes", "populacao_universo_15m": 411, "alfabetizados": 400, "nao_alfabetizados": 11, "taxa_alfabetizacao": 97.32, "taxa_analfabetismo": 2.68, "homens_universo_15m": 191, "homens_alfabetizados": 188, "homens_nao_alfabetizados": 3, "taxa_alfabetizacao_homens": 98.43, "mulheres_universo_15m": 220, "mulheres_alfabetizadas": 212, "mulheres_nao_alfabetizadas": 8, "taxa_alfabetizacao_mulheres": 96.36, "classificacao_seplan": "95,0% a 97,5%", "fonte": "IBGE — Censo Demográfico 2022 (Agregados por Setores)", "natureza": "Dados estatísticos oficiais agregados por setor censitário"}}, {"type": "Feature", "geometry": {"type": "Polygon", "coordinates": [[[362013.0576308315, 6874123.2823841], [362066.70506071555, 6874057.939007709], [362124.0158313243, 6873991.407940483], [362014.59519194555, 6873897.297682929], [361955.7710138855, 6873964.010103624], [361928.0773761228, 6874003.137385432], [361942.55728517397, 6874061.604383893], [361922.75022898405, 6874106.829424607], [361799.87058901996, 6874051.234306153], [361676.37667522917, 6873996.240166444], [361550.73387133714, 6873940.499333581], [361380.07800239616, 6873991.986172109], [361503.76455152273, 6874047.185175996], [361629.68794286146, 6874100.824275186], [361751.8528909824, 6874157.953140484], [361874.28216006554, 6874213.543461921], [361933.877064025, 6874240.166837262], [362000.54376597854, 6874269.598091889], [362002.9430154342, 6874225.267653605], [362002.5439204497, 6874143.106468627], [362013.0576308315, 6874123.2823841]]]}, "properties": {"id": "431410005150008", "CD_SETOR": "431410005150008", "bairro_seplan": "Annes", "populacao_universo_15m": 410, "alfabetizados": 407, "nao_alfabetizados": 3, "taxa_alfabetizacao": 99.27, "taxa_analfabetismo": 0.73, "homens_universo_15m": 197, "homens_alfabetizados": 197, "homens_nao_alfabetizados": 0, "taxa_alfabetizacao_homens": 100.0, "mulheres_universo_15m": 213, "mulheres_alfabetizadas": 210, "mulheres_nao_alfabetizadas": 3, "taxa_alfabetizacao_mulheres": 98.59, "classificacao_seplan": "Maior que 99,0%", "fonte": "IBGE — Censo Demográfico 2022 (Agregados por Setores)", "natureza": "Dados estatísticos oficiais agregados por setor censitário"}}, {"type": "Feature", "geometry": {"type": "Polygon", "coordinates": [[[362175.92612240853, 6873930.221583194], [362068.67399000935, 6873836.125903919], [362014.59519194555, 6873897.297682929], [362124.0158313243, 6873991.407940483], [362175.92612240853, 6873930.221583194]]]}, "properties": {"id": "431410005150009", "CD_SETOR": "431410005150009", "bairro_seplan": "Annes", "populacao_universo_15m": 143, "alfabetizados": 143, "nao_alfabetizados": 0, "taxa_alfabetizacao": 100.0, "taxa_analfabetismo": 0.0, "homens_universo_15m": 57, "homens_alfabetizados": 57, "homens_nao_alfabetizados": 0, "taxa_alfabetizacao_homens": 100.0, "mulheres_universo_15m": 86, "mulheres_alfabetizadas": 86, "mulheres_nao_alfabetizadas": 0, "taxa_alfabetizacao_mulheres": 100.0, "classificacao_seplan": "Maior que 99,0%", "fonte": "IBGE — Censo Demográfico 2022 (Agregados por Setores)", "natureza": "Dados estatísticos oficiais agregados por setor censitário"}}, {"type": "Feature", "geometry": {"type": "Polygon", "coordinates": [[[361603.1451381289, 6874483.04098015], [361481.1291785545, 6874427.197916554], [361457.430713702, 6874416.360942734], [361426.2731028402, 6874488.901181424], [361279.8467586882, 6874421.911415096], [361126.33112429455, 6874351.25757001], [360972.85479679727, 6874280.746157005], [360921.67898374336, 6874357.294946944], [360856.1000159733, 6874469.644735316], [360966.3699686231, 6874517.788271824], [361044.6861186043, 6874552.059798123], [361119.55968430545, 6874586.224030681], [361172.64602067583, 6874460.373867817], [361247.0196175381, 6874493.633881357], [361356.84720395796, 6874542.821252778], [361393.18880388455, 6874559.180438841], [361425.1510617283, 6874573.272141175], [361538.07450571086, 6874623.845801847], [361569.87666094373, 6874554.9031519145], [361603.1451381289, 6874483.04098015]]]}, "properties": {"id": "431410005150010", "CD_SETOR": "431410005150010", "bairro_seplan": "Annes", "populacao_universo_15m": 393, "alfabetizados": 386, "nao_alfabetizados": 7, "taxa_alfabetizacao": 98.22, "taxa_analfabetismo": 1.78, "homens_universo_15m": 186, "homens_alfabetizados": 182, "homens_nao_alfabetizados": 4, "taxa_alfabetizacao_homens": 97.85, "mulheres_universo_15m": 207, "mulheres_alfabetizadas": 204, "mulheres_nao_alfabetizadas": 3, "taxa_alfabetizacao_mulheres": 98.55, "classificacao_seplan": "97,5% a 99,0%", "fonte": "IBGE — Censo Demográfico 2022 (Agregados por Setores)", "natureza": "Dados estatísticos oficiais agregados por setor censitário"}}, {"type": "Feature", "geometry": {"type": "Polygon", "coordinates": [[[359260.6715608402, 6877613.200034454], [359162.85331735224, 6877499.598997194], [359057.3743705548, 6877372.497752501], [359042.8410003623, 6877361.498920402], [358958.19493329944, 6877289.574050689], [358996.6856149043, 6877251.024292067], [358892.2705011395, 6877165.2785736285], [358849.3966145838, 6877129.918549247], [358782.57200257044, 6877106.341432393], [358727.0335290591, 6877088.649322521], [358704.10076754936, 6877079.999182932], [358657.50846862484, 6877066.047784088], [358610.5863146659, 6877050.130865875], [358560.189532745, 6877032.587765978], [358454.9030242939, 6877317.123623777], [358415.2799930314, 6877424.196693372], [358364.38067151536, 6877543.446737052], [359149.1019881027, 6877772.990480863], [359131.60623772105, 6877729.477236049], [359141.307897329, 6877698.486820671], [359149.54397235496, 6877687.636024128], [359182.9181766495, 6877694.103983231], [359238.9501539295, 6877668.748550342], [359260.6715608402, 6877613.200034454]]]}, "properties": {"id": "431410005160001", "CD_SETOR": "431410005160001", "bairro_seplan": "José Alexandre Zachia", "populacao_universo_15m": 610, "alfabetizados": 589, "nao_alfabetizados": 21, "taxa_alfabetizacao": 96.56, "taxa_analfabetismo": 3.44, "homens_universo_15m": 277, "homens_alfabetizados": 271, "homens_nao_alfabetizados": 6, "taxa_alfabetizacao_homens": 97.83, "mulheres_universo_15m": 333, "mulheres_alfabetizadas": 318, "mulheres_nao_alfabetizadas": 15, "taxa_alfabetizacao_mulheres": 95.5, "classificacao_seplan": "95,0% a 97,5%", "fonte": "IBGE — Censo Demográfico 2022 (Agregados por Setores)", "natureza": "Dados estatísticos oficiais agregados por setor censitário"}}, {"type": "Feature", "geometry": {"type": "Polygon", "coordinates": [[[358903.26868132676, 6876739.895189647], [358757.1308790693, 6876689.367811004], [358738.7157996489, 6876692.9165954655], [358693.0227393904, 6876661.2457060125], [358674.5617170533, 6876709.097266551], [358629.45430087997, 6876842.712136989], [358560.189532745, 6877032.587765978], [358610.5863146659, 6877050.130865875], [358657.50846862484, 6877066.047784088], [358704.10076754936, 6877079.999182932], [358727.0335290591, 6877088.649322521], [358782.57200257044, 6877106.341432393], [358849.3966145838, 6877129.918549247], [358892.2705011395, 6877165.2785736285], [358926.4097022329, 6877124.527595714], [358958.6353733991, 6877087.033909807], [358991.771617695, 6877048.054963145], [358920.20252463204, 6876991.75440955], [358830.76420316566, 6876963.3102891315], [358846.43744257174, 6876914.63862654], [358862.1784139797, 6876866.865343384], [358876.4254022965, 6876823.396041909], [358886.5597264553, 6876792.344449285], [358888.45169809205, 6876786.7486531325], [358903.26868132676, 6876739.895189647]]]}, "properties": {"id": "431410005160002", "CD_SETOR": "431410005160002", "bairro_seplan": "José Alexandre Zachia", "populacao_universo_15m": 589, "alfabetizados": 551, "nao_alfabetizados": 38, "taxa_alfabetizacao": 93.55, "taxa_analfabetismo": 6.45, "homens_universo_15m": 270, "homens_alfabetizados": 259, "homens_nao_alfabetizados": 11, "taxa_alfabetizacao_homens": 95.93, "mulheres_universo_15m": 319, "mulheres_alfabetizadas": 292, "mulheres_nao_alfabetizadas": 27, "taxa_alfabetizacao_mulheres": 91.54, "classificacao_seplan": "92,0% a 95,0%", "fonte": "IBGE — Censo Demográfico 2022 (Agregados por Setores)", "natureza": "Dados estatísticos oficiais agregados por setor censitário"}}, {"type": "Feature", "geometry": {"type": "Polygon", "coordinates": [[[359378.2053020897, 6876879.387499528], [359123.74030305375, 6876816.379260132], [359043.0853596837, 6876791.387378845], [358949.18677771755, 6876755.156366975], [358903.26868132676, 6876739.895189647], [358888.45169809205, 6876786.7486531325], [358886.5597264553, 6876792.344449285], [358876.4254022965, 6876823.396041909], [358862.1784139797, 6876866.865343384], [358846.43744257174, 6876914.63862654], [358830.76420316566, 6876963.3102891315], [358920.20252463204, 6876991.75440955], [358991.771617695, 6877048.054963145], [358958.6353733991, 6877087.033909807], [358926.4097022329, 6877124.527595714], [358892.2705011395, 6877165.2785736285], [358996.6856149043, 6877251.024292067], [358958.19493329944, 6877289.574050689], [359042.8410003623, 6877361.498920402], [359057.3743705548, 6877372.497752501], [359162.85331735224, 6877499.598997194], [359260.6715608402, 6877613.200034454], [359265.6559574812, 6877600.914416973], [359319.4636354234, 6877547.817841481], [359386.6897476844, 6877529.442505965], [359423.25355753186, 6877499.390175153], [359416.05526410986, 6877454.891004346], [359391.0506651226, 6877403.898079109], [359390.2579199156, 6877353.091790876], [359438.75359751156, 6877324.100328848], [359456.94880610437, 6877281.0982230175], [359439.75744780607, 6877210.993781507], [359404.75622684916, 6877144.701166943], [359382.4503870177, 6877079.7000119], [359394.3511631171, 6877035.293759611], [359408.7518954802, 6876979.503274598], [359378.2053020897, 6876879.387499528]]]}, "properties": {"id": "431410005160003", "CD_SETOR": "431410005160003", "bairro_seplan": "José Alexandre Zachia", "populacao_universo_15m": 912, "alfabetizados": 856, "nao_alfabetizados": 56, "taxa_alfabetizacao": 93.86, "taxa_analfabetismo": 6.14, "homens_universo_15m": 431, "homens_alfabetizados": 411, "homens_nao_alfabetizados": 20, "taxa_alfabetizacao_homens": 95.36, "mulheres_universo_15m": 481, "mulheres_alfabetizadas": 445, "mulheres_nao_alfabetizadas": 36, "taxa_alfabetizacao_mulheres": 92.52, "classificacao_seplan": "92,0% a 95,0%", "fonte": "IBGE — Censo Demográfico 2022 (Agregados por Setores)", "natureza": "Dados estatísticos oficiais agregados por setor censitário"}}, {"type": "Feature", "geometry": {"type": "Polygon", "coordinates": [[[360267.82826212, 6876081.454005047], [360197.8148982336, 6876006.418679643], [360142.08922933234, 6875950.743971115], [360125.41969657573, 6875927.875304888], [360113.1878277516, 6875904.859401662], [360097.7875097868, 6875861.726784419], [360074.228504293, 6875783.902096678], [360066.9547139272, 6875768.224969858], [359999.4968775795, 6875778.057165403], [359956.3489804084, 6875789.438866563], [359816.3294452635, 6875843.20523238], [359697.8998947602, 6875890.254836077], [359581.0685485867, 6875936.51325761], [359453.16671134916, 6875983.548287213], [359427.2134100747, 6875996.428055244], [359403.04002337763, 6876010.658598111], [359163.01889993495, 6876153.9126161225], [358803.7328610512, 6876365.391954844], [358788.9018749279, 6876373.781625239], [358645.86824970436, 6876457.906356411], [358604.0544073162, 6876483.029068066], [358576.04080940573, 6876499.794295676], [358570.5056977009, 6876525.337542204], [358572.0660260103, 6876569.881192993], [358575.77174235653, 6876580.95129289], [358693.0227393904, 6876661.2457060125], [358738.7157996489, 6876692.9165954655], [358757.1308790693, 6876689.367811004], [358903.26868132676, 6876739.895189647], [358949.18677771755, 6876755.156366975], [359043.0853596837, 6876791.387378845], [359123.74030305375, 6876816.379260132], [359378.2053020897, 6876879.387499528], [359366.52744101756, 6876857.684989557], [359338.14755047654, 6876776.898433473], [359324.1871910903, 6876718.36764447], [359288.9068192858, 6876650.974173439], [359291.702231291, 6876635.3714655815], [359323.9088034242, 6876617.523931216], [359372.6215169083, 6876617.2361597195], [359395.37122453074, 6876604.817202709], [359421.4449699673, 6876589.334747881], [359419.0796463551, 6876557.813536497], [359503.37217397225, 6876520.768162554], [359546.0933271098, 6876480.1613727175], [359596.77409104037, 6876401.307009002], [359664.08278911596, 6876334.638884015], [359716.0428347812, 6876262.858001195], [359732.2168217206, 6876217.116754574], [359733.153552806, 6876195.962432064], [359776.9636210975, 6876164.3768910635], [359813.94609670737, 6876166.619567218], [359833.03831250436, 6876147.995450411], [359826.09888341295, 6876121.451321267], [359816.45943808614, 6876109.148105252], [359828.77765279624, 6876099.863215408], [359848.64466959634, 6876102.070071912], [359900.2927002086, 6876079.873814061], [359947.44946592813, 6876024.05900857], [359944.171894195, 6876002.389587088], [359943.9941440757, 6875985.0008624], [359954.25707415317, 6875973.552923756], [360002.49938887684, 6875962.142581254], [360010.78748955386, 6875963.370543065], [360030.5978792846, 6875969.53247752], [360040.08693341253, 6875976.281993615], [360125.3400753405, 6876061.3379708715], [360144.78396152804, 6876067.805664921], [360155.0617997198, 6876066.752026463], [360160.8232490116, 6876066.697947305], [360164.77744409995, 6876069.271032557], [360173.32652953954, 6876080.851911772], [360177.73345644376, 6876097.4925300535], [360179.60764954565, 6876110.025409615], [360183.03761858377, 6876142.135145509], [360186.3461043122, 6876149.543164206], [360191.0480883521, 6876152.789918282], [360203.97564805625, 6876150.914151712], [360214.36168880016, 6876142.337509558], [360227.5172626325, 6876125.249737132], [360247.85919931997, 6876099.60305013], [360267.82826212, 6876081.454005047]]]}, "properties": {"id": "431410005160004", "CD_SETOR": "431410005160004", "bairro_seplan": "José Alexandre Zachia", "populacao_universo_15m": 246, "alfabetizados": 228, "nao_alfabetizados": 18, "taxa_alfabetizacao": 92.68, "taxa_analfabetismo": 7.32, "homens_universo_15m": 108, "homens_alfabetizados": 104, "homens_nao_alfabetizados": 4, "taxa_alfabetizacao_homens": 96.3, "mulheres_universo_15m": 138, "mulheres_alfabetizadas": 124, "mulheres_nao_alfabetizadas": 14, "taxa_alfabetizacao_mulheres": 89.86, "classificacao_seplan": "92,0% a 95,0%", "fonte": "IBGE — Censo Demográfico 2022 (Agregados por Setores)", "natureza": "Dados estatísticos oficiais agregados por setor censitário"}}, {"type": "Feature", "geometry": {"type": "Polygon", "coordinates": [[[360417.3599785089, 6875878.827854057], [360401.91981943004, 6875882.425160171], [360375.02124103566, 6875870.639877208], [360364.8328501715, 6875862.4307593], [360361.6918101464, 6875854.969350578], [360362.15289351554, 6875845.799432401], [360359.9887202786, 6875839.557369739], [360349.3492547313, 6875828.8163915165], [360325.4514050679, 6875818.074662204], [360321.2699794567, 6875812.296451215], [360320.42209970404, 6875800.1081016315], [360322.6174880509, 6875792.842400663], [360325.4358375628, 6875781.838534847], [360298.8812630257, 6875778.379185791], [360237.5938007704, 6875770.089737518], [360163.861663507, 6875764.3794926815], [360116.6570600385, 6875764.422126554], [360066.9547139272, 6875768.224969858], [360074.228504293, 6875783.902096678], [360097.7875097868, 6875861.726784419], [360113.1878277516, 6875904.859401662], [360125.41969657573, 6875927.875304888], [360142.08922933234, 6875950.743971115], [360197.8148982336, 6876006.418679643], [360267.82826212, 6876081.454005047], [360273.73402124026, 6876075.805498046], [360296.1651833895, 6876060.256232751], [360313.50509866886, 6876049.52285146], [360331.0061951943, 6876039.267838194], [360338.4682865161, 6876035.632236145], [360353.5705236518, 6876033.249975296], [360361.2708925832, 6876032.719930766], [360365.60206268914, 6876030.776198687], [360368.6753424263, 6876025.637341496], [360369.39447234763, 6876022.06652609], [360367.2420232261, 6876015.658386089], [360361.8111795208, 6876010.131462682], [360348.72961472796, 6876003.417555263], [360337.36982234666, 6875996.33602714], [360332.65475372627, 6875992.535108982], [360322.7103816585, 6875981.093081884], [360320.7746633312, 6875977.956470717], [360319.9614879923, 6875971.996237842], [360322.3482475194, 6875963.48059712], [360324.9313376617, 6875959.133842898], [360327.5770843375, 6875946.95332725], [360326.8382020879, 6875935.508711557], [360324.656093388, 6875931.626754815], [360305.9809988183, 6875919.882593856], [360290.608482428, 6875901.029783582], [360288.1124433828, 6875895.470846454], [360287.0612094875, 6875884.720675658], [360289.7448076963, 6875881.006746619], [360299.33583059255, 6875874.082892335], [360307.14972983656, 6875872.235545019], [360314.6058651377, 6875869.098551964], [360335.7178143774, 6875866.388058618], [360348.3696386018, 6875872.077456137], [360365.3872384499, 6875897.088580021], [360383.2711835171, 6875908.513071969], [360393.9731925335, 6875910.600234676], [360406.60683981667, 6875906.14994192], [360411.4824303376, 6875898.793825887], [360417.3599785089, 6875878.827854057]]]}, "properties": {"id": "431410005160005", "CD_SETOR": "431410005160005", "bairro_seplan": "José Alexandre Zachia", "populacao_universo_15m": 0, "alfabetizados": 0, "nao_alfabetizados": 0, "taxa_alfabetizacao": null, "taxa_analfabetismo": null, "homens_universo_15m": 0, "homens_alfabetizados": 0, "homens_nao_alfabetizados": 0, "taxa_alfabetizacao_homens": null, "mulheres_universo_15m": 0, "mulheres_alfabetizadas": 0, "mulheres_nao_alfabetizadas": 0, "taxa_alfabetizacao_mulheres": null, "classificacao_seplan": "Setor não residencial ou sem população", "fonte": "IBGE — Censo Demográfico 2022 (Agregados por Setores)", "natureza": "Dados estatísticos oficiais agregados por setor censitário"}}, {"type": "Feature", "geometry": {"type": "Polygon", "coordinates": [[[361181.94210983475, 6875915.057794569], [361076.5951158199, 6875898.744704565], [361021.3550197648, 6875891.039814447], [360958.18863821216, 6875882.222417725], [360798.6981457881, 6875856.806891682], [360411.7809456395, 6875796.549960742], [360337.06087009446, 6875783.870120314], [360325.4358375628, 6875781.838534847], [360322.6174880509, 6875792.842400663], [360320.42209970404, 6875800.1081016315], [360321.2699794567, 6875812.296451215], [360325.4514050679, 6875818.074662204], [360349.3492547313, 6875828.8163915165], [360359.9887202786, 6875839.557369739], [360362.15289351554, 6875845.799432401], [360361.6918101464, 6875854.969350578], [360364.8328501715, 6875862.4307593], [360375.02124103566, 6875870.639877208], [360401.91981943004, 6875882.425160171], [360417.3599785089, 6875878.827854057], [360470.9470805799, 6875915.283265767], [360507.14391817874, 6875929.205383766], [360569.14289518027, 6875961.404133699], [360622.24649580906, 6875994.805780433], [360647.14371127693, 6876048.410023417], [360646.3454678864, 6876142.4033990465], [360649.74814159155, 6876192.009995529], [360665.7457733527, 6876245.509775809], [360706.14824807417, 6876277.509815344], [360768.0460809408, 6876311.002715608], [360808.44354367704, 6876344.309912918], [360859.850813978, 6876422.2040396], [360887.55072076607, 6876457.899853143], [360938.0475828925, 6876486.205237055], [360972.1513752736, 6876510.606373228], [361026.2471976483, 6876569.404830709], [361103.451372391, 6876606.809235778], [361147.8516653478, 6876623.606525347], [361189.4467962867, 6876636.902436165], [361203.8490591671, 6876611.306703951], [361213.0475161745, 6876575.810009257], [361212.1488820454, 6876535.1090764105], [361215.247190002, 6876471.505504819], [361268.84594646713, 6876447.708282836], [361362.9484658977, 6876433.104438376], [361415.0430632286, 6876432.20508856], [361534.25856721454, 6876430.337031266], [361528.9556120322, 6876407.88000665], [361506.03772559704, 6876379.4000135735], [361488.47395888413, 6876363.094206387], [361445.45337595476, 6876307.984147006], [361444.1534630938, 6876289.008941696], [361451.565636273, 6876232.403615588], [361475.17979069834, 6876195.235358082], [361465.1522203445, 6876162.207077346], [361432.41559967236, 6876150.178904557], [361419.18757459347, 6876130.721047027], [361425.13342949806, 6876114.8555327095], [361415.3142642182, 6876099.315871846], [361390.2015903929, 6876089.116258288], [361363.0987904557, 6876087.991092082], [361279.01715313084, 6876096.871977618], [361189.62672724226, 6876105.690250626], [361143.5456583861, 6876091.798822101], [361134.67250901146, 6876086.87475488], [361129.1005184186, 6876082.476844136], [361120.6741844098, 6876072.072752135], [361118.1432362133, 6876066.945774844], [361116.9437257704, 6876061.25813443], [361115.4279710406, 6876049.882097127], [361115.69254389196, 6876042.360996679], [361119.9350152968, 6876026.165425256], [361125.63962197356, 6876015.017848054], [361132.23423328355, 6875999.09355611], [361177.8676566179, 6875929.482341858], [361180.1987887371, 6875924.833279514], [361181.5568009239, 6875920.316902541], [361181.94210983475, 6875915.057794569]]]}, "properties": {"id": "431410005160006", "CD_SETOR": "431410005160006", "bairro_seplan": "Victor Issler", "populacao_universo_15m": 159, "alfabetizados": 159, "nao_alfabetizados": 0, "taxa_alfabetizacao": 100.0, "taxa_analfabetismo": 0.0, "homens_universo_15m": 79, "homens_alfabetizados": 79, "homens_nao_alfabetizados": 0, "taxa_alfabetizacao_homens": 100.0, "mulheres_universo_15m": 80, "mulheres_alfabetizadas": 80, "mulheres_nao_alfabetizadas": 0, "taxa_alfabetizacao_mulheres": 100.0, "classificacao_seplan": "Maior que 99,0%", "fonte": "IBGE — Censo Demográfico 2022 (Agregados por Setores)", "natureza": "Dados estatísticos oficiais agregados por setor censitário"}}, {"type": "Feature", "geometry": {"type": "Polygon", "coordinates": [[[358454.9030242939, 6877317.123623777], [358448.0620344423, 6877312.166342503], [358447.90361777693, 6877247.1720529], [358428.88811183383, 6877207.107944936], [358395.7126273986, 6877185.746734506], [358348.5387624752, 6877092.931917917], [358296.13917368837, 6877048.280854557], [358220.1158578061, 6877038.985570403], [357940.719062793, 6877110.083239927], [357870.931588394, 6877121.826328864], [357848.06559604756, 6877170.82091008], [357814.54006008955, 6877178.80854337], [357781.0576933244, 6877106.079436828], [357846.37447401043, 6877002.0194008425], [357871.78897279536, 6876972.979721147], [357849.10679616046, 6876928.67083061], [358474.764760604, 6876560.023834508], [358481.2960333703, 6876555.51391709], [358301.92504609365, 6876432.998912111], [358215.790536911, 6876373.239893848], [358095.29719880444, 6876231.288938057], [358030.84083446814, 6876226.884225669], [357960.45071452676, 6876217.233194178], [357916.85082303756, 6876241.45674463], [357788.55712196766, 6876307.197334712], [357668.41321997804, 6876372.491246192], [357514.68307322945, 6876451.687475838], [357390.59193889855, 6876511.966899754], [357260.19321676786, 6876578.408192743], [357131.05511513026, 6876645.993594822], [357010.4905582038, 6876709.746906427], [356910.77261608583, 6876728.548712647], [356743.128496052, 6876738.2310196785], [356603.1255223184, 6876754.150983534], [356484.189713856, 6876765.580871286], [356422.22554389364, 6876776.434738284], [355975.2671829369, 6876869.784923419], [355822.8464292254, 6876861.332189051], [355802.23377449287, 6876861.447795626], [355772.41247629374, 6876863.368720895], [355747.70340949105, 6876869.440713592], [355721.36566760845, 6876877.8864969835], [355612.61993611953, 6876852.563178914], [355525.4528081643, 6876823.589400427], [355481.23436223203, 6876803.614713211], [355386.04860101733, 6876663.383221515], [355238.54244838154, 6876437.828173349], [355185.0735664679, 6876350.784686541], [355096.44683438085, 6876259.189840555], [354966.29253102024, 6876364.140213589], [354941.7043269867, 6876389.294472972], [354900.0560553652, 6876444.371214915], [354834.68916441384, 6876581.89325652], [354791.2779701339, 6876681.551539013], [354761.1695497, 6876755.962184478], [354641.2055052945, 6877034.981718784], [355257.4180412575, 6877360.387821935], [356081.7526610289, 6877825.23778443], [356214.6560118075, 6877913.75811867], [356261.10433765175, 6877925.911017603], [356615.9332487688, 6877964.958191846], [357115.11580326874, 6877866.669167259], [357498.2066393325, 6877735.109512517], [358177.4378672326, 6877433.240625748], [358364.38067151536, 6877543.446737052], [358415.2799930314, 6877424.196693372], [358454.9030242939, 6877317.123623777]]]}, "properties": {"id": "431410005160008", "CD_SETOR": "431410005160008", "bairro_seplan": "Área Rural", "populacao_universo_15m": 69, "alfabetizados": 63, "nao_alfabetizados": 6, "taxa_alfabetizacao": 91.3, "taxa_analfabetismo": 8.7, "homens_universo_15m": 38, "homens_alfabetizados": 34, "homens_nao_alfabetizados": 4, "taxa_alfabetizacao_homens": 89.47, "mulheres_universo_15m": 29, "mulheres_alfabetizadas": 29, "mulheres_nao_alfabetizadas": 0, "taxa_alfabetizacao_mulheres": 100.0, "classificacao_seplan": "Menor que 92,0%", "fonte": "IBGE — Censo Demográfico 2022 (Agregados por Setores)", "natureza": "Dados estatísticos oficiais agregados por setor censitário"}}, {"type": "Feature", "geometry": {"type": "Polygon", "coordinates": [[[358481.2960333703, 6876555.51391709], [358474.764760604, 6876560.023834508], [357849.10679616046, 6876928.67083061], [357871.78897279536, 6876972.979721147], [357846.37447401043, 6877002.0194008425], [357781.0576933244, 6877106.079436828], [357814.54006008955, 6877178.80854337], [357848.06559604756, 6877170.82091008], [357870.931588394, 6877121.826328864], [357940.719062793, 6877110.083239927], [358220.1158578061, 6877038.985570403], [358296.13917368837, 6877048.280854557], [358348.5387624752, 6877092.931917917], [358395.7126273986, 6877185.746734506], [358428.88811183383, 6877207.107944936], [358447.90361777693, 6877247.1720529], [358448.0620344423, 6877312.166342503], [358454.9030242939, 6877317.123623777], [358560.189532745, 6877032.587765978], [358629.45430087997, 6876842.712136989], [358674.5617170533, 6876709.097266551], [358693.0227393904, 6876661.2457060125], [358575.77174235653, 6876580.95129289], [358572.0660260103, 6876569.881192993], [358570.5056977009, 6876525.337542204], [358576.04080940573, 6876499.794295676], [358481.2960333703, 6876555.51391709]]]}, "properties": {"id": "431410005160009", "CD_SETOR": "431410005160009", "bairro_seplan": "Área Rural", "populacao_universo_15m": 739, "alfabetizados": 678, "nao_alfabetizados": 61, "taxa_alfabetizacao": 91.75, "taxa_analfabetismo": 8.25, "homens_universo_15m": 361, "homens_alfabetizados": 333, "homens_nao_alfabetizados": 28, "taxa_alfabetizacao_homens": 92.24, "mulheres_universo_15m": 378, "mulheres_alfabetizadas": 345, "mulheres_nao_alfabetizadas": 33, "taxa_alfabetizacao_mulheres": 91.27, "classificacao_seplan": "Menor que 92,0%", "fonte": "IBGE — Censo Demográfico 2022 (Agregados por Setores)", "natureza": "Dados estatísticos oficiais agregados por setor censitário"}}, {"type": "Feature", "geometry": {"type": "Polygon", "coordinates": [[[359697.8998947602, 6875890.254836077], [359588.7670029311, 6875626.447923068], [359529.9379110804, 6875434.432509796], [359528.9256582643, 6875422.109132849], [359504.8686476484, 6875130.439797544], [359465.70833288605, 6875121.776256431], [359450.740155, 6875120.369094716], [359423.77431242575, 6875117.800421554], [359393.3732470827, 6875124.399647674], [359353.5586398034, 6875137.846433004], [359313.5759213645, 6875176.246383853], [359295.9322769565, 6875205.181422954], [359277.366898007, 6875246.4723479245], [359260.7897623632, 6875286.423797507], [359236.14855924074, 6875341.882255648], [359224.0430706333, 6875359.734959522], [359242.0886546399, 6875372.271331537], [359353.9259842342, 6875485.551360823], [359406.52991283307, 6875544.140806129], [359462.38743347046, 6875603.987431892], [359513.0507507189, 6875656.647010531], [359322.33372335427, 6875837.941890901], [359232.39555635443, 6875924.419422478], [359170.48489743506, 6875984.400574505], [359119.6387567631, 6875926.462645875], [358742.1724068959, 6876288.22077477], [358799.62469436484, 6876355.968275759], [358803.7328610512, 6876365.391954844], [359163.01889993495, 6876153.9126161225], [359403.04002337763, 6876010.658598111], [359427.2134100747, 6875996.428055244], [359453.16671134916, 6875983.548287213], [359581.0685485867, 6875936.51325761], [359697.8998947602, 6875890.254836077]]]}, "properties": {"id": "431410005170003", "CD_SETOR": "431410005170003", "bairro_seplan": "Valinhos", "populacao_universo_15m": 216, "alfabetizados": 211, "nao_alfabetizados": 5, "taxa_alfabetizacao": 97.69, "taxa_analfabetismo": 2.31, "homens_universo_15m": 101, "homens_alfabetizados": 101, "homens_nao_alfabetizados": 0, "taxa_alfabetizacao_homens": 100.0, "mulheres_universo_15m": 114, "mulheres_alfabetizadas": 110, "mulheres_nao_alfabetizadas": 4, "taxa_alfabetizacao_mulheres": 96.49, "classificacao_seplan": "97,5% a 99,0%", "fonte": "IBGE — Censo Demográfico 2022 (Agregados por Setores)", "natureza": "Dados estatísticos oficiais agregados por setor censitário"}}, {"type": "Feature", "geometry": {"type": "Polygon", "coordinates": [[[358578.15882007976, 6875412.533489552], [358501.80981278117, 6875415.801896954], [358426.3802141014, 6875420.144591996], [358353.36709570035, 6875420.991733642], [358278.61648536136, 6875416.941864969], [358298.2830611876, 6875594.612409174], [358300.0826196694, 6875732.5201170165], [358296.6870962414, 6875826.306072644], [358370.16294685437, 6875836.246889429], [358441.3924121094, 6875841.993863593], [358516.6170764426, 6875850.137249878], [358606.2385968356, 6875859.9475064], [358604.46447035216, 6875849.044443376], [358595.60592946445, 6875816.603439365], [358593.7738966821, 6875808.093269349], [358591.8026199099, 6875797.265425778], [358590.8455374534, 6875789.452717487], [358589.80924859375, 6875772.629876148], [358590.75090652675, 6875757.0052094385], [358592.8810272256, 6875738.823801378], [358595.2890546634, 6875724.502033352], [358599.6105197784, 6875700.307337562], [358609.0960495655, 6875641.311974891], [358609.4466760637, 6875627.519785825], [358578.15882007976, 6875412.533489552]]]}, "properties": {"id": "431410005170004", "CD_SETOR": "431410005170004", "bairro_seplan": "Valinhos", "populacao_universo_15m": 608, "alfabetizados": 584, "nao_alfabetizados": 24, "taxa_alfabetizacao": 96.05, "taxa_analfabetismo": 3.95, "homens_universo_15m": 290, "homens_alfabetizados": 283, "homens_nao_alfabetizados": 7, "taxa_alfabetizacao_homens": 97.59, "mulheres_universo_15m": 318, "mulheres_alfabetizadas": 301, "mulheres_nao_alfabetizadas": 17, "taxa_alfabetizacao_mulheres": 94.65, "classificacao_seplan": "95,0% a 97,5%", "fonte": "IBGE — Censo Demográfico 2022 (Agregados por Setores)", "natureza": "Dados estatísticos oficiais agregados por setor censitário"}}, {"type": "Feature", "geometry": {"type": "Polygon", "coordinates": [[[358578.15882007976, 6875412.533489552], [358548.264449375, 6875195.192158554], [358552.9420529449, 6875106.485646658], [358436.99991609796, 6875056.933230292], [358501.9934777471, 6874955.592387289], [358377.45579177834, 6874830.416864292], [358353.2079535029, 6874805.7152471], [358243.4662551869, 6874696.583248293], [358224.2769467892, 6874681.383116327], [358203.34074810246, 6874709.756515639], [358162.0681920854, 6874768.017458411], [358122.6994244631, 6874801.600463018], [358073.5001708367, 6874807.883054173], [358040.6013499048, 6874846.09760754], [358049.19769494917, 6874864.152324807], [358056.331913534, 6874886.311858787], [358068.3239774701, 6874913.372041683], [358083.207316661, 6874944.023906486], [358088.5381625046, 6874975.038104914], [358103.32211591885, 6874994.308097774], [358117.9859295628, 6875003.924691262], [358127.93786885147, 6875034.207287001], [358120.872259601, 6875078.570569841], [358131.05811623496, 6875099.957548223], [358157.95070560666, 6875101.253929623], [358172.970047181, 6875121.379900677], [358166.2955177374, 6875151.907144422], [358128.40585755283, 6875192.1899932], [358124.04481639876, 6875234.413615789], [358126.21739513753, 6875289.137582276], [358113.92404091416, 6875330.789942912], [358099.218263934, 6875364.900252519], [358076.24394739827, 6875406.037120726], [358072.2622154134, 6875442.77994279], [358104.0783487814, 6875467.384102564], [358145.7669482497, 6875515.01141292], [358160.60952931736, 6875549.164352657], [358163.84718365676, 6875588.686179347], [358165.22451218835, 6875691.139434919], [358178.33659862087, 6875744.497958384], [358189.08329349005, 6875813.508449739], [358296.6870962414, 6875826.306072644], [358300.0826196694, 6875732.5201170165], [358298.2830611876, 6875594.612409174], [358278.61648536136, 6875416.941864969], [358353.36709570035, 6875420.991733642], [358426.3802141014, 6875420.144591996], [358501.80981278117, 6875415.801896954], [358578.15882007976, 6875412.533489552]]]}, "properties": {"id": "431410005170006", "CD_SETOR": "431410005170006", "bairro_seplan": "Valinhos", "populacao_universo_15m": 812, "alfabetizados": 796, "nao_alfabetizados": 16, "taxa_alfabetizacao": 98.03, "taxa_analfabetismo": 1.97, "homens_universo_15m": 396, "homens_alfabetizados": 390, "homens_nao_alfabetizados": 6, "taxa_alfabetizacao_homens": 98.48, "mulheres_universo_15m": 416, "mulheres_alfabetizadas": 406, "mulheres_nao_alfabetizadas": 10, "taxa_alfabetizacao_mulheres": 97.6, "classificacao_seplan": "97,5% a 99,0%", "fonte": "IBGE — Censo Demográfico 2022 (Agregados por Setores)", "natureza": "Dados estatísticos oficiais agregados por setor censitário"}}, {"type": "Feature", "geometry": {"type": "Polygon", "coordinates": [[[356567.1879090667, 6873970.460093799], [356533.38526890776, 6873975.226714993], [356518.46611548914, 6873960.961762086], [356515.5768514421, 6873939.4064786555], [356535.5462067843, 6873905.217464751], [356566.1637875835, 6873861.937241762], [356545.4239500386, 6873797.502311414], [356482.77073185594, 6873776.532242324], [356407.18224612833, 6873761.478055006], [356392.1336001357, 6873727.131571709], [356396.00239404454, 6873670.939480348], [356379.1241163643, 6873599.680326695], [356350.4331566376, 6873560.780390626], [356357.8604936518, 6873476.495275104], [356239.9725404458, 6873656.0188802555], [356008.85715528217, 6873989.1665169485], [355787.7472948776, 6874455.676612424], [355667.573784817, 6874761.23155693], [355511.68873764283, 6875130.081239142], [355358.12215577497, 6875307.800153335], [354776.0892209483, 6875645.380362889], [354877.7524962048, 6875831.696625305], [354929.47779015976, 6875960.675437123], [355059.4559938331, 6875897.999750439], [355191.25247993856, 6875852.698637299], [355273.06009014894, 6875821.492474174], [355364.05802781123, 6875764.898960823], [355504.1576431462, 6875703.993022008], [355600.05194407835, 6875658.594335107], [355663.25202984933, 6875625.596900664], [355669.9533632859, 6875611.992594594], [355702.8560593392, 6875525.003125325], [355755.5519920598, 6875412.201211818], [355803.4572728784, 6875303.496527223], [355849.2538133741, 6875230.20491712], [355866.7511348446, 6875181.702732248], [355878.8516024281, 6875129.101349253], [355889.54849878466, 6875065.999768534], [355957.65475481463, 6874862.005546098], [356151.9529066612, 6874573.104248606], [356252.4468972239, 6874461.300519653], [356311.2487230508, 6874353.202526606], [356372.24688002566, 6874233.805511676], [356453.45087809337, 6874116.602912018], [356521.9447519301, 6874019.813565286], [356567.1879090667, 6873970.460093799]]]}, "properties": {"id": "431410005170007", "CD_SETOR": "431410005170007", "bairro_seplan": "Área Rural", "populacao_universo_15m": 0, "alfabetizados": 0, "nao_alfabetizados": 0, "taxa_alfabetizacao": null, "taxa_analfabetismo": null, "homens_universo_15m": 0, "homens_alfabetizados": 0, "homens_nao_alfabetizados": 0, "taxa_alfabetizacao_homens": null, "mulheres_universo_15m": 0, "mulheres_alfabetizadas": 0, "mulheres_nao_alfabetizadas": 0, "taxa_alfabetizacao_mulheres": null, "classificacao_seplan": "Sem moradores de 15 anos ou mais", "fonte": "IBGE — Censo Demográfico 2022 (Agregados por Setores)", "natureza": "Dados estatísticos oficiais agregados por setor censitário"}}, {"type": "Feature", "geometry": {"type": "Polygon", "coordinates": [[[355096.44683438085, 6876259.189840555], [355017.1128775347, 6876183.908929803], [354929.47779015976, 6875960.675437123], [354877.7524962048, 6875831.696625305], [354776.0892209483, 6875645.380362889], [354639.5844579451, 6875730.612781623], [354350.9271344219, 6875999.374864268], [354136.61308187095, 6876379.1172835305], [353995.0364042218, 6876762.653648879], [354591.8198220286, 6877016.214878611], [354641.2055052945, 6877034.981718784], [354761.1695497, 6876755.962184478], [354791.2779701339, 6876681.551539013], [354834.68916441384, 6876581.89325652], [354900.0560553652, 6876444.371214915], [354941.7043269867, 6876389.294472972], [354966.29253102024, 6876364.140213589], [355096.44683438085, 6876259.189840555]]]}, "properties": {"id": "431410005170008", "CD_SETOR": "431410005170008", "bairro_seplan": "Área Rural", "populacao_universo_15m": 0, "alfabetizados": 0, "nao_alfabetizados": 0, "taxa_alfabetizacao": null, "taxa_analfabetismo": null, "homens_universo_15m": 0, "homens_alfabetizados": 0, "homens_nao_alfabetizados": 0, "taxa_alfabetizacao_homens": null, "mulheres_universo_15m": 0, "mulheres_alfabetizadas": 0, "mulheres_nao_alfabetizadas": 0, "taxa_alfabetizacao_mulheres": null, "classificacao_seplan": "Sem moradores de 15 anos ou mais", "fonte": "IBGE — Censo Demográfico 2022 (Agregados por Setores)", "natureza": "Dados estatísticos oficiais agregados por setor censitário"}}, {"type": "Feature", "geometry": {"type": "Polygon", "coordinates": [[[358262.62965341134, 6876144.102970071], [358197.11865051754, 6875881.112457309], [358433.4181374325, 6875900.918486534], [358435.39282603795, 6875885.095586456], [358617.9126685305, 6875903.2042181995], [358617.86275971076, 6875902.450088282], [358614.95145921427, 6875888.142582953], [358612.97081436496, 6875880.57256939], [358606.2385968356, 6875859.9475064], [358516.6170764426, 6875850.137249878], [358441.3924121094, 6875841.993863593], [358370.16294685437, 6875836.246889429], [358296.6870962414, 6875826.306072644], [358189.08329349005, 6875813.508449739], [358178.33659862087, 6875744.497958384], [358165.22451218835, 6875691.139434919], [358163.84718365676, 6875588.686179347], [358160.60952931736, 6875549.164352657], [358145.7669482497, 6875515.01141292], [358104.0783487814, 6875467.384102564], [358072.2622154134, 6875442.77994279], [358076.24394739827, 6875406.037120726], [358099.218263934, 6875364.900252519], [358113.92404091416, 6875330.789942912], [358126.21739513753, 6875289.137582276], [358124.04481639876, 6875234.413615789], [358128.40585755283, 6875192.1899932], [358166.2955177374, 6875151.907144422], [358172.970047181, 6875121.379900677], [358157.95070560666, 6875101.253929623], [358131.05811623496, 6875099.957548223], [358120.872259601, 6875078.570569841], [358127.93786885147, 6875034.207287001], [358117.9859295628, 6875003.924691262], [358103.32211591885, 6874994.308097774], [358088.5381625046, 6874975.038104914], [358083.207316661, 6874944.023906486], [358068.3239774701, 6874913.372041683], [358056.331913534, 6874886.311858787], [358049.19769494917, 6874864.152324807], [358040.6013499048, 6874846.09760754], [358026.6590930971, 6874836.888461761], [357992.14599081874, 6874809.847046874], [357947.73130334006, 6874797.602727532], [357885.52312316286, 6874806.067110678], [357848.07731230475, 6874766.645402724], [357796.63870666653, 6874723.91994567], [357733.26440453157, 6874710.97122856], [357706.3582762171, 6874635.538604293], [357697.29299688037, 6874602.628798205], [357623.13696498564, 6874524.867629454], [357609.97023944696, 6874469.047454428], [357571.67423318885, 6874431.9527492095], [357526.1131430053, 6874379.644498183], [357516.3759751563, 6874362.71703225], [357419.5041718666, 6874343.967790592], [357332.4212961801, 6874399.082745946], [357279.33504907467, 6874382.686855482], [357231.4082491752, 6874309.349503533], [357189.3891193656, 6874307.813578144], [357112.05467010895, 6874408.965990281], [357026.70339475607, 6874502.652221836], [356916.28854174726, 6874566.204469249], [356757.1253323196, 6874541.590499711], [356680.32126365637, 6874486.984786261], [356660.942123511, 6874437.29398478], [356637.5938918624, 6874402.637182212], [356595.0671682919, 6874334.227054646], [356582.8493912595, 6874283.935523573], [356619.1407989862, 6874219.413885371], [356630.1925880611, 6874195.622313021], [356635.64135204715, 6874162.0778105855], [356578.8975596613, 6874096.886814039], [356587.4236281932, 6873979.193030781], [356567.1879090667, 6873970.460093799], [356521.9447519301, 6874019.813565286], [356453.45087809337, 6874116.602912018], [356372.24688002566, 6874233.805511676], [356311.2487230508, 6874353.202526606], [356252.4468972239, 6874461.300519653], [356151.9529066612, 6874573.104248606], [355957.65475481463, 6874862.005546098], [355889.54849878466, 6875065.999768534], [355878.8516024281, 6875129.101349253], [355866.7511348446, 6875181.702732248], [355849.2538133741, 6875230.20491712], [355803.4572728784, 6875303.496527223], [355755.5519920598, 6875412.201211818], [355702.8560593392, 6875525.003125325], [355669.9533632859, 6875611.992594594], [355663.25202984933, 6875625.596900664], [355600.05194407835, 6875658.594335107], [355504.1576431462, 6875703.993022008], [355364.05802781123, 6875764.898960823], [355273.06009014894, 6875821.492474174], [355191.25247993856, 6875852.698637299], [355059.4559938331, 6875897.999750439], [354929.47779015976, 6875960.675437123], [355017.1128775347, 6876183.908929803], [355096.44683438085, 6876259.189840555], [355185.0735664679, 6876350.784686541], [355238.54244838154, 6876437.828173349], [355386.04860101733, 6876663.383221515], [355481.23436223203, 6876803.614713211], [355525.4528081643, 6876823.589400427], [355612.61993611953, 6876852.563178914], [355721.36566760845, 6876877.8864969835], [355747.70340949105, 6876869.440713592], [355772.41247629374, 6876863.368720895], [355802.23377449287, 6876861.447795626], [355822.8464292254, 6876861.332189051], [355975.2671829369, 6876869.784923419], [356422.22554389364, 6876776.434738284], [356484.189713856, 6876765.580871286], [356603.1255223184, 6876754.150983534], [356743.128496052, 6876738.2310196785], [356910.77261608583, 6876728.548712647], [357010.4905582038, 6876709.746906427], [357131.05511513026, 6876645.993594822], [357260.19321676786, 6876578.408192743], [357390.59193889855, 6876511.966899754], [357514.68307322945, 6876451.687475838], [357668.41321997804, 6876372.491246192], [357788.55712196766, 6876307.197334712], [357916.85082303756, 6876241.45674463], [357960.45071452676, 6876217.233194178], [357998.54253710795, 6876194.007481128], [358049.26363397617, 6876175.830542939], [358135.74933975993, 6876162.424411448], [358200.2676366179, 6876153.387539237], [358259.22663963994, 6876144.716176769], [358262.62965341134, 6876144.102970071]]]}, "properties": {"id": "431410005170009", "CD_SETOR": "431410005170009", "bairro_seplan": "Valinhos", "populacao_universo_15m": 478, "alfabetizados": 468, "nao_alfabetizados": 10, "taxa_alfabetizacao": 97.91, "taxa_analfabetismo": 2.09, "homens_universo_15m": 248, "homens_alfabetizados": 244, "homens_nao_alfabetizados": 4, "taxa_alfabetizacao_homens": 98.39, "mulheres_universo_15m": 230, "mulheres_alfabetizadas": 224, "mulheres_nao_alfabetizadas": 6, "taxa_alfabetizacao_mulheres": 97.39, "classificacao_seplan": "97,5% a 99,0%", "fonte": "IBGE — Censo Demográfico 2022 (Agregados por Setores)", "natureza": "Dados estatísticos oficiais agregados por setor censitário"}}, {"type": "Feature", "geometry": {"type": "Polygon", "coordinates": [[[358617.9126685305, 6875903.2042181995], [358435.39282603795, 6875885.095586456], [358433.4181374325, 6875900.918486534], [358197.11865051754, 6875881.112457309], [358262.62965341134, 6876144.102970071], [358294.33920175163, 6876138.342104193], [358338.6585736576, 6876128.57598025], [358380.29085242935, 6876117.8135817945], [358511.35545910243, 6876050.493069513], [358517.933186673, 6876047.003187783], [358556.90577986045, 6876023.84166395], [358575.8553570171, 6876009.938452807], [358582.9108797278, 6876003.406836671], [358595.19121547247, 6875990.787222467], [358600.24151383014, 6875984.519846522], [358611.5230605372, 6875960.164197129], [358618.4087049795, 6875932.442883425], [358618.74117601244, 6875915.226327683], [358617.9126685305, 6875903.2042181995]]]}, "properties": {"id": "431410005170010", "CD_SETOR": "431410005170010", "bairro_seplan": "Valinhos", "populacao_universo_15m": 221, "alfabetizados": 211, "nao_alfabetizados": 10, "taxa_alfabetizacao": 95.48, "taxa_analfabetismo": 4.52, "homens_universo_15m": 117, "homens_alfabetizados": 114, "homens_nao_alfabetizados": 3, "taxa_alfabetizacao_homens": 97.44, "mulheres_universo_15m": 104, "mulheres_alfabetizadas": 97, "mulheres_nao_alfabetizadas": 7, "taxa_alfabetizacao_mulheres": 93.27, "classificacao_seplan": "95,0% a 97,5%", "fonte": "IBGE — Censo Demográfico 2022 (Agregados por Setores)", "natureza": "Dados estatísticos oficiais agregados por setor censitário"}}, {"type": "Feature", "geometry": {"type": "Polygon", "coordinates": [[[358599.6105197784, 6875700.307337562], [358616.4142986126, 6875697.615097484], [358622.2276027837, 6875681.649479265], [358641.38391057024, 6875645.375276331], [358648.45883677504, 6875637.192731728], [358672.13192322326, 6875609.770874331], [358716.81670791516, 6875578.986366201], [358741.7343051534, 6875563.247909917], [358785.6291821691, 6875551.824068153], [358809.8274460661, 6875549.529752944], [358834.51637865044, 6875548.0612442475], [358858.1693635902, 6875548.708004942], [358864.9258042307, 6875515.278117366], [358881.60449580866, 6875448.744061239], [358894.7094396052, 6875400.507255883], [358922.02492388315, 6875298.506038882], [358914.88793156715, 6875296.249308027], [358766.5050443481, 6875255.313002048], [358657.41423800815, 6875226.876875313], [358548.264449375, 6875195.192158554], [358578.15882007976, 6875412.533489552], [358609.4466760637, 6875627.519785825], [358609.0960495655, 6875641.311974891], [358599.6105197784, 6875700.307337562]]]}, "properties": {"id": "431410005170011", "CD_SETOR": "431410005170011", "bairro_seplan": "Valinhos", "populacao_universo_15m": 666, "alfabetizados": 645, "nao_alfabetizados": 21, "taxa_alfabetizacao": 96.85, "taxa_analfabetismo": 3.15, "homens_universo_15m": 325, "homens_alfabetizados": 316, "homens_nao_alfabetizados": 9, "taxa_alfabetizacao_homens": 97.23, "mulheres_universo_15m": 341, "mulheres_alfabetizadas": 329, "mulheres_nao_alfabetizadas": 12, "taxa_alfabetizacao_mulheres": 96.48, "classificacao_seplan": "95,0% a 97,5%", "fonte": "IBGE — Censo Demográfico 2022 (Agregados por Setores)", "natureza": "Dados estatísticos oficiais agregados por setor censitário"}}, {"type": "Feature", "geometry": {"type": "Polygon", "coordinates": [[[358229.29878809955, 6876207.600800461], [358170.52765563864, 6876221.8814771045], [358105.12891653576, 6876228.181661291], [358095.29719880444, 6876231.288938057], [358215.790536911, 6876373.239893848], [358301.92504609365, 6876432.998912111], [358481.2960333703, 6876555.51391709], [358576.04080940573, 6876499.794295676], [358604.0544073162, 6876483.029068066], [358233.79357259325, 6876210.901290014], [358229.29878809955, 6876207.600800461]]]}, "properties": {"id": "431410005170012", "CD_SETOR": "431410005170012", "bairro_seplan": "Valinhos", "populacao_universo_15m": 0, "alfabetizados": 0, "nao_alfabetizados": 0, "taxa_alfabetizacao": null, "taxa_analfabetismo": null, "homens_universo_15m": 0, "homens_alfabetizados": 0, "homens_nao_alfabetizados": 0, "taxa_alfabetizacao_homens": null, "mulheres_universo_15m": 0, "mulheres_alfabetizadas": 0, "mulheres_nao_alfabetizadas": 0, "taxa_alfabetizacao_mulheres": null, "classificacao_seplan": "Sem moradores de 15 anos ou mais", "fonte": "IBGE — Censo Demográfico 2022 (Agregados por Setores)", "natureza": "Dados estatísticos oficiais agregados por setor censitário"}}, {"type": "Feature", "geometry": {"type": "Polygon", "coordinates": [[[358648.45883677504, 6875637.192731728], [358648.8849099119, 6875637.674302567], [358729.34030601254, 6875693.573033294], [358697.9113054204, 6875750.124426963], [358674.004864513, 6875853.240675664], [358665.5145789496, 6875919.3400065955], [358641.6110902731, 6875986.696529363], [358616.43987602927, 6876027.786067745], [358576.8751290398, 6876068.549094059], [358526.0334480621, 6876109.332863852], [358460.66781147674, 6876136.823021825], [358380.9826979051, 6876162.690495281], [358236.8882934199, 6876206.516726507], [358233.79357259325, 6876210.901290014], [358604.0544073162, 6876483.029068066], [358645.86824970436, 6876457.906356411], [358788.9018749279, 6876373.781625239], [358803.7328610512, 6876365.391954844], [358799.62469436484, 6876355.968275759], [358742.1724068959, 6876288.22077477], [359119.6387567631, 6875926.462645875], [359170.48489743506, 6875984.400574505], [359232.39555635443, 6875924.419422478], [359322.33372335427, 6875837.941890901], [359513.0507507189, 6875656.647010531], [359462.38743347046, 6875603.987431892], [359406.52991283307, 6875544.140806129], [359353.9259842342, 6875485.551360823], [359242.0886546399, 6875372.271331537], [359224.0430706333, 6875359.734959522], [359200.8307282027, 6875389.833907962], [359188.2442279081, 6875401.896391824], [359166.6037237126, 6875421.907686091], [359141.76053305366, 6875443.033429275], [359120.5591016704, 6875459.935982147], [359074.0147376609, 6875494.567277636], [359044.5719298929, 6875515.416632658], [359009.61343261297, 6875532.986846874], [358981.09140365396, 6875542.388817657], [358946.7861119009, 6875547.910047044], [358906.10239623935, 6875550.086402973], [358858.1693635902, 6875548.708004942], [358834.51637865044, 6875548.0612442475], [358809.8274460661, 6875549.529752944], [358785.6291821691, 6875551.824068153], [358741.7343051534, 6875563.247909917], [358716.81670791516, 6875578.986366201], [358672.13192322326, 6875609.770874331], [358648.45883677504, 6875637.192731728]]]}, "properties": {"id": "431410005170013", "CD_SETOR": "431410005170013", "bairro_seplan": "Valinhos", "populacao_universo_15m": 744, "alfabetizados": 723, "nao_alfabetizados": 21, "taxa_alfabetizacao": 97.18, "taxa_analfabetismo": 2.82, "homens_universo_15m": 353, "homens_alfabetizados": 343, "homens_nao_alfabetizados": 10, "taxa_alfabetizacao_homens": 97.17, "mulheres_universo_15m": 391, "mulheres_alfabetizadas": 380, "mulheres_nao_alfabetizadas": 11, "taxa_alfabetizacao_mulheres": 97.19, "classificacao_seplan": "95,0% a 97,5%", "fonte": "IBGE — Censo Demográfico 2022 (Agregados por Setores)", "natureza": "Dados estatísticos oficiais agregados por setor censitário"}}, {"type": "Feature", "geometry": {"type": "Polygon", "coordinates": [[[358233.79357259325, 6876210.901290014], [358236.8882934199, 6876206.516726507], [358380.9826979051, 6876162.690495281], [358460.66781147674, 6876136.823021825], [358526.0334480621, 6876109.332863852], [358576.8751290398, 6876068.549094059], [358616.43987602927, 6876027.786067745], [358641.6110902731, 6875986.696529363], [358665.5145789496, 6875919.3400065955], [358674.004864513, 6875853.240675664], [358697.9113054204, 6875750.124426963], [358729.34030601254, 6875693.573033294], [358648.8849099119, 6875637.674302567], [358648.45883677504, 6875637.192731728], [358641.38391057024, 6875645.375276331], [358622.2276027837, 6875681.649479265], [358616.4142986126, 6875697.615097484], [358599.6105197784, 6875700.307337562], [358595.2890546634, 6875724.502033352], [358592.8810272256, 6875738.823801378], [358590.75090652675, 6875757.0052094385], [358589.80924859375, 6875772.629876148], [358590.8455374534, 6875789.452717487], [358591.8026199099, 6875797.265425778], [358593.7738966821, 6875808.093269349], [358595.60592946445, 6875816.603439365], [358604.46447035216, 6875849.044443376], [358606.2385968356, 6875859.9475064], [358612.97081436496, 6875880.57256939], [358614.95145921427, 6875888.142582953], [358617.86275971076, 6875902.450088282], [358617.9126685305, 6875903.2042181995], [358618.74117601244, 6875915.226327683], [358618.4087049795, 6875932.442883425], [358611.5230605372, 6875960.164197129], [358600.24151383014, 6875984.519846522], [358595.19121547247, 6875990.787222467], [358582.9108797278, 6876003.406836671], [358575.8553570171, 6876009.938452807], [358556.90577986045, 6876023.84166395], [358517.933186673, 6876047.003187783], [358511.35545910243, 6876050.493069513], [358380.29085242935, 6876117.8135817945], [358338.6585736576, 6876128.57598025], [358294.33920175163, 6876138.342104193], [358262.62965341134, 6876144.102970071], [358259.22663963994, 6876144.716176769], [358200.2676366179, 6876153.387539237], [358135.74933975993, 6876162.424411448], [358049.26363397617, 6876175.830542939], [357998.54253710795, 6876194.007481128], [357960.45071452676, 6876217.233194178], [358030.84083446814, 6876226.884225669], [358095.29719880444, 6876231.288938057], [358105.12891653576, 6876228.181661291], [358170.52765563864, 6876221.8814771045], [358229.29878809955, 6876207.600800461], [358233.79357259325, 6876210.901290014]]]}, "properties": {"id": "431410005170014", "CD_SETOR": "431410005170014", "bairro_seplan": "Valinhos", "populacao_universo_15m": 167, "alfabetizados": 159, "nao_alfabetizados": 8, "taxa_alfabetizacao": 95.21, "taxa_analfabetismo": 4.79, "homens_universo_15m": 81, "homens_alfabetizados": 77, "homens_nao_alfabetizados": 4, "taxa_alfabetizacao_homens": 95.06, "mulheres_universo_15m": 86, "mulheres_alfabetizadas": 82, "mulheres_nao_alfabetizadas": 4, "taxa_alfabetizacao_mulheres": 95.35, "classificacao_seplan": "95,0% a 97,5%", "fonte": "IBGE — Censo Demográfico 2022 (Agregados por Setores)", "natureza": "Dados estatísticos oficiais agregados por setor censitário"}}, {"type": "Feature", "geometry": {"type": "Polygon", "coordinates": [[[361947.7543895545, 6871494.073263859], [362042.0462305954, 6871411.683851405], [362048.56274229207, 6871366.758445909], [362036.3482559648, 6871334.801910499], [362019.32263657975, 6871316.70751268], [361993.37150090095, 6871289.21200014], [361965.45116899465, 6871233.691013009], [361955.2327319832, 6871151.647876687], [361958.0690911141, 6871028.500934444], [361971.6360851221, 6870932.417584699], [362000.32492368354, 6870852.722197615], [362028.26597022975, 6870754.645218743], [362040.6822836298, 6870674.771466194], [362071.14814647846, 6870561.13235898], [362028.3518803052, 6870583.727883464], [361969.715524527, 6870622.140297033], [361857.7641228893, 6870696.787879428], [361769.679144808, 6870760.387611071], [361677.64773372735, 6870830.046512388], [361580.2417853472, 6870896.151387811], [361512.4556215866, 6870941.635579022], [361437.2988428924, 6870983.176972922], [361430.3975080856, 6871006.278506033], [361422.16165551613, 6871047.039189313], [361413.9025749868, 6871096.498453464], [361415.6695251708, 6871119.900744725], [361424.58849035285, 6871152.484397603], [361436.2046552389, 6871194.352478107], [361480.48632646684, 6871334.62767728], [361533.2541257324, 6871312.804185048], [361562.3307850859, 6871295.169713698], [361631.50540916616, 6871237.611629348], [361681.41504104773, 6871218.546658994], [361767.17311088846, 6871182.368748204], [361791.6295282296, 6871184.8589862045], [361820.65290950483, 6871280.341462152], [361852.32166292117, 6871401.419253458], [361879.74014147813, 6871510.136066016], [361888.5126117345, 6871521.740631776], [361947.7543895545, 6871494.073263859]]]}, "properties": {"id": "431410005180001", "CD_SETOR": "431410005180001", "bairro_seplan": "Vila Luiza", "populacao_universo_15m": 534, "alfabetizados": 513, "nao_alfabetizados": 21, "taxa_alfabetizacao": 96.07, "taxa_analfabetismo": 3.93, "homens_universo_15m": 248, "homens_alfabetizados": 241, "homens_nao_alfabetizados": 7, "taxa_alfabetizacao_homens": 97.18, "mulheres_universo_15m": 286, "mulheres_alfabetizadas": 272, "mulheres_nao_alfabetizadas": 14, "taxa_alfabetizacao_mulheres": 95.1, "classificacao_seplan": "95,0% a 97,5%", "fonte": "IBGE — Censo Demográfico 2022 (Agregados por Setores)", "natureza": "Dados estatísticos oficiais agregados por setor censitário"}}, {"type": "Feature", "geometry": {"type": "Polygon", "coordinates": [[[361030.5059523571, 6871413.692476001], [361007.6360981023, 6871335.223296849], [360995.12639659503, 6871294.374826916], [360995.8011594162, 6871209.189202329], [360998.67944964516, 6871112.604508258], [360999.38974632305, 6871053.682122702], [360903.71510966076, 6871037.755533356], [360867.8421661736, 6871029.267447146], [360867.9122334572, 6871056.738996273], [360864.18009145145, 6871198.414889022], [360865.2011158839, 6871250.187955662], [360925.3400128217, 6871433.071047397], [361030.5059523571, 6871413.692476001]]]}, "properties": {"id": "431410005180002", "CD_SETOR": "431410005180002", "bairro_seplan": "Vila Luiza", "populacao_universo_15m": 193, "alfabetizados": 187, "nao_alfabetizados": 6, "taxa_alfabetizacao": 96.89, "taxa_analfabetismo": 3.11, "homens_universo_15m": 85, "homens_alfabetizados": 85, "homens_nao_alfabetizados": 0, "taxa_alfabetizacao_homens": 100.0, "mulheres_universo_15m": 106, "mulheres_alfabetizadas": 102, "mulheres_nao_alfabetizadas": 4, "taxa_alfabetizacao_mulheres": 96.23, "classificacao_seplan": "95,0% a 97,5%", "fonte": "IBGE — Censo Demográfico 2022 (Agregados por Setores)", "natureza": "Dados estatísticos oficiais agregados por setor censitário"}}, {"type": "Feature", "geometry": {"type": "Polygon", "coordinates": [[[361411.2250483606, 6871700.88790427], [361362.24666332384, 6871538.516856128], [361355.19243513903, 6871510.043994415], [361336.09675145295, 6871497.055043463], [361313.54834031226, 6871479.836936559], [361287.9488830135, 6871447.534629004], [361276.38605255564, 6871427.962701142], [361274.5406505319, 6871405.412733322], [361271.81603895396, 6871373.322519021], [361214.08412004996, 6871382.520542361], [361123.0098503877, 6871398.231582643], [361030.5059523571, 6871413.692476001], [360925.3400128217, 6871433.071047397], [360958.64175760176, 6871567.268970495], [360952.7262676553, 6871616.63357655], [360961.4546484066, 6871655.36552286], [360968.80227445904, 6871672.129099516], [360991.2854308032, 6871749.319408648], [361014.28890707815, 6871824.83138246], [361075.9260613868, 6871800.69796635], [361141.8767449103, 6871780.991873713], [361300.3519287997, 6871734.176778343], [361411.2250483606, 6871700.88790427]]]}, "properties": {"id": "431410005180003", "CD_SETOR": "431410005180003", "bairro_seplan": "Vila Luiza", "populacao_universo_15m": 672, "alfabetizados": 657, "nao_alfabetizados": 15, "taxa_alfabetizacao": 97.77, "taxa_analfabetismo": 2.23, "homens_universo_15m": 308, "homens_alfabetizados": 305, "homens_nao_alfabetizados": 3, "taxa_alfabetizacao_homens": 99.03, "mulheres_universo_15m": 364, "mulheres_alfabetizadas": 352, "mulheres_nao_alfabetizadas": 12, "taxa_alfabetizacao_mulheres": 96.7, "classificacao_seplan": "97,5% a 99,0%", "fonte": "IBGE — Censo Demográfico 2022 (Agregados por Setores)", "natureza": "Dados estatísticos oficiais agregados por setor censitário"}}, {"type": "Feature", "geometry": {"type": "Polygon", "coordinates": [[[361062.5722872012, 6871984.281453636], [361025.3910697714, 6871860.277740821], [361014.28890707815, 6871824.83138246], [360991.2854308032, 6871749.319408648], [360968.80227445904, 6871672.129099516], [360961.4546484066, 6871655.36552286], [360948.62740032154, 6871659.991215786], [360936.9269375545, 6871663.898736509], [360926.9547947638, 6871669.333576504], [360917.2548249031, 6871676.655431677], [360915.0378594913, 6871693.373373573], [360916.59410814533, 6871710.412594295], [360917.10950247356, 6871726.697158086], [360928.51460079267, 6871787.312953072], [360917.6303764726, 6871807.774502164], [360836.1022077339, 6871955.242044102], [360850.1324435226, 6871952.636293789], [360931.0907307864, 6871997.689501051], [360995.27579799574, 6872032.494799388], [361011.82630136167, 6872004.863449406], [361030.602902826, 6871994.888589857], [361062.5722872012, 6871984.281453636]]]}, "properties": {"id": "431410005180004", "CD_SETOR": "431410005180004", "bairro_seplan": "Vila Luiza", "populacao_universo_15m": 205, "alfabetizados": 202, "nao_alfabetizados": 3, "taxa_alfabetizacao": 98.54, "taxa_analfabetismo": 1.46, "homens_universo_15m": 91, "homens_alfabetizados": 88, "homens_nao_alfabetizados": 3, "taxa_alfabetizacao_homens": 96.7, "mulheres_universo_15m": 114, "mulheres_alfabetizadas": 114, "mulheres_nao_alfabetizadas": 0, "taxa_alfabetizacao_mulheres": 100.0, "classificacao_seplan": "97,5% a 99,0%", "fonte": "IBGE — Censo Demográfico 2022 (Agregados por Setores)", "natureza": "Dados estatísticos oficiais agregados por setor censitário"}}, {"type": "Feature", "geometry": {"type": "Polygon", "coordinates": [[[361062.5722872012, 6871984.281453636], [361030.602902826, 6871994.888589857], [361011.82630136167, 6872004.863449406], [360995.27579799574, 6872032.494799388], [360931.0907307864, 6871997.689501051], [360850.1324435226, 6871952.636293789], [360836.1022077339, 6871955.242044102], [360809.6581409116, 6872004.9641348105], [360903.2154234769, 6872054.874918617], [360966.0801150862, 6872089.354600199], [361041.0325622822, 6872130.480278466], [361159.2254494164, 6872194.728618003], [361215.1726052994, 6872096.072283097], [361149.47460115765, 6872058.014766816], [361098.87839278183, 6872028.090111393], [361080.6277192531, 6872007.3980629975], [361062.5722872012, 6871984.281453636]]]}, "properties": {"id": "431410005180005", "CD_SETOR": "431410005180005", "bairro_seplan": "Vila Luiza", "populacao_universo_15m": 257, "alfabetizados": 251, "nao_alfabetizados": 6, "taxa_alfabetizacao": 97.67, "taxa_analfabetismo": 2.33, "homens_universo_15m": 122, "homens_alfabetizados": 118, "homens_nao_alfabetizados": 4, "taxa_alfabetizacao_homens": 96.72, "mulheres_universo_15m": 133, "mulheres_alfabetizadas": 133, "mulheres_nao_alfabetizadas": 0, "taxa_alfabetizacao_mulheres": 100.0, "classificacao_seplan": "97,5% a 99,0%", "fonte": "IBGE — Censo Demográfico 2022 (Agregados por Setores)", "natureza": "Dados estatísticos oficiais agregados por setor censitário"}}, {"type": "Feature", "geometry": {"type": "Polygon", "coordinates": [[[361554.3696680517, 6872189.905277812], [361514.24180692306, 6872058.976457116], [361505.16478836874, 6872027.233296134], [361447.3367083784, 6872042.73675651], [361424.20209471876, 6872042.001110589], [361404.9036966328, 6872029.486457597], [361383.89944507566, 6872005.95915392], [361373.63708221144, 6871984.175220383], [361347.48200448137, 6871895.21883792], [361184.4983240954, 6871940.663215138], [361062.5722872012, 6871984.281453636], [361080.6277192531, 6872007.3980629975], [361098.87839278183, 6872028.090111393], [361149.47460115765, 6872058.014766816], [361215.1726052994, 6872096.072283097], [361159.2254494164, 6872194.728618003], [361263.6932787094, 6872254.028074047], [361374.8110836523, 6872315.243757451], [361485.0937537375, 6872375.81695044], [361540.92186550255, 6872274.575863851], [361559.22067767265, 6872239.960817354], [361557.6488705722, 6872194.741759025], [361554.3696680517, 6872189.905277812]]]}, "properties": {"id": "431410005180006", "CD_SETOR": "431410005180006", "bairro_seplan": "Vila Luiza", "populacao_universo_15m": 611, "alfabetizados": 604, "nao_alfabetizados": 7, "taxa_alfabetizacao": 98.85, "taxa_analfabetismo": 1.15, "homens_universo_15m": 275, "homens_alfabetizados": 275, "homens_nao_alfabetizados": 0, "taxa_alfabetizacao_homens": 100.0, "mulheres_universo_15m": 334, "mulheres_alfabetizadas": 329, "mulheres_nao_alfabetizadas": 5, "taxa_alfabetizacao_mulheres": 98.5, "classificacao_seplan": "97,5% a 99,0%", "fonte": "IBGE — Censo Demográfico 2022 (Agregados por Setores)", "natureza": "Dados estatísticos oficiais agregados por setor censitário"}}, {"type": "Feature", "geometry": {"type": "Polygon", "coordinates": [[[361886.650867439, 6872389.429919793], [361888.7148165675, 6872319.165230662], [361863.6475862042, 6872315.848190357], [361816.57018175686, 6872281.756828308], [361772.26279801375, 6872242.345265487], [361735.44757781475, 6872211.653185902], [361714.836998809, 6872144.171531944], [361554.3696680517, 6872189.905277812], [361557.6488705722, 6872194.741759025], [361559.22067767265, 6872239.960817354], [361540.92186550255, 6872274.575863851], [361485.0937537375, 6872375.81695044], [361594.0994262219, 6872436.617947581], [361700.8125611773, 6872493.867301247], [361803.52020937146, 6872547.212690126], [361886.650867439, 6872389.429919793]]]}, "properties": {"id": "431410005180007", "CD_SETOR": "431410005180007", "bairro_seplan": "Vila Luiza", "populacao_universo_15m": 433, "alfabetizados": 428, "nao_alfabetizados": 5, "taxa_alfabetizacao": 98.85, "taxa_analfabetismo": 1.15, "homens_universo_15m": 189, "homens_alfabetizados": 189, "homens_nao_alfabetizados": 0, "taxa_alfabetizacao_homens": 100.0, "mulheres_universo_15m": 243, "mulheres_alfabetizadas": 239, "mulheres_nao_alfabetizadas": 4, "taxa_alfabetizacao_mulheres": 98.35, "classificacao_seplan": "97,5% a 99,0%", "fonte": "IBGE — Censo Demográfico 2022 (Agregados por Setores)", "natureza": "Dados estatísticos oficiais agregados por setor censitário"}}, {"type": "Feature", "geometry": {"type": "Polygon", "coordinates": [[[362027.47250913753, 6872332.359706774], [361888.7148165675, 6872319.165230662], [361886.650867439, 6872389.429919793], [361949.883564031, 6872423.010834606], [362015.8642212484, 6872437.9846100565], [362027.47250913753, 6872332.359706774]]]}, "properties": {"id": "431410005180008", "CD_SETOR": "431410005180008", "bairro_seplan": "Vila Luiza", "populacao_universo_15m": 85, "alfabetizados": 85, "nao_alfabetizados": 0, "taxa_alfabetizacao": 100.0, "taxa_analfabetismo": 0.0, "homens_universo_15m": 37, "homens_alfabetizados": 37, "homens_nao_alfabetizados": 0, "taxa_alfabetizacao_homens": 100.0, "mulheres_universo_15m": 48, "mulheres_alfabetizadas": 48, "mulheres_nao_alfabetizadas": 0, "taxa_alfabetizacao_mulheres": 100.0, "classificacao_seplan": "Maior que 99,0%", "fonte": "IBGE — Censo Demográfico 2022 (Agregados por Setores)", "natureza": "Dados estatísticos oficiais agregados por setor censitário"}}, {"type": "Feature", "geometry": {"type": "Polygon", "coordinates": [[[362043.0148024735, 6872160.082193029], [362031.9747579489, 6872070.084447835], [362016.04131051793, 6871988.362893596], [361995.8228877266, 6871946.107383445], [361772.66831881524, 6871952.429565351], [361746.58892593835, 6871955.217327161], [361669.26502702397, 6871980.235078914], [361714.836998809, 6872144.171531944], [361735.44757781475, 6872211.653185902], [361772.26279801375, 6872242.345265487], [361816.57018175686, 6872281.756828308], [361863.6475862042, 6872315.848190357], [361888.7148165675, 6872319.165230662], [362027.47250913753, 6872332.359706774], [362038.29293988075, 6872214.325651296], [362043.0148024735, 6872160.082193029]]]}, "properties": {"id": "431410005180009", "CD_SETOR": "431410005180009", "bairro_seplan": "Vila Luiza", "populacao_universo_15m": 466, "alfabetizados": 454, "nao_alfabetizados": 12, "taxa_alfabetizacao": 97.42, "taxa_analfabetismo": 2.58, "homens_universo_15m": 215, "homens_alfabetizados": 208, "homens_nao_alfabetizados": 7, "taxa_alfabetizacao_homens": 96.74, "mulheres_universo_15m": 251, "mulheres_alfabetizadas": 246, "mulheres_nao_alfabetizadas": 5, "taxa_alfabetizacao_mulheres": 98.01, "classificacao_seplan": "95,0% a 97,5%", "fonte": "IBGE — Censo Demográfico 2022 (Agregados por Setores)", "natureza": "Dados estatísticos oficiais agregados por setor censitário"}}, {"type": "Feature", "geometry": {"type": "Polygon", "coordinates": [[[361995.8228877266, 6871946.107383445], [361929.15700431564, 6871835.161223501], [361868.5876875409, 6871731.532788063], [361831.25894347485, 6871666.726638343], [361863.2602115012, 6871603.536947014], [361871.6461999228, 6871567.46519338], [361735.4372030283, 6871608.230924489], [361573.81894127314, 6871655.690937962], [361621.07709433965, 6871816.965954248], [361669.26502702397, 6871980.235078914], [361746.58892593835, 6871955.217327161], [361772.66831881524, 6871952.429565351], [361995.8228877266, 6871946.107383445]]]}, "properties": {"id": "431410005180010", "CD_SETOR": "431410005180010", "bairro_seplan": "Vila Luiza", "populacao_universo_15m": 281, "alfabetizados": 275, "nao_alfabetizados": 6, "taxa_alfabetizacao": 97.86, "taxa_analfabetismo": 2.14, "homens_universo_15m": 137, "homens_alfabetizados": 133, "homens_nao_alfabetizados": 4, "taxa_alfabetizacao_homens": 97.08, "mulheres_universo_15m": 142, "mulheres_alfabetizadas": 142, "mulheres_nao_alfabetizadas": 0, "taxa_alfabetizacao_mulheres": 100.0, "classificacao_seplan": "97,5% a 99,0%", "fonte": "IBGE — Censo Demográfico 2022 (Agregados por Setores)", "natureza": "Dados estatísticos oficiais agregados por setor censitário"}}, {"type": "Feature", "geometry": {"type": "Polygon", "coordinates": [[[361573.81894127314, 6871655.690937962], [361735.4372030283, 6871608.230924489], [361871.6461999228, 6871567.46519338], [361879.15233709005, 6871537.865759111], [361888.5126117345, 6871521.740631776], [361879.74014147813, 6871510.136066016], [361852.32166292117, 6871401.419253458], [361820.65290950483, 6871280.341462152], [361791.6295282296, 6871184.8589862045], [361767.17311088846, 6871182.368748204], [361681.41504104773, 6871218.546658994], [361631.50540916616, 6871237.611629348], [361562.3307850859, 6871295.169713698], [361533.2541257324, 6871312.804185048], [361480.48632646684, 6871334.62767728], [361411.6854709104, 6871350.013718331], [361271.81603895396, 6871373.322519021], [361274.5406505319, 6871405.412733322], [361276.38605255564, 6871427.962701142], [361287.9488830135, 6871447.534629004], [361313.54834031226, 6871479.836936559], [361336.09675145295, 6871497.055043463], [361355.19243513903, 6871510.043994415], [361362.24666332384, 6871538.516856128], [361411.2250483606, 6871700.88790427], [361573.81894127314, 6871655.690937962]]]}, "properties": {"id": "431410005180011", "CD_SETOR": "431410005180011", "bairro_seplan": "Vila Luiza", "populacao_universo_15m": 715, "alfabetizados": 698, "nao_alfabetizados": 17, "taxa_alfabetizacao": 97.62, "taxa_analfabetismo": 2.38, "homens_universo_15m": 325, "homens_alfabetizados": 319, "homens_nao_alfabetizados": 6, "taxa_alfabetizacao_homens": 98.15, "mulheres_universo_15m": 390, "mulheres_alfabetizadas": 379, "mulheres_nao_alfabetizadas": 11, "taxa_alfabetizacao_mulheres": 97.18, "classificacao_seplan": "97,5% a 99,0%", "fonte": "IBGE — Censo Demográfico 2022 (Agregados por Setores)", "natureza": "Dados estatísticos oficiais agregados por setor censitário"}}, {"type": "Feature", "geometry": {"type": "Polygon", "coordinates": [[[361714.836998809, 6872144.171531944], [361669.26502702397, 6871980.235078914], [361621.07709433965, 6871816.965954248], [361573.81894127314, 6871655.690937962], [361411.2250483606, 6871700.88790427], [361300.3519287997, 6871734.176778343], [361141.8767449103, 6871780.991873713], [361075.9260613868, 6871800.69796635], [361014.28890707815, 6871824.83138246], [361025.3910697714, 6871860.277740821], [361062.5722872012, 6871984.281453636], [361184.4983240954, 6871940.663215138], [361347.48200448137, 6871895.21883792], [361373.63708221144, 6871984.175220383], [361383.89944507566, 6872005.95915392], [361404.9036966328, 6872029.486457597], [361424.20209471876, 6872042.001110589], [361447.3367083784, 6872042.73675651], [361505.16478836874, 6872027.233296134], [361514.24180692306, 6872058.976457116], [361554.3696680517, 6872189.905277812], [361714.836998809, 6872144.171531944]]]}, "properties": {"id": "431410005180012", "CD_SETOR": "431410005180012", "bairro_seplan": "Vila Luiza", "populacao_universo_15m": 692, "alfabetizados": 676, "nao_alfabetizados": 16, "taxa_alfabetizacao": 97.69, "taxa_analfabetismo": 2.31, "homens_universo_15m": 314, "homens_alfabetizados": 303, "homens_nao_alfabetizados": 11, "taxa_alfabetizacao_homens": 96.5, "mulheres_universo_15m": 378, "mulheres_alfabetizadas": 373, "mulheres_nao_alfabetizadas": 5, "taxa_alfabetizacao_mulheres": 98.68, "classificacao_seplan": "97,5% a 99,0%", "fonte": "IBGE — Censo Demográfico 2022 (Agregados por Setores)", "natureza": "Dados estatísticos oficiais agregados por setor censitário"}}, {"type": "Feature", "geometry": {"type": "Polygon", "coordinates": [[[361271.81603895396, 6871373.322519021], [361411.6854709104, 6871350.013718331], [361480.48632646684, 6871334.62767728], [361436.2046552389, 6871194.352478107], [361424.58849035285, 6871152.484397603], [361415.6695251708, 6871119.900744725], [361413.9025749868, 6871096.498453464], [361422.16165551613, 6871047.039189313], [361430.3975080856, 6871006.278506033], [361437.2988428924, 6870983.176972922], [361512.4556215866, 6870941.635579022], [361580.2417853472, 6870896.151387811], [361677.64773372735, 6870830.046512388], [361769.679144808, 6870760.387611071], [361857.7641228893, 6870696.787879428], [361969.715524527, 6870622.140297033], [362028.3518803052, 6870583.727883464], [362071.14814647846, 6870561.13235898], [362093.2868233898, 6870523.270144474], [362096.7212381859, 6870478.475060963], [362086.54911447084, 6870407.63572414], [362070.9000435943, 6870321.085810619], [362090.9727862718, 6870220.468182327], [362114.9318532287, 6870124.716107599], [361942.27050117013, 6870226.095321501], [361840.9462975788, 6870280.498857471], [361732.0259588619, 6870345.240522504], [361635.1296884629, 6870420.1391218025], [361535.2288981872, 6870494.337014807], [361428.14723338524, 6870565.103628083], [361318.0174730567, 6870627.145896742], [361217.957645656, 6870674.378476264], [361120.0757105087, 6870699.750060906], [361058.6534402241, 6870701.845112371], [361062.21837061405, 6870770.9792264], [361062.85458063486, 6870906.722357345], [361061.23160626844, 6871021.794408965], [361000.88973684487, 6871017.773910401], [360999.38974632305, 6871053.682122702], [360998.67944964516, 6871112.604508258], [360995.8011594162, 6871209.189202329], [360995.12639659503, 6871294.374826916], [361007.6360981023, 6871335.223296849], [361030.5059523571, 6871413.692476001], [361123.0098503877, 6871398.231582643], [361214.08412004996, 6871382.520542361], [361271.81603895396, 6871373.322519021]]]}, "properties": {"id": "431410005180013", "CD_SETOR": "431410005180013", "bairro_seplan": "Vila Luiza", "populacao_universo_15m": 826, "alfabetizados": 796, "nao_alfabetizados": 30, "taxa_alfabetizacao": 96.37, "taxa_analfabetismo": 3.63, "homens_universo_15m": 406, "homens_alfabetizados": 393, "homens_nao_alfabetizados": 13, "taxa_alfabetizacao_homens": 96.8, "mulheres_universo_15m": 420, "mulheres_alfabetizadas": 403, "mulheres_nao_alfabetizadas": 17, "taxa_alfabetizacao_mulheres": 95.95, "classificacao_seplan": "95,0% a 97,5%", "fonte": "IBGE — Censo Demográfico 2022 (Agregados por Setores)", "natureza": "Dados estatísticos oficiais agregados por setor censitário"}}, {"type": "Feature", "geometry": {"type": "Polygon", "coordinates": [[[362655.89186866774, 6872707.915024389], [362638.2151732959, 6872590.71441745], [362545.71693276265, 6872616.138515768], [362538.6348771498, 6872618.549755614], [362561.6661814024, 6872633.377344182], [362590.33068110637, 6872676.870871009], [362596.5597702791, 6872692.201909128], [362604.2344068596, 6872713.17896394], [362608.15361638926, 6872728.8821717985], [362620.64061948075, 6872829.943812819], [362670.9890530431, 6872822.53702536], [362655.89186866774, 6872707.915024389]]]}, "properties": {"id": "431410005190001", "CD_SETOR": "431410005190001", "bairro_seplan": "Vila Rodrigues", "populacao_universo_15m": 164, "alfabetizados": 164, "nao_alfabetizados": 0, "taxa_alfabetizacao": 100.0, "taxa_analfabetismo": 0.0, "homens_universo_15m": 75, "homens_alfabetizados": 75, "homens_nao_alfabetizados": 0, "taxa_alfabetizacao_homens": 100.0, "mulheres_universo_15m": 89, "mulheres_alfabetizadas": 89, "mulheres_nao_alfabetizadas": 0, "taxa_alfabetizacao_mulheres": 100.0, "classificacao_seplan": "Maior que 99,0%", "fonte": "IBGE — Censo Demográfico 2022 (Agregados por Setores)", "natureza": "Dados estatísticos oficiais agregados por setor censitário"}}, {"type": "Feature", "geometry": {"type": "Polygon", "coordinates": [[[362924.10528150236, 6873287.352120342], [362961.1576161552, 6873283.613467982], [362976.779166527, 6873279.228366664], [362992.0077330001, 6873273.187604291], [363020.2210907344, 6873260.836338732], [363056.4285462322, 6873239.324423965], [363093.22265572863, 6873215.425626171], [363126.36970390356, 6873193.822799175], [363115.0697887455, 6873115.314904997], [363096.0023840696, 6872997.434393659], [363078.0787735537, 6872881.650284134], [363060.6462730487, 6872764.154186436], [363043.1668040172, 6872646.513428129], [362926.5825928402, 6872664.337724074], [362829.36141721054, 6872679.924717497], [362846.55301136593, 6872796.83120172], [362865.1428227414, 6872916.734639437], [362765.9030008154, 6872931.92112763], [362783.34750885837, 6873049.007901132], [362800.12733959453, 6873166.762884378], [362819.91363351094, 6873281.6492725685], [362841.0544542892, 6873286.15989363], [362852.28990269307, 6873287.75245964], [362864.11068740115, 6873288.786634995], [362883.6519270827, 6873289.078904627], [362894.19184166833, 6873288.879314874], [362924.10528150236, 6873287.352120342]]]}, "properties": {"id": "431410005190002", "CD_SETOR": "431410005190002", "bairro_seplan": "Vila Rodrigues", "populacao_universo_15m": 738, "alfabetizados": 735, "nao_alfabetizados": 3, "taxa_alfabetizacao": 99.59, "taxa_analfabetismo": 0.41, "homens_universo_15m": 333, "homens_alfabetizados": 333, "homens_nao_alfabetizados": 0, "taxa_alfabetizacao_homens": 100.0, "mulheres_universo_15m": 402, "mulheres_alfabetizadas": 402, "mulheres_nao_alfabetizadas": 0, "taxa_alfabetizacao_mulheres": 100.0, "classificacao_seplan": "Maior que 99,0%", "fonte": "IBGE — Censo Demográfico 2022 (Agregados por Setores)", "natureza": "Dados estatísticos oficiais agregados por setor censitário"}}, {"type": "Feature", "geometry": {"type": "Polygon", "coordinates": [[[362924.10528150236, 6873287.352120342], [362894.19184166833, 6873288.879314874], [362883.6519270827, 6873289.078904627], [362864.11068740115, 6873288.786634995], [362852.28990269307, 6873287.75245964], [362841.0544542892, 6873286.15989363], [362819.91363351094, 6873281.6492725685], [362826.272616292, 6873335.034641891], [362888.0810414459, 6873355.816987541], [362928.2979102065, 6873310.870610762], [362924.10528150236, 6873287.352120342]]]}, "properties": {"id": "431410005190003", "CD_SETOR": "431410005190003", "bairro_seplan": "Vila Rodrigues", "populacao_universo_15m": 62, "alfabetizados": 62, "nao_alfabetizados": 0, "taxa_alfabetizacao": 100.0, "taxa_analfabetismo": 0.0, "homens_universo_15m": 28, "homens_alfabetizados": 28, "homens_nao_alfabetizados": 0, "taxa_alfabetizacao_homens": 100.0, "mulheres_universo_15m": 34, "mulheres_alfabetizadas": 34, "mulheres_nao_alfabetizadas": 0, "taxa_alfabetizacao_mulheres": 100.0, "classificacao_seplan": "Maior que 99,0%", "fonte": "IBGE — Censo Demográfico 2022 (Agregados por Setores)", "natureza": "Dados estatísticos oficiais agregados por setor censitário"}}, {"type": "Feature", "geometry": {"type": "Polygon", "coordinates": [[[363020.2210907344, 6873260.836338732], [362992.0077330001, 6873273.187604291], [362976.779166527, 6873279.228366664], [362961.1576161552, 6873283.613467982], [362924.10528150236, 6873287.352120342], [362928.2979102065, 6873310.870610762], [362888.0810414459, 6873355.816987541], [363020.79300495045, 6873401.707601858], [363039.24762089684, 6873380.544877966], [363024.0059938127, 6873283.142226286], [363020.2210907344, 6873260.836338732]]]}, "properties": {"id": "431410005190004", "CD_SETOR": "431410005190004", "bairro_seplan": "Vila Rodrigues", "populacao_universo_15m": 75, "alfabetizados": 75, "nao_alfabetizados": 0, "taxa_alfabetizacao": 100.0, "taxa_analfabetismo": 0.0, "homens_universo_15m": 36, "homens_alfabetizados": 36, "homens_nao_alfabetizados": 0, "taxa_alfabetizacao_homens": 100.0, "mulheres_universo_15m": 39, "mulheres_alfabetizadas": 39, "mulheres_nao_alfabetizadas": 0, "taxa_alfabetizacao_mulheres": 100.0, "classificacao_seplan": "Maior que 99,0%", "fonte": "IBGE — Censo Demográfico 2022 (Agregados por Setores)", "natureza": "Dados estatísticos oficiais agregados por setor censitário"}}, {"type": "Feature", "geometry": {"type": "Polygon", "coordinates": [[[363539.03127721115, 6873532.451817796], [363399.0958421483, 6873406.333616061], [363339.33099888265, 6873353.6968532605], [363313.2749156811, 6873330.392183152], [363386.32828724734, 6873243.758172426], [363409.6839551999, 6873216.955584692], [363504.964817247, 6873099.937153353], [363457.238227995, 6873077.270004656], [363423.4409373484, 6873065.09066974], [363395.23913938215, 6873062.029005194], [363366.46603594767, 6873061.719919591], [363337.9336271313, 6873066.920904413], [363324.23034926294, 6873069.20095879], [363297.40215480677, 6873081.469135219], [363235.0542976754, 6873118.637483757], [363190.2299081423, 6873149.790977974], [363126.36970390356, 6873193.822799175], [363093.22265572863, 6873215.425626171], [363056.4285462322, 6873239.324423965], [363020.2210907344, 6873260.836338732], [363024.0059938127, 6873283.142226286], [363039.24762089684, 6873380.544877966], [363020.79300495045, 6873401.707601858], [363071.1429082573, 6873440.275058297], [363152.37349852733, 6873510.92392359], [363240.54183618724, 6873586.694070945], [363164.6849744043, 6873671.976323849], [363243.85410450096, 6873742.046606068], [363275.59586391965, 6873770.137464299], [363279.3955414776, 6873754.5899578985], [363283.128682992, 6873719.2617125325], [363286.8260215842, 6873704.078705441], [363293.0399145433, 6873691.041193418], [363301.40939280123, 6873680.820970012], [363368.7843258636, 6873626.534146508], [363425.58146290516, 6873603.806445301], [363443.43952785106, 6873595.224511882], [363480.7861971385, 6873560.836960357], [363539.03127721115, 6873532.451817796]]]}, "properties": {"id": "431410005190005", "CD_SETOR": "431410005190005", "bairro_seplan": "Vila Rodrigues", "populacao_universo_15m": 401, "alfabetizados": 397, "nao_alfabetizados": 4, "taxa_alfabetizacao": 99.0, "taxa_analfabetismo": 1.0, "homens_universo_15m": 181, "homens_alfabetizados": 181, "homens_nao_alfabetizados": 0, "taxa_alfabetizacao_homens": 100.0, "mulheres_universo_15m": 216, "mulheres_alfabetizadas": 216, "mulheres_nao_alfabetizadas": 0, "taxa_alfabetizacao_mulheres": 100.0, "classificacao_seplan": "97,5% a 99,0%", "fonte": "IBGE — Censo Demográfico 2022 (Agregados por Setores)", "natureza": "Dados estatísticos oficiais agregados por setor censitário"}}, {"type": "Feature", "geometry": {"type": "Polygon", "coordinates": [[[363683.49586442584, 6873022.758604551], [363656.9395420861, 6872848.312293364], [363652.15575422044, 6872813.805836486], [363647.42202149355, 6872790.314675994], [363638.7183202625, 6872792.984960789], [363532.9317016888, 6872809.476591307], [363419.3744531061, 6872825.955423886], [363438.16730227054, 6872944.064838903], [363453.6096078111, 6873049.846562546], [363472.8471741719, 6873054.323088603], [363570.3153941098, 6873040.451149726], [363683.49586442584, 6873022.758604551]]]}, "properties": {"id": "431410005190007", "CD_SETOR": "431410005190007", "bairro_seplan": "Vila Rodrigues", "populacao_universo_15m": 197, "alfabetizados": 193, "nao_alfabetizados": 4, "taxa_alfabetizacao": 97.97, "taxa_analfabetismo": 2.03, "homens_universo_15m": 93, "homens_alfabetizados": 93, "homens_nao_alfabetizados": 0, "taxa_alfabetizacao_homens": 100.0, "mulheres_universo_15m": 100, "mulheres_alfabetizadas": 100, "mulheres_nao_alfabetizadas": 0, "taxa_alfabetizacao_mulheres": 100.0, "classificacao_seplan": "97,5% a 99,0%", "fonte": "IBGE — Censo Demográfico 2022 (Agregados por Setores)", "natureza": "Dados estatísticos oficiais agregados por setor censitário"}}, {"type": "Feature", "geometry": {"type": "Polygon", "coordinates": [[[363647.42202149355, 6872790.314675994], [363608.94792024244, 6872558.574260157], [363495.1312641829, 6872574.795844051], [363384.79396226525, 6872592.995630046], [363403.9827279954, 6872716.6946699135], [363419.3744531061, 6872825.955423886], [363532.9317016888, 6872809.476591307], [363638.7183202625, 6872792.984960789], [363647.42202149355, 6872790.314675994]]]}, "properties": {"id": "431410005190008", "CD_SETOR": "431410005190008", "bairro_seplan": "Vila Rodrigues", "populacao_universo_15m": 138, "alfabetizados": 138, "nao_alfabetizados": 0, "taxa_alfabetizacao": 100.0, "taxa_analfabetismo": 0.0, "homens_universo_15m": 61, "homens_alfabetizados": 61, "homens_nao_alfabetizados": 0, "taxa_alfabetizacao_homens": 100.0, "mulheres_universo_15m": 77, "mulheres_alfabetizadas": 77, "mulheres_nao_alfabetizadas": 0, "taxa_alfabetizacao_mulheres": 100.0, "classificacao_seplan": "Maior que 99,0%", "fonte": "IBGE — Censo Demográfico 2022 (Agregados por Setores)", "natureza": "Dados estatísticos oficiais agregados por setor censitário"}}, {"type": "Feature", "geometry": {"type": "Polygon", "coordinates": [[[363384.79396226525, 6872592.995630046], [363495.1312641829, 6872574.795844051], [363608.94792024244, 6872558.574260157], [363578.5029846523, 6872373.56676789], [363566.2751849873, 6872298.805193596], [363557.9243269311, 6872298.121849941], [363551.33534774336, 6872295.231438197], [363543.6182942511, 6872291.474793118], [363410.7553130216, 6872341.462499436], [363440.8952509973, 6872416.352894109], [363328.495615888, 6872475.728378872], [363346.5991270264, 6872599.027227232], [363384.79396226525, 6872592.995630046]]]}, "properties": {"id": "431410005190009", "CD_SETOR": "431410005190009", "bairro_seplan": "Vila Rodrigues", "populacao_universo_15m": 84, "alfabetizados": 84, "nao_alfabetizados": 0, "taxa_alfabetizacao": 100.0, "taxa_analfabetismo": 0.0, "homens_universo_15m": 37, "homens_alfabetizados": 37, "homens_nao_alfabetizados": 0, "taxa_alfabetizacao_homens": 100.0, "mulheres_universo_15m": 47, "mulheres_alfabetizadas": 47, "mulheres_nao_alfabetizadas": 0, "taxa_alfabetizacao_mulheres": 100.0, "classificacao_seplan": "Maior que 99,0%", "fonte": "IBGE — Censo Demográfico 2022 (Agregados por Setores)", "natureza": "Dados estatísticos oficiais agregados por setor censitário"}}, {"type": "Feature", "geometry": {"type": "Polygon", "coordinates": [[[363328.495615888, 6872475.728378872], [363440.8952509973, 6872416.352894109], [363410.7553130216, 6872341.462499436], [363284.24612089654, 6872398.469928088], [363197.9448171645, 6872453.402146751], [363170.0389741909, 6872467.341903846], [363129.78138010297, 6872478.712321701], [363021.1109836708, 6872504.651572999], [363043.1668040172, 6872646.513428129], [363157.58202733146, 6872628.718396505], [363149.4723514215, 6872574.781118173], [363255.348151915, 6872517.238026537], [363328.495615888, 6872475.728378872]]]}, "properties": {"id": "431410005190010", "CD_SETOR": "431410005190010", "bairro_seplan": "Vila Rodrigues", "populacao_universo_15m": 153, "alfabetizados": 153, "nao_alfabetizados": 0, "taxa_alfabetizacao": 100.0, "taxa_analfabetismo": 0.0, "homens_universo_15m": 74, "homens_alfabetizados": 74, "homens_nao_alfabetizados": 0, "taxa_alfabetizacao_homens": 100.0, "mulheres_universo_15m": 79, "mulheres_alfabetizadas": 79, "mulheres_nao_alfabetizadas": 0, "taxa_alfabetizacao_mulheres": 100.0, "classificacao_seplan": "Maior que 99,0%", "fonte": "IBGE — Censo Demográfico 2022 (Agregados por Setores)", "natureza": "Dados estatísticos oficiais agregados por setor censitário"}}, {"type": "Feature", "geometry": {"type": "Polygon", "coordinates": [[[362829.36141721054, 6872679.924717497], [362926.5825928402, 6872664.337724074], [363043.1668040172, 6872646.513428129], [363021.1109836708, 6872504.651572999], [362990.2712078339, 6872510.955313796], [362804.0694841079, 6872553.416790388], [362753.2671657922, 6872565.395391542], [362638.2151732959, 6872590.71441745], [362655.89186866774, 6872707.915024389], [362829.36141721054, 6872679.924717497]]]}, "properties": {"id": "431410005190011", "CD_SETOR": "431410005190011", "bairro_seplan": "Vila Rodrigues", "populacao_universo_15m": 317, "alfabetizados": 314, "nao_alfabetizados": 3, "taxa_alfabetizacao": 99.05, "taxa_analfabetismo": 0.95, "homens_universo_15m": 133, "homens_alfabetizados": 133, "homens_nao_alfabetizados": 0, "taxa_alfabetizacao_homens": 100.0, "mulheres_universo_15m": 181, "mulheres_alfabetizadas": 181, "mulheres_nao_alfabetizadas": 0, "taxa_alfabetizacao_mulheres": 100.0, "classificacao_seplan": "Maior que 99,0%", "fonte": "IBGE — Censo Demográfico 2022 (Agregados por Setores)", "natureza": "Dados estatísticos oficiais agregados por setor censitário"}}, {"type": "Feature", "geometry": {"type": "Polygon", "coordinates": [[[363419.3744531061, 6872825.955423886], [363403.9827279954, 6872716.6946699135], [363384.79396226525, 6872592.995630046], [363346.5991270264, 6872599.027227232], [363328.495615888, 6872475.728378872], [363255.348151915, 6872517.238026537], [363149.4723514215, 6872574.781118173], [363157.58202733146, 6872628.718396505], [363043.1668040172, 6872646.513428129], [363060.6462730487, 6872764.154186436], [363078.0787735537, 6872881.650284134], [363195.68785755243, 6872862.739181687], [363307.75216747023, 6872843.064944139], [363419.3744531061, 6872825.955423886]]]}, "properties": {"id": "431410005190012", "CD_SETOR": "431410005190012", "bairro_seplan": "Vila Rodrigues", "populacao_universo_15m": 421, "alfabetizados": 415, "nao_alfabetizados": 6, "taxa_alfabetizacao": 98.57, "taxa_analfabetismo": 1.43, "homens_universo_15m": 184, "homens_alfabetizados": 184, "homens_nao_alfabetizados": 0, "taxa_alfabetizacao_homens": 100.0, "mulheres_universo_15m": 235, "mulheres_alfabetizadas": 231, "mulheres_nao_alfabetizadas": 4, "taxa_alfabetizacao_mulheres": 98.3, "classificacao_seplan": "97,5% a 99,0%", "fonte": "IBGE — Censo Demográfico 2022 (Agregados por Setores)", "natureza": "Dados estatísticos oficiais agregados por setor censitário"}}, {"type": "Feature", "geometry": {"type": "Polygon", "coordinates": [[[363457.238227995, 6873077.270004656], [363453.6096078111, 6873049.846562546], [363438.16730227054, 6872944.064838903], [363419.3744531061, 6872825.955423886], [363307.75216747023, 6872843.064944139], [363195.68785755243, 6872862.739181687], [363078.0787735537, 6872881.650284134], [363096.0023840696, 6872997.434393659], [363115.0697887455, 6873115.314904997], [363126.36970390356, 6873193.822799175], [363190.2299081423, 6873149.790977974], [363235.0542976754, 6873118.637483757], [363297.40215480677, 6873081.469135219], [363324.23034926294, 6873069.20095879], [363337.9336271313, 6873066.920904413], [363366.46603594767, 6873061.719919591], [363395.23913938215, 6873062.029005194], [363423.4409373484, 6873065.09066974], [363457.238227995, 6873077.270004656]]]}, "properties": {"id": "431410005190013", "CD_SETOR": "431410005190013", "bairro_seplan": "Vila Rodrigues", "populacao_universo_15m": 457, "alfabetizados": 445, "nao_alfabetizados": 12, "taxa_alfabetizacao": 97.37, "taxa_analfabetismo": 2.63, "homens_universo_15m": 207, "homens_alfabetizados": 200, "homens_nao_alfabetizados": 7, "taxa_alfabetizacao_homens": 96.62, "mulheres_universo_15m": 250, "mulheres_alfabetizadas": 245, "mulheres_nao_alfabetizadas": 5, "taxa_alfabetizacao_mulheres": 98.0, "classificacao_seplan": "95,0% a 97,5%", "fonte": "IBGE — Censo Demográfico 2022 (Agregados por Setores)", "natureza": "Dados estatísticos oficiais agregados por setor censitário"}}, {"type": "Feature", "geometry": {"type": "Polygon", "coordinates": [[[362829.36141721054, 6872679.924717497], [362655.89186866774, 6872707.915024389], [362670.9890530431, 6872822.53702536], [362620.64061948075, 6872829.943812819], [362637.7982249519, 6872952.180362365], [362640.72700914624, 6872979.717949142], [362648.5102193231, 6873036.267048033], [362653.84009439393, 6873075.910986265], [362657.5636445358, 6873100.90906998], [362659.6902654348, 6873111.29465594], [362662.2861091701, 6873121.829727683], [362678.6260761445, 6873158.797497809], [362693.4450570934, 6873179.679823928], [362707.3289109856, 6873199.132909939], [362743.0965060126, 6873238.596961578], [362768.1441991151, 6873255.663631535], [362791.63685333834, 6873270.606829692], [362819.91363351094, 6873281.6492725685], [362800.12733959453, 6873166.762884378], [362783.34750885837, 6873049.007901132], [362765.9030008154, 6872931.92112763], [362865.1428227414, 6872916.734639437], [362846.55301136593, 6872796.83120172], [362829.36141721054, 6872679.924717497]]]}, "properties": {"id": "431410005190014", "CD_SETOR": "431410005190014", "bairro_seplan": "Vila Rodrigues", "populacao_universo_15m": 500, "alfabetizados": 500, "nao_alfabetizados": 0, "taxa_alfabetizacao": 100.0, "taxa_analfabetismo": 0.0, "homens_universo_15m": 222, "homens_alfabetizados": 222, "homens_nao_alfabetizados": 0, "taxa_alfabetizacao_homens": 100.0, "mulheres_universo_15m": 278, "mulheres_alfabetizadas": 278, "mulheres_nao_alfabetizadas": 0, "taxa_alfabetizacao_mulheres": 100.0, "classificacao_seplan": "Maior que 99,0%", "fonte": "IBGE — Censo Demográfico 2022 (Agregados por Setores)", "natureza": "Dados estatísticos oficiais agregados por setor censitário"}}, {"type": "Feature", "geometry": {"type": "Polygon", "coordinates": [[[363643.9958822151, 6873471.060422972], [363562.18426887004, 6873398.679704057], [363636.34072130953, 6873309.840675406], [363550.2473473576, 6873233.64298827], [363620.41604806925, 6873157.058378458], [363668.85219674505, 6873186.33738678], [363716.67289482977, 6873219.675918389], [363727.22554356005, 6873226.046892959], [363715.5743918193, 6873201.700672483], [363712.7938195802, 6873195.20839917], [363710.0716920049, 6873186.190281587], [363708.35125680163, 6873179.65477548], [363706.811453248, 6873171.06023935], [363702.41708718066, 6873138.497515401], [363683.49586442584, 6873022.758604551], [363570.3153941098, 6873040.451149726], [363472.8471741719, 6873054.323088603], [363453.6096078111, 6873049.846562546], [363457.238227995, 6873077.270004656], [363504.964817247, 6873099.937153353], [363409.6839551999, 6873216.955584692], [363386.32828724734, 6873243.758172426], [363313.2749156811, 6873330.392183152], [363339.33099888265, 6873353.6968532605], [363399.0958421483, 6873406.333616061], [363539.03127721115, 6873532.451817796], [363557.1216463597, 6873518.1544905845], [363582.15625725, 6873490.406801524], [363628.5678698155, 6873471.415066342], [363643.9958822151, 6873471.060422972]]]}, "properties": {"id": "431410005190015", "CD_SETOR": "431410005190015", "bairro_seplan": "Vila Rodrigues", "populacao_universo_15m": 158, "alfabetizados": 153, "nao_alfabetizados": 5, "taxa_alfabetizacao": 96.84, "taxa_analfabetismo": 3.16, "homens_universo_15m": 66, "homens_alfabetizados": 66, "homens_nao_alfabetizados": 0, "taxa_alfabetizacao_homens": 100.0, "mulheres_universo_15m": 90, "mulheres_alfabetizadas": 87, "mulheres_nao_alfabetizadas": 3, "taxa_alfabetizacao_mulheres": 96.67, "classificacao_seplan": "95,0% a 97,5%", "fonte": "IBGE — Censo Demográfico 2022 (Agregados por Setores)", "natureza": "Dados estatísticos oficiais agregados por setor censitário"}}, {"type": "Feature", "geometry": {"type": "Polygon", "coordinates": [[[363727.22554356005, 6873226.046892959], [363716.67289482977, 6873219.675918389], [363668.85219674505, 6873186.33738678], [363620.41604806925, 6873157.058378458], [363550.2473473576, 6873233.64298827], [363636.34072130953, 6873309.840675406], [363562.18426887004, 6873398.679704057], [363643.9958822151, 6873471.060422972], [363688.13763178943, 6873501.896709149], [363704.5926381289, 6873512.934171908], [363743.1543324363, 6873463.2123363875], [363748.16459021694, 6873454.970036289], [363752.48555650155, 6873446.08819337], [363757.0569897202, 6873436.754895108], [363763.34343091724, 6873420.759318853], [363767.3101011922, 6873401.711945666], [363769.46992168855, 6873384.505473245], [363770.8553257897, 6873365.528200835], [363771.18123665545, 6873347.392019177], [363769.81405780977, 6873335.718904704], [363768.41183834337, 6873323.67970794], [363764.1284574346, 6873304.504388857], [363749.1663519024, 6873271.133350131], [363739.5858925058, 6873251.010707439], [363727.22554356005, 6873226.046892959]]]}, "properties": {"id": "431410005190016", "CD_SETOR": "431410005190016", "bairro_seplan": "Vila Rodrigues", "populacao_universo_15m": 212, "alfabetizados": 193, "nao_alfabetizados": 19, "taxa_alfabetizacao": 91.04, "taxa_analfabetismo": 8.96, "homens_universo_15m": 107, "homens_alfabetizados": 99, "homens_nao_alfabetizados": 8, "taxa_alfabetizacao_homens": 92.52, "mulheres_universo_15m": 105, "mulheres_alfabetizadas": 94, "mulheres_nao_alfabetizadas": 11, "taxa_alfabetizacao_mulheres": 89.52, "classificacao_seplan": "Menor que 92,0%", "fonte": "IBGE — Censo Demográfico 2022 (Agregados por Setores)", "natureza": "Dados estatísticos oficiais agregados por setor censitário"}}, {"type": "Feature", "geometry": {"type": "Polygon", "coordinates": [[[364405.82576614013, 6873278.277188018], [364382.7682333532, 6873222.519224174], [364276.44784563495, 6873274.327219265], [364260.5970317209, 6873280.794643886], [364212.54202106444, 6873291.802593451], [364128.07309435366, 6873308.244390966], [364128.8237184449, 6873322.381491967], [364126.79542344296, 6873335.001900297], [364121.6683538008, 6873347.476019688], [364108.5308957745, 6873368.025253906], [364106.64236838697, 6873386.43163704], [364123.26212441106, 6873378.809686489], [364273.7149578055, 6873326.266679665], [364376.1073917352, 6873288.531213738], [364405.82576614013, 6873278.277188018]]]}, "properties": {"id": "431410005200001", "CD_SETOR": "431410005200001", "bairro_seplan": "Vila Santa Maria", "populacao_universo_15m": 49, "alfabetizados": 49, "nao_alfabetizados": 0, "taxa_alfabetizacao": 100.0, "taxa_analfabetismo": 0.0, "homens_universo_15m": 23, "homens_alfabetizados": 23, "homens_nao_alfabetizados": 0, "taxa_alfabetizacao_homens": 100.0, "mulheres_universo_15m": 26, "mulheres_alfabetizadas": 26, "mulheres_nao_alfabetizadas": 0, "taxa_alfabetizacao_mulheres": 100.0, "classificacao_seplan": "Maior que 99,0%", "fonte": "IBGE — Censo Demográfico 2022 (Agregados por Setores)", "natureza": "Dados estatísticos oficiais agregados por setor censitário"}}, {"type": "Feature", "geometry": {"type": "Polygon", "coordinates": [[[365026.4385261381, 6872885.843088701], [365009.2975924207, 6872870.400447394], [364974.18478967, 6872853.057873128], [364861.0148726927, 6872817.650686576], [364757.5862991436, 6872782.386661449], [364600.7525607812, 6872702.797204552], [364522.52694522764, 6872851.688498203], [364418.5780398435, 6873050.926439299], [364412.38147188805, 6873054.855945006], [364461.4777497265, 6873187.094332816], [364479.8048523491, 6873184.566581281], [364570.5037953808, 6873143.936778944], [364591.87242459436, 6873192.993136473], [364677.837463918, 6873148.452273186], [364784.7816886549, 6873081.234044915], [364842.4132632248, 6873034.707016215], [364899.2629757088, 6872992.182203088], [365026.4385261381, 6872885.843088701]]]}, "properties": {"id": "431410005200002", "CD_SETOR": "431410005200002", "bairro_seplan": "Vila Santa Maria", "populacao_universo_15m": 679, "alfabetizados": 661, "nao_alfabetizados": 18, "taxa_alfabetizacao": 97.35, "taxa_analfabetismo": 2.65, "homens_universo_15m": 305, "homens_alfabetizados": 296, "homens_nao_alfabetizados": 9, "taxa_alfabetizacao_homens": 97.05, "mulheres_universo_15m": 374, "mulheres_alfabetizadas": 365, "mulheres_nao_alfabetizadas": 9, "taxa_alfabetizacao_mulheres": 97.59, "classificacao_seplan": "95,0% a 97,5%", "fonte": "IBGE — Censo Demográfico 2022 (Agregados por Setores)", "natureza": "Dados estatísticos oficiais agregados por setor censitário"}}, {"type": "Feature", "geometry": {"type": "Polygon", "coordinates": [[[365131.79166335356, 6872794.214239103], [365114.30165906186, 6872753.380879344], [365109.46007691405, 6872737.402236046], [364974.18478967, 6872853.057873128], [365009.2975924207, 6872870.400447394], [365026.4385261381, 6872885.843088701], [365131.79166335356, 6872794.214239103]]]}, "properties": {"id": "431410005200003", "CD_SETOR": "431410005200003", "bairro_seplan": "Vila Santa Maria", "populacao_universo_15m": 46, "alfabetizados": 42, "nao_alfabetizados": 4, "taxa_alfabetizacao": 91.3, "taxa_analfabetismo": 8.7, "homens_universo_15m": 20, "homens_alfabetizados": 20, "homens_nao_alfabetizados": 0, "taxa_alfabetizacao_homens": 100.0, "mulheres_universo_15m": 26, "mulheres_alfabetizadas": 22, "mulheres_nao_alfabetizadas": 4, "taxa_alfabetizacao_mulheres": 84.62, "classificacao_seplan": "Menor que 92,0%", "fonte": "IBGE — Censo Demográfico 2022 (Agregados por Setores)", "natureza": "Dados estatísticos oficiais agregados por setor censitário"}}, {"type": "Feature", "geometry": {"type": "Polygon", "coordinates": [[[365109.46007691405, 6872737.402236046], [364893.21291814634, 6872490.402959423], [364853.8768348838, 6872440.854332065], [364845.14487651014, 6872428.831533136], [364632.08155411476, 6872347.438012108], [364526.1874634675, 6872548.272372458], [364478.4500164478, 6872643.4242450185], [364600.7525607812, 6872702.797204552], [364757.5862991436, 6872782.386661449], [364861.0148726927, 6872817.650686576], [364974.18478967, 6872853.057873128], [365109.46007691405, 6872737.402236046]]]}, "properties": {"id": "431410005200004", "CD_SETOR": "431410005200004", "bairro_seplan": "Vila Santa Maria", "populacao_universo_15m": 796, "alfabetizados": 775, "nao_alfabetizados": 21, "taxa_alfabetizacao": 97.36, "taxa_analfabetismo": 2.64, "homens_universo_15m": 355, "homens_alfabetizados": 344, "homens_nao_alfabetizados": 11, "taxa_alfabetizacao_homens": 96.9, "mulheres_universo_15m": 441, "mulheres_alfabetizadas": 431, "mulheres_nao_alfabetizadas": 10, "taxa_alfabetizacao_mulheres": 97.73, "classificacao_seplan": "95,0% a 97,5%", "fonte": "IBGE — Censo Demográfico 2022 (Agregados por Setores)", "natureza": "Dados estatísticos oficiais agregados por setor censitário"}}, {"type": "Feature", "geometry": {"type": "Polygon", "coordinates": [[[364478.4500164478, 6872643.4242450185], [364526.1874634675, 6872548.272372458], [364632.08155411476, 6872347.438012108], [364495.94576184504, 6872296.993743036], [364410.63058152585, 6872266.243841875], [364295.1881661598, 6872217.418812234], [364159.1586813836, 6872485.234769722], [364085.8325946912, 6872625.691337658], [364088.5150784198, 6872645.889839242], [364099.41910960525, 6872720.0592699535], [364183.87153126195, 6872707.274478193], [364213.0800346552, 6872702.888185695], [364226.9813213564, 6872701.2521096505], [364238.5639497682, 6872704.188180688], [364270.0718438537, 6872719.209050534], [364407.0489563769, 6872788.259511424], [364478.4500164478, 6872643.4242450185]]]}, "properties": {"id": "431410005200005", "CD_SETOR": "431410005200005", "bairro_seplan": "Vila Santa Maria", "populacao_universo_15m": 944, "alfabetizados": 925, "nao_alfabetizados": 19, "taxa_alfabetizacao": 97.99, "taxa_analfabetismo": 2.01, "homens_universo_15m": 448, "homens_alfabetizados": 441, "homens_nao_alfabetizados": 7, "taxa_alfabetizacao_homens": 98.44, "mulheres_universo_15m": 496, "mulheres_alfabetizadas": 484, "mulheres_nao_alfabetizadas": 12, "taxa_alfabetizacao_mulheres": 97.58, "classificacao_seplan": "97,5% a 99,0%", "fonte": "IBGE — Censo Demográfico 2022 (Agregados por Setores)", "natureza": "Dados estatísticos oficiais agregados por setor censitário"}}, {"type": "Feature", "geometry": {"type": "Polygon", "coordinates": [[[364085.8325946912, 6872625.691337658], [364159.1586813836, 6872485.234769722], [364295.1881661598, 6872217.418812234], [364042.1766638409, 6872105.79313066], [363916.42757344164, 6872363.895349912], [363835.267211237, 6872521.702465402], [363854.20426389575, 6872634.382947875], [364051.6037847843, 6872606.716033243], [364064.75369066524, 6872607.287781483], [364073.56809731934, 6872610.34744212], [364085.8325946912, 6872625.691337658]]]}, "properties": {"id": "431410005200006", "CD_SETOR": "431410005200006", "bairro_seplan": "Vila Santa Maria", "populacao_universo_15m": 553, "alfabetizados": 544, "nao_alfabetizados": 9, "taxa_alfabetizacao": 98.37, "taxa_analfabetismo": 1.63, "homens_universo_15m": 239, "homens_alfabetizados": 239, "homens_nao_alfabetizados": 0, "taxa_alfabetizacao_homens": 100.0, "mulheres_universo_15m": 312, "mulheres_alfabetizadas": 305, "mulheres_nao_alfabetizadas": 7, "taxa_alfabetizacao_mulheres": 97.76, "classificacao_seplan": "97,5% a 99,0%", "fonte": "IBGE — Censo Demográfico 2022 (Agregados por Setores)", "natureza": "Dados estatísticos oficiais agregados por setor censitário"}}, {"type": "Feature", "geometry": {"type": "Polygon", "coordinates": [[[363835.267211237, 6872521.702465402], [363916.42757344164, 6872363.895349912], [363820.9423600347, 6872314.08671169], [363791.6394227924, 6872339.580627996], [363770.53223520255, 6872357.8993125865], [363729.73660225957, 6872394.852066319], [363702.25680138764, 6872431.558747991], [363723.3183311106, 6872537.67060802], [363835.267211237, 6872521.702465402]]]}, "properties": {"id": "431410005200007", "CD_SETOR": "431410005200007", "bairro_seplan": "Vila Santa Maria", "populacao_universo_15m": 114, "alfabetizados": 111, "nao_alfabetizados": 3, "taxa_alfabetizacao": 97.37, "taxa_analfabetismo": 2.63, "homens_universo_15m": 47, "homens_alfabetizados": 47, "homens_nao_alfabetizados": 0, "taxa_alfabetizacao_homens": 100.0, "mulheres_universo_15m": 64, "mulheres_alfabetizadas": 64, "mulheres_nao_alfabetizadas": 0, "taxa_alfabetizacao_mulheres": 100.0, "classificacao_seplan": "95,0% a 97,5%", "fonte": "IBGE — Censo Demográfico 2022 (Agregados por Setores)", "natureza": "Dados estatísticos oficiais agregados por setor censitário"}}, {"type": "Feature", "geometry": {"type": "Polygon", "coordinates": [[[364405.82576614013, 6873278.277188018], [364483.70343567687, 6873246.986988931], [364536.2527621292, 6873222.122403037], [364586.4248802313, 6873195.767757217], [364591.87242459436, 6873192.993136473], [364570.5037953808, 6873143.936778944], [364479.8048523491, 6873184.566581281], [364461.4777497265, 6873187.094332816], [364412.38147188805, 6873054.855945006], [364418.5780398435, 6873050.926439299], [364522.52694522764, 6872851.688498203], [364600.7525607812, 6872702.797204552], [364478.4500164478, 6872643.4242450185], [364407.0489563769, 6872788.259511424], [364270.0718438537, 6872719.209050534], [364269.07528143836, 6872724.8490550425], [364288.12216913165, 6872763.98403442], [364291.8401272351, 6872779.462644916], [364276.17380513623, 6872800.7366314735], [364280.55216622114, 6872836.534606339], [364283.5218012987, 6872862.542862326], [364289.75463272166, 6872885.463543193], [364309.1978576717, 6872926.863556879], [364312.1952401806, 6872941.015253591], [364306.4589254861, 6872975.91078129], [364307.96620687, 6872997.680370777], [364322.1292047907, 6873024.669841963], [364334.8850900118, 6873024.560809718], [364341.57430606603, 6873031.607340467], [364329.5252824649, 6873041.9745503785], [364282.74753106816, 6873076.079432831], [364242.72417810134, 6873090.924753249], [364169.31963688997, 6873112.025544802], [364154.24506058067, 6873117.548723616], [364124.52239020815, 6873128.189905014], [364116.82895840565, 6873140.302202169], [364111.9467013455, 6873184.526716324], [364115.8070522654, 6873208.129516838], [364116.22929971025, 6873232.091872297], [364121.6842197904, 6873277.5317755565], [364128.07309435366, 6873308.244390966], [364212.54202106444, 6873291.802593451], [364260.5970317209, 6873280.794643886], [364276.44784563495, 6873274.327219265], [364382.7682333532, 6873222.519224174], [364405.82576614013, 6873278.277188018]]]}, "properties": {"id": "431410005200008", "CD_SETOR": "431410005200008", "bairro_seplan": "Vila Santa Maria", "populacao_universo_15m": 618, "alfabetizados": 588, "nao_alfabetizados": 30, "taxa_alfabetizacao": 95.15, "taxa_analfabetismo": 4.85, "homens_universo_15m": 297, "homens_alfabetizados": 282, "homens_nao_alfabetizados": 15, "taxa_alfabetizacao_homens": 94.95, "mulheres_universo_15m": 321, "mulheres_alfabetizadas": 306, "mulheres_nao_alfabetizadas": 15, "taxa_alfabetizacao_mulheres": 95.33, "classificacao_seplan": "95,0% a 97,5%", "fonte": "IBGE — Censo Demográfico 2022 (Agregados por Setores)", "natureza": "Dados estatísticos oficiais agregados por setor censitário"}}, {"type": "Feature", "geometry": {"type": "Polygon", "coordinates": [[[364174.81968293665, 6871614.453954812], [364092.65274497465, 6871503.797643707], [364031.9492409287, 6871550.784339995], [363937.1520871632, 6871621.126726801], [363857.21425886214, 6871513.874021799], [363818.15228103404, 6871462.474092819], [363772.02757726674, 6871404.233340282], [363720.4975811193, 6871334.937686331], [363697.6207585769, 6871305.930060837], [363679.624702414, 6871365.2294385545], [363673.9630076159, 6871445.569785984], [363674.06639944564, 6871478.393584466], [363762.93745449523, 6871587.523237173], [363847.27027645695, 6871694.74946701], [363928.06134477776, 6871802.987089741], [364020.3350543517, 6871731.252797748], [364116.31872181885, 6871660.125483933], [364174.81968293665, 6871614.453954812]]]}, "properties": {"id": "431410005210001", "CD_SETOR": "431410005210001", "bairro_seplan": "Planaltina", "populacao_universo_15m": 348, "alfabetizados": 340, "nao_alfabetizados": 8, "taxa_alfabetizacao": 97.7, "taxa_analfabetismo": 2.3, "homens_universo_15m": 164, "homens_alfabetizados": 161, "homens_nao_alfabetizados": 3, "taxa_alfabetizacao_homens": 98.17, "mulheres_universo_15m": 184, "mulheres_alfabetizadas": 179, "mulheres_nao_alfabetizadas": 5, "taxa_alfabetizacao_mulheres": 97.28, "classificacao_seplan": "97,5% a 99,0%", "fonte": "IBGE — Censo Demográfico 2022 (Agregados por Setores)", "natureza": "Dados estatísticos oficiais agregados por setor censitário"}}, {"type": "Feature", "geometry": {"type": "Polygon", "coordinates": [[[364174.81968293665, 6871614.453954812], [364211.5110732698, 6871584.323199129], [364298.6703330467, 6871493.723539981], [364394.2766258398, 6871396.083593538], [364424.9891799191, 6871364.531960053], [364429.7165487377, 6871356.895650094], [364443.3513648483, 6871308.914785397], [364448.1453408303, 6871292.015349207], [364465.27906868735, 6871264.042774119], [364387.1037717778, 6871234.105236359], [364352.34921445115, 6871222.826006733], [364319.21101007506, 6871212.606798478], [364286.4733353978, 6871139.107302565], [364242.3695623749, 6871135.621632634], [364183.75772411586, 6871131.238283748], [364246.60296883876, 6871215.698590056], [364186.8812018781, 6871259.372865707], [364126.8518869437, 6871306.733381016], [364069.2271692444, 6871352.237368867], [364009.2521244116, 6871397.348466336], [363928.5536103252, 6871287.2284866795], [363873.0055864642, 6871215.848454215], [363785.97921771393, 6871101.731951839], [363744.8327757577, 6871169.575047003], [363697.6207585769, 6871305.930060837], [363720.4975811193, 6871334.937686331], [363772.02757726674, 6871404.233340282], [363818.15228103404, 6871462.474092819], [363857.21425886214, 6871513.874021799], [363937.1520871632, 6871621.126726801], [364031.9492409287, 6871550.784339995], [364092.65274497465, 6871503.797643707], [364174.81968293665, 6871614.453954812]]]}, "properties": {"id": "431410005210002", "CD_SETOR": "431410005210002", "bairro_seplan": "Planaltina", "populacao_universo_15m": 747, "alfabetizados": 732, "nao_alfabetizados": 15, "taxa_alfabetizacao": 97.99, "taxa_analfabetismo": 2.01, "homens_universo_15m": 348, "homens_alfabetizados": 340, "homens_nao_alfabetizados": 8, "taxa_alfabetizacao_homens": 97.7, "mulheres_universo_15m": 399, "mulheres_alfabetizadas": 392, "mulheres_nao_alfabetizadas": 7, "taxa_alfabetizacao_mulheres": 98.25, "classificacao_seplan": "97,5% a 99,0%", "fonte": "IBGE — Censo Demográfico 2022 (Agregados por Setores)", "natureza": "Dados estatísticos oficiais agregados por setor censitário"}}, {"type": "Feature", "geometry": {"type": "Polygon", "coordinates": [[[364845.13635619706, 6870957.40680299], [364827.2579394538, 6870929.48896516], [364658.45088130736, 6870942.822210245], [364325.6319856988, 6870987.499060663], [364158.1867548192, 6871009.384459109], [364169.63447343523, 6871046.216581121], [364242.3695623749, 6871135.621632634], [364286.4733353978, 6871139.107302565], [364319.21101007506, 6871212.606798478], [364352.34921445115, 6871222.826006733], [364387.1037717778, 6871234.105236359], [364465.27906868735, 6871264.042774119], [364573.6072407942, 6871154.2135422975], [364593.950214525, 6871120.91415375], [364613.3929839914, 6871098.574838098], [364639.6909299906, 6871088.414408572], [364742.3232738464, 6871027.874365838], [364845.13635619706, 6870957.40680299]]]}, "properties": {"id": "431410005210003", "CD_SETOR": "431410005210003", "bairro_seplan": "Planaltina", "populacao_universo_15m": 654, "alfabetizados": 644, "nao_alfabetizados": 10, "taxa_alfabetizacao": 98.47, "taxa_analfabetismo": 1.53, "homens_universo_15m": 275, "homens_alfabetizados": 275, "homens_nao_alfabetizados": 0, "taxa_alfabetizacao_homens": 100.0, "mulheres_universo_15m": 377, "mulheres_alfabetizadas": 369, "mulheres_nao_alfabetizadas": 8, "taxa_alfabetizacao_mulheres": 97.88, "classificacao_seplan": "97,5% a 99,0%", "fonte": "IBGE — Censo Demográfico 2022 (Agregados por Setores)", "natureza": "Dados estatísticos oficiais agregados por setor censitário"}}, {"type": "Feature", "geometry": {"type": "Polygon", "coordinates": [[[364827.2579394538, 6870929.48896516], [364948.64172989747, 6870836.382862283], [364850.5655130596, 6870695.387556974], [364823.45481278456, 6870654.754048668], [364823.45203368133, 6870654.997803161], [364787.8652502483, 6870658.32637783], [364676.59774606675, 6870683.319371626], [364633.2296125799, 6870696.310128417], [364610.94947038416, 6870714.627822531], [364581.48784709757, 6870729.594504111], [364572.69386372925, 6870709.40384511], [364563.3495688194, 6870712.488495472], [364522.7025188423, 6870724.257765885], [364500.53514956497, 6870733.545370793], [364443.03391314595, 6870647.640372055], [364420.3507675211, 6870609.394620528], [364376.2326392266, 6870543.023303486], [364313.73857387766, 6870584.128749097], [364380.2642820836, 6870690.516021473], [364428.12335147115, 6870760.919290522], [364438.07600706, 6870817.026420265], [364357.03972208826, 6870828.222495712], [364309.6242765286, 6870839.9247154705], [364325.6319856988, 6870987.499060663], [364658.45088130736, 6870942.822210245], [364827.2579394538, 6870929.48896516]]]}, "properties": {"id": "431410005210004", "CD_SETOR": "431410005210004", "bairro_seplan": "Planaltina", "populacao_universo_15m": 159, "alfabetizados": 159, "nao_alfabetizados": 0, "taxa_alfabetizacao": 100.0, "taxa_analfabetismo": 0.0, "homens_universo_15m": 56, "homens_alfabetizados": 56, "homens_nao_alfabetizados": 0, "taxa_alfabetizacao_homens": 100.0, "mulheres_universo_15m": 103, "mulheres_alfabetizadas": 103, "mulheres_nao_alfabetizadas": 0, "taxa_alfabetizacao_mulheres": 100.0, "classificacao_seplan": "Maior que 99,0%", "fonte": "IBGE — Censo Demográfico 2022 (Agregados por Setores)", "natureza": "Dados estatísticos oficiais agregados por setor censitário"}}, {"type": "Feature", "geometry": {"type": "Polygon", "coordinates": [[[364823.45481278456, 6870654.754048668], [364830.4506255789, 6870636.527682384], [364885.05884347635, 6870610.699335934], [364913.6230310069, 6870608.143717293], [364940.0813855296, 6870596.6990938205], [364966.98802677565, 6870574.311309628], [365095.87562267506, 6870560.12086714], [365073.5602509022, 6870519.564676391], [365017.1285329928, 6870516.949857321], [364954.62186190323, 6870487.050179178], [364899.92467787495, 6870457.050771011], [364841.22413680446, 6870432.346589651], [364763.0244073506, 6870407.552660014], [364742.2236168772, 6870365.051670855], [364705.7249315648, 6870316.853054006], [364661.4282495413, 6870271.246934057], [364621.0272371655, 6870212.653620098], [364618.42415034724, 6870146.845848959], [364604.0253601672, 6870103.852525951], [364571.42335002404, 6870045.248335802], [364568.02562186413, 6870036.1450851], [364523.7209617614, 6869987.945257911], [364496.4237672999, 6869950.1454835255], [364489.59885867976, 6869922.51955591], [364050.1379942314, 6870075.749471208], [364155.83753780695, 6870198.189911813], [364211.1619692091, 6870279.362118011], [364309.8079489771, 6870443.319073292], [364376.2326392266, 6870543.023303486], [364420.3507675211, 6870609.394620528], [364443.03391314595, 6870647.640372055], [364500.53514956497, 6870733.545370793], [364522.7025188423, 6870724.257765885], [364563.3495688194, 6870712.488495472], [364572.69386372925, 6870709.40384511], [364581.48784709757, 6870729.594504111], [364610.94947038416, 6870714.627822531], [364633.2296125799, 6870696.310128417], [364676.59774606675, 6870683.319371626], [364787.8652502483, 6870658.32637783], [364823.45203368133, 6870654.997803161], [364823.45481278456, 6870654.754048668]]]}, "properties": {"id": "431410005210005", "CD_SETOR": "431410005210005", "bairro_seplan": "Planaltina", "populacao_universo_15m": 927, "alfabetizados": 913, "nao_alfabetizados": 14, "taxa_alfabetizacao": 98.49, "taxa_analfabetismo": 1.51, "homens_universo_15m": 437, "homens_alfabetizados": 433, "homens_nao_alfabetizados": 4, "taxa_alfabetizacao_homens": 99.08, "mulheres_universo_15m": 490, "mulheres_alfabetizadas": 480, "mulheres_nao_alfabetizadas": 10, "taxa_alfabetizacao_mulheres": 97.96, "classificacao_seplan": "97,5% a 99,0%", "fonte": "IBGE — Censo Demográfico 2022 (Agregados por Setores)", "natureza": "Dados estatísticos oficiais agregados por setor censitário"}}, {"type": "Feature", "geometry": {"type": "Polygon", "coordinates": [[[363999.5505788956, 6870506.960562805], [364063.10086676665, 6870466.201280439], [364123.44024547515, 6870425.692989032], [364142.4257786742, 6870414.995564492], [364100.47297236964, 6870351.606590694], [364163.40226300387, 6870310.152667724], [364211.1619692091, 6870279.362118011], [364155.83753780695, 6870198.189911813], [364050.1379942314, 6870075.749471208], [363982.4292157013, 6870098.686579587], [363898.78507625253, 6870118.681133621], [363856.4813450982, 6870127.049260593], [363826.12037474726, 6870131.531947132], [363791.720680648, 6870135.790850991], [363772.46440783516, 6870137.619602328], [363679.8392891379, 6870140.1451091375], [363672.5597460354, 6870140.260855444], [363310.43373697635, 6870141.985923827], [363381.42422997183, 6870179.150858386], [363448.7304192111, 6870259.445499817], [363458.0318941843, 6870320.543896118], [363477.8235406217, 6870387.248306083], [363490.126428445, 6870404.942689598], [363523.02298053954, 6870451.242161088], [363710.6963935434, 6870790.492549847], [363745.39126368705, 6870791.445360405], [363773.06282221666, 6870804.329440604], [363816.35833973717, 6870828.5406340975], [363887.01564699423, 6870871.294411982], [364025.714610808, 6870799.228859675], [363973.8366522419, 6870692.841324357], [363966.1445982816, 6870676.729614372], [363970.0008300768, 6870666.368582849], [363997.0328094269, 6870641.790253414], [363940.5451776796, 6870543.9819016885], [363999.5505788956, 6870506.960562805]]]}, "properties": {"id": "431410005210006", "CD_SETOR": "431410005210006", "bairro_seplan": "Planaltina", "populacao_universo_15m": 677, "alfabetizados": 659, "nao_alfabetizados": 18, "taxa_alfabetizacao": 97.34, "taxa_analfabetismo": 2.66, "homens_universo_15m": 332, "homens_alfabetizados": 324, "homens_nao_alfabetizados": 8, "taxa_alfabetizacao_homens": 97.59, "mulheres_universo_15m": 345, "mulheres_alfabetizadas": 335, "mulheres_nao_alfabetizadas": 10, "taxa_alfabetizacao_mulheres": 97.1, "classificacao_seplan": "95,0% a 97,5%", "fonte": "IBGE — Censo Demográfico 2022 (Agregados por Setores)", "natureza": "Dados estatísticos oficiais agregados por setor censitário"}}, {"type": "Feature", "geometry": {"type": "Polygon", "coordinates": [[[363697.6207585769, 6871305.930060837], [363744.8327757577, 6871169.575047003], [363785.97921771393, 6871101.731951839], [363821.6993815327, 6871051.922068523], [363835.73945988715, 6871041.45639587], [363889.0661288572, 6870996.037193771], [363951.7312055825, 6870948.043260784], [363960.67262828327, 6870941.6300854385], [363887.01564699423, 6870871.294411982], [363816.35833973717, 6870828.5406340975], [363773.06282221666, 6870804.329440604], [363745.39126368705, 6870791.445360405], [363710.6963935434, 6870790.492549847], [363658.91571398766, 6870793.609461407], [363647.8244592354, 6870838.538255258], [363564.64694116684, 6870937.678355167], [363473.02895093017, 6871049.840952003], [363431.6302445094, 6871144.552173026], [363605.6806941095, 6871383.716009187], [363618.99963600154, 6871404.447034792], [363674.06639944564, 6871478.393584466], [363673.9630076159, 6871445.569785984], [363679.624702414, 6871365.2294385545], [363697.6207585769, 6871305.930060837]]]}, "properties": {"id": "431410005210007", "CD_SETOR": "431410005210007", "bairro_seplan": "Planaltina", "populacao_universo_15m": 893, "alfabetizados": 842, "nao_alfabetizados": 51, "taxa_alfabetizacao": 94.29, "taxa_analfabetismo": 5.71, "homens_universo_15m": 433, "homens_alfabetizados": 407, "homens_nao_alfabetizados": 26, "taxa_alfabetizacao_homens": 94.0, "mulheres_universo_15m": 460, "mulheres_alfabetizadas": 435, "mulheres_nao_alfabetizadas": 25, "taxa_alfabetizacao_mulheres": 94.57, "classificacao_seplan": "92,0% a 95,0%", "fonte": "IBGE — Censo Demográfico 2022 (Agregados por Setores)", "natureza": "Dados estatísticos oficiais agregados por setor censitário"}}, {"type": "Feature", "geometry": {"type": "Polygon", "coordinates": [[[364242.3695623749, 6871135.621632634], [364169.63447343523, 6871046.216581121], [364158.1867548192, 6871009.384459109], [364325.6319856988, 6870987.499060663], [364309.6242765286, 6870839.9247154705], [364357.03972208826, 6870828.222495712], [364351.3954809611, 6870785.683647751], [364322.0563700263, 6870729.033238376], [364250.6910139495, 6870625.559984572], [364223.8803504061, 6870641.143448755], [364206.3240379803, 6870656.356359364], [364182.5384378674, 6870656.183643628], [364101.94181145873, 6870662.462908778], [363999.5505788956, 6870506.960562805], [363940.5451776796, 6870543.9819016885], [363997.0328094269, 6870641.790253414], [363970.0008300768, 6870666.368582849], [363966.1445982816, 6870676.729614372], [363973.8366522419, 6870692.841324357], [364025.714610808, 6870799.228859675], [363887.01564699423, 6870871.294411982], [363960.67262828327, 6870941.6300854385], [363951.7312055825, 6870948.043260784], [363889.0661288572, 6870996.037193771], [363835.73945988715, 6871041.45639587], [363821.6993815327, 6871051.922068523], [363785.97921771393, 6871101.731951839], [363873.0055864642, 6871215.848454215], [363928.5536103252, 6871287.2284866795], [364009.2521244116, 6871397.348466336], [364069.2271692444, 6871352.237368867], [364126.8518869437, 6871306.733381016], [364186.8812018781, 6871259.372865707], [364246.60296883876, 6871215.698590056], [364183.75772411586, 6871131.238283748], [364242.3695623749, 6871135.621632634]]]}, "properties": {"id": "431410005210008", "CD_SETOR": "431410005210008", "bairro_seplan": "Planaltina", "populacao_universo_15m": 1020, "alfabetizados": 992, "nao_alfabetizados": 28, "taxa_alfabetizacao": 97.25, "taxa_analfabetismo": 2.75, "homens_universo_15m": 477, "homens_alfabetizados": 465, "homens_nao_alfabetizados": 12, "taxa_alfabetizacao_homens": 97.48, "mulheres_universo_15m": 543, "mulheres_alfabetizadas": 527, "mulheres_nao_alfabetizadas": 16, "taxa_alfabetizacao_mulheres": 97.05, "classificacao_seplan": "95,0% a 97,5%", "fonte": "IBGE — Censo Demográfico 2022 (Agregados por Setores)", "natureza": "Dados estatísticos oficiais agregados por setor censitário"}}, {"type": "Feature", "geometry": {"type": "Polygon", "coordinates": [[[364376.2326392266, 6870543.023303486], [364309.8079489771, 6870443.319073292], [364211.1619692091, 6870279.362118011], [364163.40226300387, 6870310.152667724], [364100.47297236964, 6870351.606590694], [364142.4257786742, 6870414.995564492], [364123.44024547515, 6870425.692989032], [364063.10086676665, 6870466.201280439], [363999.5505788956, 6870506.960562805], [364101.94181145873, 6870662.462908778], [364182.5384378674, 6870656.183643628], [364206.3240379803, 6870656.356359364], [364223.8803504061, 6870641.143448755], [364250.6910139495, 6870625.559984572], [364322.0563700263, 6870729.033238376], [364351.3954809611, 6870785.683647751], [364357.03972208826, 6870828.222495712], [364438.07600706, 6870817.026420265], [364428.12335147115, 6870760.919290522], [364380.2642820836, 6870690.516021473], [364313.73857387766, 6870584.128749097], [364376.2326392266, 6870543.023303486]]]}, "properties": {"id": "431410005210009", "CD_SETOR": "431410005210009", "bairro_seplan": "Planaltina", "populacao_universo_15m": 351, "alfabetizados": 348, "nao_alfabetizados": 3, "taxa_alfabetizacao": 99.15, "taxa_analfabetismo": 0.85, "homens_universo_15m": 147, "homens_alfabetizados": 147, "homens_nao_alfabetizados": 0, "taxa_alfabetizacao_homens": 100.0, "mulheres_universo_15m": 201, "mulheres_alfabetizadas": 201, "mulheres_nao_alfabetizadas": 0, "taxa_alfabetizacao_mulheres": 100.0, "classificacao_seplan": "Maior que 99,0%", "fonte": "IBGE — Censo Demográfico 2022 (Agregados por Setores)", "natureza": "Dados estatísticos oficiais agregados por setor censitário"}}, {"type": "Feature", "geometry": {"type": "Polygon", "coordinates": [[[358224.2769467892, 6874681.383116327], [358239.0144863457, 6874660.138625756], [358249.56683526817, 6874634.367253537], [358271.48399737524, 6874607.645545846], [358332.2174074367, 6874553.2401051335], [358430.14823289786, 6874454.586486249], [358446.64823006396, 6874390.810041746], [358458.8366401335, 6874334.750270527], [358454.7848172057, 6874286.120918466], [358461.2705376727, 6874273.809184693], [358517.217685606, 6874224.764674852], [358531.8254561584, 6874159.148227178], [358559.3634202863, 6874139.862186519], [358590.6677887995, 6874039.970227063], [358572.00713610696, 6873974.688787475], [358572.53996019176, 6873941.495131945], [358572.7384392987, 6873928.953302655], [358589.38603312743, 6873883.15255324], [358635.89182943886, 6873878.575748648], [358606.1571114126, 6873735.536948195], [358561.14548436523, 6873497.015507707], [358526.3266827639, 6873299.960141052], [358497.0928309029, 6873137.401246464], [358399.5601952686, 6873155.885352208], [358383.2875263761, 6873137.384601971], [358373.18782343983, 6873127.811587131], [358355.45341266075, 6873115.055711899], [358322.79726278817, 6873097.223667651], [358306.0429578401, 6873174.959606977], [358163.6614620808, 6873113.706950966], [358141.012965275, 6873085.244962905], [358119.1137815374, 6873104.087635376], [358090.411886638, 6873120.732364506], [358048.39049538196, 6873145.994250767], [357966.1714992892, 6873192.472525546], [357732.11411446414, 6873323.289700743], [357609.6440661773, 6873391.856090818], [357513.5749139445, 6873444.215734629], [357453.77520138, 6873482.26080087], [357413.8974223224, 6873509.363682346], [357378.88096557715, 6873537.721655702], [357356.11086571304, 6873555.377914496], [357320.2190259468, 6873587.969426589], [357296.9702682828, 6873610.329469532], [357274.130313122, 6873634.589325218], [357240.03817158734, 6873673.3303332515], [357209.56502923206, 6873710.56337597], [357175.5078565774, 6873759.410980872], [357116.8290450544, 6873850.027602863], [357040.6215405284, 6873966.142020486], [357004.4088386459, 6874021.124562411], [356964.43755828403, 6874080.184049873], [356921.48953624646, 6874132.990810946], [356879.8844102754, 6874176.117288519], [356805.7201001261, 6874247.762685408], [356743.5123985641, 6874301.865812561], [356677.0208446331, 6874364.505116921], [356643.81407370314, 6874396.229588652], [356637.5938918624, 6874402.637182212], [356660.942123511, 6874437.29398478], [356680.32126365637, 6874486.984786261], [356757.1253323196, 6874541.590499711], [356916.28854174726, 6874566.204469249], [357026.70339475607, 6874502.652221836], [357112.05467010895, 6874408.965990281], [357189.3891193656, 6874307.813578144], [357231.4082491752, 6874309.349503533], [357279.33504907467, 6874382.686855482], [357332.4212961801, 6874399.082745946], [357419.5041718666, 6874343.967790592], [357516.3759751563, 6874362.71703225], [357526.1131430053, 6874379.644498183], [357571.67423318885, 6874431.9527492095], [357609.97023944696, 6874469.047454428], [357623.13696498564, 6874524.867629454], [357697.29299688037, 6874602.628798205], [357706.3582762171, 6874635.538604293], [357733.26440453157, 6874710.97122856], [357796.63870666653, 6874723.91994567], [357848.07731230475, 6874766.645402724], [357885.52312316286, 6874806.067110678], [357947.73130334006, 6874797.602727532], [357992.14599081874, 6874809.847046874], [358026.6590930971, 6874836.888461761], [358040.6013499048, 6874846.09760754], [358073.5001708367, 6874807.883054173], [358122.6994244631, 6874801.600463018], [358162.0681920854, 6874768.017458411], [358203.34074810246, 6874709.756515639], [358224.2769467892, 6874681.383116327]]]}, "properties": {"id": "431410005220001", "CD_SETOR": "431410005220001", "bairro_seplan": "Nenê Graeff", "populacao_universo_15m": 1190, "alfabetizados": 1165, "nao_alfabetizados": 25, "taxa_alfabetizacao": 97.9, "taxa_analfabetismo": 2.1, "homens_universo_15m": 555, "homens_alfabetizados": 546, "homens_nao_alfabetizados": 9, "taxa_alfabetizacao_homens": 98.38, "mulheres_universo_15m": 635, "mulheres_alfabetizadas": 619, "mulheres_nao_alfabetizadas": 16, "taxa_alfabetizacao_mulheres": 97.48, "classificacao_seplan": "97,5% a 99,0%", "fonte": "IBGE — Censo Demográfico 2022 (Agregados por Setores)", "natureza": "Dados estatísticos oficiais agregados por setor censitário"}}, {"type": "Feature", "geometry": {"type": "Polygon", "coordinates": [[[359097.82824529824, 6873730.191122644], [359129.2973710161, 6873695.3257136345], [359174.8762365294, 6873672.85044007], [359214.00183933636, 6873664.9924183665], [359236.84473515284, 6873658.337445766], [359220.0860660612, 6873573.099907936], [359210.4066973679, 6873494.916511565], [359198.7841894082, 6873406.027551426], [359110.429477557, 6873418.343253165], [359110.6255481518, 6873462.992638873], [359043.2573205709, 6873476.188605929], [359050.81799168605, 6873137.818300912], [359052.52153639856, 6873068.7347220415], [358869.9747353258, 6873062.332097318], [358911.38016740023, 6873134.909198163], [358911.52052149735, 6873139.609396791], [358719.33667592856, 6873126.684859483], [358540.49958902295, 6873129.995485046], [358497.0928309029, 6873137.401246464], [358526.3266827639, 6873299.960141052], [358561.14548436523, 6873497.015507707], [358606.1571114126, 6873735.536948195], [358635.89182943886, 6873878.575748648], [358659.96352966886, 6873877.565852718], [358700.78449782776, 6873872.455688794], [358725.3511210346, 6873871.905891323], [358736.9153701801, 6873858.258204624], [358745.96646668157, 6873847.1847407045], [358778.1624204948, 6873842.891442079], [358794.2751921122, 6873855.172963157], [358832.5378237386, 6873877.879558764], [358871.2356333152, 6873901.134186345], [358882.6442951124, 6873908.816266002], [358889.9586474619, 6873884.524071397], [358874.57042197546, 6873831.094871889], [358956.4104151082, 6873828.100400216], [359003.36443598184, 6873831.184765388], [359047.12177971273, 6873804.344392616], [359078.53134213004, 6873751.382435622], [359097.82824529824, 6873730.191122644]]]}, "properties": {"id": "431410005220002", "CD_SETOR": "431410005220002", "bairro_seplan": "Nenê Graeff", "populacao_universo_15m": 1242, "alfabetizados": 1235, "nao_alfabetizados": 7, "taxa_alfabetizacao": 99.44, "taxa_analfabetismo": 0.56, "homens_universo_15m": 594, "homens_alfabetizados": 591, "homens_nao_alfabetizados": 3, "taxa_alfabetizacao_homens": 99.49, "mulheres_universo_15m": 648, "mulheres_alfabetizadas": 644, "mulheres_nao_alfabetizadas": 4, "taxa_alfabetizacao_mulheres": 99.38, "classificacao_seplan": "Maior que 99,0%", "fonte": "IBGE — Censo Demográfico 2022 (Agregados por Setores)", "natureza": "Dados estatísticos oficiais agregados por setor censitário"}}, {"type": "Feature", "geometry": {"type": "Polygon", "coordinates": [[[358497.0928309029, 6873137.401246464], [358540.49958902295, 6873129.995485046], [358719.33667592856, 6873126.684859483], [358911.52052149735, 6873139.609396791], [358911.38016740023, 6873134.909198163], [358869.9747353258, 6873062.332097318], [358855.67219272075, 6873055.502049921], [358852.43450124434, 6872992.797979346], [358844.55908169225, 6872985.102434121], [358830.916546909, 6872906.306211598], [358816.75463727606, 6872826.650504272], [358679.4924915865, 6872828.363170916], [358487.65084894403, 6872828.304254184], [358365.50423113187, 6872849.220433529], [358300.52660312556, 6872828.387224024], [358272.2736208961, 6872903.636547245], [358249.0994101784, 6872868.275792794], [358218.6003087253, 6872944.251716357], [358167.7878710922, 6873045.10652076], [358141.012965275, 6873085.244962905], [358163.6614620808, 6873113.706950966], [358306.0429578401, 6873174.959606977], [358322.79726278817, 6873097.223667651], [358355.45341266075, 6873115.055711899], [358373.18782343983, 6873127.811587131], [358383.2875263761, 6873137.384601971], [358399.5601952686, 6873155.885352208], [358497.0928309029, 6873137.401246464]]]}, "properties": {"id": "431410005220003", "CD_SETOR": "431410005220003", "bairro_seplan": "Nenê Graeff", "populacao_universo_15m": 803, "alfabetizados": 782, "nao_alfabetizados": 21, "taxa_alfabetizacao": 97.38, "taxa_analfabetismo": 2.62, "homens_universo_15m": 388, "homens_alfabetizados": 381, "homens_nao_alfabetizados": 7, "taxa_alfabetizacao_homens": 98.2, "mulheres_universo_15m": 415, "mulheres_alfabetizadas": 401, "mulheres_nao_alfabetizadas": 14, "taxa_alfabetizacao_mulheres": 96.63, "classificacao_seplan": "95,0% a 97,5%", "fonte": "IBGE — Censo Demográfico 2022 (Agregados por Setores)", "natureza": "Dados estatísticos oficiais agregados por setor censitário"}}, {"type": "Feature", "geometry": {"type": "Polygon", "coordinates": [[[358816.75463727606, 6872826.650504272], [358790.2618673654, 6872678.420062686], [358776.43774488056, 6872599.289101806], [358764.68083293235, 6872531.96230109], [358759.64628572017, 6872507.356946231], [358751.6258378424, 6872461.605865445], [358746.4188113218, 6872433.363728091], [358660.4116917181, 6872432.8159488775], [358630.2270958938, 6872430.827349454], [358578.51917940687, 6872420.4261792945], [358509.04591821745, 6872403.241615659], [358523.861374137, 6872358.748888948], [358497.19264960545, 6872367.174122205], [358488.50799705565, 6872364.865324863], [358478.9639039093, 6872361.40487756], [358471.33514640306, 6872356.116664892], [358465.5347234643, 6872343.95758239], [358459.0514465285, 6872330.6489578225], [358448.00282085955, 6872363.661826962], [358379.4720032549, 6872517.430567066], [358409.7796355598, 6872500.084091729], [358344.27216683375, 6872680.750238484], [358300.52660312556, 6872828.387224024], [358365.50423113187, 6872849.220433529], [358487.65084894403, 6872828.304254184], [358679.4924915865, 6872828.363170916], [358816.75463727606, 6872826.650504272]]]}, "properties": {"id": "431410005220004", "CD_SETOR": "431410005220004", "bairro_seplan": "Nenê Graeff", "populacao_universo_15m": 689, "alfabetizados": 670, "nao_alfabetizados": 19, "taxa_alfabetizacao": 97.24, "taxa_analfabetismo": 2.76, "homens_universo_15m": 322, "homens_alfabetizados": 312, "homens_nao_alfabetizados": 10, "taxa_alfabetizacao_homens": 96.89, "mulheres_universo_15m": 367, "mulheres_alfabetizadas": 358, "mulheres_nao_alfabetizadas": 9, "taxa_alfabetizacao_mulheres": 97.55, "classificacao_seplan": "95,0% a 97,5%", "fonte": "IBGE — Censo Demográfico 2022 (Agregados por Setores)", "natureza": "Dados estatísticos oficiais agregados por setor censitário"}}, {"type": "Feature", "geometry": {"type": "Polygon", "coordinates": [[[348457.91558520065, 6881667.903433731], [348401.7211802132, 6881646.985846807], [348210.6801011625, 6881725.371803062], [348265.39765142923, 6881970.069474233], [348326.2527622414, 6882160.211364171], [348354.5102995555, 6882218.31872087], [348600.1813969488, 6882067.584450523], [348756.8862969094, 6882001.544478763], [348870.4865729146, 6881945.970856803], [348882.4043368489, 6881891.278191261], [348780.3048805978, 6881872.494855578], [348600.1183061137, 6881747.418387218], [348457.91558520065, 6881667.903433731]]]}, "properties": {"id": "431410010000001", "CD_SETOR": "431410010000001", "bairro_seplan": "Área Rural", "populacao_universo_15m": 81, "alfabetizados": 81, "nao_alfabetizados": 0, "taxa_alfabetizacao": 100.0, "taxa_analfabetismo": 0.0, "homens_universo_15m": 41, "homens_alfabetizados": 41, "homens_nao_alfabetizados": 0, "taxa_alfabetizacao_homens": 100.0, "mulheres_universo_15m": 40, "mulheres_alfabetizadas": 40, "mulheres_nao_alfabetizadas": 0, "taxa_alfabetizacao_mulheres": 100.0, "classificacao_seplan": "Maior que 99,0%", "fonte": "IBGE — Censo Demográfico 2022 (Agregados por Setores)", "natureza": "Dados estatísticos oficiais agregados por setor censitário"}}, {"type": "Feature", "geometry": {"type": "Polygon", "coordinates": [[[339853.84356522956, 6882453.612374345], [339883.24409553094, 6882685.317425467], [339888.4070237113, 6882713.280970566], [339888.9122925595, 6882739.253583878], [339885.126985187, 6882766.609220593], [339872.4322163587, 6882791.927851095], [339847.12328417104, 6882835.828125577], [339818.9877203618, 6882868.630211204], [339836.15176879487, 6882891.468894463], [339854.0221977752, 6882909.252435742], [339864.2916426542, 6882921.902405968], [339868.21762352716, 6882930.84318341], [339866.1542583116, 6882941.875576115], [339858.1046698367, 6882954.035464269], [339845.18796413473, 6882964.434321409], [339817.95528363506, 6882976.8128008135], [339791.30920792045, 6882993.765017331], [339781.35447135055, 6883005.178887914], [339778.5816885609, 6883021.48798492], [339787.34584063746, 6883035.070850083], [339801.3034140667, 6883042.949671939], [339840.0757381631, 6883042.994473758], [339859.6683108595, 6883043.734410099], [339878.72874865495, 6883052.645893328], [339896.41578093974, 6883068.753457664], [339909.7409941825, 6883091.540409308], [339925.38370359596, 6883132.622094521], [339942.022823249, 6883163.144635722], [339943.2177868235, 6883200.663148865], [339935.9122499678, 6883237.114377057], [339936.8850660431, 6883259.735310955], [339942.6098778858, 6883278.075830865], [339955.17805808585, 6883293.6379681025], [339981.8562311892, 6883306.497138285], [339995.762464711, 6883318.231647173], [340042.7357653949, 6883374.639519772], [340111.05947604566, 6883427.488166079], [340178.68110478274, 6883469.75447833], [340221.9390011615, 6883549.196066743], [340229.87562156847, 6883593.0663572755], [340249.80431755836, 6883631.80010081], [340285.432562578, 6883660.648309663], [340329.5293461832, 6883677.59671692], [340365.67972019257, 6883682.890786439], [340400.2215574932, 6883681.425189221], [340420.59827014065, 6883671.358362911], [340442.3415603477, 6883654.582876869], [340457.08661539364, 6883651.41131371], [340471.32575019123, 6883654.483348247], [340495.4099915046, 6883669.722482491], [340526.1776105353, 6883695.612395395], [340556.5131492726, 6883721.507520562], [340578.24810290127, 6883753.0613433365], [340617.80647881253, 6883854.571896741], [340662.4097375304, 6883922.603795242], [340711.4961452718, 6883971.235017089], [340750.87037890323, 6884022.728429502], [340817.5405396301, 6884072.669095525], [340852.9873736702, 6884099.119247118], [340867.2247284908, 6884117.816676622], [340883.0092086871, 6884132.456485782], [340903.89300467866, 6884132.247681177], [340921.4815804251, 6884124.314878048], [340928.67315199284, 6884112.386665933], [340935.50953541324, 6884094.690956391], [340949.41903287265, 6884074.673722258], [340967.62325131224, 6884067.702144514], [340985.32816203276, 6884066.49771177], [341004.8645775181, 6884071.568057053], [341016.6674869583, 6884081.344882378], [341020.5048848658, 6884097.021994771], [341018.96207922517, 6884116.960477904], [341013.11676373414, 6884155.348857483], [341015.4242356274, 6884190.000469251], [341021.6739466169, 6884217.013612021], [341043.3361712061, 6884237.981958088], [341066.3874493829, 6884251.277731504], [341095.6733752114, 6884260.3234431725], [341116.4197702842, 6884271.172461609], [341124.6710205566, 6884290.997699207], [341124.3825536148, 6884312.637397366], [341118.5812296023, 6884332.275302088], [341105.12319759297, 6884350.846977423], [341075.1454285097, 6884361.994939246], [341028.15834497195, 6884370.023511622], [340999.8794853635, 6884381.182869219], [340984.41203881614, 6884390.595873974], [340976.54998403235, 6884404.92001562], [340979.70095786295, 6884424.200772946], [340988.83854941255, 6884441.633093625], [341011.20965907996, 6884465.4479728155], [341074.2432618128, 6884493.739237858], [341126.4482125285, 6884541.567805854], [341181.24252993404, 6884587.491234563], [341233.77839957154, 6884611.275327891], [341274.6161864684, 6884616.628876815], [341300.88907986507, 6884628.526345749], [341315.9501628297, 6884649.63894796], [341329.5008821597, 6884720.0249862615], [341348.7056576378, 6884750.102766847], [341370.6048252665, 6884769.621798579], [341391.03525520954, 6884771.821957741], [341413.2769063619, 6884766.344062519], [341460.39309565467, 6884748.69628692], [341485.2932415832, 6884734.598439561], [341497.4807228303, 6884715.532926733], [341514.26273477403, 6884671.51602073], [341522.95949803095, 6884658.643338809], [341534.145465382, 6884650.624490432], [341547.16695278056, 6884649.345830543], [341559.70508606, 6884651.917328334], [341599.5707325558, 6884666.876151005], [341663.4562662968, 6884669.653237404], [341741.183847285, 6884658.173707798], [341821.0183533346, 6884615.957564748], [341866.7262022961, 6884605.160501054], [341913.18219349725, 6884607.560954252], [341957.5798428082, 6884611.119724354], [341999.4919864873, 6884623.610840777], [342039.5062816653, 6884659.249424715], [342072.56540825503, 6884705.368077887], [342109.5375476616, 6884745.288123976], [342155.27310607606, 6884768.013782077], [342199.47813600407, 6884777.265279265], [342222.80168073217, 6884785.74154521], [342242.61563747085, 6884801.87340048], [342260.62249641103, 6884826.159920702], [342269.22253298096, 6884853.203298276], [342270.3869097144, 6884909.9592162175], [342253.622055007, 6885017.455694804], [342257.10821681656, 6885076.159534271], [342261.0999204045, 6885096.6588772405], [342270.24313792854, 6885113.846325645], [342286.6975680692, 6885126.331925356], [342303.2193054155, 6885134.47419727], [342321.44943510427, 6885141.929783996], [342338.8887729038, 6885144.565242261], [342356.83934262267, 6885140.480586296], [342374.83795470046, 6885133.504105521], [342393.64304412866, 6885129.419611699], [342412.38440837286, 6885130.1549686305], [342439.5295197454, 6885140.133028157], [342464.88680998934, 6885156.8142438885], [342532.7752656583, 6885198.80358393], [342559.67449891934, 6885208.079933563], [342585.20984256396, 6885211.298462913], [342611.70402452763, 6885205.874468861], [342634.7161536902, 6885194.120903024], [342747.25083840697, 6885108.611264503], [342813.77696677693, 6885072.939821182], [342861.8858052269, 6885044.716258164], [342908.9372125476, 6885031.871607832], [342940.6462027921, 6885035.414549731], [342993.33906302054, 6885047.656170577], [343042.4879493825, 6885069.459061757], [343063.09395651217, 6885074.783768363], [343083.35026999004, 6885073.842458426], [343126.215294002, 6885055.16809157], [343137.52319397056, 6885054.24192297], [343147.5134413796, 6885056.412471942], [343152.3095740143, 6885064.410342943], [343154.9429944426, 6885074.784569642], [343157.87844881916, 6885094.305484107], [343157.85733678256, 6885112.335748599], [343142.70420845575, 6885162.138727291], [343139.05601246125, 6885180.36507574], [343143.10946813866, 6885196.287943016], [343161.2642021006, 6885209.514979922], [343182.9091349187, 6885216.526521746], [343234.78019916057, 6885226.351392568], [343307.86426302476, 6885243.181663025], [343347.9929243242, 6885238.411764823], [343367.620427768, 6885236.752443254], [343382.8973468625, 6885241.762752585], [343388.32260726707, 6885250.489111537], [343389.85459043045, 6885263.973942804], [343388.23061114753, 6885290.394414166], [343382.3442278636, 6885316.769976477], [343366.2687091195, 6885339.642736127], [343337.8575050349, 6885360.901647623], [343303.5668823812, 6885375.844025593], [343271.16372536734, 6885408.597839944], [343242.2539860291, 6885435.623746451], [343225.6355498601, 6885467.631907899], [343223.3532456717, 6885487.316900596], [343229.41382531077, 6885496.284406013], [343239.4918066431, 6885500.0296610175], [343257.3826489267, 6885500.497583827], [343290.9660654516, 6885491.56358344], [343321.353682679, 6885481.3906350825], [343350.7675860879, 6885481.777107393], [343368.528853526, 6885492.106197286], [343381.0947330261, 6885509.104910055], [343391.4853888671, 6885529.432901406], [343395.8542374236, 6885553.538350145], [343399.03057684755, 6885636.285466151], [343406.9113008885, 6885685.4381440785], [343419.1961449686, 6885723.112221258], [343438.55937023263, 6885741.640769438], [343461.4415319294, 6885752.513450265], [343505.5782059762, 6885766.557451922], [343528.4253517763, 6885779.35781442], [343545.1973654119, 6885800.744586425], [343570.9732480319, 6885850.131869355], [343595.9176358817, 6885866.317457126], [343624.34831521765, 6885875.832987431], [343679.6621963311, 6885883.28498611], [343756.7675046172, 6885918.926812161], [343913.8702761651, 6885965.223526852], [344002.75901724305, 6886012.543204073], [344081.1350254689, 6886081.8555192705], [344151.94190328, 6886208.77236852], [344223.11737053987, 6886306.835968278], [344256.4899564681, 6886363.047494594], [344270.4514487878, 6886435.839041112], [344270.11140638206, 6886494.990301892], [344280.11540712946, 6886545.122872406], [344297.51501290244, 6886583.339082096], [344323.5718842356, 6886611.5725496905], [344363.05141817266, 6886689.983023141], [344373.91101375816, 6886706.958243314], [344390.3729700622, 6886719.196950991], [344426.76532523846, 6886739.862995137], [344450.99863446644, 6886744.512063459], [344464.5097858298, 6886754.783918847], [344469.3852282324, 6886772.645147462], [344474.01988258795, 6886809.730470334], [344479.70973087125, 6886831.436673766], [344483.4463064815, 6886838.699754145], [344488.9232721931, 6886843.580730861], [344500.2216981423, 6886843.495287234], [344512.4123367054, 6886840.529065572], [344555.62188671925, 6886828.104095394], [344571.6341523264, 6886826.628267808], [344587.13542215514, 6886830.442945637], [344619.10902436206, 6886846.485022124], [344667.32319414406, 6886859.369563406], [344714.3983564514, 6886878.2565855365], [344738.34419967653, 6886905.020907233], [344754.51899303705, 6886939.374933815], [344781.69891015557, 6887012.814130773], [344822.2596024823, 6887106.629693134], [344859.7528957877, 6887173.4760355055], [344897.384039709, 6887229.751840046], [344939.5910980586, 6887262.028059734], [344966.8440171817, 6887297.489812342], [344994.99811484164, 6887328.63015849], [345017.38368285226, 6887344.790289656], [345040.21671554336, 6887359.02792839], [345054.99347438035, 6887370.279601844], [345065.7485280869, 6887395.431197075], [345067.0955269347, 6887423.341928523], [345066.35128476593, 6887447.36899046], [345060.4991595033, 6887471.340810137], [345064.83493140026, 6887498.326218231], [345084.32382391026, 6887540.890085317], [345100.47712802514, 6887610.350794673], [345114.90130817826, 6887648.039284615], [345120.7323561779, 6887724.0926930215], [345123.52507205517, 6887739.034135455], [345133.19722850237, 6887749.255297095], [345179.93167896045, 6887761.409061421], [345203.21042756643, 6887774.687977347], [345222.1262431742, 6887795.612197563], [345267.72647879255, 6887895.264826674], [345278.05663267174, 6887919.923045354], [345283.90745941305, 6887929.37419999], [345291.0726240769, 6887935.961090162], [345306.84463449684, 6887935.68901236], [345327.8342002928, 6887927.782602455], [345396.68266191526, 6887878.662011004], [345415.5216927517, 6887872.179326808], [345434.6498364674, 6887876.749025052], [345477.0036794256, 6887897.976336109], [345516.60463367414, 6887934.549540512], [345584.1763048308, 6888016.698689347], [345637.3190664288, 6888060.660958211], [345665.92760261137, 6888090.364714304], [345683.21630787547, 6888105.016889967], [345702.344908226, 6888109.586136386], [345728.41490884766, 6888104.6370744575], [345754.54966545326, 6888093.915128249], [345804.53319154424, 6888053.203378538], [345885.24060083856, 6888010.0069246], [345966.6556112552, 6887977.402286833], [346087.5164474498, 6887927.984921046], [346162.6580045506, 6887919.334681768], [346219.9913730214, 6887902.763705019], [346294.3027255266, 6887892.184791876], [346389.03786770464, 6887884.749609269], [346450.7797811553, 6887857.651121961], [346539.752354603, 6887833.794886956], [346598.2237011852, 6887795.106325174], [346671.99808011437, 6887760.470608776], [346744.17399047024, 6887717.159011561], [346775.7948345755, 6887677.659345298], [346799.6607954087, 6887661.376244526], [346834.4560472884, 6887657.73370101], [346871.8726719575, 6887664.940569433], [346947.388630507, 6887710.391836774], [347002.551885042, 6887730.337264116], [347030.68414584536, 6887730.697909245], [347056.32666026085, 6887725.252946992], [347065.6981193435, 6887726.093369737], [347073.70882805064, 6887732.689978763], [347088.389313654, 6887751.628546062], [347110.88655929035, 6887792.310040599], [347131.0886356721, 6887812.771002606], [347158.1818766765, 6887827.53547477], [347206.60286319174, 6887841.619926868], [347279.43046100263, 6887880.064066822], [347315.12396362657, 6887889.175673576], [347352.60289132525, 6887891.583349432], [347394.5147209987, 6887881.536232283], [347425.43481975025, 6887863.657678198], [347486.60201678146, 6887814.427353513], [347563.21237551956, 6887756.750213573], [347602.03425979917, 6887721.662397263], [347644.8760005194, 6887704.888589436], [347692.01727376314, 6887685.299326709], [347739.8411849388, 6887679.182973051], [347763.2289729009, 6887683.3267429825], [347789.27856768115, 6887679.813656753], [347808.09507390833, 6887675.7206702605], [347843.368972488, 6887650.682378997], [347866.9037762171, 6887643.291683539], [347890.3870749943, 6887640.709781048], [347910.77413979406, 6887646.7321619615], [347925.121576444, 6887657.974631695], [348077.3889600236, 6887417.079188388], [348070.3027171207, 6887471.333998588], [348073.54952620843, 6887518.018535595], [348078.6854052728, 6887549.8221303625], [348087.7684844687, 6887572.533507008], [348101.406027971, 6887606.362460371], [348119.7570500822, 6887638.82183608], [348142.74102405156, 6887674.6979106665], [348188.669952343, 6887717.115965257], [348223.81518009864, 6887735.349246724], [348256.9303880043, 6887746.353459578], [348334.3412739271, 6887759.837762369], [348393.9958254751, 6887762.036397481], [348440.1409085798, 6887753.491175523], [348494.0467252298, 6887738.78312131], [348529.23978563497, 6887720.003040595], [348568.146435814, 6887677.211514152], [348639.4719880312, 6887632.91398284], [348740.89376341226, 6887568.806657196], [348827.3030208922, 6887477.579722534], [348908.7251254386, 6887376.670131471], [348950.2695062909, 6887260.350339672], [349016.2642034284, 6887165.007302548], [349130.19756643334, 6887054.888827475], [349240.4555323384, 6886964.924903426], [349345.59239049937, 6886875.848401174], [349453.79827681056, 6886812.785320583], [349489.98720637686, 6886782.468050319], [349514.3880863864, 6886740.454834853], [349535.98691951414, 6886650.33376884], [349548.86643511883, 6886575.473031916], [349590.3169505198, 6886533.685805451], [349643.42397534935, 6886513.200372478], [349716.7325233158, 6886514.124230346], [349837.6190710645, 6886527.182744671], [349942.99507537874, 6886553.509160757], [350078.9575689585, 6886587.920858152], [350228.22503336705, 6886649.426496394], [350348.78527113324, 6886689.4040824585], [350564.34622718534, 6886767.118176487], [350669.7737538731, 6886789.593273096], [350756.1147899149, 6886838.768124713], [350867.1335139574, 6886959.406028667], [350934.10175842745, 6887058.337608848], [350992.7679385879, 6887104.7489524875], [351097.48630916874, 6887116.639324522], [351168.60938149755, 6887155.991076482], [351199.22159906087, 6887162.146433008], [351251.5075159898, 6887139.715422804], [351283.46260920726, 6887140.5902949665], [351324.6180136036, 6887156.007991968], [351391.74266072456, 6887174.153744742], [351447.75214459316, 6887195.053017376], [351505.6167307091, 6887203.463977838], [351561.09511812474, 6887198.380824981], [351581.7458876654, 6887183.256476665], [351610.3666934208, 6887144.18416246], [351636.94346925616, 6887132.014645068], [351664.4629104888, 6887137.254893128], [351684.200566606, 6887171.066418395], [351699.7518254763, 6887223.188062661], [351744.90600177494, 6887293.962166879], [351804.24149418046, 6887321.616464494], [351870.41753345, 6887347.449345489], [351901.3819887629, 6887352.986657613], [351934.4697313261, 6887338.625563311], [351973.1475477709, 6887313.141345105], [352016.7278938652, 6887305.027232505], [352090.0904571144, 6887301.12750591], [352153.9277274251, 6887309.609309747], [352213.8709346303, 6887322.37542589], [352290.2468172016, 6887351.213467523], [352314.4182450889, 6887361.120385936], [352337.6377720063, 6887379.681248478], [352391.36969685496, 6887446.702418139], [352417.04806561617, 6887472.995201994], [352438.66603585926, 6887482.870265245], [352462.1020794037, 6887483.160066332], [352505.7835443399, 6887466.878307211], [352538.1774874252, 6887467.278686345], [352552.12417675974, 6887477.069814527], [352564.6989773775, 6887494.534563553], [352585.98447343643, 6887531.333384136], [352600.28233103047, 6887546.902268751], [352634.2450715619, 6887557.904621359], [352676.3589363397, 6887565.15113872], [352718.8595134496, 6887575.294557594], [352764.46482738794, 6887575.857362746], [352865.96964909736, 6887572.300003987], [352900.82286222075, 6887580.420283094], [352920.21501224814, 6887597.968658837], [352929.33662996104, 6887618.282697758], [352934.48933557724, 6887650.560181256], [352944.46858046635, 6887670.640979683], [353041.3244151516, 6887767.03545332], [353061.7668679291, 6887768.738858169], [353089.64399136975, 6887754.653952451], [353110.0806970594, 6887756.822628075], [353136.18964455056, 6887782.631443486], [353142.6464086974, 6887795.210843286], [353143.9737724032, 6887808.691208405], [353138.1321004339, 6887833.142693399], [353139.9854460137, 6887855.771773632], [353160.0318817818, 6887889.672979912], [353186.53403711424, 6887917.89118265], [353204.6739308287, 6887933.495448457], [353230.89576182445, 6887950.174250599], [353268.68311428674, 6887962.662326643], [353314.2602663714, 6887965.627287321], [353332.084361966, 6887972.572816962], [353387.6419917125, 6888029.992695304], [353436.18031056254, 6888104.646448839], [353485.25253668195, 6888135.058154048], [353509.6342715296, 6888163.24952793], [353512.44092065276, 6888212.330613777], [353495.7286366022, 6888323.671679549], [353498.34642165306, 6888388.142615934], [353528.2784239426, 6888450.056477742], [353570.3443231856, 6888496.738009106], [353635.2277987831, 6888559.080249358], [353671.6049139835, 6888582.608924042], [353707.18895565823, 6888592.298091197], [353735.00989070244, 6888548.401802942], [353750.0056454314, 6888507.22951217], [353758.36255408527, 6888494.710110059], [353769.0288876983, 6888485.343967579], [353779.44182363374, 6888479.819980225], [353791.2937927983, 6888477.926167596], [353798.71124614344, 6888481.141991652], [353805.5643316018, 6888487.121264359], [353817.4352562689, 6888501.329021309], [353850.0271789341, 6888555.584001422], [353886.35958572826, 6888581.992631026], [353901.5886530519, 6888591.553940002], [353909.56559891906, 6888593.214051581], [353916.92947042844, 6888591.9854769], [353922.21275251365, 6888587.362675186], [353925.8133735012, 6888580.547315781], [353931.7461350848, 6888566.202940889], [353936.5153486767, 6888524.905309909], [353954.1372180736, 6888408.754565518], [354084.729998574, 6888192.113608462], [354492.80443321296, 6888285.381267687], [354772.0172948207, 6888023.404034264], [354716.67591822345, 6887939.641964994], [354508.9461285498, 6888113.693966628], [354477.2876821725, 6887852.240460694], [354225.2562961231, 6887718.436619695], [354568.57466364873, 6887359.553377471], [354658.70864225633, 6887152.099004585], [354019.1829692982, 6886873.537424482], [353944.28758821194, 6886739.000200283], [353959.5678455052, 6886675.180644118], [353879.69335896824, 6886646.565253036], [353840.03108776966, 6886212.63786717], [353665.8518931002, 6885557.324632572], [353659.5405119724, 6885395.32406893], [353584.6379710098, 6885290.526298174], [353536.8223994704, 6884915.771215538], [353515.95587207197, 6884678.037563964], [353486.02171337535, 6884517.308721239], [353445.4318803499, 6884426.91622933], [353298.1465820916, 6884354.780711198], [353269.38497406733, 6884282.607099657], [353285.8199688482, 6884113.139759015], [353212.1893671821, 6883999.334108303], [353110.6632086891, 6883939.3840164775], [353007.29931215406, 6883886.779575522], [352955.27427976683, 6883787.633560501], [352887.24491222424, 6883645.337451996], [352802.7177525982, 6883597.71758794], [352731.0229477639, 6883439.173812751], [352639.91118404444, 6883205.544166505], [352658.2823147563, 6883054.108583297], [352646.1189552306, 6883026.808198113], [352592.5277879958, 6882982.583350927], [352581.7173636843, 6882886.449585117], [352555.2210132204, 6882739.844343724], [352544.0217752719, 6882545.09036144], [352539.40751131997, 6882395.907885991], [352502.47062552173, 6882261.551227007], [352488.74193206814, 6882091.200648777], [352453.24133448553, 6881990.050974429], [352402.48327264754, 6881945.860016494], [352241.25869180943, 6881877.182210616], [352104.65620301384, 6881799.510469841], [352035.74289658153, 6881815.509478454], [351842.4171070569, 6881936.7103382815], [351769.2516055975, 6881934.503187828], [351687.53703426104, 6881886.288821695], [351290.81302571355, 6882001.565945873], [351224.3384856241, 6881991.925637746], [351122.2988769511, 6881994.019128897], [351046.2493749128, 6881996.2485028505], [350851.4773003543, 6881929.192993829], [350706.4075690685, 6881856.263571509], [350638.62735030777, 6881716.747859473], [350612.6935901545, 6881514.169804884], [350460.8043238555, 6881299.90350218], [350444.95103481464, 6881202.661493868], [350372.1798580033, 6880951.487787336], [350273.5245452112, 6880880.3323810175], [350107.8167138581, 6880696.405944046], [349936.9226183999, 6880601.054661257], [349850.24084899813, 6880599.961379127], [349862.29241570045, 6880511.658588413], [349681.43909304636, 6880447.262151454], [349554.1113639561, 6880308.682043541], [349447.2996302615, 6880280.812416257], [349235.14285724936, 6880180.706068855], [349106.73433713673, 6880121.785370413], [348998.358777903, 6880133.786349271], [348756.7223469601, 6880020.741207934], [348645.5915202902, 6879854.973030994], [348520.9122023848, 6879834.436334741], [348384.04307082086, 6880040.1456957925], [348247.9738986336, 6880125.02709027], [348216.8438670031, 6880154.052439591], [348181.5353672501, 6880154.278001589], [348096.0024957642, 6880183.362397824], [347997.9810811091, 6880165.521099724], [347621.7868079693, 6880242.627171849], [347559.3644523352, 6880195.77124189], [347452.75547565316, 6880170.046974788], [347386.7470706939, 6880127.288742369], [347372.9417066906, 6879945.212910861], [347301.4144879993, 6879837.64264956], [347215.6807831351, 6879833.405843832], [347132.6530716594, 6879849.327994827], [347033.2125340281, 6879871.898306881], [346881.7486471557, 6879774.534410898], [346811.39311924163, 6879779.96763869], [346773.61475977564, 6879776.876903109], [346640.02794974454, 6879802.461710557], [346555.39701725624, 6879862.698186073], [346520.1210549361, 6879849.0223969305], [346474.4585470117, 6879782.794716831], [346449.2006501266, 6879746.020130681], [346390.7147817974, 6879631.29802157], [346326.97692567646, 6879599.478569755], [346261.6893476185, 6879651.141554465], [346185.0546048669, 6879508.955267104], [346183.03976444696, 6879366.3814383205], [346138.63914002734, 6879371.392573089], [346077.6963182916, 6879384.722660832], [346051.8958665508, 6879314.173188414], [345978.72157953086, 6879300.891692598], [345904.161652773, 6879336.230764408], [345733.02504215145, 6879413.304550352], [345605.6391472776, 6879384.0355193], [345466.886885689, 6879389.3928820975], [345457.88309069606, 6879285.946959831], [345417.390543897, 6879245.558711766], [345414.1471971491, 6879143.096292123], [345301.3371958443, 6879106.765539608], [345249.87684627774, 6879165.462727334], [345192.33688304573, 6879093.82207844], [345133.125098553, 6879101.628814077], [345062.72067143454, 6879069.549181251], [345035.7073604142, 6878976.562260317], [344981.73591410764, 6878963.469207143], [344938.8628369102, 6878886.000747453], [344947.56314615963, 6878791.694875828], [344912.91055486444, 6878686.916356949], [344832.7572607909, 6878617.494387887], [344823.7995938335, 6878519.289950083], [344823.25943688385, 6878429.030366031], [344761.5018456578, 6878430.54047828], [344717.992803665, 6878402.045534686], [344660.30596079543, 6878356.465018354], [344628.61883037025, 6878272.2149355], [344578.59227104805, 6878262.507087821], [344502.9092095425, 6878281.753560255], [344426.4794874642, 6878324.284399196], [344355.1219271694, 6878373.009577077], [344238.1311800302, 6878461.010198777], [344236.13487832114, 6878579.695727164], [344168.3221739812, 6878652.148827901], [344120.73055305553, 6878641.562303917], [344089.032750619, 6878547.857443556], [344101.8274931327, 6878401.5859308895], [344100.6582991714, 6878315.551105497], [344031.58132711705, 6878250.169409242], [344017.55996181606, 6878179.31469886], [343917.82683617866, 6878140.869705527], [343807.02563680115, 6878182.04776457], [343805.77144600614, 6878113.864985591], [343742.7036353108, 6878026.174415907], [343719.5240834737, 6877888.218288683], [343633.8418872799, 6877819.889477813], [343463.1277733734, 6877847.287805045], [343414.9647488503, 6877862.478921587], [343357.96195468586, 6877808.001632409], [343282.02378191985, 6877727.475116295], [343107.2987760579, 6877712.182237918], [343014.0246536469, 6877677.948142839], [342973.4754265287, 6877596.800673524], [342910.5289064144, 6877542.198185465], [342853.5487399377, 6877556.095775409], [342803.83807219635, 6877558.430739382], [342730.8520335053, 6877426.551148104], [342652.4018884719, 6877379.820976675], [342412.5404428149, 6877771.980119858], [342434.7256746931, 6878031.221532193], [342272.8841649522, 6878383.108746137], [342232.0085376731, 6878971.287731817], [341936.37242329144, 6879398.661162275], [341811.8405056413, 6879750.374098263], [341256.1350747467, 6879131.729993446], [339249.6712255612, 6880522.6739661265], [339578.60476236057, 6880928.304285575], [339390.9660393512, 6881716.865076795], [339853.84356522956, 6882453.612374345]], [[348457.91558520065, 6881667.903433731], [348600.1183061137, 6881747.418387218], [348780.3048805978, 6881872.494855578], [348882.4043368489, 6881891.278191261], [348870.4865729146, 6881945.970856803], [348756.8862969094, 6882001.544478763], [348600.1813969488, 6882067.584450523], [348354.5102995555, 6882218.31872087], [348326.2527622414, 6882160.211364171], [348265.39765142923, 6881970.069474233], [348210.6801011625, 6881725.371803062], [348401.7211802132, 6881646.985846807], [348457.91558520065, 6881667.903433731]]]}, "properties": {"id": "431410010000002", "CD_SETOR": "431410010000002", "bairro_seplan": "Área Rural", "populacao_universo_15m": 255, "alfabetizados": 251, "nao_alfabetizados": 4, "taxa_alfabetizacao": 98.43, "taxa_analfabetismo": 1.57, "homens_universo_15m": 124, "homens_alfabetizados": 124, "homens_nao_alfabetizados": 0, "taxa_alfabetizacao_homens": 100.0, "mulheres_universo_15m": 130, "mulheres_alfabetizadas": 127, "mulheres_nao_alfabetizadas": 3, "taxa_alfabetizacao_mulheres": 97.69, "classificacao_seplan": "97,5% a 99,0%", "fonte": "IBGE — Censo Demográfico 2022 (Agregados por Setores)", "natureza": "Dados estatísticos oficiais agregados por setor censitário"}}, {"type": "Feature", "geometry": {"type": "Polygon", "coordinates": [[[351687.53703426104, 6881886.288821695], [352151.98989592737, 6881430.613877635], [352279.71260044933, 6881336.520424487], [352492.4198686629, 6881278.3973220335], [352692.21647993877, 6881250.962033555], [352861.39935490594, 6881151.879176164], [352963.72903398366, 6880981.744214557], [353192.82130233315, 6880603.741335882], [353362.69791238615, 6880371.570463749], [353441.93881381815, 6880232.818664533], [353465.3425199647, 6880134.11490053], [353428.4919744648, 6879741.59361475], [353437.9308582762, 6879644.014377346], [353491.95216479304, 6879572.53845772], [353574.5272972663, 6879520.507426916], [353706.4523288106, 6879436.558336617], [353844.74344487913, 6879297.7435249165], [354183.3250866048, 6878846.633971775], [354288.3211952406, 6878807.561671423], [354492.072075816, 6878666.49442036], [354568.57724370254, 6878552.04889206], [354561.89200055605, 6878113.070148336], [354556.78597966116, 6877678.321433322], [354555.1576821967, 6877496.12017419], [354554.4031293688, 6877317.132138544], [354573.6839711367, 6877215.760914769], [354595.8994303931, 6877139.248337689], [354641.2055052945, 6877034.981718784], [354591.8198220286, 6877016.214878611], [353995.0364042218, 6876762.653648879], [354136.61308187095, 6876379.1172835305], [354350.9271344219, 6875999.374864268], [354639.5844579451, 6875730.612781623], [354776.0892209483, 6875645.380362889], [354679.9066608447, 6875511.900716685], [354386.2981870913, 6875600.603956105], [354265.3602137517, 6875651.880501863], [354071.34500087576, 6875686.455963178], [354006.86239060224, 6875739.531537541], [353791.20190637105, 6875840.514839594], [353656.5931523355, 6875896.105269907], [353546.60573101556, 6875897.664371114], [353290.1469353455, 6875905.094157378], [353207.97788699856, 6875951.508761115], [353138.93814149534, 6875951.209597964], [353059.9690956933, 6875974.490966829], [352984.62183021806, 6875976.3070760835], [352889.288246555, 6875948.353594818], [352797.4027447514, 6875964.525070967], [352597.69780579756, 6875803.425285361], [352551.8681964339, 6875731.257549933], [352496.77205222304, 6875692.496757582], [352411.9122903723, 6875633.817763055], [352321.27495990356, 6875673.649396688], [352247.2309926809, 6875734.132572982], [352157.38413170574, 6875731.629523402], [352075.08833981724, 6875691.763521111], [351937.11673296645, 6875717.32791526], [351899.13601940754, 6875755.108683981], [351795.6338165173, 6875765.475889178], [351740.406078227, 6875734.278668482], [351710.46482943295, 6875699.540399032], [351694.06823114865, 6875648.215518894], [351660.5517669745, 6875599.591333569], [351560.71542101796, 6875595.485085292], [351501.50153687096, 6875570.808350874], [351474.3001628147, 6875541.511577664], [351463.1320048751, 6875463.012654672], [351430.3592523989, 6875431.939490598], [351386.311232266, 6875419.630685062], [351385.9838108337, 6875366.5780748585], [351374.34959458787, 6875337.154418316], [351313.503793648, 6875325.377593918], [351308.9868803653, 6875293.438733254], [351279.784098116, 6875272.804512903], [351257.5147269397, 6875265.111928695], [351227.3858346315, 6875224.407918368], [351155.87312162295, 6875171.128259586], [351030.4848214614, 6875189.747256465], [351002.6305375028, 6875179.8010081835], [350966.1202707583, 6875149.543934008], [350921.8002366614, 6875124.618798388], [350859.39547319856, 6875120.65483774], [350823.5737406163, 6875138.755921771], [350788.4405238812, 6875175.471931906], [350765.0911840347, 6875158.478260905], [350702.31217863597, 6875039.845115584], [350690.724837825, 6874976.411119217], [350655.4366747404, 6874895.125448255], [350649.53567581973, 6874814.996072088], [350620.445694941, 6874752.028892292], [350562.5653741675, 6874708.4139365675], [350523.81754384347, 6874703.316209635], [350482.1575445843, 6874676.206388723], [350475.1239470376, 6874619.888538543], [350471.9207856185, 6874539.16127472], [350331.9374835007, 6874375.436335997], [350273.3767809607, 6874246.713592056], [350204.5731638175, 6874184.064309053], [350142.9198318935, 6874157.498755388], [350081.72221024055, 6874146.154033394], [350012.53788474936, 6874182.11636558], [349908.07368773106, 6874258.568839776], [349860.88555734506, 6874286.275343251], [349757.6295657008, 6874305.0938852895], [349679.2778224641, 6874276.718800783], [349599.81586302095, 6874219.039656603], [349529.941196352, 6874182.326504728], [349501.99862030963, 6874123.105255025], [349485.7358082244, 6874013.409849562], [349454.8032600278, 6874004.30725486], [349399.36530114757, 6873949.779266356], [349346.4132979201, 6873950.70319896], [349289.2223131646, 6873977.8926393315], [349250.28523885185, 6873980.179828839], [349201.2373784977, 6873986.605004568], [349117.06322892965, 6874029.009890285], [349019.9747234129, 6873978.039851655], [348925.80255922803, 6874009.489209492], [348838.72314138827, 6873963.986498583], [348802.81466144137, 6873965.003117859], [348759.80810883234, 6873987.849294295], [348705.5685923047, 6873951.939744802], [348644.7780530136, 6873951.918426879], [348602.7712993083, 6873977.137253229], [348499.550592465, 6873953.966817582], [348447.8704356047, 6873890.59434501], [348424.32487289154, 6873846.375899335], [348386.70695716795, 6873817.603248233], [348279.0817441115, 6873815.951139629], [348237.0208419373, 6873829.254877824], [348181.7239255619, 6873864.686146996], [348152.2352811997, 6874025.108506221], [348055.2241680525, 6874069.5804619985], [347995.47465785616, 6874058.697752529], [347863.923617776, 6873954.382349201], [347842.6103902026, 6873915.30004642], [347804.6787637208, 6873888.881932527], [347777.72346472525, 6873827.607481203], [347741.99956509937, 6873789.758657884], [347730.0043690605, 6873692.914303638], [347687.95503881935, 6873657.876539351], [347551.1803934339, 6873659.046386804], [347479.8076689476, 6873686.920622036], [347431.82919811853, 6873685.705628453], [347406.0933511736, 6873692.345413417], [347367.3938780137, 6873714.322214926], [347340.85259322653, 6873704.2287296895], [347270.2041093252, 6873650.580563774], [347205.0988701359, 6873663.373600572], [347140.7644602492, 6873745.837900307], [347057.1507027813, 6873682.535239589], [347007.6954368573, 6873739.557809163], [346981.8504442886, 6873812.4880794445], [346918.7305157034, 6873870.5975300465], [346892.6454007155, 6873919.476502468], [346817.60801606067, 6873998.387918453], [346780.5253713296, 6874042.425981987], [346703.3648597046, 6874156.450544011], [346640.9556011793, 6874180.568102036], [346599.5928557421, 6874141.844968104], [346586.244812204, 6874097.964846695], [346522.04215113295, 6873957.179635383], [346499.89043831534, 6873892.960781492], [346527.8528517046, 6873796.154739754], [346530.84377509524, 6873718.13131185], [346483.35656970215, 6873633.382175537], [346450.331967929, 6873601.127300732], [346388.8467410372, 6873460.752969903], [346361.79403527314, 6873436.443364518], [346308.44170540455, 6873424.415666793], [346247.8724334539, 6873455.935505748], [346215.1818146667, 6873494.930992194], [346201.9926502854, 6873544.23055493], [346177.3570522302, 6873559.060541506], [346142.77753174293, 6873546.156097421], [346100.7410102037, 6873528.666616263], [346048.40509060223, 6873554.008694288], [345991.66414874047, 6873553.54967976], [345926.9155467076, 6873508.525048835], [345860.2210522684, 6873404.074652413], [345768.3249696664, 6873271.258576583], [345719.3305396803, 6873204.882651083], [345641.54200090433, 6873193.974849524], [345519.4487733559, 6873129.672479318], [345436.0029379539, 6873119.221593572], [345393.30057373404, 6873081.473707973], [345301.724113952, 6873070.007191237], [345250.2666319873, 6873092.697486433], [345176.3931732406, 6873085.627716664], [345098.0889155915, 6873033.871802394], [345072.0472456354, 6872957.186862644], [345026.8460434125, 6872919.316269382], [344955.2574656825, 6872937.220849475], [344861.9559542712, 6872890.431593298], [344783.56795722304, 6872903.037629118], [344701.32141038333, 6872885.81484082], [344645.4425928639, 6872830.95804365], [344642.1290711962, 6872702.571858335], [344670.6299017179, 6872603.881306453], [344853.3597042744, 6872380.195506992], [344876.46162718267, 6872292.017445682], [344918.3285724005, 6872218.436080496], [344877.88117901725, 6872091.902867803], [344817.531919241, 6872019.766471583], [344765.9729021217, 6871955.247394989], [344683.2601321774, 6871912.695151949], [344660.6772893199, 6871818.056685915], [344669.99288819486, 6871709.06332666], [344659.99720300804, 6871648.9777112305], [344644.2438630379, 6871598.524675507], [344617.7619807102, 6871582.16400009], [344544.82278375735, 6871577.152165342], [344474.09708205424, 6871573.930975456], [344398.9768035199, 6871600.5626184475], [344345.9935722416, 6871540.965428315], [344294.5571044963, 6871477.930617343], [344220.57191145146, 6871513.76319242], [344144.21139123087, 6871445.856577844], [344078.2904031462, 6871357.074739562], [344001.3375182462, 6871324.644642679], [343954.1325620131, 6871336.901209926], [343941.8991650429, 6871362.92759325], [343939.1115785884, 6871451.005851692], [343861.80633014895, 6871527.298179688], [343824.7852477237, 6871586.43327324], [343811.27451198385, 6871628.955278261], [343799.7687684777, 6871657.794931512], [343779.7912672514, 6871614.721098026], [343749.70757574175, 6871588.0931424135], [343701.2317904411, 6871589.471424372], [343666.5447563416, 6871567.470376585], [343641.56079065887, 6871546.982418377], [343643.3014933686, 6871500.526364783], [343676.0123422905, 6871385.857187528], [343600.2743596461, 6871233.829550955], [343586.4299343209, 6871169.203574477], [343558.0606574224, 6871163.709362932], [343525.86057293334, 6871135.512371989], [343468.7070320792, 6871124.019396797], [343437.35551729356, 6871160.875235157], [343411.90246481507, 6871144.802345041], [343408.95004299143, 6871109.832015808], [343397.3636995788, 6871090.495590984], [343327.1030061436, 6871080.502243191], [343250.40047418023, 6871067.253791129], [343221.62645139504, 6871023.386509687], [343268.4525925294, 6870955.151227606], [343264.14216454345, 6870899.006783161], [343226.75196365267, 6870866.484683098], [343137.3767223046, 6870844.988858895], [343120.8301806806, 6870723.817729476], [343115.02656180714, 6870638.972410261], [343084.4531352233, 6870563.662533166], [343000.2137179001, 6870547.165115677], [342930.10941607377, 6870472.306480095], [342865.25991953106, 6870435.529376914], [342811.0108376369, 6870464.976336109], [342798.72077826236, 6870464.802304622], [342837.62816646404, 6870426.35267685], [342840.37733322685, 6870336.633391549], [342780.5279547665, 6870258.740113368], [342744.12349593325, 6870255.697254414], [342693.8893312169, 6870290.161795229], [342649.9728261102, 6870381.529113511], [342525.8961707909, 6870283.742404281], [342533.8672090641, 6870222.053146825], [342519.2275898276, 6870203.80554831], [342528.7383681039, 6870167.260414392], [342554.0897349814, 6870118.358294861], [342552.9390346904, 6870062.443675589], [342515.3036470689, 6870048.722509611], [342537.4865636901, 6870031.55141685], [342573.12681914377, 6870022.649122719], [342606.6697096956, 6869984.040367499], [342576.0638102859, 6869891.617251337], [342579.1935545493, 6869822.892867131], [342580.6125310039, 6869738.20934286], [342341.75844390877, 6868863.4065522645], [342255.64009038795, 6868939.64861623], [342156.8641146808, 6868984.424868373], [342065.4165328515, 6869006.257735178], [341983.8670067258, 6869003.009472853], [341880.5626300773, 6868956.980462356], [341840.9908874392, 6868960.77448169], [341649.97542683827, 6868455.203684265], [341319.66105103143, 6868094.505809335], [341079.89303391485, 6868199.755479101], [340685.3978226502, 6868216.056302663], [340372.1674379022, 6868387.973656387], [340257.6406859197, 6868665.830709437], [340091.80441516754, 6868742.512149349], [339962.3092959648, 6868958.601501614], [339751.62818143726, 6868399.965770768], [339504.2235972469, 6868373.631467655], [339453.14776660386, 6868666.161245294], [339021.601008921, 6869139.548832788], [338895.4809383943, 6869570.320665037], [338737.0188176397, 6869728.48601792], [338353.8519839251, 6869800.279572027], [338442.76547578716, 6870118.79697871], [338412.757085243, 6870364.853305228], [338028.8392289092, 6870817.436245276], [337430.40692752047, 6870849.188633721], [337088.6676528898, 6871420.019728866], [337002.2341185854, 6871448.877219188], [336877.4042022912, 6871472.983611733], [336685.19980779494, 6871648.713901643], [336516.0344901869, 6871641.717758089], [336361.9867268887, 6871521.097669613], [335860.03472615324, 6871728.046926173], [335620.1604186704, 6871906.104826592], [335498.8908284905, 6871883.69912198], [336099.86302092916, 6872713.321281765], [336618.1668995599, 6872290.573274766], [336821.6552909878, 6872296.820409867], [336961.52080605814, 6872642.293386813], [337079.1483078761, 6872694.811433576], [337416.1598306468, 6872737.768425805], [337698.9763865299, 6872376.978859353], [337775.5863119344, 6872377.272960886], [337813.92030284996, 6872549.732052635], [338055.0809045441, 6872630.1051190905], [338255.652087918, 6872213.676690171], [338313.01256645995, 6872349.100412814], [338490.83312256046, 6872374.008816827], [338506.7375072814, 6872543.51099224], [338347.86445626616, 6872815.174973493], [338436.7592850613, 6873110.4826622885], [339075.9340514895, 6873367.4255428], [339505.21001073666, 6873888.672014541], [339638.4636436377, 6873827.081169099], [340251.7958195125, 6873968.483491328], [340261.14746110636, 6874511.215023179], [340331.73747009126, 6874706.161782401], [340279.85232926393, 6874854.178728184], [340394.8544591359, 6875149.928991032], [341287.6846489783, 6875777.937866766], [341462.2258525548, 6875608.470328838], [341521.6320033269, 6875402.6442985805], [341620.32279713824, 6875408.083234223], [341668.5013051273, 6875538.477201583], [341531.05940272694, 6875970.97135663], [341625.40890497103, 6876127.204358331], [341781.94283653435, 6876098.979782868], [341878.59432036855, 6875907.778172405], [342215.44572629564, 6875848.323039768], [342275.0369386368, 6875941.806435413], [342189.5749846746, 6876205.881371718], [342317.55795637297, 6876506.6463625645], [342592.6543348867, 6876488.760749606], [342652.4044417845, 6876366.140249422], [342776.8636504328, 6876598.918711226], [342736.0062696637, 6876714.309309637], [342557.4986478761, 6876761.184138294], [342479.24142409314, 6876883.946871211], [342496.2012518692, 6877087.763470629], [342652.4018884719, 6877379.820976675], [342730.8520335053, 6877426.551148104], [342803.83807219635, 6877558.430739382], [342853.5487399377, 6877556.095775409], [342910.5289064144, 6877542.198185465], [342973.4754265287, 6877596.800673524], [343014.0246536469, 6877677.948142839], [343107.2987760579, 6877712.182237918], [343282.02378191985, 6877727.475116295], [343357.96195468586, 6877808.001632409], [343414.9647488503, 6877862.478921587], [343463.1277733734, 6877847.287805045], [343633.8418872799, 6877819.889477813], [343719.5240834737, 6877888.218288683], [343742.7036353108, 6878026.174415907], [343805.77144600614, 6878113.864985591], [343807.02563680115, 6878182.04776457], [343917.82683617866, 6878140.869705527], [344017.55996181606, 6878179.31469886], [344031.58132711705, 6878250.169409242], [344100.6582991714, 6878315.551105497], [344101.8274931327, 6878401.5859308895], [344089.032750619, 6878547.857443556], [344120.73055305553, 6878641.562303917], [344168.3221739812, 6878652.148827901], [344236.13487832114, 6878579.695727164], [344238.1311800302, 6878461.010198777], [344355.1219271694, 6878373.009577077], [344426.4794874642, 6878324.284399196], [344502.9092095425, 6878281.753560255], [344578.59227104805, 6878262.507087821], [344628.61883037025, 6878272.2149355], [344660.30596079543, 6878356.465018354], [344717.992803665, 6878402.045534686], [344761.5018456578, 6878430.54047828], [344823.25943688385, 6878429.030366031], [344823.7995938335, 6878519.289950083], [344832.7572607909, 6878617.494387887], [344912.91055486444, 6878686.916356949], [344947.56314615963, 6878791.694875828], [344938.8628369102, 6878886.000747453], [344981.73591410764, 6878963.469207143], [345035.7073604142, 6878976.562260317], [345062.72067143454, 6879069.549181251], [345133.125098553, 6879101.628814077], [345192.33688304573, 6879093.82207844], [345249.87684627774, 6879165.462727334], [345301.3371958443, 6879106.765539608], [345414.1471971491, 6879143.096292123], [345417.390543897, 6879245.558711766], [345457.88309069606, 6879285.946959831], [345466.886885689, 6879389.3928820975], [345605.6391472776, 6879384.0355193], [345733.02504215145, 6879413.304550352], [345904.161652773, 6879336.230764408], [345978.72157953086, 6879300.891692598], [346051.8958665508, 6879314.173188414], [346077.6963182916, 6879384.722660832], [346138.63914002734, 6879371.392573089], [346183.03976444696, 6879366.3814383205], [346185.0546048669, 6879508.955267104], [346261.6893476185, 6879651.141554465], [346326.97692567646, 6879599.478569755], [346390.7147817974, 6879631.29802157], [346449.2006501266, 6879746.020130681], [346474.4585470117, 6879782.794716831], [346520.1210549361, 6879849.0223969305], [346555.39701725624, 6879862.698186073], [346640.02794974454, 6879802.461710557], [346773.61475977564, 6879776.876903109], [346811.39311924163, 6879779.96763869], [346881.7486471557, 6879774.534410898], [347033.2125340281, 6879871.898306881], [347132.6530716594, 6879849.327994827], [347215.6807831351, 6879833.405843832], [347301.4144879993, 6879837.64264956], [347372.9417066906, 6879945.212910861], [347386.7470706939, 6880127.288742369], [347452.75547565316, 6880170.046974788], [347559.3644523352, 6880195.77124189], [347621.7868079693, 6880242.627171849], [347997.9810811091, 6880165.521099724], [348096.0024957642, 6880183.362397824], [348181.5353672501, 6880154.278001589], [348216.8438670031, 6880154.052439591], [348247.9738986336, 6880125.02709027], [348384.04307082086, 6880040.1456957925], [348520.9122023848, 6879834.436334741], [348645.5915202902, 6879854.973030994], [348756.7223469601, 6880020.741207934], [348998.358777903, 6880133.786349271], [349106.73433713673, 6880121.785370413], [349235.14285724936, 6880180.706068855], [349447.2996302615, 6880280.812416257], [349554.1113639561, 6880308.682043541], [349681.43909304636, 6880447.262151454], [349862.29241570045, 6880511.658588413], [349850.24084899813, 6880599.961379127], [349936.9226183999, 6880601.054661257], [350107.8167138581, 6880696.405944046], [350273.5245452112, 6880880.3323810175], [350372.1798580033, 6880951.487787336], [350444.95103481464, 6881202.661493868], [350460.8043238555, 6881299.90350218], [350612.6935901545, 6881514.169804884], [350638.62735030777, 6881716.747859473], [350706.4075690685, 6881856.263571509], [350851.4773003543, 6881929.192993829], [351046.2493749128, 6881996.2485028505], [351122.2988769511, 6881994.019128897], [351224.3384856241, 6881991.925637746], [351290.81302571355, 6882001.565945873], [351687.53703426104, 6881886.288821695]]]}, "properties": {"id": "431410010000003", "CD_SETOR": "431410010000003", "bairro_seplan": "Área Rural", "populacao_universo_15m": 144, "alfabetizados": 144, "nao_alfabetizados": 0, "taxa_alfabetizacao": 100.0, "taxa_analfabetismo": 0.0, "homens_universo_15m": 75, "homens_alfabetizados": 75, "homens_nao_alfabetizados": 0, "taxa_alfabetizacao_homens": 100.0, "mulheres_universo_15m": 69, "mulheres_alfabetizadas": 69, "mulheres_nao_alfabetizadas": 0, "taxa_alfabetizacao_mulheres": 100.0, "classificacao_seplan": "Maior que 99,0%", "fonte": "IBGE — Censo Demográfico 2022 (Agregados por Setores)", "natureza": "Dados estatísticos oficiais agregados por setor censitário"}}, {"type": "Feature", "geometry": {"type": "Polygon", "coordinates": [[[354514.3004594943, 6867049.314851666], [354704.0612357462, 6866883.22459755], [354758.42518580856, 6866929.1494578635], [354824.4194740866, 6866793.598022684], [354986.8171207765, 6867007.371212862], [355059.8495359528, 6866952.790327489], [355124.6794232032, 6866912.115957802], [355138.72924265394, 6866905.162318535], [355202.97832091124, 6866895.897117486], [355179.9113366122, 6866855.14454538], [355199.22481943085, 6866839.56715329], [354916.4375810859, 6866431.699317176], [354770.0461681213, 6866223.307151148], [354743.2245299083, 6866178.706428405], [354733.6603364396, 6866160.592284009], [354628.7762447784, 6865943.265649553], [354340.0669330134, 6865324.499738365], [354302.058033648, 6865327.932583471], [354293.71937543584, 6865327.464207154], [354057.86634663027, 6865255.34067749], [354074.821853852, 6865505.6438764995], [354086.3539158017, 6865687.704856435], [354065.67209399125, 6865806.3131807055], [354000.69347630715, 6866054.74136199], [353973.45462016354, 6866158.673944545], [353920.17600678676, 6866343.17116815], [353910.93491350836, 6866365.708311714], [353829.1748202, 6866466.163945514], [353767.44840100466, 6866634.864471603], [353904.2810152626, 6866693.51425508], [353995.19517958234, 6866659.539800683], [354413.10509987373, 6866888.881545292], [354341.6463508046, 6866954.016707835], [354514.3004594943, 6867049.314851666]]]}, "properties": {"id": "431410017000001", "CD_SETOR": "431410017000001", "bairro_seplan": "Área Rural", "populacao_universo_15m": 266, "alfabetizados": 261, "nao_alfabetizados": 5, "taxa_alfabetizacao": 98.12, "taxa_analfabetismo": 1.88, "homens_universo_15m": 129, "homens_alfabetizados": 129, "homens_nao_alfabetizados": 0, "taxa_alfabetizacao_homens": 100.0, "mulheres_universo_15m": 135, "mulheres_alfabetizadas": 132, "mulheres_nao_alfabetizadas": 3, "taxa_alfabetizacao_mulheres": 97.78, "classificacao_seplan": "97,5% a 99,0%", "fonte": "IBGE — Censo Demográfico 2022 (Agregados por Setores)", "natureza": "Dados estatísticos oficiais agregados por setor censitário"}}, {"type": "Feature", "geometry": {"type": "Polygon", "coordinates": [[[356793.5772374221, 6869654.973478766], [356990.16251714656, 6869474.855549481], [357232.13672954787, 6869253.138294607], [358046.80705666525, 6868860.4767404515], [358086.4649769519, 6868918.320960074], [358144.3382437789, 6869005.571885783], [358222.2149828569, 6869118.770988862], [358236.22362932086, 6869139.893770127], [358244.0316610156, 6869161.163987574], [358244.8384751816, 6869166.692242352], [358245.25287920795, 6869171.406850915], [358240.84256825235, 6869213.752033249], [358241.2022173286, 6869232.06302589], [358245.97742514324, 6869256.787637187], [358260.9337370257, 6869283.163273864], [358281.09760618175, 6869330.1130737765], [358294.468360332, 6869348.834522974], [358418.7355280044, 6868948.814037194], [358422.91470899485, 6868873.221467637], [358397.9498692093, 6868811.110365839], [358326.98126082093, 6868737.057369774], [358246.3862995403, 6868688.065979268], [358222.4371401005, 6868645.2817015555], [358222.32377544243, 6868613.775522128], [358257.2562019831, 6868588.650557516], [358332.30018788995, 6868611.312298346], [358418.0161854784, 6868591.237721885], [358617.7633226706, 6868662.793999011], [358721.67308837746, 6868667.369080521], [358802.20973030647, 6868702.460234875], [358939.90996820974, 6868868.361631885], [359035.4442231545, 6868879.627102658], [359103.1365430695, 6868852.684198288], [359190.56220426515, 6868638.421205729], [359209.677231364, 6868438.749306329], [359172.07502922905, 6868366.915353632], [359128.74424465967, 6868314.993075039], [359118.71971342387, 6868217.7777340375], [359194.55532515235, 6868165.499297993], [359187.8833856684, 6868017.238143451], [359150.5684883122, 6867872.72381755], [359158.56990952656, 6867796.1349377], [359127.6759987125, 6867767.376688975], [359097.38782643946, 6867698.432912997], [359046.47166337783, 6867682.567792829], [358967.50935394276, 6867725.000811037], [358888.48517376964, 6867721.544010984], [358850.8288795047, 6867679.3068539575], [358712.1022685142, 6867645.172700608], [358633.05839166744, 6867495.526289397], [358404.9070699971, 6867379.170336349], [358339.2922443867, 6867330.535430519], [358345.65377533145, 6867211.928064685], [358292.776301102, 6867138.12383398], [358280.0394787408, 6866934.757693261], [358173.44835144235, 6866781.9851883575], [358163.10618344846, 6866679.367817171], [358089.81350805296, 6866554.209581091], [358067.3431522334, 6866492.404174314], [358013.9220091768, 6866322.104470914], [357954.0670471368, 6866208.420622097], [357935.83445160417, 6866159.675510531], [357925.2159905371, 6866087.672836957], [357956.91793276905, 6866004.365129542], [357981.32090074173, 6865976.067457459], [358171.5460785328, 6865875.156771185], [358265.450551667, 6865818.214229763], [358286.1825964304, 6865796.676109329], [358243.695025964, 6865751.641467374], [358054.2971212822, 6865738.0126838405], [358017.4325649061, 6865697.599148078], [358033.83800550736, 6865647.67390164], [358085.6845341718, 6865586.7596626645], [358133.1446895833, 6865556.344587245], [358268.29284224904, 6865559.6040940685], [358478.97762293124, 6865650.124360181], [358532.32224570157, 6865612.153976671], [358618.75889282406, 6865549.634162996], [358710.6425080083, 6865367.542210741], [358729.44237648544, 6865307.316728301], [358709.29950320476, 6865268.977791331], [358605.8506863662, 6865221.764607975], [358469.6758903834, 6865169.4161456805], [358426.48980113317, 6865090.3088895045], [358325.99356387946, 6865041.565932713], [358389.2135086536, 6864986.892678354], [358401.905343666, 6864876.760609364], [358466.10823924345, 6864884.066997338], [358489.2725910428, 6864799.193188143], [358554.97857053095, 6864714.373722258], [358612.9727668545, 6864606.1350302305], [358634.53884850093, 6864458.797158569], [358755.1641834418, 6864507.1686135605], [358838.9155622041, 6864499.668785362], [358942.1927387944, 6864446.512448974], [359056.3199279077, 6864382.868407056], [359060.99804976233, 6864330.0872464115], [359050.8275634205, 6864285.118956754], [359027.9831546475, 6864241.551021583], [358961.47122548963, 6864219.3263410665], [358923.6951307818, 6864202.087239226], [358929.10813410615, 6864117.333429964], [358891.72244084347, 6864064.116977718], [358774.86914147227, 6864056.53870256], [358659.70980148786, 6863991.720933641], [358633.83979108895, 6863914.372504215], [358557.26746338804, 6863703.948252047], [358524.468245361, 6863365.976987841], [358452.5595464433, 6863336.44824298], [358394.2749324607, 6863222.873025227], [358383.2158140568, 6863154.189686691], [358415.7027914334, 6863086.371426367], [358354.8725700185, 6863004.580738427], [358432.251352273, 6862916.0456712805], [358425.53009335295, 6862884.626364121], [358404.843784675, 6862823.374291418], [358355.93584303564, 6862835.654149247], [358360.4406229481, 6862783.67990133], [358373.4047593626, 6862730.942636248], [358393.5155352822, 6862639.715839667], [358427.45361131383, 6862593.867657497], [358487.1851581186, 6862532.270947337], [358527.7772123781, 6862434.130429054], [358502.76086985855, 6862348.934667469], [358485.711998326, 6862292.602123842], [358498.80128607823, 6862253.075539742], [358529.7045629887, 6862192.031123571], [358495.20547375275, 6862091.639679868], [358497.370051809, 6862005.007263435], [358457.0300405636, 6861946.323451543], [358408.23349086865, 6861917.70236621], [358122.2344362251, 6861887.044588475], [358033.49841350375, 6861924.9863243885], [357920.74703177135, 6861916.350632852], [357886.13129483827, 6861891.3663628], [357925.2030988741, 6861774.004875751], [357970.9422672034, 6861719.223986397], [357984.19203387166, 6861677.051294973], [357989.470200382, 6861558.407985003], [358034.53212133684, 6861374.716876753], [358132.3056422473, 6861276.0233806], [358216.65237764944, 6861231.778418202], [358559.7739344676, 6861264.603698298], [358547.05506799114, 6861206.15092676], [358510.12420892785, 6861114.296237707], [358346.6727082231, 6861054.458065177], [358349.3943091929, 6860969.716064418], [358424.58596255636, 6860853.28492843], [358431.45910440286, 6860739.414686165], [358512.24274807726, 6860694.371589124], [358504.00289885956, 6860608.201717024], [358414.21818959527, 6860564.45036313], [358498.28796690947, 6860383.286535695], [358477.81395490153, 6860324.352776665], [358372.9799672371, 6860274.647081746], [358419.08672690886, 6860243.351210547], [358467.5484282572, 6860188.091603793], [358438.74673232064, 6860155.110912032], [358307.7304763037, 6860142.646429442], [358216.3415781698, 6860087.559683265], [358125.76808746695, 6860061.748687364], [358064.3434442081, 6860005.701915696], [358060.5863448684, 6859975.8137892075], [358189.02449315746, 6859897.568813032], [358201.7659893188, 6859864.875733084], [358184.8429558205, 6859829.554668728], [358104.225331206, 6859716.783091206], [358083.6132342454, 6859672.873535296], [358102.3553921924, 6859639.144503374], [358190.95641799486, 6859591.449555706], [358206.6881853547, 6859540.684922235], [358199.518715602, 6859505.226091583], [358129.56924974266, 6859472.935961859], [358209.6763197118, 6859402.85360134], [358315.3848303694, 6859393.672630781], [358388.3928389903, 6859407.913056184], [358409.3160845535, 6859456.978770036], [358447.5615196676, 6859466.413520496], [358558.0436693639, 6859431.0018817885], [358614.97651780496, 6859393.939659751], [358626.4210910266, 6859331.919660227], [358633.96032643487, 6859271.116197136], [358588.6588636229, 6859170.085098714], [358574.00556658895, 6859049.19693836], [358601.9560672134, 6859005.75917048], [358635.37398315186, 6858861.732018901], [358635.52274522104, 6858797.759316042], [358748.51277327095, 6858649.664626814], [358730.6051942243, 6858583.647353954], [358714.15553508105, 6858554.671353536], [358642.999327915, 6858548.245261413], [358614.7097829659, 6858510.4614242595], [358607.08460987074, 6858443.481071894], [358617.7489690306, 6858396.644679511], [358645.4148582154, 6858390.748172598], [358694.00149347226, 6858408.672831463], [358798.16996616096, 6858425.034992034], [358837.94666320074, 6858414.329421403], [358877.23486076575, 6858366.616198465], [358947.7611104141, 6858248.564164303], [358994.88147038163, 6858198.916259574], [359071.02019565005, 6858163.766047133], [359125.6578642571, 6858098.338500183], [359137.4605789758, 6858042.140249124], [358797.1237816448, 6857744.308488799], [358977.96668935055, 6857659.513450887], [359002.85006647615, 6857547.653249036], [359206.58422686055, 6857543.62567747], [359004.7944847827, 6857301.330879204], [358951.9937318535, 6857019.956406191], [358821.4551451941, 6856984.40722294], [358727.526802148, 6857185.844904195], [358579.59740914707, 6857177.855569087], [358482.103566332, 6857478.3856877815], [358276.0874195986, 6857581.842715763], [358403.82935001026, 6857845.990602855], [358426.0690495637, 6858302.091806785], [357968.0670355086, 6858544.552923985], [357270.86071276205, 6859572.461696391], [356798.22231280524, 6859851.96085225], [356091.234814086, 6858943.269743031], [355701.66119225055, 6859353.117837202], [355540.91472121794, 6859108.848060515], [355464.8230998347, 6858722.490677289], [355184.10630403954, 6858769.494460253], [355107.00624251814, 6858391.421775026], [354721.2482774127, 6858343.216382675], [354461.9273356707, 6857928.694722129], [354087.6881237882, 6858047.869032971], [353892.291945737, 6857789.525379159], [353463.7513134371, 6857555.269072531], [353490.90700510517, 6857388.568057176], [353280.2019557168, 6857282.920479944], [353327.4905239604, 6857147.410908005], [353272.9230007259, 6857117.354012774], [353051.6394219857, 6856757.881584915], [352691.75621695764, 6856638.41657614], [352735.5215299374, 6856515.520667054], [352548.3078431238, 6856274.0758897625], [352405.7910705051, 6856205.534905808], [352120.76737742184, 6856425.112036057], [352048.530374893, 6856951.965945593], [352149.1537452681, 6857578.120829333], [352076.1499708593, 6857685.997980068], [352184.8919945002, 6857725.106134914], [352026.40224916453, 6857968.630675456], [352223.81261832896, 6858142.33266094], [352099.30549042614, 6858362.313374544], [352236.84555720433, 6858538.422599588], [352009.6025653936, 6858795.747807586], [352111.38412228646, 6858901.571064975], [352006.48926055705, 6858980.756129656], [352062.8352900025, 6859079.748675529], [351991.8264902106, 6859095.7808254], [352088.91332223086, 6859217.4811517205], [352075.88489698083, 6859491.541914906], [352225.09232498356, 6859737.335897515], [352165.9077081949, 6859917.142755299], [352259.4051203532, 6860143.155098673], [352157.6209001428, 6860322.307033816], [352231.01533294044, 6860600.308070745], [351936.1980700317, 6860835.953732979], [351985.8046529804, 6861001.065188682], [351821.3132129228, 6861461.742304686], [351842.73694533756, 6861677.854576282], [351444.19950312516, 6862259.187950164], [351553.7016117044, 6862541.59162694], [351702.8310698953, 6862766.488063786], [351502.8676606121, 6863073.386534007], [351337.10559852107, 6863114.755803896], [350983.2346174787, 6863026.365889722], [350791.4741702646, 6863131.985800341], [350498.8153633345, 6863932.654691408], [349983.8241610478, 6864310.624611162], [349300.73576037574, 6864497.927782404], [348045.9357152083, 6864681.619917909], [347786.66882676387, 6865358.142662128], [347401.66355515807, 6865942.842819091], [347359.0535719923, 6866188.571828857], [347265.6824115467, 6866279.249466598], [347316.03602116357, 6866289.396459987], [347346.6135459338, 6866379.855371702], [347426.4032609138, 6866409.342953393], [347570.95942488674, 6866318.314817527], [347741.8504921545, 6866142.91207841], [347816.73642004724, 6866131.95076371], [347916.2140435241, 6866107.463421871], [347971.0706657814, 6866215.930556146], [348125.1996068368, 6866836.6557098795], [348190.8768296846, 6866942.245879658], [348294.08310188225, 6866993.061254898], [348388.0037162267, 6866973.341290774], [348429.2112073223, 6866860.122478229], [348500.7841385276, 6866836.270097931], [348529.9538025453, 6866805.32538737], [348583.62056622404, 6866657.102119163], [348628.9157207741, 6866632.004198608], [348719.8142248698, 6866636.690176064], [348824.917884873, 6866693.221393981], [348949.581201299, 6866682.589087278], [349145.3650111972, 6866474.814798614], [349240.615260742, 6866474.199670197], [349390.90635866916, 6866467.723598333], [349494.5096932935, 6866507.373951664], [349661.97135723615, 6866680.907276512], [349906.2049100675, 6866936.587020934], [350038.74337172054, 6867008.858685246], [350147.83987557795, 6867069.860960364], [350224.43120008905, 6867203.3926017275], [350340.7630927178, 6867359.467967223], [350361.28975456767, 6867499.182779917], [350465.75380010414, 6867567.924903175], [350583.99094571534, 6867733.673853614], [350586.82596129586, 6867886.784520591], [350546.08841593383, 6868054.372570571], [350640.5316124035, 6868109.366627548], [350654.4014143863, 6868186.272830352], [350830.3396592048, 6868215.6847316325], [350861.09689852584, 6868309.226653926], [350774.6228403417, 6868603.249325836], [350830.6992289478, 6868772.134696903], [350902.7584365173, 6869127.884478802], [351057.7158582838, 6869369.933570297], [351151.27209326264, 6869443.47375912], [351212.72755357693, 6869408.938571587], [351297.2827400493, 6869397.8540922105], [351388.65165221115, 6869413.628282885], [351518.3461334217, 6869491.120409997], [351612.7796530545, 6869558.339980466], [351740.5801296483, 6869960.016498034], [351745.56723856844, 6870022.447529441], [351793.46047874965, 6870096.707465523], [351964.47655611497, 6870123.656591939], [352167.25915880024, 6870224.3389261905], [352225.8341320643, 6870344.597756694], [352323.9729150055, 6870440.470414242], [352465.1130864584, 6870697.696473548], [352587.9390307418, 6870726.4853817765], [352876.5510427806, 6870745.285332438], [353052.664735685, 6870788.438571017], [353226.5416084232, 6870816.634303154], [354102.1531949379, 6870913.1465128865], [354129.75962519087, 6870826.949044796], [354131.33623016824, 6870675.66977338], [354120.5275270643, 6870555.133921203], [354244.661607123, 6870283.740151666], [354262.62348457676, 6870184.746365026], [354304.2192619395, 6870158.905344215], [354462.9910914791, 6870166.385433076], [354545.973725277, 6870134.823714828], [354566.5722440657, 6870059.765187068], [354641.8773235298, 6869985.466265389], [354743.36349472153, 6869943.081695571], [354747.7720133542, 6869862.693677791], [354812.5920660329, 6869768.107681662], [354902.81788521336, 6869667.792903276], [354878.5709400942, 6869581.202882901], [354918.77384305873, 6869531.838546423], [354969.8474243481, 6869401.289659509], [354980.91399471846, 6869365.032804134], [355025.17257167, 6869379.337777188], [355078.7955556332, 6869368.224886898], [355179.57210391096, 6869429.8963331785], [355284.98300086707, 6869496.898329111], [355375.45167603786, 6869565.068952661], [355450.0108947654, 6869596.275830389], [355534.40086053405, 6869588.70541668], [355663.2748560472, 6869514.211118385], [355744.932052308, 6869512.700871944], [355837.194789503, 6869533.582107229], [355989.03534002625, 6869543.273933249], [356189.38166047225, 6869623.2116030175], [356321.7377385099, 6869622.8110917695], [356537.47240400524, 6869535.430665474], [356793.5772374221, 6869654.973478766]], [[354514.3004594943, 6867049.314851666], [354341.6463508046, 6866954.016707835], [354413.10509987373, 6866888.881545292], [353995.19517958234, 6866659.539800683], [353904.2810152626, 6866693.51425508], [353767.44840100466, 6866634.864471603], [353829.1748202, 6866466.163945514], [353910.93491350836, 6866365.708311714], [353920.17600678676, 6866343.17116815], [353973.45462016354, 6866158.673944545], [354000.69347630715, 6866054.74136199], [354065.67209399125, 6865806.3131807055], [354086.3539158017, 6865687.704856435], [354074.821853852, 6865505.6438764995], [354057.86634663027, 6865255.34067749], [354293.71937543584, 6865327.464207154], [354302.058033648, 6865327.932583471], [354340.0669330134, 6865324.499738365], [354628.7762447784, 6865943.265649553], [354733.6603364396, 6866160.592284009], [354743.2245299083, 6866178.706428405], [354770.0461681213, 6866223.307151148], [354916.4375810859, 6866431.699317176], [355199.22481943085, 6866839.56715329], [355179.9113366122, 6866855.14454538], [355202.97832091124, 6866895.897117486], [355138.72924265394, 6866905.162318535], [355124.6794232032, 6866912.115957802], [355059.8495359528, 6866952.790327489], [354986.8171207765, 6867007.371212862], [354824.4194740866, 6866793.598022684], [354758.42518580856, 6866929.1494578635], [354704.0612357462, 6866883.22459755], [354514.3004594943, 6867049.314851666]]]}, "properties": {"id": "431410017000002", "CD_SETOR": "431410017000002", "bairro_seplan": "Área Rural", "populacao_universo_15m": 612, "alfabetizados": 590, "nao_alfabetizados": 22, "taxa_alfabetizacao": 96.41, "taxa_analfabetismo": 3.59, "homens_universo_15m": 330, "homens_alfabetizados": 320, "homens_nao_alfabetizados": 10, "taxa_alfabetizacao_homens": 96.97, "mulheres_universo_15m": 282, "mulheres_alfabetizadas": 270, "mulheres_nao_alfabetizadas": 12, "taxa_alfabetizacao_mulheres": 95.74, "classificacao_seplan": "95,0% a 97,5%", "fonte": "IBGE — Censo Demográfico 2022 (Agregados por Setores)", "natureza": "Dados estatísticos oficiais agregados por setor censitário"}}, {"type": "Feature", "geometry": {"type": "Polygon", "coordinates": [[[346555.0534608912, 6869976.507672297], [346620.85429556505, 6869868.311176943], [346651.05770118756, 6869781.906776487], [346712.3576300796, 6869697.710909502], [346803.950050093, 6869557.210234981], [346867.14758145245, 6869505.907758057], [346992.5524807647, 6869452.515830219], [347099.85599617905, 6869456.3165816665], [347105.85375428235, 6869204.3203723915], [346822.05328996514, 6869211.515826462], [346794.25058040296, 6868989.513886123], [346305.9469965949, 6868955.21896551], [346294.0533674088, 6869330.716421937], [346228.5550828442, 6869327.1072733], [346224.55149627675, 6869733.205060564], [346266.7575234012, 6869824.304763551], [346329.25589392777, 6869904.407904511], [346436.05342831113, 6869912.009045193], [346488.95725897315, 6869893.810354262], [346555.0534608912, 6869976.507672297]]]}, "properties": {"id": "431410035000001", "CD_SETOR": "431410035000001", "bairro_seplan": "Área Rural", "populacao_universo_15m": 96, "alfabetizados": 89, "nao_alfabetizados": 7, "taxa_alfabetizacao": 92.71, "taxa_analfabetismo": 7.29, "homens_universo_15m": 47, "homens_alfabetizados": 43, "homens_nao_alfabetizados": 4, "taxa_alfabetizacao_homens": 91.49, "mulheres_universo_15m": 49, "mulheres_alfabetizadas": 46, "mulheres_nao_alfabetizadas": 3, "taxa_alfabetizacao_mulheres": 93.88, "classificacao_seplan": "92,0% a 95,0%", "fonte": "IBGE — Censo Demográfico 2022 (Agregados por Setores)", "natureza": "Dados estatísticos oficiais agregados por setor censitário"}}, {"type": "Feature", "geometry": {"type": "Polygon", "coordinates": [[[354776.0892209483, 6875645.380362889], [355358.12215577497, 6875307.800153335], [355511.68873764283, 6875130.081239142], [355667.573784817, 6874761.23155693], [355787.7472948776, 6874455.676612424], [356008.85715528217, 6873989.1665169485], [356239.9725404458, 6873656.0188802555], [356357.8604936518, 6873476.495275104], [356339.86049741326, 6873458.236639813], [356295.8696597973, 6873398.550710831], [356232.2193743843, 6873336.166356279], [356197.13131960225, 6873312.724846043], [356178.4341150102, 6873286.456591809], [356209.6509825848, 6873233.388419027], [356243.48254034674, 6873198.536706256], [356240.8448951071, 6873173.283099394], [356262.1083927604, 6873156.973704875], [356320.14839516097, 6873146.982810589], [356375.65672486974, 6873113.490243422], [356391.3058111302, 6873090.03156288], [356393.5718248791, 6873060.072267751], [356369.09197024023, 6873013.022878695], [356350.9354042051, 6872900.76844356], [356372.0125051154, 6872844.684870472], [356373.2826684843, 6872815.9435695335], [356335.0874475208, 6872789.118137574], [356289.43841665745, 6872771.787863252], [356198.51027182187, 6872777.0692632925], [356173.4032836511, 6872761.638612928], [356175.239655944, 6872746.124494262], [356268.9631945882, 6872707.687821887], [356297.9263122978, 6872677.730510039], [356321.7475142709, 6872625.9466572795], [356322.6226994061, 6872574.738209366], [356349.8427749537, 6872509.620005473], [356355.10963914567, 6872449.798932139], [356356.2714298779, 6872440.548799623], [356358.5005875248, 6872430.657776428], [356339.78724190104, 6872384.752935895], [356296.44689664524, 6872346.2404036075], [356274.8890535452, 6872293.82933584], [356301.1921689991, 6872222.583096233], [356277.3047849436, 6872153.543580547], [356241.8301448397, 6872124.246218307], [356480.44980735204, 6871943.580191461], [356522.3077961466, 6871915.573653056], [356793.784748878, 6871723.497269985], [356937.7917406842, 6871617.156600148], [356858.24122776126, 6871493.368745725], [356760.104413997, 6870844.720679138], [357283.0414046993, 6870751.525063949], [357236.2430482262, 6870603.732077822], [357174.7348759002, 6870441.832084971], [357163.6785565099, 6870413.418723781], [357155.3814502943, 6870392.108634895], [357124.8389066961, 6870313.626600889], [357112.611847401, 6870269.241600792], [357101.4379647055, 6870228.6370107215], [357085.1394231292, 6870137.128356361], [357054.72926238715, 6870055.090463575], [357047.0341740509, 6870034.330521591], [357011.6938047822, 6869974.795119258], [356999.8399080998, 6869954.838250597], [356976.9825686278, 6869926.559313277], [356942.03464027855, 6869883.329407789], [356752.1369091375, 6869692.936920535], [356755.300981224, 6869690.038537907], [356793.5772374221, 6869654.973478766], [356537.47240400524, 6869535.430665474], [356321.7377385099, 6869622.8110917695], [356189.38166047225, 6869623.2116030175], [355989.03534002625, 6869543.273933249], [355837.194789503, 6869533.582107229], [355744.932052308, 6869512.700871944], [355663.2748560472, 6869514.211118385], [355534.40086053405, 6869588.70541668], [355450.0108947654, 6869596.275830389], [355375.45167603786, 6869565.068952661], [355284.98300086707, 6869496.898329111], [355179.57210391096, 6869429.8963331785], [355078.7955556332, 6869368.224886898], [355025.17257167, 6869379.337777188], [354980.91399471846, 6869365.032804134], [354969.8474243481, 6869401.289659509], [354918.77384305873, 6869531.838546423], [354878.5709400942, 6869581.202882901], [354902.81788521336, 6869667.792903276], [354812.5920660329, 6869768.107681662], [354747.7720133542, 6869862.693677791], [354743.36349472153, 6869943.081695571], [354641.8773235298, 6869985.466265389], [354566.5722440657, 6870059.765187068], [354545.973725277, 6870134.823714828], [354462.9910914791, 6870166.385433076], [354304.2192619395, 6870158.905344215], [354262.62348457676, 6870184.746365026], [354244.661607123, 6870283.740151666], [354120.5275270643, 6870555.133921203], [354131.33623016824, 6870675.66977338], [354129.75962519087, 6870826.949044796], [354102.1531949379, 6870913.1465128865], [353226.5416084232, 6870816.634303154], [353052.664735685, 6870788.438571017], [352876.5510427806, 6870745.285332438], [352587.9390307418, 6870726.4853817765], [352465.1130864584, 6870697.696473548], [352323.9729150055, 6870440.470414242], [352225.8341320643, 6870344.597756694], [352167.25915880024, 6870224.3389261905], [351964.47655611497, 6870123.656591939], [351793.46047874965, 6870096.707465523], [351745.56723856844, 6870022.447529441], [351740.5801296483, 6869960.016498034], [351612.7796530545, 6869558.339980466], [351518.3461334217, 6869491.120409997], [351388.65165221115, 6869413.628282885], [351297.2827400493, 6869397.8540922105], [351212.72755357693, 6869408.938571587], [351151.27209326264, 6869443.47375912], [351057.7158582838, 6869369.933570297], [350902.7584365173, 6869127.884478802], [350830.6992289478, 6868772.134696903], [350774.6228403417, 6868603.249325836], [350861.09689852584, 6868309.226653926], [350830.3396592048, 6868215.6847316325], [350654.4014143863, 6868186.272830352], [350640.5316124035, 6868109.366627548], [350546.08841593383, 6868054.372570571], [350586.82596129586, 6867886.784520591], [350583.99094571534, 6867733.673853614], [350465.75380010414, 6867567.924903175], [350361.28975456767, 6867499.182779917], [350340.7630927178, 6867359.467967223], [350224.43120008905, 6867203.3926017275], [350147.83987557795, 6867069.860960364], [350038.74337172054, 6867008.858685246], [349906.2049100675, 6866936.587020934], [349661.97135723615, 6866680.907276512], [349494.5096932935, 6866507.373951664], [349390.90635866916, 6866467.723598333], [349240.615260742, 6866474.199670197], [349145.3650111972, 6866474.814798614], [348949.581201299, 6866682.589087278], [348824.917884873, 6866693.221393981], [348719.8142248698, 6866636.690176064], [348628.9157207741, 6866632.004198608], [348583.62056622404, 6866657.102119163], [348529.9538025453, 6866805.32538737], [348500.7841385276, 6866836.270097931], [348429.2112073223, 6866860.122478229], [348388.0037162267, 6866973.341290774], [348294.08310188225, 6866993.061254898], [348190.8768296846, 6866942.245879658], [348125.1996068368, 6866836.6557098795], [347971.0706657814, 6866215.930556146], [347916.2140435241, 6866107.463421871], [347816.73642004724, 6866131.95076371], [347741.8504921545, 6866142.91207841], [347570.95942488674, 6866318.314817527], [347426.4032609138, 6866409.342953393], [347346.6135459338, 6866379.855371702], [347316.03602116357, 6866289.396459987], [347265.6824115467, 6866279.249466598], [347181.5236524539, 6866361.157488128], [347048.8534064201, 6866230.259339411], [346815.6645617349, 6866417.258766914], [346635.921572287, 6866296.496268129], [346614.0854087471, 6866281.8619175535], [346420.2458442549, 6866269.8400641605], [346272.3768846695, 6865925.081683922], [345959.6091595588, 6865804.718347554], [345865.13812923036, 6865569.575776998], [345439.96590553387, 6865564.917016932], [345199.9011481616, 6865460.753251853], [345041.2530997878, 6865566.008707843], [344832.7241319156, 6865529.419959286], [344580.32804607356, 6865181.160051269], [344446.98601671454, 6865125.348315494], [344379.03812648763, 6864889.26583393], [344067.0051989575, 6864698.619431909], [343896.576052207, 6864698.588279612], [343568.3758441309, 6865041.917988254], [343333.87355101213, 6864894.988147449], [343174.48900653294, 6864985.4255571775], [343086.5239665344, 6864903.147242054], [343113.1303798518, 6865092.199938607], [343300.12865307427, 6865391.342075735], [343466.93885795155, 6866451.061514317], [343725.71177146386, 6866780.48932638], [343984.89676369645, 6867350.712306559], [344059.601961068, 6867445.308477815], [344019.04414638435, 6867620.506401884], [343964.0699737732, 6867729.253224622], [343852.8220999139, 6867851.665092453], [343784.4608749952, 6868009.2185125295], [343750.9741400174, 6868095.573470523], [343664.0375754696, 6868150.225843122], [343502.425089421, 6868176.185510162], [343423.7637406237, 6868195.31586788], [343343.9726524752, 6868229.391920687], [343201.53422158386, 6868322.006483668], [342960.9208939178, 6868393.004544368], [342870.8872962184, 6868431.474467909], [342666.6594778769, 6868518.741680766], [342557.6321155336, 6868568.427332312], [342493.0248371545, 6868633.109722188], [342421.4486862231, 6868743.070340316], [342341.75844390877, 6868863.4065522645], [342580.6125310039, 6869738.20934286], [342579.1935545493, 6869822.892867131], [342576.0638102859, 6869891.617251337], [342606.6697096956, 6869984.040367499], [342573.12681914377, 6870022.649122719], [342537.4865636901, 6870031.55141685], [342515.3036470689, 6870048.722509611], [342552.9390346904, 6870062.443675589], [342554.0897349814, 6870118.358294861], [342528.7383681039, 6870167.260414392], [342519.2275898276, 6870203.80554831], [342533.8672090641, 6870222.053146825], [342525.8961707909, 6870283.742404281], [342649.9728261102, 6870381.529113511], [342693.8893312169, 6870290.161795229], [342744.12349593325, 6870255.697254414], [342780.5279547665, 6870258.740113368], [342840.37733322685, 6870336.633391549], [342837.62816646404, 6870426.35267685], [342798.72077826236, 6870464.802304622], [342811.0108376369, 6870464.976336109], [342865.25991953106, 6870435.529376914], [342930.10941607377, 6870472.306480095], [343000.2137179001, 6870547.165115677], [343084.4531352233, 6870563.662533166], [343115.02656180714, 6870638.972410261], [343120.8301806806, 6870723.817729476], [343137.3767223046, 6870844.988858895], [343226.75196365267, 6870866.484683098], [343264.14216454345, 6870899.006783161], [343268.4525925294, 6870955.151227606], [343221.62645139504, 6871023.386509687], [343250.40047418023, 6871067.253791129], [343327.1030061436, 6871080.502243191], [343397.3636995788, 6871090.495590984], [343408.95004299143, 6871109.832015808], [343411.90246481507, 6871144.802345041], [343437.35551729356, 6871160.875235157], [343468.7070320792, 6871124.019396797], [343525.86057293334, 6871135.512371989], [343558.0606574224, 6871163.709362932], [343586.4299343209, 6871169.203574477], [343600.2743596461, 6871233.829550955], [343676.0123422905, 6871385.857187528], [343643.3014933686, 6871500.526364783], [343641.56079065887, 6871546.982418377], [343666.5447563416, 6871567.470376585], [343701.2317904411, 6871589.471424372], [343749.70757574175, 6871588.0931424135], [343779.7912672514, 6871614.721098026], [343799.7687684777, 6871657.794931512], [343811.27451198385, 6871628.955278261], [343824.7852477237, 6871586.43327324], [343861.80633014895, 6871527.298179688], [343939.1115785884, 6871451.005851692], [343941.8991650429, 6871362.92759325], [343954.1325620131, 6871336.901209926], [344001.3375182462, 6871324.644642679], [344078.2904031462, 6871357.074739562], [344144.21139123087, 6871445.856577844], [344220.57191145146, 6871513.76319242], [344294.5571044963, 6871477.930617343], [344345.9935722416, 6871540.965428315], [344398.9768035199, 6871600.5626184475], [344474.09708205424, 6871573.930975456], [344544.82278375735, 6871577.152165342], [344617.7619807102, 6871582.16400009], [344644.2438630379, 6871598.524675507], [344659.99720300804, 6871648.9777112305], [344669.99288819486, 6871709.06332666], [344660.6772893199, 6871818.056685915], [344683.2601321774, 6871912.695151949], [344765.9729021217, 6871955.247394989], [344817.531919241, 6872019.766471583], [344877.88117901725, 6872091.902867803], [344918.3285724005, 6872218.436080496], [344876.46162718267, 6872292.017445682], [344853.3597042744, 6872380.195506992], [344670.6299017179, 6872603.881306453], [344642.1290711962, 6872702.571858335], [344645.4425928639, 6872830.95804365], [344701.32141038333, 6872885.81484082], [344783.56795722304, 6872903.037629118], [344861.9559542712, 6872890.431593298], [344955.2574656825, 6872937.220849475], [345026.8460434125, 6872919.316269382], [345072.0472456354, 6872957.186862644], [345098.0889155915, 6873033.871802394], [345176.3931732406, 6873085.627716664], [345250.2666319873, 6873092.697486433], [345301.724113952, 6873070.007191237], [345393.30057373404, 6873081.473707973], [345436.0029379539, 6873119.221593572], [345519.4487733559, 6873129.672479318], [345641.54200090433, 6873193.974849524], [345719.3305396803, 6873204.882651083], [345768.3249696664, 6873271.258576583], [345860.2210522684, 6873404.074652413], [345926.9155467076, 6873508.525048835], [345991.66414874047, 6873553.54967976], [346048.40509060223, 6873554.008694288], [346100.7410102037, 6873528.666616263], [346142.77753174293, 6873546.156097421], [346177.3570522302, 6873559.060541506], [346201.9926502854, 6873544.23055493], [346215.1818146667, 6873494.930992194], [346247.8724334539, 6873455.935505748], [346308.44170540455, 6873424.415666793], [346361.79403527314, 6873436.443364518], [346388.8467410372, 6873460.752969903], [346450.331967929, 6873601.127300732], [346483.35656970215, 6873633.382175537], [346530.84377509524, 6873718.13131185], [346527.8528517046, 6873796.154739754], [346499.89043831534, 6873892.960781492], [346522.04215113295, 6873957.179635383], [346586.244812204, 6874097.964846695], [346599.5928557421, 6874141.844968104], [346640.9556011793, 6874180.568102036], [346703.3648597046, 6874156.450544011], [346780.5253713296, 6874042.425981987], [346817.60801606067, 6873998.387918453], [346892.6454007155, 6873919.476502468], [346918.7305157034, 6873870.5975300465], [346981.8504442886, 6873812.4880794445], [347007.6954368573, 6873739.557809163], [347057.1507027813, 6873682.535239589], [347140.7644602492, 6873745.837900307], [347205.0988701359, 6873663.373600572], [347270.2041093252, 6873650.580563774], [347340.85259322653, 6873704.2287296895], [347367.3938780137, 6873714.322214926], [347406.0933511736, 6873692.345413417], [347431.82919811853, 6873685.705628453], [347479.8076689476, 6873686.920622036], [347551.1803934339, 6873659.046386804], [347687.95503881935, 6873657.876539351], [347730.0043690605, 6873692.914303638], [347741.99956509937, 6873789.758657884], [347777.72346472525, 6873827.607481203], [347804.6787637208, 6873888.881932527], [347842.6103902026, 6873915.30004642], [347863.923617776, 6873954.382349201], [347995.47465785616, 6874058.697752529], [348055.2241680525, 6874069.5804619985], [348152.2352811997, 6874025.108506221], [348181.7239255619, 6873864.686146996], [348237.0208419373, 6873829.254877824], [348279.0817441115, 6873815.951139629], [348386.70695716795, 6873817.603248233], [348424.32487289154, 6873846.375899335], [348447.8704356047, 6873890.59434501], [348499.550592465, 6873953.966817582], [348602.7712993083, 6873977.137253229], [348644.7780530136, 6873951.918426879], [348705.5685923047, 6873951.939744802], [348759.80810883234, 6873987.849294295], [348802.81466144137, 6873965.003117859], [348838.72314138827, 6873963.986498583], [348925.80255922803, 6874009.489209492], [349019.9747234129, 6873978.039851655], [349117.06322892965, 6874029.009890285], [349201.2373784977, 6873986.605004568], [349250.28523885185, 6873980.179828839], [349289.2223131646, 6873977.8926393315], [349346.4132979201, 6873950.70319896], [349399.36530114757, 6873949.779266356], [349454.8032600278, 6874004.30725486], [349485.7358082244, 6874013.409849562], [349501.99862030963, 6874123.105255025], [349529.941196352, 6874182.326504728], [349599.81586302095, 6874219.039656603], [349679.2778224641, 6874276.718800783], [349757.6295657008, 6874305.0938852895], [349860.88555734506, 6874286.275343251], [349908.07368773106, 6874258.568839776], [350012.53788474936, 6874182.11636558], [350081.72221024055, 6874146.154033394], [350142.9198318935, 6874157.498755388], [350204.5731638175, 6874184.064309053], [350273.3767809607, 6874246.713592056], [350331.9374835007, 6874375.436335997], [350471.9207856185, 6874539.16127472], [350475.1239470376, 6874619.888538543], [350482.1575445843, 6874676.206388723], [350523.81754384347, 6874703.316209635], [350562.5653741675, 6874708.4139365675], [350620.445694941, 6874752.028892292], [350649.53567581973, 6874814.996072088], [350655.4366747404, 6874895.125448255], [350690.724837825, 6874976.411119217], [350702.31217863597, 6875039.845115584], [350765.0911840347, 6875158.478260905], [350788.4405238812, 6875175.471931906], [350823.5737406163, 6875138.755921771], [350859.39547319856, 6875120.65483774], [350921.8002366614, 6875124.618798388], [350966.1202707583, 6875149.543934008], [351002.6305375028, 6875179.8010081835], [351030.4848214614, 6875189.747256465], [351155.87312162295, 6875171.128259586], [351227.3858346315, 6875224.407918368], [351257.5147269397, 6875265.111928695], [351279.784098116, 6875272.804512903], [351308.9868803653, 6875293.438733254], [351313.503793648, 6875325.377593918], [351374.34959458787, 6875337.154418316], [351385.9838108337, 6875366.5780748585], [351386.311232266, 6875419.630685062], [351430.3592523989, 6875431.939490598], [351463.1320048751, 6875463.012654672], [351474.3001628147, 6875541.511577664], [351501.50153687096, 6875570.808350874], [351560.71542101796, 6875595.485085292], [351660.5517669745, 6875599.591333569], [351694.06823114865, 6875648.215518894], [351710.46482943295, 6875699.540399032], [351740.406078227, 6875734.278668482], [351795.6338165173, 6875765.475889178], [351899.13601940754, 6875755.108683981], [351937.11673296645, 6875717.32791526], [352075.08833981724, 6875691.763521111], [352157.38413170574, 6875731.629523402], [352247.2309926809, 6875734.132572982], [352321.27495990356, 6875673.649396688], [352411.9122903723, 6875633.817763055], [352496.77205222304, 6875692.496757582], [352551.8681964339, 6875731.257549933], [352597.69780579756, 6875803.425285361], [352797.4027447514, 6875964.525070967], [352889.288246555, 6875948.353594818], [352984.62183021806, 6875976.3070760835], [353059.9690956933, 6875974.490966829], [353138.93814149534, 6875951.209597964], [353207.97788699856, 6875951.508761115], [353290.1469353455, 6875905.094157378], [353546.60573101556, 6875897.664371114], [353656.5931523355, 6875896.105269907], [353791.20190637105, 6875840.514839594], [354006.86239060224, 6875739.531537541], [354071.34500087576, 6875686.455963178], [354265.3602137517, 6875651.880501863], [354386.2981870913, 6875600.603956105], [354679.9066608447, 6875511.900716685], [354776.0892209483, 6875645.380362889]], [[346555.0534608912, 6869976.507672297], [346488.95725897315, 6869893.810354262], [346436.05342831113, 6869912.009045193], [346329.25589392777, 6869904.407904511], [346266.7575234012, 6869824.304763551], [346224.55149627675, 6869733.205060564], [346228.5550828442, 6869327.1072733], [346294.0533674088, 6869330.716421937], [346305.9469965949, 6868955.21896551], [346794.25058040296, 6868989.513886123], [346822.05328996514, 6869211.515826462], [347105.85375428235, 6869204.3203723915], [347099.85599617905, 6869456.3165816665], [346992.5524807647, 6869452.515830219], [346867.14758145245, 6869505.907758057], [346803.950050093, 6869557.210234981], [346712.3576300796, 6869697.710909502], [346651.05770118756, 6869781.906776487], [346620.85429556505, 6869868.311176943], [346555.0534608912, 6869976.507672297]]]}, "properties": {"id": "431410035000002", "CD_SETOR": "431410035000002", "bairro_seplan": "Área Rural", "populacao_universo_15m": 218, "alfabetizados": 208, "nao_alfabetizados": 10, "taxa_alfabetizacao": 95.41, "taxa_analfabetismo": 4.59, "homens_universo_15m": 125, "homens_alfabetizados": 118, "homens_nao_alfabetizados": 7, "taxa_alfabetizacao_homens": 94.4, "mulheres_universo_15m": 93, "mulheres_alfabetizadas": 90, "mulheres_nao_alfabetizadas": 3, "taxa_alfabetizacao_mulheres": 96.77, "classificacao_seplan": "95,0% a 97,5%", "fonte": "IBGE — Censo Demográfico 2022 (Agregados por Setores)", "natureza": "Dados estatísticos oficiais agregados por setor censitário"}}, {"type": "Feature", "geometry": {"type": "Polygon", "coordinates": [[[364222.6106751295, 6866482.623841451], [364133.411409894, 6866314.771616288], [364028.21256332233, 6866371.374763517], [363959.911347097, 6866385.372451166], [363817.9132349385, 6866370.065354093], [363712.8120872049, 6866402.664811335], [363682.1196043246, 6866418.866874217], [363655.22706860176, 6866417.593079414], [363365.22087968886, 6866403.86599873], [363359.120767163, 6866437.072801599], [363350.0130028346, 6866503.1674946025], [363346.01919136907, 6866567.969292898], [363351.1181065623, 6866598.5682747895], [363430.0200431206, 6866628.068577845], [363487.3195509687, 6866632.06493496], [363591.92041668645, 6866600.569718635], [363661.93329771917, 6866610.097235515], [363717.3334609404, 6866658.118788217], [363836.4206929873, 6867245.368146801], [363938.46646223776, 6867250.552579723], [364238.217998496, 6867264.564638977], [364264.6193382813, 6867091.567338331], [364127.81753694965, 6867051.66814841], [364098.11709706404, 6866994.1700451095], [364076.9147574917, 6866902.871769791], [364076.9198442991, 6866806.763860321], [364013.51505595184, 6866691.3665861655], [363958.1649008589, 6866626.082411446], [364061.3457145353, 6866617.349925822], [364151.4199563684, 6866574.069849584], [364243.5166141492, 6866521.969451238], [364222.6106751295, 6866482.623841451]]]}, "properties": {"id": "431410040000001", "CD_SETOR": "431410040000001", "bairro_seplan": "Área Rural", "populacao_universo_15m": 0, "alfabetizados": 0, "nao_alfabetizados": 0, "taxa_alfabetizacao": null, "taxa_analfabetismo": null, "homens_universo_15m": 0, "homens_alfabetizados": 0, "homens_nao_alfabetizados": 0, "taxa_alfabetizacao_homens": null, "mulheres_universo_15m": 0, "mulheres_alfabetizadas": 0, "mulheres_nao_alfabetizadas": 0, "taxa_alfabetizacao_mulheres": null, "classificacao_seplan": "Sem moradores de 15 anos ou mais", "fonte": "IBGE — Censo Demográfico 2022 (Agregados por Setores)", "natureza": "Dados estatísticos oficiais agregados por setor censitário"}}, {"type": "Feature", "geometry": {"type": "Polygon", "coordinates": [[[365627.36915445945, 6865032.185657917], [365845.74700969656, 6864583.425092166], [365934.71729773114, 6864469.488163993], [365919.15692284866, 6864332.946141025], [366020.7586500817, 6864147.467358189], [366052.15062313137, 6864095.519515697], [366158.68267082784, 6863599.677000061], [366207.55103579536, 6863495.833735839], [366373.792151684, 6863277.496364372], [366383.47646393965, 6863211.672500828], [366319.1938527054, 6863029.102802582], [366336.1154458121, 6862829.532696698], [366354.1592684279, 6862527.207807578], [366414.69208291615, 6862389.0773985665], [366561.92895596975, 6862318.258232866], [366600.772605789, 6862260.320780672], [366503.5275153511, 6862144.642763358], [366516.2277799436, 6861958.355423959], [366465.3986377622, 6861783.65048136], [366585.17664221546, 6861678.656743636], [366598.6713805349, 6861509.565268068], [366651.41165556386, 6861428.126165817], [366606.9743793823, 6861163.093003428], [366699.30159553676, 6861041.59870072], [366694.19953470584, 6860831.89497559], [366655.0177150093, 6860745.694917675], [366576.2207620844, 6860633.5049667], [366506.0553483837, 6860333.551260673], [366541.0473285781, 6860215.277448824], [366638.9464078174, 6859948.726508489], [366578.257707941, 6859988.210559392], [366371.6930946578, 6859905.280720597], [366166.8412208961, 6859994.868964143], [366011.46602236375, 6859900.7111666575], [365875.64735961123, 6860041.009929992], [365669.1916541022, 6859978.081704628], [365646.7235984047, 6860201.679666866], [365483.54130364326, 6860284.505513946], [365443.6760777539, 6860250.6190450685], [365394.21290147887, 6860321.075564442], [365367.961636182, 6860424.68587926], [365344.6813693213, 6860465.388121585], [365367.81360237417, 6860475.503121074], [365394.27075520984, 6860456.168580793], [365436.22078967403, 6860463.683238169], [365476.2944179382, 6860485.3604534585], [365481.5949232358, 6860546.611832288], [365449.5883516509, 6860559.245646079], [365407.57288071804, 6860583.245570036], [365385.3702538173, 6860611.936944602], [365392.7628711108, 6860697.701921015], [365359.9014159767, 6860717.362407968], [365310.5374210353, 6860711.015176697], [365289.2431512828, 6860744.237925286], [365288.0883022032, 6860776.748423506], [365306.06955789105, 6860810.596353296], [365218.7131729791, 6860810.519676654], [365031.8938341647, 6860677.59361875], [364883.83032673114, 6860627.0099712275], [364794.20346565254, 6860631.879639413], [364637.2590361058, 6860708.959130779], [364438.1097277541, 6860874.779443672], [364065.280999713, 6861044.317423744], [364001.9461253182, 6861113.999529059], [364004.48902156367, 6861209.838354159], [363988.2175504345, 6861283.142702378], [363819.20102169726, 6861480.28378399], [363768.4085293779, 6861582.289661666], [363679.74532544153, 6861826.631008571], [363672.763724337, 6861903.322255822], [363653.1220891973, 6861986.427611789], [363545.06014845916, 6862023.178409012], [363476.40993019985, 6862086.4359430075], [363382.9163911861, 6862133.038745789], [363318.9288570612, 6862200.68215428], [363322.9683162445, 6862295.541235956], [363340.63840374036, 6862377.2491636295], [363412.1270707747, 6862437.560380077], [363475.39028550684, 6862540.461585537], [363460.17493087694, 6862676.387310552], [363387.93676174164, 6862791.896072442], [363319.81368928973, 6863001.588337323], [363332.84918944596, 6863096.784004651], [363293.01791243197, 6863159.631404651], [363172.9267306446, 6863208.130576228], [363138.00199811003, 6863254.356806986], [363110.6978420557, 6863326.512962642], [363119.61445403635, 6863446.295114542], [363124.51849203237, 6863556.19052002], [363182.15209489205, 6863703.718974832], [363158.2066512581, 6863865.972413734], [363008.6439451263, 6864079.817976267], [362886.8612505337, 6864278.403511466], [362873.1510058391, 6864369.244856494], [362898.7351728382, 6864468.6200173395], [363005.0791469742, 6864578.914963186], [363077.7272756372, 6864707.845574664], [363267.1547771886, 6864748.921028642], [363411.06079256017, 6864742.471895622], [363538.22187630396, 6864905.904278252], [363716.8684932618, 6865073.81778634], [363728.55376055907, 6865287.666817386], [363691.0324581207, 6865381.115613684], [363591.6035890949, 6865530.520731673], [363522.75936836784, 6865609.811705661], [363478.53658411064, 6865822.428810585], [363457.74203085515, 6866091.6313640885], [363543.30331218144, 6866267.88024704], [363655.22706860176, 6866417.593079414], [363682.1196043246, 6866418.866874217], [363712.8120872049, 6866402.664811335], [363817.9132349385, 6866370.065354093], [363959.911347097, 6866385.372451166], [364028.21256332233, 6866371.374763517], [364133.411409894, 6866314.771616288], [364222.6106751295, 6866482.623841451], [364278.15849767515, 6866440.066013211], [364397.4745002546, 6866283.525247261], [364423.7353522519, 6866178.975029523], [364491.97429429844, 6866057.1975632105], [364578.6708271628, 6865891.261546109], [364607.280354538, 6865869.193621388], [364778.19049281045, 6865807.973320772], [364815.1556745715, 6865768.5473981295], [364868.33796097356, 6865717.139332468], [364887.9598836893, 6865691.222675876], [365028.37562853075, 6865603.8868270945], [365077.02639309375, 6865543.871481323], [365090.496167589, 6865413.354885688], [365118.31931065826, 6865318.1627242025], [365208.2048121, 6865231.700518319], [365323.23759444396, 6865157.336569415], [365488.19727938814, 6865090.453990182], [365627.36915445945, 6865032.185657917]]]}, "properties": {"id": "431410040000002", "CD_SETOR": "431410040000002", "bairro_seplan": "Área Rural", "populacao_universo_15m": 121, "alfabetizados": 118, "nao_alfabetizados": 3, "taxa_alfabetizacao": 97.52, "taxa_analfabetismo": 2.48, "homens_universo_15m": 63, "homens_alfabetizados": 60, "homens_nao_alfabetizados": 3, "taxa_alfabetizacao_homens": 95.24, "mulheres_universo_15m": 58, "mulheres_alfabetizadas": 58, "mulheres_nao_alfabetizadas": 0, "taxa_alfabetizacao_mulheres": 100.0, "classificacao_seplan": "97,5% a 99,0%", "fonte": "IBGE — Censo Demográfico 2022 (Agregados por Setores)", "natureza": "Dados estatísticos oficiais agregados por setor censitário"}}, {"type": "Feature", "geometry": {"type": "Polygon", "coordinates": [[[369171.27174162405, 6868817.906569957], [369169.6190972029, 6868769.5086094625], [369219.9087703307, 6868681.836801337], [369403.3193209357, 6868302.673299753], [369449.7608559929, 6868180.318974833], [369581.93827246106, 6867858.907697132], [369664.3898143815, 6867622.183112132], [369946.8235570872, 6867293.932973289], [369939.29043509666, 6867197.689287952], [369880.69400851114, 6867049.091894308], [369746.65073911496, 6866928.275493329], [369739.75597721065, 6866807.172759216], [369716.15694003564, 6866697.244220364], [369710.76646678697, 6866601.666481065], [369779.67877427675, 6866211.4419031255], [369760.4115918609, 6866150.81615294], [369642.2566832269, 6866021.817591343], [369548.5797319277, 6865903.326420331], [369489.45617010246, 6865815.189732078], [369482.86343610764, 6865741.738337489], [369580.7167529932, 6865441.069206631], [369660.34514333453, 6865287.5876330985], [369697.483210153, 6865144.408493632], [369955.6599493334, 6864842.420770239], [370056.0348679082, 6864713.942093944], [370131.3535842959, 6864626.985252715], [370154.37537200144, 6864533.027027936], [370157.4391544119, 6864459.338533562], [370059.9093621437, 6864314.834544372], [370040.7900962671, 6864214.185905723], [370151.85796529375, 6863965.772093722], [370258.90149235015, 6863914.88818334], [370366.7990752237, 6863905.843613907], [370481.5646814696, 6863912.3756490555], [370524.2137664249, 6863874.380416431], [370603.91997970955, 6863734.180280537], [370690.77411687153, 6863685.121693354], [370792.2956307208, 6863569.437472306], [370813.9229122078, 6863447.261747727], [370813.6748013031, 6863315.649739467], [370869.12724364497, 6863154.32853134], [370864.3810309536, 6863031.532187989], [371015.08892565453, 6862898.399004171], [371198.7079289881, 6862824.828540752], [371249.58845393464, 6862783.806861001], [371276.5535796662, 6862692.117054861], [371273.21784635674, 6862548.371076252], [371174.05645183707, 6862316.517410334], [371193.27634035575, 6862139.519183358], [371216.3654729609, 6861930.328374071], [371295.4508510732, 6861753.483605152], [371355.1351591421, 6861528.191460118], [371400.7499522787, 6861441.82387168], [371518.8213521227, 6861415.250728992], [371612.7323240546, 6861259.674659274], [371771.790945933, 6861210.40729068], [371848.82996094, 6861234.590896814], [371931.3341691864, 6861277.238776773], [372090.36852806446, 6861347.774641464], [372156.2207589429, 6861226.596476274], [372185.68420343584, 6861102.364904947], [372230.59812346275, 6861078.2731157765], [372523.88768545334, 6861044.1762453765], [372684.0401312615, 6860870.003967307], [372996.5822168146, 6861066.432005673], [373120.02271228074, 6860920.636619434], [373050.7922824961, 6860809.149706112], [373122.27582509886, 6860665.255836615], [373370.7889487322, 6860585.757471254], [373277.0907943775, 6860464.756896225], [373459.20707593625, 6860082.887565237], [373152.6136158741, 6859953.086827498], [373193.6738447046, 6859850.131322311], [373084.55448113254, 6859722.236956395], [373068.88022832666, 6859451.914225036], [372936.2194591947, 6859389.430975683], [373115.0138604519, 6858992.671293402], [372327.9014134541, 6858941.887959663], [372241.2244762901, 6858755.664298825], [372094.3271900792, 6858670.633151006], [372123.2740522611, 6858448.096099199], [372020.74914368667, 6858243.891384622], [371853.77957818453, 6858378.409609787], [371656.6845149423, 6858329.106810015], [371594.518799574, 6858459.929532938], [371470.196462186, 6858488.229165856], [371468.7293504907, 6858330.529595169], [371241.20905729657, 6858422.438026703], [371006.37060156325, 6858374.895406611], [370807.1987572589, 6858127.990616822], [370610.2459358357, 6858096.789098376], [370197.12584384414, 6858336.557628682], [370266.4932680969, 6858551.2303742785], [370068.2089075195, 6858533.60201768], [369757.71633216686, 6858266.525974535], [369635.6969788954, 6858343.267553922], [369586.3372424354, 6858269.054676412], [369142.97037579556, 6858265.6093863435], [369089.77169694245, 6858068.727344235], [368922.66233257577, 6858031.977589957], [368941.02981210995, 6858258.282148708], [368769.66643933824, 6858392.388335789], [368814.6650178436, 6858489.18414969], [368554.473898505, 6858423.026550675], [368333.3008163468, 6858774.4394777175], [368360.87906215084, 6859012.283741475], [368143.4943642642, 6859074.859897908], [368065.4782636602, 6859255.675761774], [367899.67088160285, 6859235.249452473], [367884.64229034015, 6859039.619618392], [367694.5661076323, 6859001.587569384], [367597.70925778546, 6859252.233981259], [367331.3938591506, 6859143.119057285], [367235.189888798, 6859323.59268336], [367061.29530217, 6859250.272527179], [366984.3210362121, 6859429.221087407], [367019.0394221203, 6859545.167531061], [366764.9975659341, 6859674.314610634], [366721.4922092516, 6859895.094319347], [366638.9464078174, 6859948.726508489], [366541.0473285781, 6860215.277448824], [366506.0553483837, 6860333.551260673], [366576.2207620844, 6860633.5049667], [366655.0177150093, 6860745.694917675], [366694.19953470584, 6860831.89497559], [366699.30159553676, 6861041.59870072], [366606.9743793823, 6861163.093003428], [366651.41165556386, 6861428.126165817], [366598.6713805349, 6861509.565268068], [366585.17664221546, 6861678.656743636], [366465.3986377622, 6861783.65048136], [366516.2277799436, 6861958.355423959], [366503.5275153511, 6862144.642763358], [366600.772605789, 6862260.320780672], [366561.92895596975, 6862318.258232866], [366414.69208291615, 6862389.0773985665], [366354.1592684279, 6862527.207807578], [366336.1154458121, 6862829.532696698], [366319.1938527054, 6863029.102802582], [366383.47646393965, 6863211.672500828], [366373.792151684, 6863277.496364372], [366207.55103579536, 6863495.833735839], [366158.68267082784, 6863599.677000061], [366052.15062313137, 6864095.519515697], [366020.7586500817, 6864147.467358189], [365919.15692284866, 6864332.946141025], [365934.71729773114, 6864469.488163993], [365845.74700969656, 6864583.425092166], [365627.36915445945, 6865032.185657917], [365730.08777353854, 6865092.148853999], [365801.77099534497, 6865194.876184491], [365776.7993282792, 6865353.830151076], [365826.3492581974, 6865406.906029723], [365906.2507211139, 6865508.008137576], [365992.36051405966, 6865545.872967638], [366282.32315087214, 6865678.647958145], [366411.373708384, 6865778.018839673], [366581.49969353864, 6865940.958632901], [366703.9519867855, 6866027.674511164], [366780.4916084, 6866081.7702039005], [366939.5699467065, 6866219.093306905], [367040.82760734647, 6866282.274541875], [367139.62535540527, 6866424.9344611], [367151.7368163927, 6866493.828889439], [367107.00568188395, 6866794.966606909], [367192.7342005032, 6867015.711835044], [367265.24359874567, 6867091.566348491], [367444.8248234967, 6867262.354690976], [367509.3201534402, 6867315.024774403], [367583.06149245764, 6867349.458633441], [367617.0105329647, 6867379.347210876], [367643.031333913, 6867430.721982898], [367650.0710855599, 6867477.3413079], [367611.45603539207, 6867643.746800154], [367591.76580614445, 6867724.307923639], [367591.5241097583, 6867783.644531839], [367610.795569228, 6867869.5168860415], [367632.9925024794, 6867958.657560352], [367652.7995485279, 6868000.167070367], [367677.7082088735, 6868025.7102681305], [367851.12986005156, 6868105.225091627], [367926.1801901802, 6868144.170008155], [367971.8398104005, 6868161.943355212], [368024.87524402846, 6868191.0903180195], [368078.08404158306, 6868234.63327528], [368122.88159361447, 6868274.392335612], [368177.4812661704, 6868355.171596066], [368204.17150875635, 6868409.389042931], [368236.71206968883, 6868496.670890812], [368238.3662135957, 6868519.893033257], [368236.22028703894, 6868550.585869265], [368228.3876172999, 6868585.548147917], [368205.95724293264, 6868644.693130927], [368186.87140791735, 6868687.05423719], [368162.7723012021, 6868724.262242956], [368136.40966723405, 6868751.58286661], [368101.5107671543, 6868774.819224751], [368031.5289528528, 6868819.283928245], [368008.9287169735, 6868842.49079621], [367996.27659794653, 6868874.207912631], [367990.01759597403, 6868899.890580352], [367970.73460335715, 6868987.127510263], [367985.04535836616, 6869044.2325641755], [368027.0718469238, 6869103.219820555], [368032.54966548947, 6869105.408393235], [368066.8590617614, 6869200.400546515], [368078.9419115328, 6869226.874746239], [368112.1304077952, 6869273.718130786], [368144.77707215806, 6869309.341350616], [368172.5588035523, 6869348.522774102], [368251.6397179092, 6869287.7583542345], [368357.31723922514, 6869220.961663002], [368400.10423644236, 6869201.092121071], [368572.77656043164, 6869142.3287602], [368814.3113406109, 6869092.957681067], [368936.1511784885, 6869028.42930004], [369061.857437644, 6868914.764898209], [369140.55772840534, 6868840.704538413], [369171.27174162405, 6868817.906569957]]]}, "properties": {"id": "431410040000003", "CD_SETOR": "431410040000003", "bairro_seplan": "Área Rural", "populacao_universo_15m": 380, "alfabetizados": 361, "nao_alfabetizados": 19, "taxa_alfabetizacao": 95.0, "taxa_analfabetismo": 5.0, "homens_universo_15m": 207, "homens_alfabetizados": 198, "homens_nao_alfabetizados": 9, "taxa_alfabetizacao_homens": 95.65, "mulheres_universo_15m": 173, "mulheres_alfabetizadas": 163, "mulheres_nao_alfabetizadas": 10, "taxa_alfabetizacao_mulheres": 94.22, "classificacao_seplan": "95,0% a 97,5%", "fonte": "IBGE — Censo Demográfico 2022 (Agregados por Setores)", "natureza": "Dados estatísticos oficiais agregados por setor censitário"}}, {"type": "Feature", "geometry": {"type": "Polygon", "coordinates": [[[367990.01759597403, 6868899.890580352], [367902.14787928096, 6868867.59613471], [367709.2266413608, 6868666.006324647], [367623.19623255386, 6868675.583487332], [367552.5795988959, 6868557.390067227], [367521.9978606729, 6868373.423280705], [367578.6164696658, 6868373.302814651], [367588.52777320927, 6868275.379155133], [367681.5638780408, 6868224.858436769], [367699.76424841135, 6868221.493618067], [367864.965071245, 6868217.098935656], [367874.1611300476, 6868212.093134843], [367926.1801901802, 6868144.170008155], [367851.12986005156, 6868105.225091627], [367677.7082088735, 6868025.7102681305], [367652.7995485279, 6868000.167070367], [367632.9925024794, 6867958.657560352], [367610.795569228, 6867869.5168860415], [367591.5241097583, 6867783.644531839], [367591.76580614445, 6867724.307923639], [367611.45603539207, 6867643.746800154], [367650.0710855599, 6867477.3413079], [367643.031333913, 6867430.721982898], [367617.0105329647, 6867379.347210876], [367583.06149245764, 6867349.458633441], [367509.3201534402, 6867315.024774403], [367444.8248234967, 6867262.354690976], [367265.24359874567, 6867091.566348491], [367192.7342005032, 6867015.711835044], [367107.00568188395, 6866794.966606909], [367151.7368163927, 6866493.828889439], [367139.62535540527, 6866424.9344611], [367040.82760734647, 6866282.274541875], [366939.5699467065, 6866219.093306905], [366780.4916084, 6866081.7702039005], [366703.9519867855, 6866027.674511164], [366581.49969353864, 6865940.958632901], [366411.373708384, 6865778.018839673], [366282.32315087214, 6865678.647958145], [365992.36051405966, 6865545.872967638], [365906.2507211139, 6865508.008137576], [365826.3492581974, 6865406.906029723], [365776.7993282792, 6865353.830151076], [365801.77099534497, 6865194.876184491], [365730.08777353854, 6865092.148853999], [365627.36915445945, 6865032.185657917], [365488.19727938814, 6865090.453990182], [365323.23759444396, 6865157.336569415], [365208.2048121, 6865231.700518319], [365118.31931065826, 6865318.1627242025], [365090.496167589, 6865413.354885688], [365077.02639309375, 6865543.871481323], [365028.37562853075, 6865603.8868270945], [364887.9598836893, 6865691.222675876], [364868.33796097356, 6865717.139332468], [364815.1556745715, 6865768.5473981295], [364778.19049281045, 6865807.973320772], [364607.280354538, 6865869.193621388], [364578.6708271628, 6865891.261546109], [364491.97429429844, 6866057.1975632105], [364423.7353522519, 6866178.975029523], [364397.4745002546, 6866283.525247261], [364278.15849767515, 6866440.066013211], [364222.6106751295, 6866482.623841451], [364243.5166141492, 6866521.969451238], [364151.4199563684, 6866574.069849584], [364061.3457145353, 6866617.349925822], [363958.1649008589, 6866626.082411446], [364013.51505595184, 6866691.3665861655], [364076.9198442991, 6866806.763860321], [364076.9147574917, 6866902.871769791], [364098.11709706404, 6866994.1700451095], [364127.81753694965, 6867051.66814841], [364264.6193382813, 6867091.567338331], [364238.217998496, 6867264.564638977], [363938.46646223776, 6867250.552579723], [363928.50804993266, 6867318.388578529], [363940.6763717625, 6867393.637329139], [364000.28726268216, 6867575.8334149225], [364058.5045461387, 6867706.174881782], [364072.0904651482, 6867766.546440317], [364024.4971230901, 6868094.604068812], [364011.09407646704, 6868235.259849086], [364023.17355104303, 6868293.6305610165], [364033.46784869244, 6868431.499894468], [364085.953373789, 6868539.568217304], [364092.5982643046, 6868598.962414021], [364062.1651808129, 6868755.390864753], [364073.349105792, 6868841.465383296], [364095.6738232132, 6868924.221394792], [364131.1004589887, 6869007.138663716], [364128.6035892406, 6869098.297615452], [364133.9875532825, 6869135.991260927], [364173.7958556105, 6869217.506927002], [364229.9148610617, 6869271.705672944], [364299.28155256563, 6869567.781849584], [364344.3401262457, 6869621.87543083], [364428.9228709838, 6869589.754734805], [364628.21896509535, 6869541.757351235], [364817.42185619345, 6869525.455718412], [365119.5241767373, 6869574.951264272], [365283.3199349941, 6869608.949710386], [365321.0193282225, 6869629.158087069], [365364.5172201514, 6869631.957188677], [365395.02546352556, 6869632.458859481], [365428.9173680027, 6869621.751477823], [365487.7225632901, 6869605.852686631], [365553.5245885502, 6869593.955721939], [365598.9231224507, 6869589.151684588], [365618.7221073366, 6869586.05184613], [365680.2202686776, 6869571.357259965], [365743.82556973497, 6869565.451432691], [365801.7229129258, 6869562.9601194905], [365867.0161739183, 6869562.159001365], [365964.4170523612, 6869570.452643203], [366005.1235227351, 6869576.353794335], [366053.82537624426, 6869583.852206844], [366099.52514910355, 6869593.155968744], [366143.9179357247, 6869603.552903655], [366188.61899011064, 6869614.451800227], [366233.821440328, 6869627.860520522], [366271.52062391525, 6869638.657903621], [366301.5172224455, 6869648.8585415855], [366336.4233672605, 6869659.457986486], [366391.7182586093, 6869680.758857554], [366429.7170021921, 6869701.554276306], [366534.41676999145, 6869708.961355919], [367416.2813485305, 6869419.415063693], [367667.54641087796, 6869323.6130167805], [367863.85146859835, 6869204.222055545], [368027.0718469238, 6869103.219820555], [367985.04535836616, 6869044.2325641755], [367970.73460335715, 6868987.127510263], [367990.01759597403, 6868899.890580352]]]}, "properties": {"id": "431410040000006", "CD_SETOR": "431410040000006", "bairro_seplan": "Área Rural", "populacao_universo_15m": 232, "alfabetizados": 226, "nao_alfabetizados": 6, "taxa_alfabetizacao": 97.41, "taxa_analfabetismo": 2.59, "homens_universo_15m": 111, "homens_alfabetizados": 111, "homens_nao_alfabetizados": 0, "taxa_alfabetizacao_homens": 100.0, "mulheres_universo_15m": 119, "mulheres_alfabetizadas": 115, "mulheres_nao_alfabetizadas": 4, "taxa_alfabetizacao_mulheres": 96.64, "classificacao_seplan": "95,0% a 97,5%", "fonte": "IBGE — Censo Demográfico 2022 (Agregados por Setores)", "natureza": "Dados estatísticos oficiais agregados por setor censitário"}}, {"type": "Feature", "geometry": {"type": "Polygon", "coordinates": [[[367926.1801901802, 6868144.170008155], [367874.1611300476, 6868212.093134843], [367864.965071245, 6868217.098935656], [367699.76424841135, 6868221.493618067], [367681.5638780408, 6868224.858436769], [367588.52777320927, 6868275.379155133], [367578.6164696658, 6868373.302814651], [367521.9978606729, 6868373.423280705], [367552.5795988959, 6868557.390067227], [367623.19623255386, 6868675.583487332], [367709.2266413608, 6868666.006324647], [367902.14787928096, 6868867.59613471], [367990.01759597403, 6868899.890580352], [367996.27659794653, 6868874.207912631], [368008.9287169735, 6868842.49079621], [368031.5289528528, 6868819.283928245], [368101.5107671543, 6868774.819224751], [368136.40966723405, 6868751.58286661], [368162.7723012021, 6868724.262242956], [368186.87140791735, 6868687.05423719], [368205.95724293264, 6868644.693130927], [368228.3876172999, 6868585.548147917], [368236.22028703894, 6868550.585869265], [368238.3662135957, 6868519.893033257], [368236.71206968883, 6868496.670890812], [368204.17150875635, 6868409.389042931], [368177.4812661704, 6868355.171596066], [368122.88159361447, 6868274.392335612], [368078.08404158306, 6868234.63327528], [368024.87524402846, 6868191.0903180195], [367971.8398104005, 6868161.943355212], [367926.1801901802, 6868144.170008155]]]}, "properties": {"id": "431410040000007", "CD_SETOR": "431410040000007", "bairro_seplan": "Área Rural", "populacao_universo_15m": 375, "alfabetizados": 375, "nao_alfabetizados": 0, "taxa_alfabetizacao": 100.0, "taxa_analfabetismo": 0.0, "homens_universo_15m": 175, "homens_alfabetizados": 175, "homens_nao_alfabetizados": 0, "taxa_alfabetizacao_homens": 100.0, "mulheres_universo_15m": 200, "mulheres_alfabetizadas": 200, "mulheres_nao_alfabetizadas": 0, "taxa_alfabetizacao_mulheres": 100.0, "classificacao_seplan": "Maior que 99,0%", "fonte": "IBGE — Censo Demográfico 2022 (Agregados por Setores)", "natureza": "Dados estatísticos oficiais agregados por setor censitário"}}, {"type": "Feature", "geometry": {"type": "Polygon", "coordinates": [[[377512.6029486836, 6860011.106705358], [377585.8814727019, 6859867.871915369], [377490.7059265281, 6859765.927844526], [377464.5401176126, 6859765.057967791], [377426.51242835145, 6859746.6680693785], [377387.162346367, 6859754.658742644], [377354.15723228344, 6859771.635228679], [377328.3558388188, 6859796.055193739], [377300.57860066555, 6859812.565053297], [377296.14050102024, 6859811.510582173], [377291.7025172431, 6859810.445029763], [377281.5379160973, 6859803.125798211], [377271.3830108562, 6859795.817738835], [377195.4231510041, 6859717.861315138], [377143.88429532567, 6859672.913323497], [377102.8201165118, 6859641.2824348975], [377072.14295070246, 6859631.3671052465], [377045.4587747008, 6859645.4832137], [377020.6256907744, 6859686.035179381], [377015.7578946043, 6859745.998102905], [377034.3679429445, 6859792.997230845], [377002.33670866, 6859850.0067578275], [376961.41951514914, 6859881.360210398], [376906.71821228764, 6859887.848571649], [376884.9125257542, 6859882.324611971], [376838.18644769286, 6859873.005930126], [376675.00363635377, 6860343.810692951], [376670.22438815254, 6860357.578552606], [376654.6934868524, 6860402.393357234], [376940.0097012147, 6860475.466822256], [376963.47903630545, 6860462.514111152], [376970.26980646455, 6860457.886595702], [377072.0928986722, 6860388.340051852], [377133.77279869583, 6860329.223203895], [377155.8632300167, 6860294.271503323], [377179.2439472347, 6860247.377015449], [377255.0273953836, 6860165.380383089], [377333.62606071704, 6860107.557573881], [377355.7623374943, 6860098.291264656], [377378.3996607896, 6860087.01341607], [377394.50972775347, 6860069.174420906], [377411.54091714846, 6860064.553257909], [377440.25491721113, 6860058.856605057], [377462.68429673935, 6860045.881084333], [377493.63663282787, 6860029.403774029], [377512.6029486836, 6860011.106705358]]]}, "properties": {"id": "431410045000001", "CD_SETOR": "431410045000001", "bairro_seplan": "Área Rural", "populacao_universo_15m": 93, "alfabetizados": 87, "nao_alfabetizados": 6, "taxa_alfabetizacao": 93.55, "taxa_analfabetismo": 6.45, "homens_universo_15m": 41, "homens_alfabetizados": 41, "homens_nao_alfabetizados": 0, "taxa_alfabetizacao_homens": 100.0, "mulheres_universo_15m": 50, "mulheres_alfabetizadas": 46, "mulheres_nao_alfabetizadas": 4, "taxa_alfabetizacao_mulheres": 92.0, "classificacao_seplan": "92,0% a 95,0%", "fonte": "IBGE — Censo Demográfico 2022 (Agregados por Setores)", "natureza": "Dados estatísticos oficiais agregados por setor censitário"}}, {"type": "Feature", "geometry": {"type": "Polygon", "coordinates": [[[375368.8440289664, 6866005.917640163], [375535.8897295908, 6865964.006209261], [376372.14769424964, 6865758.203792103], [376682.146689092, 6865685.236044072], [376828.2460283963, 6865670.978667669], [376923.5518539743, 6865673.277799943], [377165.1401749379, 6865712.553741503], [377302.8910758197, 6865741.252378733], [377526.35999943, 6865773.208067648], [377671.43330317957, 6865756.669209585], [377809.8126952997, 6865712.291300296], [377949.23132928205, 6865621.228583186], [378070.5953281269, 6865503.772505719], [378205.0490871998, 6865283.111725718], [378420.6211698797, 6864873.072803921], [378545.1141365472, 6864641.60229773], [378600.0425457426, 6864550.983388463], [378657.65605686966, 6864473.766153952], [378705.6444088007, 6864411.597225612], [378758.3567197458, 6864354.285549883], [378881.00416469236, 6864255.938125171], [379019.74405118055, 6864165.488425863], [379253.8253819263, 6864027.189674845], [379440.33103091555, 6863910.640428256], [379922.7754125401, 6863606.455093507], [380258.91523054714, 6863402.667536996], [380450.71105815144, 6863281.513960812], [380552.5794692248, 6863225.068507928], [380656.06767717574, 6863178.965683121], [380742.5840376138, 6863154.5638842555], [380849.5212226946, 6863133.746874227], [381049.27921329107, 6863117.431149151], [381132.89841095125, 6862274.674221255], [380847.6476721859, 6862295.669428339], [380825.3710681406, 6862166.156353933], [380769.3523230935, 6861841.051394393], [380576.34387625067, 6861860.742793081], [380514.6745337952, 6861762.842603764], [380432.98196140316, 6861879.071972478], [380276.7781241172, 6861846.298430616], [380218.7711059897, 6861954.921291603], [380032.1963270059, 6861864.804593135], [379798.762158024, 6861937.780800351], [379751.19052609423, 6861884.408860475], [379816.6097700893, 6861839.543998176], [379675.3331769122, 6861757.860151927], [379441.13983365847, 6861684.24651134], [379225.6548711062, 6861807.656493342], [379218.76316165307, 6862076.303485958], [378973.1015797284, 6862238.748284993], [378974.8071995329, 6862057.840382134], [378833.2914568425, 6861868.772009618], [378558.37127762736, 6861985.39981357], [378569.30302350153, 6861875.403212067], [378325.62578315433, 6861829.34944341], [378306.92829335644, 6861592.05172629], [377971.0517510211, 6861581.79513802], [377890.108583152, 6861378.436241887], [377568.8876223244, 6861426.127685059], [377418.4756151893, 6861321.816197695], [377336.21524405293, 6860652.7476926055], [377390.64921572123, 6860573.187807459], [377455.4119850857, 6860478.509889559], [377516.70077232993, 6860388.914940257], [377371.2119374783, 6860287.511975717], [377512.6029486836, 6860011.106705358], [377493.63663282787, 6860029.403774029], [377462.68429673935, 6860045.881084333], [377440.25491721113, 6860058.856605057], [377411.54091714846, 6860064.553257909], [377394.50972775347, 6860069.174420906], [377378.3996607896, 6860087.01341607], [377355.7623374943, 6860098.291264656], [377333.62606071704, 6860107.557573881], [377255.0273953836, 6860165.380383089], [377179.2439472347, 6860247.377015449], [377155.8632300167, 6860294.271503323], [377133.77279869583, 6860329.223203895], [377072.0928986722, 6860388.340051852], [376970.26980646455, 6860457.886595702], [376963.47903630545, 6860462.514111152], [376940.0097012147, 6860475.466822256], [376654.6934868524, 6860402.393357234], [376670.22438815254, 6860357.578552606], [376675.00363635377, 6860343.810692951], [376838.18644769286, 6859873.005930126], [376884.9125257542, 6859882.324611971], [376906.71821228764, 6859887.848571649], [376961.41951514914, 6859881.360210398], [377002.33670866, 6859850.0067578275], [377034.3679429445, 6859792.997230845], [377015.7578946043, 6859745.998102905], [377020.6256907744, 6859686.035179381], [377045.4587747008, 6859645.4832137], [377072.14295070246, 6859631.3671052465], [377102.8201165118, 6859641.2824348975], [377143.88429532567, 6859672.913323497], [377195.4231510041, 6859717.861315138], [377271.3830108562, 6859795.817738835], [377281.5379160973, 6859803.125798211], [377291.7025172431, 6859810.445029763], [377296.14050102024, 6859811.510582173], [377300.57860066555, 6859812.565053297], [377328.3558388188, 6859796.055193739], [377354.15723228344, 6859771.635228679], [377387.162346367, 6859754.658742644], [377426.51242835145, 6859746.6680693785], [377464.5401176126, 6859765.057967791], [377490.7059265281, 6859765.927844526], [377408.694145122, 6859678.01490893], [377344.5932576478, 6859609.335298832], [377448.9353948404, 6859270.726168973], [375445.1307617312, 6859527.962014653], [375533.1152776397, 6859633.526545464], [375652.3411993727, 6859612.698645841], [375702.9476458701, 6859773.615882572], [375652.3519223164, 6859845.241719424], [375774.2397279194, 6860119.302024407], [375996.8936389, 6860359.3815324465], [375962.06562586536, 6860922.875126949], [376155.69977354945, 6861211.523255989], [376023.44006694754, 6861490.458653116], [376425.2701295451, 6861370.1864930075], [376616.0452738043, 6861416.326245539], [376652.8441264048, 6861621.383772706], [376519.661346628, 6861897.500076659], [376299.41588014504, 6862071.370213817], [376281.37736771523, 6862346.0516245905], [376095.4843858463, 6862509.784412468], [375877.7036470556, 6863067.124432053], [375627.0971982842, 6863263.435506862], [375409.5967448191, 6864147.300204442], [374968.7266839749, 6864332.994064257], [374848.8646513902, 6864677.126784665], [374498.93236677395, 6864785.601820692], [374334.627399402, 6865026.561258683], [373993.3272541616, 6864594.678140268], [373717.8537896765, 6864560.337302916], [373511.1730969917, 6864357.454209494], [373100.03391096805, 6864333.137940882], [372887.42063640576, 6864497.511856129], [372636.0213111994, 6864528.549008995], [372416.3848444383, 6864440.515383334], [372188.2633844053, 6864504.726648349], [372108.449010052, 6864384.2673003655], [371953.4663937121, 6864346.721484459], [371881.7966006767, 6864172.48403605], [372030.69796402176, 6864064.206235502], [371982.48615767434, 6863948.132221096], [372273.2968929363, 6863796.198769741], [372306.1651402946, 6863664.745840903], [372238.226204839, 6863581.580777226], [372060.4076707164, 6863682.234612675], [371711.3843126703, 6863673.355985666], [371802.389820979, 6863452.468598451], [371772.4682444802, 6863163.495706943], [371675.85817272344, 6863111.497115619], [371629.5888506115, 6862896.6995268725], [371895.4197250747, 6862707.959787879], [371881.95871114393, 6862597.84620706], [371742.36495366355, 6862456.002643717], [371662.42675413715, 6862099.601046825], [371834.52019557, 6861755.0544934105], [372423.25212514045, 6861704.01489999], [372506.32227981463, 6861609.304873329], [372488.88915430644, 6861425.516086941], [372196.01979765476, 6861354.64686203], [372271.37161150365, 6861192.360670555], [372230.59812346275, 6861078.2731157765], [372185.68420343584, 6861102.364904947], [372156.2207589429, 6861226.596476274], [372090.36852806446, 6861347.774641464], [371931.3341691864, 6861277.238776773], [371848.82996094, 6861234.590896814], [371771.790945933, 6861210.40729068], [371612.7323240546, 6861259.674659274], [371518.8213521227, 6861415.250728992], [371400.7499522787, 6861441.82387168], [371355.1351591421, 6861528.191460118], [371295.4508510732, 6861753.483605152], [371216.3654729609, 6861930.328374071], [371193.27634035575, 6862139.519183358], [371174.05645183707, 6862316.517410334], [371273.21784635674, 6862548.371076252], [371276.5535796662, 6862692.117054861], [371249.58845393464, 6862783.806861001], [371198.7079289881, 6862824.828540752], [371015.08892565453, 6862898.399004171], [370864.3810309536, 6863031.532187989], [370869.12724364497, 6863154.32853134], [370813.6748013031, 6863315.649739467], [370813.9229122078, 6863447.261747727], [370792.2956307208, 6863569.437472306], [370690.77411687153, 6863685.121693354], [370603.91997970955, 6863734.180280537], [370524.2137664249, 6863874.380416431], [370481.5646814696, 6863912.3756490555], [370366.7990752237, 6863905.843613907], [370258.90149235015, 6863914.88818334], [370151.85796529375, 6863965.772093722], [370040.7900962671, 6864214.185905723], [370059.9093621437, 6864314.834544372], [370157.4391544119, 6864459.338533562], [370154.37537200144, 6864533.027027936], [370131.3535842959, 6864626.985252715], [370056.0348679082, 6864713.942093944], [369955.6599493334, 6864842.420770239], [369697.483210153, 6865144.408493632], [369660.34514333453, 6865287.5876330985], [369580.7167529932, 6865441.069206631], [369482.86343610764, 6865741.738337489], [369489.45617010246, 6865815.189732078], [369548.5797319277, 6865903.326420331], [369642.2566832269, 6866021.817591343], [369760.4115918609, 6866150.81615294], [369779.67877427675, 6866211.4419031255], [369710.76646678697, 6866601.666481065], [369716.15694003564, 6866697.244220364], [369739.75597721065, 6866807.172759216], [369746.65073911496, 6866928.275493329], [369880.69400851114, 6867049.091894308], [369939.29043509666, 6867197.689287952], [369946.8235570872, 6867293.932973289], [369664.3898143815, 6867622.183112132], [369581.93827246106, 6867858.907697132], [369449.7608559929, 6868180.318974833], [369403.3193209357, 6868302.673299753], [369219.9087703307, 6868681.836801337], [369169.6190972029, 6868769.5086094625], [369171.27174162405, 6868817.906569957], [369317.7883825342, 6870573.678212734], [369529.12510518945, 6871024.530157331], [369741.2796703407, 6871051.484461243], [370042.6379718559, 6871038.468803952], [370356.1945675911, 6871066.135090062], [370501.8517346567, 6871140.838572662], [370650.5473636043, 6871254.600279578], [370761.5489144925, 6871319.636511833], [370903.391662915, 6871358.657032939], [371210.28605758504, 6871376.465451377], [371397.3198482542, 6871412.192053759], [371809.5878549295, 6871584.486065201], [371965.5887324097, 6871597.451456124], [372296.44746623025, 6871693.343992247], [372904.2008916991, 6871857.175082177], [373390.68230645155, 6871867.197893869], [373617.7536297906, 6871892.711790266], [373693.8465436638, 6871917.789167405], [373766.0711279923, 6871949.650622474], [373813.012732738, 6871850.866486451], [373802.7224972662, 6871786.300228439], [373772.70823785913, 6871736.183906119], [373764.46641195135, 6871680.116174271], [373756.44945029484, 6871586.342977595], [373743.97123612516, 6871520.955514435], [373683.6148382309, 6871465.529503677], [373636.6297886075, 6871387.962199085], [373604.3945622246, 6871315.383105246], [373559.6451168357, 6871257.330346257], [373512.8685195327, 6871242.227043576], [373440.77097815194, 6871254.0788328955], [373343.489420504, 6871295.623695593], [373285.1271257496, 6871316.408316298], [373244.87393351423, 6871274.680024641], [373228.1474242001, 6871231.696121283], [373184.4363850928, 6871159.292225763], [373149.2098445642, 6871096.15380482], [373124.5076661313, 6871052.38630267], [373086.56710469327, 6871033.009953985], [373000.5322362565, 6870990.746319233], [372980.5477076098, 6870940.690778978], [372973.2669947576, 6870885.973306342], [372985.2153518488, 6870854.753690675], [372976.45176875475, 6870833.163035481], [372971.9770008387, 6870786.642169466], [372952.46286678384, 6870773.2912414465], [372937.9254688315, 6870721.166438466], [372939.0041783735, 6870659.867846165], [372917.2372056738, 6870576.694631482], [372922.2886773817, 6870520.879290905], [372935.07632736966, 6870468.991909552], [372922.3601222701, 6870390.680423386], [372891.2377010335, 6870294.586296699], [372878.2844144196, 6870164.347429831], [372860.6936008936, 6870007.453699766], [372800.6024736911, 6869863.533827869], [372711.40722547396, 6869767.569152872], [372661.5496826868, 6869753.215782104], [372637.7923723223, 6869741.536160791], [372629.20509193745, 6869710.07400913], [372616.2325388543, 6869666.852261597], [372589.65867074905, 6869621.589453828], [372554.13647856686, 6869611.323399179], [372510.520124159, 6869595.828651209], [372441.48937819025, 6869603.296774738], [372412.122347018, 6869592.531409682], [372402.45439150033, 6869564.946799891], [372401.4790291524, 6869506.141270888], [372404.21312355343, 6869463.542648712], [372409.37753849674, 6869440.261965217], [372398.41376858676, 6869420.0875640465], [372398.01848593354, 6869392.126300095], [372406.9222278394, 6869373.16309162], [372416.8465326675, 6869340.481680417], [372402.768201611, 6869321.73641731], [372379.8579047545, 6869300.724172831], [372378.5484886796, 6869266.581016215], [372377.8386560865, 6869249.6196520515], [372360.75124008465, 6869243.463023709], [372345.723813495, 6869219.975928342], [372356.3676053005, 6869174.226889858], [372365.22944004944, 6869113.621370474], [372344.4041646004, 6869083.921927013], [372317.4593351219, 6869076.041213213], [372282.44121017464, 6869084.694723208], [372273.8192592696, 6869073.875504999], [372240.8062617382, 6868996.618346535], [372225.4712836514, 6868929.856936008], [372214.50029692275, 6868905.881495139], [372194.00702055916, 6868854.566534084], [372186.3409509763, 6868821.529308134], [372151.6244674889, 6868790.471786102], [372128.6965589584, 6868796.67342343], [372111.0076763933, 6868789.97801999], [372096.00061090174, 6868766.524004684], [372033.49977950926, 6868688.305060606], [372092.75501305045, 6868631.11381093], [372177.2047899165, 6868550.248368999], [372202.74957119534, 6868523.242833391], [372252.12267756375, 6868474.675974928], [372299.86151936656, 6868427.565066811], [372331.52246244537, 6868399.007397764], [372373.7387985559, 6868358.319009484], [372426.3741476265, 6868308.124497121], [372471.789002163, 6868266.328902947], [372548.3513110252, 6868194.351609248], [372624.1363056633, 6868120.703369231], [372686.86813154566, 6868062.516244573], [372762.5295500502, 6867988.345059091], [372816.2416712815, 6867936.199202538], [372872.4785558075, 6867883.592664018], [372939.15925823466, 6867819.983826639], [373019.4930231619, 6867742.359702205], [373076.82393935125, 6867687.237562576], [373120.1965616053, 6867647.068831507], [373195.32734283607, 6867574.32992262], [373221.4786903307, 6867547.960470708], [373250.701259857, 6867519.573881066], [373279.5286872528, 6867493.277276946], [373319.4861732019, 6867454.135087535], [373409.2321790414, 6867367.943987755], [373459.9538600241, 6867318.899347791], [373513.54744739685, 6867266.261750514], [373570.1229278957, 6867211.661218179], [373601.3638864204, 6867182.353510162], [373682.72219230566, 6867103.472956472], [373754.365183046, 6867034.394565191], [373794.3088174065, 6866996.259106366], [373827.71759850194, 6866964.015371915], [373867.12704653176, 6866924.433485507], [373898.5332050321, 6866896.046522176], [373939.3319637683, 6866856.711909091], [374011.2060688348, 6866785.905935079], [374042.4838787347, 6866754.769207776], [374064.5024489848, 6866733.096662635], [374122.6051782229, 6866678.244000539], [374138.7795246094, 6866663.013628103], [374200.6431335584, 6866604.820945], [374228.7560512455, 6866577.993812676], [374272.58999985346, 6866537.028263109], [374306.1510210754, 6866504.0535651455], [374332.7379648124, 6866478.683750242], [374362.58311950974, 6866451.187703024], [374421.1655427487, 6866397.07011125], [374438.53419154417, 6866380.101261642], [374450.56666622485, 6866366.100853177], [374471.3276551472, 6866346.375574905], [374491.94120340457, 6866329.45214523], [374529.53989498824, 6866299.334200002], [374570.6938071619, 6866272.356444672], [374602.1993668113, 6866249.996765434], [374623.8396515168, 6866237.006604377], [374638.21624830127, 6866228.460445521], [374699.9403224611, 6866195.040546874], [374795.74631924694, 6866155.14406337], [374939.4616991109, 6866118.7006472405], [375106.23995594995, 6866072.725660928], [375368.8440289664, 6866005.917640163]]]}, "properties": {"id": "431410045000002", "CD_SETOR": "431410045000002", "bairro_seplan": "Área Rural", "populacao_universo_15m": 240, "alfabetizados": 234, "nao_alfabetizados": 6, "taxa_alfabetizacao": 97.5, "taxa_analfabetismo": 2.5, "homens_universo_15m": 126, "homens_alfabetizados": 123, "homens_nao_alfabetizados": 3, "taxa_alfabetizacao_homens": 97.62, "mulheres_universo_15m": 114, "mulheres_alfabetizadas": 111, "mulheres_nao_alfabetizadas": 3, "taxa_alfabetizacao_mulheres": 97.37, "classificacao_seplan": "97,5% a 99,0%", "fonte": "IBGE — Censo Demográfico 2022 (Agregados por Setores)", "natureza": "Dados estatísticos oficiais agregados por setor censitário"}}, {"type": "Feature", "geometry": {"type": "Polygon", "coordinates": [[[360767.01807337365, 6864605.565171627], [360538.3197981706, 6864548.073203319], [360490.81080704194, 6864738.170033857], [360466.37823090365, 6864890.252351614], [360684.15861955116, 6864914.593995842], [360703.38173626625, 6864764.211993733], [360767.01807337365, 6864605.565171627]]]}, "properties": {"id": "431410050000001", "CD_SETOR": "431410050000001", "bairro_seplan": "Área Rural", "populacao_universo_15m": 0, "alfabetizados": 0, "nao_alfabetizados": 0, "taxa_alfabetizacao": null, "taxa_analfabetismo": null, "homens_universo_15m": 0, "homens_alfabetizados": 0, "homens_nao_alfabetizados": 0, "taxa_alfabetizacao_homens": null, "mulheres_universo_15m": 0, "mulheres_alfabetizadas": 0, "mulheres_nao_alfabetizadas": 0, "taxa_alfabetizacao_mulheres": null, "classificacao_seplan": "Setor não residencial ou sem população", "fonte": "IBGE — Censo Demográfico 2022 (Agregados por Setores)", "natureza": "Dados estatísticos oficiais agregados por setor censitário"}}, {"type": "Feature", "geometry": {"type": "Polygon", "coordinates": [[[362628.23007837444, 6869597.886412951], [362643.2364911272, 6869595.40082764], [362688.7630401048, 6869591.562343791], [362721.69554911216, 6869585.173171677], [362755.34204572614, 6869569.639020124], [362779.70135509124, 6869550.584208795], [362795.8239788348, 6869544.022357874], [362811.6757954109, 6869543.906669397], [362831.1590520323, 6869550.370958954], [362825.6278732808, 6869536.743425684], [362816.4391355723, 6869528.115544584], [362805.6257238218, 6869514.947676076], [362797.82663119154, 6869504.053117021], [362795.4232230893, 6869498.152201114], [362795.429462802, 6869485.752293704], [362794.127945406, 6869466.854682272], [362782.8265297659, 6869450.944055298], [362790.62277473573, 6869441.748188097], [362803.9293582689, 6869422.554285017], [362813.12365625077, 6869395.954778263], [362830.52768510394, 6869364.253163213], [362843.32256245264, 6869326.547520202], [362852.0292503416, 6869298.845295364], [362842.3273378997, 6869243.049447199], [362880.5202249438, 6869180.350173481], [362870.73298072687, 6869083.619007022], [362825.0751334198, 6869004.934054492], [362721.4699153733, 6868905.3099201815], [362652.5191071428, 6868829.246516613], [362497.81700108555, 6868619.023413957], [362394.99118283927, 6868452.828419626], [362390.7801286075, 6868313.830572287], [362409.18627889204, 6868232.984361155], [362401.1550176153, 6868172.109905362], [362309.46974388167, 6868049.459942155], [362295.9705618233, 6867959.577311158], [362291.4247165369, 6867849.519869277], [362342.80242928653, 6867685.126870215], [362387.22077420645, 6867619.066315891], [362422.6160462509, 6867577.512477074], [362446.9365649511, 6867488.05820624], [362421.45223102265, 6867426.980942551], [362392.6286724572, 6867403.4860053975], [362390.4325068779, 6867342.679246017], [362408.52496190707, 6867287.892711678], [362461.18779433076, 6867262.452251583], [362464.873025034, 6867195.929357676], [362500.41815253755, 6867141.345409721], [362503.8679700078, 6867095.076489284], [362527.58222266147, 6867057.71956625], [362582.9879467831, 6867046.7827150915], [362609.43611256935, 6867023.940699185], [362624.4569627977, 6866983.590489607], [362627.6614838395, 6866957.575414373], [362598.87217504496, 6866931.200171458], [362567.14728326234, 6866907.67192774], [362558.5552658057, 6866895.992173372], [362558.82395848486, 6866872.846340878], [362594.5021431985, 6866806.68368773], [362609.89223121153, 6866734.501048461], [362671.5805152465, 6866683.123342119], [362718.3586952584, 6866663.409168437], [362747.2146203096, 6866684.000458531], [362770.45765385276, 6866687.162139028], [362878.8319805436, 6866624.744481829], [362910.55665478716, 6866648.271904857], [362945.16992359445, 6866674.713825667], [362971.21463856054, 6866686.5953147635], [362955.9371787651, 6866750.09184587], [362955.6021719157, 6866779.03242328], [362987.62887987436, 6866776.510880474], [363051.8023340867, 6866762.78116033], [363156.69505851547, 6866749.521835113], [363215.14430414233, 6866727.048402458], [363233.13176763116, 6866680.947354519], [363233.39929125045, 6866657.790473189], [363256.9668345469, 6866632.010522215], [363298.13002276095, 6866594.864824298], [363272.6200129988, 6866536.6813728735], [363296.2540328387, 6866505.117672011], [363350.0130028346, 6866503.1674946025], [363359.120767163, 6866437.072801599], [363365.22087968886, 6866403.86599873], [363655.22706860176, 6866417.593079414], [363543.30331218144, 6866267.88024704], [363457.74203085515, 6866091.6313640885], [363478.53658411064, 6865822.428810585], [363522.75936836784, 6865609.811705661], [363591.6035890949, 6865530.520731673], [363691.0324581207, 6865381.115613684], [363728.55376055907, 6865287.666817386], [363716.8684932618, 6865073.81778634], [363538.22187630396, 6864905.904278252], [363411.06079256017, 6864742.471895622], [363267.1547771886, 6864748.921028642], [363077.7272756372, 6864707.845574664], [363005.0791469742, 6864578.914963186], [362898.7351728382, 6864468.6200173395], [362873.1510058391, 6864369.244856494], [362886.8612505337, 6864278.403511466], [363008.6439451263, 6864079.817976267], [363158.2066512581, 6863865.972413734], [363182.15209489205, 6863703.718974832], [363124.51849203237, 6863556.19052002], [363119.61445403635, 6863446.295114542], [363110.6978420557, 6863326.512962642], [363138.00199811003, 6863254.356806986], [363172.9267306446, 6863208.130576228], [363293.01791243197, 6863159.631404651], [363332.84918944596, 6863096.784004651], [363319.81368928973, 6863001.588337323], [363387.93676174164, 6862791.896072442], [363460.17493087694, 6862676.387310552], [363475.39028550684, 6862540.461585537], [363412.1270707747, 6862437.560380077], [363340.63840374036, 6862377.2491636295], [363322.9683162445, 6862295.541235956], [363318.9288570612, 6862200.68215428], [363382.9163911861, 6862133.038745789], [363476.40993019985, 6862086.4359430075], [363545.06014845916, 6862023.178409012], [363653.1220891973, 6861986.427611789], [363672.763724337, 6861903.322255822], [363679.74532544153, 6861826.631008571], [363768.4085293779, 6861582.289661666], [363819.20102169726, 6861480.28378399], [363988.2175504345, 6861283.142702378], [364004.48902156367, 6861209.838354159], [364001.9461253182, 6861113.999529059], [364065.280999713, 6861044.317423744], [364438.1097277541, 6860874.779443672], [364637.2590361058, 6860708.959130779], [364794.20346565254, 6860631.879639413], [364883.83032673114, 6860627.0099712275], [365031.8938341647, 6860677.59361875], [365218.7131729791, 6860810.519676654], [365306.06955789105, 6860810.596353296], [365288.0883022032, 6860776.748423506], [365289.2431512828, 6860744.237925286], [365310.5374210353, 6860711.015176697], [365359.9014159767, 6860717.362407968], [365392.7628711108, 6860697.701921015], [365385.3702538173, 6860611.936944602], [365407.57288071804, 6860583.245570036], [365449.5883516509, 6860559.245646079], [365481.5949232358, 6860546.611832288], [365476.2944179382, 6860485.3604534585], [365436.22078967403, 6860463.683238169], [365394.27075520984, 6860456.168580793], [365367.81360237417, 6860475.503121074], [365344.6813693213, 6860465.388121585], [365367.961636182, 6860424.68587926], [365394.21290147887, 6860321.075564442], [365443.6760777539, 6860250.6190450685], [364852.7017523437, 6859748.3905634], [364642.57361565647, 6859864.742601521], [364419.8765007083, 6859783.11104513], [364573.260462608, 6859527.672660216], [364348.3453240222, 6859534.775799391], [364309.0995400654, 6859456.0126864435], [364417.7889034062, 6859348.730313618], [364324.3032731775, 6859283.417537298], [364297.5521877049, 6859096.488397013], [364168.26748630404, 6859006.782489604], [364027.2297798649, 6859063.8569461135], [364215.2483434379, 6858678.7041294], [364000.72785294405, 6858670.361124922], [363792.7238362469, 6858781.768752887], [363593.62268061773, 6859085.7601547055], [363605.82844640163, 6859214.246227765], [363457.058269552, 6859236.129905142], [363366.3445750467, 6859119.789115392], [363287.67095694924, 6859230.712133203], [363134.94637192646, 6859038.241925297], [362830.1366679686, 6859008.562787413], [362702.53121874115, 6858767.021408278], [362432.8625373205, 6858648.024594462], [362602.76206946245, 6858452.188112086], [362521.84705103165, 6857938.449899748], [362369.63905013155, 6857905.868974423], [361451.6677759733, 6857951.198658101], [361358.0356327987, 6857855.573270636], [361359.432227627, 6857353.983087786], [361126.4681761535, 6857423.5723928325], [361014.95962011616, 6857222.42518224], [360786.0423636307, 6857133.433563728], [360497.96766357386, 6857391.522878893], [360331.60569334915, 6857204.7021592725], [360054.4664374875, 6857272.5838259235], [359857.5964697612, 6857458.955838652], [359883.89352233557, 6857700.083042875], [359793.07622874575, 6857792.599636239], [359855.4068513847, 6857932.03775195], [359740.5782817727, 6857936.48015989], [359715.8585472186, 6858069.742101502], [359607.41309984785, 6858067.1447595265], [359485.23842584615, 6857928.821227539], [359152.6279194389, 6858055.419813773], [359137.4605789758, 6858042.140249124], [359125.6578642571, 6858098.338500183], [359071.02019565005, 6858163.766047133], [358994.88147038163, 6858198.916259574], [358947.7611104141, 6858248.564164303], [358877.23486076575, 6858366.616198465], [358837.94666320074, 6858414.329421403], [358798.16996616096, 6858425.034992034], [358694.00149347226, 6858408.672831463], [358645.4148582154, 6858390.748172598], [358617.7489690306, 6858396.644679511], [358607.08460987074, 6858443.481071894], [358614.7097829659, 6858510.4614242595], [358642.999327915, 6858548.245261413], [358714.15553508105, 6858554.671353536], [358730.6051942243, 6858583.647353954], [358748.51277327095, 6858649.664626814], [358635.52274522104, 6858797.759316042], [358635.37398315186, 6858861.732018901], [358601.9560672134, 6859005.75917048], [358574.00556658895, 6859049.19693836], [358588.6588636229, 6859170.085098714], [358633.96032643487, 6859271.116197136], [358626.4210910266, 6859331.919660227], [358614.97651780496, 6859393.939659751], [358558.0436693639, 6859431.0018817885], [358447.5615196676, 6859466.413520496], [358409.3160845535, 6859456.978770036], [358388.3928389903, 6859407.913056184], [358315.3848303694, 6859393.672630781], [358209.6763197118, 6859402.85360134], [358129.56924974266, 6859472.935961859], [358199.518715602, 6859505.226091583], [358206.6881853547, 6859540.684922235], [358190.95641799486, 6859591.449555706], [358102.3553921924, 6859639.144503374], [358083.6132342454, 6859672.873535296], [358104.225331206, 6859716.783091206], [358184.8429558205, 6859829.554668728], [358201.7659893188, 6859864.875733084], [358189.02449315746, 6859897.568813032], [358060.5863448684, 6859975.8137892075], [358064.3434442081, 6860005.701915696], [358125.76808746695, 6860061.748687364], [358216.3415781698, 6860087.559683265], [358307.7304763037, 6860142.646429442], [358438.74673232064, 6860155.110912032], [358467.5484282572, 6860188.091603793], [358419.08672690886, 6860243.351210547], [358372.9799672371, 6860274.647081746], [358477.81395490153, 6860324.352776665], [358498.28796690947, 6860383.286535695], [358414.21818959527, 6860564.45036313], [358504.00289885956, 6860608.201717024], [358512.24274807726, 6860694.371589124], [358431.45910440286, 6860739.414686165], [358424.58596255636, 6860853.28492843], [358349.3943091929, 6860969.716064418], [358346.6727082231, 6861054.458065177], [358510.12420892785, 6861114.296237707], [358547.05506799114, 6861206.15092676], [358559.7739344676, 6861264.603698298], [358216.65237764944, 6861231.778418202], [358132.3056422473, 6861276.0233806], [358034.53212133684, 6861374.716876753], [357989.470200382, 6861558.407985003], [357984.19203387166, 6861677.051294973], [357970.9422672034, 6861719.223986397], [357925.2030988741, 6861774.004875751], [357886.13129483827, 6861891.3663628], [357920.74703177135, 6861916.350632852], [358033.49841350375, 6861924.9863243885], [358122.2344362251, 6861887.044588475], [358408.23349086865, 6861917.70236621], [358457.0300405636, 6861946.323451543], [358497.370051809, 6862005.007263435], [358495.20547375275, 6862091.639679868], [358529.7045629887, 6862192.031123571], [358498.80128607823, 6862253.075539742], [358485.711998326, 6862292.602123842], [358502.76086985855, 6862348.934667469], [358527.7772123781, 6862434.130429054], [358487.1851581186, 6862532.270947337], [358427.45361131383, 6862593.867657497], [358393.5155352822, 6862639.715839667], [358373.4047593626, 6862730.942636248], [358360.4406229481, 6862783.67990133], [358355.93584303564, 6862835.654149247], [358404.843784675, 6862823.374291418], [358425.53009335295, 6862884.626364121], [358432.251352273, 6862916.0456712805], [358354.8725700185, 6863004.580738427], [358415.7027914334, 6863086.371426367], [358383.2158140568, 6863154.189686691], [358394.2749324607, 6863222.873025227], [358452.5595464433, 6863336.44824298], [358524.468245361, 6863365.976987841], [358557.26746338804, 6863703.948252047], [358633.83979108895, 6863914.372504215], [358659.70980148786, 6863991.720933641], [358774.86914147227, 6864056.53870256], [358891.72244084347, 6864064.116977718], [358929.10813410615, 6864117.333429964], [358923.6951307818, 6864202.087239226], [358961.47122548963, 6864219.3263410665], [359027.9831546475, 6864241.551021583], [359050.8275634205, 6864285.118956754], [359060.99804976233, 6864330.0872464115], [359056.3199279077, 6864382.868407056], [358942.1927387944, 6864446.512448974], [358838.9155622041, 6864499.668785362], [358755.1641834418, 6864507.1686135605], [358634.53884850093, 6864458.797158569], [358612.9727668545, 6864606.1350302305], [358554.97857053095, 6864714.373722258], [358489.2725910428, 6864799.193188143], [358466.10823924345, 6864884.066997338], [358401.905343666, 6864876.760609364], [358389.2135086536, 6864986.892678354], [358325.99356387946, 6865041.565932713], [358426.48980113317, 6865090.3088895045], [358469.6758903834, 6865169.4161456805], [358605.8506863662, 6865221.764607975], [358709.29950320476, 6865268.977791331], [358729.44237648544, 6865307.316728301], [358710.6425080083, 6865367.542210741], [358618.75889282406, 6865549.634162996], [358532.32224570157, 6865612.153976671], [358478.97762293124, 6865650.124360181], [358268.29284224904, 6865559.6040940685], [358133.1446895833, 6865556.344587245], [358085.6845341718, 6865586.7596626645], [358033.83800550736, 6865647.67390164], [358017.4325649061, 6865697.599148078], [358054.2971212822, 6865738.0126838405], [358243.695025964, 6865751.641467374], [358286.1825964304, 6865796.676109329], [358265.450551667, 6865818.214229763], [358171.5460785328, 6865875.156771185], [357981.32090074173, 6865976.067457459], [357956.91793276905, 6866004.365129542], [357925.2159905371, 6866087.672836957], [357935.83445160417, 6866159.675510531], [357954.0670471368, 6866208.420622097], [358013.9220091768, 6866322.104470914], [358067.3431522334, 6866492.404174314], [358089.81350805296, 6866554.209581091], [358163.10618344846, 6866679.367817171], [358173.44835144235, 6866781.9851883575], [358280.0394787408, 6866934.757693261], [358292.776301102, 6867138.12383398], [358345.65377533145, 6867211.928064685], [358339.2922443867, 6867330.535430519], [358404.9070699971, 6867379.170336349], [358633.05839166744, 6867495.526289397], [358712.1022685142, 6867645.172700608], [358850.8288795047, 6867679.3068539575], [358888.48517376964, 6867721.544010984], [358967.50935394276, 6867725.000811037], [359046.47166337783, 6867682.567792829], [359097.38782643946, 6867698.432912997], [359127.6759987125, 6867767.376688975], [359158.56990952656, 6867796.1349377], [359150.5684883122, 6867872.72381755], [359187.8833856684, 6868017.238143451], [359194.55532515235, 6868165.499297993], [359118.71971342387, 6868217.7777340375], [359128.74424465967, 6868314.993075039], [359172.07502922905, 6868366.915353632], [359209.677231364, 6868438.749306329], [359190.56220426515, 6868638.421205729], [359103.1365430695, 6868852.684198288], [359035.4442231545, 6868879.627102658], [358939.90996820974, 6868868.361631885], [358802.20973030647, 6868702.460234875], [358721.67308837746, 6868667.369080521], [358617.7633226706, 6868662.793999011], [358418.0161854784, 6868591.237721885], [358332.30018788995, 6868611.312298346], [358257.2562019831, 6868588.650557516], [358222.32377544243, 6868613.775522128], [358222.4371401005, 6868645.2817015555], [358246.3862995403, 6868688.065979268], [358326.98126082093, 6868737.057369774], [358397.9498692093, 6868811.110365839], [358422.91470899485, 6868873.221467637], [358418.7355280044, 6868948.814037194], [358294.468360332, 6869348.834522974], [358319.46403353347, 6869382.178494731], [358355.9404858965, 6869429.090435963], [358392.0400675518, 6869487.866051588], [358446.0038169741, 6869580.952741262], [358453.5855023901, 6869593.310530622], [358475.5355468446, 6869614.827006081], [358540.6108583512, 6869664.617422117], [358550.10915306624, 6869678.305633701], [358582.8628991508, 6869743.068965916], [358612.3801931628, 6869797.133169381], [358619.1693219939, 6869807.70833783], [358764.4337280429, 6869753.833233708], [358787.5315832122, 6869744.944051415], [358819.33022425976, 6869726.140797837], [358851.0325207325, 6869719.537041249], [358887.5338182177, 6869713.544414066], [358914.12969179964, 6869690.944510458], [358953.93280151347, 6869681.134630648], [359026.2299940634, 6869682.23857588], [359047.83580774907, 6869670.93755592], [359056.0285145821, 6869647.641972095], [359088.4366729304, 6869644.337193136], [359111.73035191896, 6869651.93897593], [359121.82930399186, 6869677.036679763], [359133.53497398377, 6869677.54150067], [359152.3300573885, 6869681.543656825], [359181.53671496926, 6869706.635645902], [359208.32948105724, 6869729.338527359], [359234.3357655493, 6869762.936172141], [359243.32962861017, 6869792.74133309], [359249.42963533045, 6869837.43886283], [359266.1298626886, 6869879.935139447], [359285.8361971832, 6869927.841583431], [359280.5013960083, 6869961.609975725], [359339.4724618917, 6869926.117847584], [359425.089685579, 6870031.598485155], [359549.2915500571, 6870053.970391583], [359578.1079372581, 6870051.707649678], [359521.3198747734, 6869926.191101579], [359943.6758686813, 6869531.692169218], [359957.28133053915, 6869517.502479009], [359973.1227256091, 6869509.156949988], [360009.3304313713, 6869498.004595144], [360017.6348272754, 6869493.315504369], [360023.0997252767, 6869486.542804312], [360033.75110490154, 6869458.366609445], [360041.36681101366, 6869444.7155672135], [360070.2405831433, 6869412.532506006], [360094.43646653846, 6869381.934209508], [360113.43196119834, 6869363.12053992], [360139.48077238793, 6869349.199431147], [360175.7953196196, 6869344.729965396], [360213.23755962774, 6869347.764740193], [360229.8424153035, 6869353.656451335], [360241.7420122396, 6869363.470882248], [360260.2800387547, 6869391.747671559], [360270.1336518887, 6869399.565450333], [360282.5891193847, 6869403.00348708], [360318.996700744, 6869405.626787046], [360325.133900609, 6869474.1158420965], [360325.6676096011, 6869494.5784421135], [360320.6729299921, 6869514.732093993], [360267.4699115849, 6869608.020013606], [360264.3589377956, 6869643.931478943], [360275.75936488877, 6869675.315502916], [360324.18998171214, 6869714.00644435], [360301.6427269833, 6869757.855849267], [360273.3879241404, 6869803.255822029], [360259.72902941634, 6869856.097238243], [360253.40514049074, 6869908.27158577], [360233.8216635459, 6869951.945277882], [360216.3561662551, 6870028.943592315], [360213.6140748489, 6870055.185306632], [360207.38445436256, 6870091.026728585], [360186.56853054045, 6870146.842141809], [360169.12827047467, 6870184.235695053], [360138.7591868531, 6870233.289493536], [360119.2382693474, 6870285.718089355], [360091.01528948115, 6870388.109830698], [360067.69982731144, 6870437.867277021], [360027.5420721144, 6870496.712083439], [359990.8279025546, 6870530.56449755], [360078.71701067453, 6870536.666286699], [360156.8540583498, 6870539.57176264], [360284.1285442444, 6870540.640135489], [360410.9332767349, 6870547.441778773], [360541.53492896946, 6870572.537783993], [360684.6313162986, 6870611.243036438], [360801.17224611173, 6870656.804425422], [360912.29466300766, 6870689.3690904565], [360986.15900522535, 6870697.006072324], [361058.6534402241, 6870701.845112371], [361120.0757105087, 6870699.750060906], [361217.957645656, 6870674.378476264], [361318.0174730567, 6870627.145896742], [361428.14723338524, 6870565.103628083], [361535.2288981872, 6870494.337014807], [361635.1296884629, 6870420.1391218025], [361732.0259588619, 6870345.240522504], [361840.9462975788, 6870280.498857471], [361942.27050117013, 6870226.095321501], [362114.9318532287, 6870124.716107599], [362186.62262718385, 6870122.44702274], [362201.42826793453, 6870109.454529988], [362246.8572002498, 6870078.755376486], [362280.9010515463, 6870055.370437883], [362300.34610749234, 6870037.312161565], [362310.9857706568, 6870020.680799117], [362313.5134058725, 6870004.054935893], [362312.20621169574, 6869984.857986712], [362319.3658607589, 6869957.060549008], [362340.8534482989, 6869921.89421986], [362412.68108797574, 6869833.357370434], [362446.7669111419, 6869760.627384931], [362499.9617578612, 6869703.765839864], [362551.41617110674, 6869661.610960066], [362593.5970250953, 6869632.501879049], [362615.47004988545, 6869607.966555621], [362628.23007837444, 6869597.886412951]], [[360767.01807337365, 6864605.565171627], [360703.38173626625, 6864764.211993733], [360684.15861955116, 6864914.593995842], [360466.37823090365, 6864890.252351614], [360490.81080704194, 6864738.170033857], [360538.3197981706, 6864548.073203319], [360767.01807337365, 6864605.565171627]]]}, "properties": {"id": "431410050000002", "CD_SETOR": "431410050000002", "bairro_seplan": "Área Rural", "populacao_universo_15m": 375, "alfabetizados": 364, "nao_alfabetizados": 11, "taxa_alfabetizacao": 97.07, "taxa_analfabetismo": 2.93, "homens_universo_15m": 201, "homens_alfabetizados": 193, "homens_nao_alfabetizados": 8, "taxa_alfabetizacao_homens": 96.02, "mulheres_universo_15m": 174, "mulheres_alfabetizadas": 171, "mulheres_nao_alfabetizadas": 3, "taxa_alfabetizacao_mulheres": 98.28, "classificacao_seplan": "95,0% a 97,5%", "fonte": "IBGE — Censo Demográfico 2022 (Agregados por Setores)", "natureza": "Dados estatísticos oficiais agregados por setor censitário"}}]}